ISO-10303-21;
HEADER;
FILE_DESCRIPTION(('Open CASCADE Model'),'2;1');
FILE_NAME('Open CASCADE Shape Model','2026-09-25T13:34:03',('Author'),(
    'Open CASCADE'),'Open CASCADE STEP processor 8.0','build123d',
  'Unknown');
FILE_SCHEMA(('AUTOMOTIVE_DESIGN { 1 0 10303 214 1 1 1 1 }'));
ENDSEC;
DATA;
#1 = APPLICATION_PROTOCOL_DEFINITION('international standard',
  'automotive_design',2000,#2);
#2 = APPLICATION_CONTEXT(
  'core data for automotive mechanical design processes');
#3 = SHAPE_DEFINITION_REPRESENTATION(#4,#10);
#4 = PRODUCT_DEFINITION_SHAPE('','',#5);
#5 = PRODUCT_DEFINITION('design','',#6,#9);
#6 = PRODUCT_DEFINITION_FORMATION('','',#7);
#7 = PRODUCT('COMPOUND','COMPOUND','',(#8));
#8 = PRODUCT_CONTEXT('',#2,'mechanical');
#9 = PRODUCT_DEFINITION_CONTEXT('part definition',#2,'design');
#10 = SHAPE_REPRESENTATION('',(#11,#15,#19,#23),#27);
#11 = AXIS2_PLACEMENT_3D('',#12,#13,#14);
#12 = CARTESIAN_POINT('',(0.,0.,0.));
#13 = DIRECTION('',(0.,0.,1.));
#14 = DIRECTION('',(1.,0.,-0.));
#15 = AXIS2_PLACEMENT_3D('',#16,#17,#18);
#16 = CARTESIAN_POINT('',(0.,0.,0.));
#17 = DIRECTION('',(0.,0.,1.));
#18 = DIRECTION('',(1.,0.,-0.));
#19 = AXIS2_PLACEMENT_3D('',#20,#21,#22);
#20 = CARTESIAN_POINT('',(0.,0.,0.));
#21 = DIRECTION('',(0.,0.,1.));
#22 = DIRECTION('',(1.,0.,-0.));
#23 = AXIS2_PLACEMENT_3D('',#24,#25,#26);
#24 = CARTESIAN_POINT('',(0.,0.,0.));
#25 = DIRECTION('',(0.,0.,1.));
#26 = DIRECTION('',(1.,0.,-0.));
#27 = ( GEOMETRIC_REPRESENTATION_CONTEXT(3) 
GLOBAL_UNCERTAINTY_ASSIGNED_CONTEXT((#31)) GLOBAL_UNIT_ASSIGNED_CONTEXT(
(#28,#29,#30)) REPRESENTATION_CONTEXT('Context #1',
  '3D Context with UNIT and UNCERTAINTY') );
#28 = ( LENGTH_UNIT() NAMED_UNIT(*) SI_UNIT(.MILLI.,.METRE.) );
#29 = ( NAMED_UNIT(*) PLANE_ANGLE_UNIT() SI_UNIT($,.RADIAN.) );
#30 = ( NAMED_UNIT(*) SI_UNIT($,.STERADIAN.) SOLID_ANGLE_UNIT() );
#31 = UNCERTAINTY_MEASURE_WITH_UNIT(LENGTH_MEASURE(1.E-07),#28,
  'distance_accuracy_value','confusion accuracy');
#32 = PRODUCT_RELATED_PRODUCT_CATEGORY('part',$,(#7));
#33 = SHAPE_DEFINITION_REPRESENTATION(#34,#40);
#34 = PRODUCT_DEFINITION_SHAPE('','',#35);
#35 = PRODUCT_DEFINITION('design','',#36,#39);
#36 = PRODUCT_DEFINITION_FORMATION('','',#37);
#37 = PRODUCT('SOLID','SOLID','',(#38));
#38 = PRODUCT_CONTEXT('',#2,'mechanical');
#39 = PRODUCT_DEFINITION_CONTEXT('part definition',#2,'design');
#40 = ADVANCED_BREP_SHAPE_REPRESENTATION('',(#11,#41),#461);
#41 = MANIFOLD_SOLID_BREP('',#42);
#42 = CLOSED_SHELL('',(#43,#131,#249,#253,#329,#378,#427,#454));
#43 = ADVANCED_FACE('',(#44),#57,.T.);
#44 = FACE_BOUND('',#45,.T.);
#45 = EDGE_LOOP('',(#46,#80,#103,#130));
#46 = ORIENTED_EDGE('',*,*,#47,.F.);
#47 = EDGE_CURVE('',#48,#48,#50,.T.);
#48 = VERTEX_POINT('',#49);
#49 = CARTESIAN_POINT('',(3.,-7.347880794884E-16,7.094826488926E+03));
#50 = SURFACE_CURVE('',#51,(#56,#68),.PCURVE_S1.);
#51 = CIRCLE('',#52,3.);
#52 = AXIS2_PLACEMENT_3D('',#53,#54,#55);
#53 = CARTESIAN_POINT('',(0.,0.,7.094826488926E+03));
#54 = DIRECTION('',(0.,0.,1.));
#55 = DIRECTION('',(1.,0.,-0.));
#56 = PCURVE('',#57,#62);
#57 = CYLINDRICAL_SURFACE('',#58,3.);
#58 = AXIS2_PLACEMENT_3D('',#59,#60,#61);
#59 = CARTESIAN_POINT('',(0.,0.,500.));
#60 = DIRECTION('',(0.,0.,1.));
#61 = DIRECTION('',(1.,0.,-0.));
#62 = DEFINITIONAL_REPRESENTATION('',(#63),#67);
#63 = LINE('',#64,#65);
#64 = CARTESIAN_POINT('',(0.,6.594826488926E+03));
#65 = VECTOR('',#66,1.);
#66 = DIRECTION('',(1.,0.));
#67 = ( GEOMETRIC_REPRESENTATION_CONTEXT(2) 
PARAMETRIC_REPRESENTATION_CONTEXT() REPRESENTATION_CONTEXT('2D SPACE',''
  ) );
#68 = PCURVE('',#69,#74);
#69 = PLANE('',#70);
#70 = AXIS2_PLACEMENT_3D('',#71,#72,#73);
#71 = CARTESIAN_POINT('',(-45.,-45.,7.094826488926E+03));
#72 = DIRECTION('',(0.,0.,1.));
#73 = DIRECTION('',(1.,0.,-0.));
#74 = DEFINITIONAL_REPRESENTATION('',(#75),#79);
#75 = CIRCLE('',#76,3.);
#76 = AXIS2_PLACEMENT_2D('',#77,#78);
#77 = CARTESIAN_POINT('',(45.,45.));
#78 = DIRECTION('',(1.,0.));
#79 = ( GEOMETRIC_REPRESENTATION_CONTEXT(2) 
PARAMETRIC_REPRESENTATION_CONTEXT() REPRESENTATION_CONTEXT('2D SPACE',''
  ) );
#80 = ORIENTED_EDGE('',*,*,#81,.F.);
#81 = EDGE_CURVE('',#82,#48,#84,.T.);
#82 = VERTEX_POINT('',#83);
#83 = CARTESIAN_POINT('',(3.,-7.347880794884E-16,500.));
#84 = SEAM_CURVE('',#85,(#89,#96),.PCURVE_S1.);
#85 = LINE('',#86,#87);
#86 = CARTESIAN_POINT('',(3.,-7.347880794884E-16,500.));
#87 = VECTOR('',#88,1.);
#88 = DIRECTION('',(0.,0.,1.));
#89 = PCURVE('',#57,#90);
#90 = DEFINITIONAL_REPRESENTATION('',(#91),#95);
#91 = LINE('',#92,#93);
#92 = CARTESIAN_POINT('',(6.28318530718,-0.));
#93 = VECTOR('',#94,1.);
#94 = DIRECTION('',(0.,1.));
#95 = ( GEOMETRIC_REPRESENTATION_CONTEXT(2) 
PARAMETRIC_REPRESENTATION_CONTEXT() REPRESENTATION_CONTEXT('2D SPACE',''
  ) );
#96 = PCURVE('',#57,#97);
#97 = DEFINITIONAL_REPRESENTATION('',(#98),#102);
#98 = LINE('',#99,#100);
#99 = CARTESIAN_POINT('',(0.,-0.));
#100 = VECTOR('',#101,1.);
#101 = DIRECTION('',(0.,1.));
#102 = ( GEOMETRIC_REPRESENTATION_CONTEXT(2) 
PARAMETRIC_REPRESENTATION_CONTEXT() REPRESENTATION_CONTEXT('2D SPACE',''
  ) );
#103 = ORIENTED_EDGE('',*,*,#104,.T.);
#104 = EDGE_CURVE('',#82,#82,#105,.T.);
#105 = SURFACE_CURVE('',#106,(#111,#118),.PCURVE_S1.);
#106 = CIRCLE('',#107,3.);
#107 = AXIS2_PLACEMENT_3D('',#108,#109,#110);
#108 = CARTESIAN_POINT('',(0.,0.,500.));
#109 = DIRECTION('',(0.,0.,1.));
#110 = DIRECTION('',(1.,0.,-0.));
#111 = PCURVE('',#57,#112);
#112 = DEFINITIONAL_REPRESENTATION('',(#113),#117);
#113 = LINE('',#114,#115);
#114 = CARTESIAN_POINT('',(0.,0.));
#115 = VECTOR('',#116,1.);
#116 = DIRECTION('',(1.,0.));
#117 = ( GEOMETRIC_REPRESENTATION_CONTEXT(2) 
PARAMETRIC_REPRESENTATION_CONTEXT() REPRESENTATION_CONTEXT('2D SPACE',''
  ) );
#118 = PCURVE('',#119,#124);
#119 = PLANE('',#120);
#120 = AXIS2_PLACEMENT_3D('',#121,#122,#123);
#121 = CARTESIAN_POINT('',(0.,0.,500.));
#122 = DIRECTION('',(0.,0.,1.));
#123 = DIRECTION('',(1.,0.,-0.));
#124 = DEFINITIONAL_REPRESENTATION('',(#125),#129);
#125 = CIRCLE('',#126,3.);
#126 = AXIS2_PLACEMENT_2D('',#127,#128);
#127 = CARTESIAN_POINT('',(0.,0.));
#128 = DIRECTION('',(1.,0.));
#129 = ( GEOMETRIC_REPRESENTATION_CONTEXT(2) 
PARAMETRIC_REPRESENTATION_CONTEXT() REPRESENTATION_CONTEXT('2D SPACE',''
  ) );
#130 = ORIENTED_EDGE('',*,*,#81,.T.);
#131 = ADVANCED_FACE('',(#132,#246),#69,.F.);
#132 = FACE_BOUND('',#133,.F.);
#133 = EDGE_LOOP('',(#134,#164,#192,#220));
#134 = ORIENTED_EDGE('',*,*,#135,.F.);
#135 = EDGE_CURVE('',#136,#138,#140,.T.);
#136 = VERTEX_POINT('',#137);
#137 = CARTESIAN_POINT('',(-45.,-45.,7.094826488926E+03));
#138 = VERTEX_POINT('',#139);
#139 = CARTESIAN_POINT('',(-45.,45.,7.094826488926E+03));
#140 = SURFACE_CURVE('',#141,(#145,#152),.PCURVE_S1.);
#141 = LINE('',#142,#143);
#142 = CARTESIAN_POINT('',(-45.,-45.,7.094826488926E+03));
#143 = VECTOR('',#144,1.);
#144 = DIRECTION('',(-0.,1.,0.));
#145 = PCURVE('',#69,#146);
#146 = DEFINITIONAL_REPRESENTATION('',(#147),#151);
#147 = LINE('',#148,#149);
#148 = CARTESIAN_POINT('',(0.,0.));
#149 = VECTOR('',#150,1.);
#150 = DIRECTION('',(0.,1.));
#151 = ( GEOMETRIC_REPRESENTATION_CONTEXT(2) 
PARAMETRIC_REPRESENTATION_CONTEXT() REPRESENTATION_CONTEXT('2D SPACE',''
  ) );
#152 = PCURVE('',#153,#158);
#153 = PLANE('',#154);
#154 = AXIS2_PLACEMENT_3D('',#155,#156,#157);
#155 = CARTESIAN_POINT('',(-45.,-45.,7.094826488926E+03));
#156 = DIRECTION('',(1.,0.,-0.));
#157 = DIRECTION('',(0.,0.,1.));
#158 = DEFINITIONAL_REPRESENTATION('',(#159),#163);
#159 = LINE('',#160,#161);
#160 = CARTESIAN_POINT('',(0.,0.));
#161 = VECTOR('',#162,1.);
#162 = DIRECTION('',(0.,-1.));
#163 = ( GEOMETRIC_REPRESENTATION_CONTEXT(2) 
PARAMETRIC_REPRESENTATION_CONTEXT() REPRESENTATION_CONTEXT('2D SPACE',''
  ) );
#164 = ORIENTED_EDGE('',*,*,#165,.T.);
#165 = EDGE_CURVE('',#136,#166,#168,.T.);
#166 = VERTEX_POINT('',#167);
#167 = CARTESIAN_POINT('',(45.,-45.,7.094826488926E+03));
#168 = SURFACE_CURVE('',#169,(#173,#180),.PCURVE_S1.);
#169 = LINE('',#170,#171);
#170 = CARTESIAN_POINT('',(-45.,-45.,7.094826488926E+03));
#171 = VECTOR('',#172,1.);
#172 = DIRECTION('',(1.,0.,-0.));
#173 = PCURVE('',#69,#174);
#174 = DEFINITIONAL_REPRESENTATION('',(#175),#179);
#175 = LINE('',#176,#177);
#176 = CARTESIAN_POINT('',(0.,0.));
#177 = VECTOR('',#178,1.);
#178 = DIRECTION('',(1.,0.));
#179 = ( GEOMETRIC_REPRESENTATION_CONTEXT(2) 
PARAMETRIC_REPRESENTATION_CONTEXT() REPRESENTATION_CONTEXT('2D SPACE',''
  ) );
#180 = PCURVE('',#181,#186);
#181 = PLANE('',#182);
#182 = AXIS2_PLACEMENT_3D('',#183,#184,#185);
#183 = CARTESIAN_POINT('',(-45.,-45.,7.094826488926E+03));
#184 = DIRECTION('',(-0.,1.,0.));
#185 = DIRECTION('',(0.,0.,1.));
#186 = DEFINITIONAL_REPRESENTATION('',(#187),#191);
#187 = LINE('',#188,#189);
#188 = CARTESIAN_POINT('',(0.,0.));
#189 = VECTOR('',#190,1.);
#190 = DIRECTION('',(0.,1.));
#191 = ( GEOMETRIC_REPRESENTATION_CONTEXT(2) 
PARAMETRIC_REPRESENTATION_CONTEXT() REPRESENTATION_CONTEXT('2D SPACE',''
  ) );
#192 = ORIENTED_EDGE('',*,*,#193,.T.);
#193 = EDGE_CURVE('',#166,#194,#196,.T.);
#194 = VERTEX_POINT('',#195);
#195 = CARTESIAN_POINT('',(45.,45.,7.094826488926E+03));
#196 = SURFACE_CURVE('',#197,(#201,#208),.PCURVE_S1.);
#197 = LINE('',#198,#199);
#198 = CARTESIAN_POINT('',(45.,-45.,7.094826488926E+03));
#199 = VECTOR('',#200,1.);
#200 = DIRECTION('',(-0.,1.,0.));
#201 = PCURVE('',#69,#202);
#202 = DEFINITIONAL_REPRESENTATION('',(#203),#207);
#203 = LINE('',#204,#205);
#204 = CARTESIAN_POINT('',(90.,0.));
#205 = VECTOR('',#206,1.);
#206 = DIRECTION('',(0.,1.));
#207 = ( GEOMETRIC_REPRESENTATION_CONTEXT(2) 
PARAMETRIC_REPRESENTATION_CONTEXT() REPRESENTATION_CONTEXT('2D SPACE',''
  ) );
#208 = PCURVE('',#209,#214);
#209 = PLANE('',#210);
#210 = AXIS2_PLACEMENT_3D('',#211,#212,#213);
#211 = CARTESIAN_POINT('',(45.,-45.,7.094826488926E+03));
#212 = DIRECTION('',(1.,0.,-0.));
#213 = DIRECTION('',(0.,0.,1.));
#214 = DEFINITIONAL_REPRESENTATION('',(#215),#219);
#215 = LINE('',#216,#217);
#216 = CARTESIAN_POINT('',(0.,0.));
#217 = VECTOR('',#218,1.);
#218 = DIRECTION('',(0.,-1.));
#219 = ( GEOMETRIC_REPRESENTATION_CONTEXT(2) 
PARAMETRIC_REPRESENTATION_CONTEXT() REPRESENTATION_CONTEXT('2D SPACE',''
  ) );
#220 = ORIENTED_EDGE('',*,*,#221,.F.);
#221 = EDGE_CURVE('',#138,#194,#222,.T.);
#222 = SURFACE_CURVE('',#223,(#227,#234),.PCURVE_S1.);
#223 = LINE('',#224,#225);
#224 = CARTESIAN_POINT('',(-45.,45.,7.094826488926E+03));
#225 = VECTOR('',#226,1.);
#226 = DIRECTION('',(1.,0.,-0.));
#227 = PCURVE('',#69,#228);
#228 = DEFINITIONAL_REPRESENTATION('',(#229),#233);
#229 = LINE('',#230,#231);
#230 = CARTESIAN_POINT('',(0.,90.));
#231 = VECTOR('',#232,1.);
#232 = DIRECTION('',(1.,0.));
#233 = ( GEOMETRIC_REPRESENTATION_CONTEXT(2) 
PARAMETRIC_REPRESENTATION_CONTEXT() REPRESENTATION_CONTEXT('2D SPACE',''
  ) );
#234 = PCURVE('',#235,#240);
#235 = PLANE('',#236);
#236 = AXIS2_PLACEMENT_3D('',#237,#238,#239);
#237 = CARTESIAN_POINT('',(-45.,45.,7.094826488926E+03));
#238 = DIRECTION('',(-0.,1.,0.));
#239 = DIRECTION('',(0.,0.,1.));
#240 = DEFINITIONAL_REPRESENTATION('',(#241),#245);
#241 = LINE('',#242,#243);
#242 = CARTESIAN_POINT('',(0.,0.));
#243 = VECTOR('',#244,1.);
#244 = DIRECTION('',(0.,1.));
#245 = ( GEOMETRIC_REPRESENTATION_CONTEXT(2) 
PARAMETRIC_REPRESENTATION_CONTEXT() REPRESENTATION_CONTEXT('2D SPACE',''
  ) );
#246 = FACE_BOUND('',#247,.F.);
#247 = EDGE_LOOP('',(#248));
#248 = ORIENTED_EDGE('',*,*,#47,.F.);
#249 = ADVANCED_FACE('',(#250),#119,.F.);
#250 = FACE_BOUND('',#251,.T.);
#251 = EDGE_LOOP('',(#252));
#252 = ORIENTED_EDGE('',*,*,#104,.F.);
#253 = ADVANCED_FACE('',(#254),#153,.F.);
#254 = FACE_BOUND('',#255,.F.);
#255 = EDGE_LOOP('',(#256,#279,#280,#303));
#256 = ORIENTED_EDGE('',*,*,#257,.F.);
#257 = EDGE_CURVE('',#136,#258,#260,.T.);
#258 = VERTEX_POINT('',#259);
#259 = CARTESIAN_POINT('',(-45.,-45.,7.154826488926E+03));
#260 = SURFACE_CURVE('',#261,(#265,#272),.PCURVE_S1.);
#261 = LINE('',#262,#263);
#262 = CARTESIAN_POINT('',(-45.,-45.,7.094826488926E+03));
#263 = VECTOR('',#264,1.);
#264 = DIRECTION('',(0.,0.,1.));
#265 = PCURVE('',#153,#266);
#266 = DEFINITIONAL_REPRESENTATION('',(#267),#271);
#267 = LINE('',#268,#269);
#268 = CARTESIAN_POINT('',(0.,0.));
#269 = VECTOR('',#270,1.);
#270 = DIRECTION('',(1.,0.));
#271 = ( GEOMETRIC_REPRESENTATION_CONTEXT(2) 
PARAMETRIC_REPRESENTATION_CONTEXT() REPRESENTATION_CONTEXT('2D SPACE',''
  ) );
#272 = PCURVE('',#181,#273);
#273 = DEFINITIONAL_REPRESENTATION('',(#274),#278);
#274 = LINE('',#275,#276);
#275 = CARTESIAN_POINT('',(0.,0.));
#276 = VECTOR('',#277,1.);
#277 = DIRECTION('',(1.,0.));
#278 = ( GEOMETRIC_REPRESENTATION_CONTEXT(2) 
PARAMETRIC_REPRESENTATION_CONTEXT() REPRESENTATION_CONTEXT('2D SPACE',''
  ) );
#279 = ORIENTED_EDGE('',*,*,#135,.T.);
#280 = ORIENTED_EDGE('',*,*,#281,.T.);
#281 = EDGE_CURVE('',#138,#282,#284,.T.);
#282 = VERTEX_POINT('',#283);
#283 = CARTESIAN_POINT('',(-45.,45.,7.154826488926E+03));
#284 = SURFACE_CURVE('',#285,(#289,#296),.PCURVE_S1.);
#285 = LINE('',#286,#287);
#286 = CARTESIAN_POINT('',(-45.,45.,7.094826488926E+03));
#287 = VECTOR('',#288,1.);
#288 = DIRECTION('',(0.,0.,1.));
#289 = PCURVE('',#153,#290);
#290 = DEFINITIONAL_REPRESENTATION('',(#291),#295);
#291 = LINE('',#292,#293);
#292 = CARTESIAN_POINT('',(0.,-90.));
#293 = VECTOR('',#294,1.);
#294 = DIRECTION('',(1.,0.));
#295 = ( GEOMETRIC_REPRESENTATION_CONTEXT(2) 
PARAMETRIC_REPRESENTATION_CONTEXT() REPRESENTATION_CONTEXT('2D SPACE',''
  ) );
#296 = PCURVE('',#235,#297);
#297 = DEFINITIONAL_REPRESENTATION('',(#298),#302);
#298 = LINE('',#299,#300);
#299 = CARTESIAN_POINT('',(0.,0.));
#300 = VECTOR('',#301,1.);
#301 = DIRECTION('',(1.,0.));
#302 = ( GEOMETRIC_REPRESENTATION_CONTEXT(2) 
PARAMETRIC_REPRESENTATION_CONTEXT() REPRESENTATION_CONTEXT('2D SPACE',''
  ) );
#303 = ORIENTED_EDGE('',*,*,#304,.F.);
#304 = EDGE_CURVE('',#258,#282,#305,.T.);
#305 = SURFACE_CURVE('',#306,(#310,#317),.PCURVE_S1.);
#306 = LINE('',#307,#308);
#307 = CARTESIAN_POINT('',(-45.,-45.,7.154826488926E+03));
#308 = VECTOR('',#309,1.);
#309 = DIRECTION('',(-0.,1.,0.));
#310 = PCURVE('',#153,#311);
#311 = DEFINITIONAL_REPRESENTATION('',(#312),#316);
#312 = LINE('',#313,#314);
#313 = CARTESIAN_POINT('',(60.,0.));
#314 = VECTOR('',#315,1.);
#315 = DIRECTION('',(0.,-1.));
#316 = ( GEOMETRIC_REPRESENTATION_CONTEXT(2) 
PARAMETRIC_REPRESENTATION_CONTEXT() REPRESENTATION_CONTEXT('2D SPACE',''
  ) );
#317 = PCURVE('',#318,#323);
#318 = PLANE('',#319);
#319 = AXIS2_PLACEMENT_3D('',#320,#321,#322);
#320 = CARTESIAN_POINT('',(-45.,-45.,7.154826488926E+03));
#321 = DIRECTION('',(0.,0.,1.));
#322 = DIRECTION('',(1.,0.,-0.));
#323 = DEFINITIONAL_REPRESENTATION('',(#324),#328);
#324 = LINE('',#325,#326);
#325 = CARTESIAN_POINT('',(0.,0.));
#326 = VECTOR('',#327,1.);
#327 = DIRECTION('',(0.,1.));
#328 = ( GEOMETRIC_REPRESENTATION_CONTEXT(2) 
PARAMETRIC_REPRESENTATION_CONTEXT() REPRESENTATION_CONTEXT('2D SPACE',''
  ) );
#329 = ADVANCED_FACE('',(#330),#235,.T.);
#330 = FACE_BOUND('',#331,.T.);
#331 = EDGE_LOOP('',(#332,#333,#334,#357));
#332 = ORIENTED_EDGE('',*,*,#221,.F.);
#333 = ORIENTED_EDGE('',*,*,#281,.T.);
#334 = ORIENTED_EDGE('',*,*,#335,.T.);
#335 = EDGE_CURVE('',#282,#336,#338,.T.);
#336 = VERTEX_POINT('',#337);
#337 = CARTESIAN_POINT('',(45.,45.,7.154826488926E+03));
#338 = SURFACE_CURVE('',#339,(#343,#350),.PCURVE_S1.);
#339 = LINE('',#340,#341);
#340 = CARTESIAN_POINT('',(-45.,45.,7.154826488926E+03));
#341 = VECTOR('',#342,1.);
#342 = DIRECTION('',(1.,0.,-0.));
#343 = PCURVE('',#235,#344);
#344 = DEFINITIONAL_REPRESENTATION('',(#345),#349);
#345 = LINE('',#346,#347);
#346 = CARTESIAN_POINT('',(60.,0.));
#347 = VECTOR('',#348,1.);
#348 = DIRECTION('',(0.,1.));
#349 = ( GEOMETRIC_REPRESENTATION_CONTEXT(2) 
PARAMETRIC_REPRESENTATION_CONTEXT() REPRESENTATION_CONTEXT('2D SPACE',''
  ) );
#350 = PCURVE('',#318,#351);
#351 = DEFINITIONAL_REPRESENTATION('',(#352),#356);
#352 = LINE('',#353,#354);
#353 = CARTESIAN_POINT('',(0.,90.));
#354 = VECTOR('',#355,1.);
#355 = DIRECTION('',(1.,0.));
#356 = ( GEOMETRIC_REPRESENTATION_CONTEXT(2) 
PARAMETRIC_REPRESENTATION_CONTEXT() REPRESENTATION_CONTEXT('2D SPACE',''
  ) );
#357 = ORIENTED_EDGE('',*,*,#358,.F.);
#358 = EDGE_CURVE('',#194,#336,#359,.T.);
#359 = SURFACE_CURVE('',#360,(#364,#371),.PCURVE_S1.);
#360 = LINE('',#361,#362);
#361 = CARTESIAN_POINT('',(45.,45.,7.094826488926E+03));
#362 = VECTOR('',#363,1.);
#363 = DIRECTION('',(0.,0.,1.));
#364 = PCURVE('',#235,#365);
#365 = DEFINITIONAL_REPRESENTATION('',(#366),#370);
#366 = LINE('',#367,#368);
#367 = CARTESIAN_POINT('',(0.,90.));
#368 = VECTOR('',#369,1.);
#369 = DIRECTION('',(1.,0.));
#370 = ( GEOMETRIC_REPRESENTATION_CONTEXT(2) 
PARAMETRIC_REPRESENTATION_CONTEXT() REPRESENTATION_CONTEXT('2D SPACE',''
  ) );
#371 = PCURVE('',#209,#372);
#372 = DEFINITIONAL_REPRESENTATION('',(#373),#377);
#373 = LINE('',#374,#375);
#374 = CARTESIAN_POINT('',(0.,-90.));
#375 = VECTOR('',#376,1.);
#376 = DIRECTION('',(1.,0.));
#377 = ( GEOMETRIC_REPRESENTATION_CONTEXT(2) 
PARAMETRIC_REPRESENTATION_CONTEXT() REPRESENTATION_CONTEXT('2D SPACE',''
  ) );
#378 = ADVANCED_FACE('',(#379),#181,.F.);
#379 = FACE_BOUND('',#380,.F.);
#380 = EDGE_LOOP('',(#381,#382,#383,#406));
#381 = ORIENTED_EDGE('',*,*,#165,.F.);
#382 = ORIENTED_EDGE('',*,*,#257,.T.);
#383 = ORIENTED_EDGE('',*,*,#384,.T.);
#384 = EDGE_CURVE('',#258,#385,#387,.T.);
#385 = VERTEX_POINT('',#386);
#386 = CARTESIAN_POINT('',(45.,-45.,7.154826488926E+03));
#387 = SURFACE_CURVE('',#388,(#392,#399),.PCURVE_S1.);
#388 = LINE('',#389,#390);
#389 = CARTESIAN_POINT('',(-45.,-45.,7.154826488926E+03));
#390 = VECTOR('',#391,1.);
#391 = DIRECTION('',(1.,0.,-0.));
#392 = PCURVE('',#181,#393);
#393 = DEFINITIONAL_REPRESENTATION('',(#394),#398);
#394 = LINE('',#395,#396);
#395 = CARTESIAN_POINT('',(60.,0.));
#396 = VECTOR('',#397,1.);
#397 = DIRECTION('',(0.,1.));
#398 = ( GEOMETRIC_REPRESENTATION_CONTEXT(2) 
PARAMETRIC_REPRESENTATION_CONTEXT() REPRESENTATION_CONTEXT('2D SPACE',''
  ) );
#399 = PCURVE('',#318,#400);
#400 = DEFINITIONAL_REPRESENTATION('',(#401),#405);
#401 = LINE('',#402,#403);
#402 = CARTESIAN_POINT('',(0.,0.));
#403 = VECTOR('',#404,1.);
#404 = DIRECTION('',(1.,0.));
#405 = ( GEOMETRIC_REPRESENTATION_CONTEXT(2) 
PARAMETRIC_REPRESENTATION_CONTEXT() REPRESENTATION_CONTEXT('2D SPACE',''
  ) );
#406 = ORIENTED_EDGE('',*,*,#407,.F.);
#407 = EDGE_CURVE('',#166,#385,#408,.T.);
#408 = SURFACE_CURVE('',#409,(#413,#420),.PCURVE_S1.);
#409 = LINE('',#410,#411);
#410 = CARTESIAN_POINT('',(45.,-45.,7.094826488926E+03));
#411 = VECTOR('',#412,1.);
#412 = DIRECTION('',(0.,0.,1.));
#413 = PCURVE('',#181,#414);
#414 = DEFINITIONAL_REPRESENTATION('',(#415),#419);
#415 = LINE('',#416,#417);
#416 = CARTESIAN_POINT('',(0.,90.));
#417 = VECTOR('',#418,1.);
#418 = DIRECTION('',(1.,0.));
#419 = ( GEOMETRIC_REPRESENTATION_CONTEXT(2) 
PARAMETRIC_REPRESENTATION_CONTEXT() REPRESENTATION_CONTEXT('2D SPACE',''
  ) );
#420 = PCURVE('',#209,#421);
#421 = DEFINITIONAL_REPRESENTATION('',(#422),#426);
#422 = LINE('',#423,#424);
#423 = CARTESIAN_POINT('',(0.,0.));
#424 = VECTOR('',#425,1.);
#425 = DIRECTION('',(1.,0.));
#426 = ( GEOMETRIC_REPRESENTATION_CONTEXT(2) 
PARAMETRIC_REPRESENTATION_CONTEXT() REPRESENTATION_CONTEXT('2D SPACE',''
  ) );
#427 = ADVANCED_FACE('',(#428),#209,.T.);
#428 = FACE_BOUND('',#429,.T.);
#429 = EDGE_LOOP('',(#430,#431,#432,#433));
#430 = ORIENTED_EDGE('',*,*,#407,.F.);
#431 = ORIENTED_EDGE('',*,*,#193,.T.);
#432 = ORIENTED_EDGE('',*,*,#358,.T.);
#433 = ORIENTED_EDGE('',*,*,#434,.F.);
#434 = EDGE_CURVE('',#385,#336,#435,.T.);
#435 = SURFACE_CURVE('',#436,(#440,#447),.PCURVE_S1.);
#436 = LINE('',#437,#438);
#437 = CARTESIAN_POINT('',(45.,-45.,7.154826488926E+03));
#438 = VECTOR('',#439,1.);
#439 = DIRECTION('',(-0.,1.,0.));
#440 = PCURVE('',#209,#441);
#441 = DEFINITIONAL_REPRESENTATION('',(#442),#446);
#442 = LINE('',#443,#444);
#443 = CARTESIAN_POINT('',(60.,0.));
#444 = VECTOR('',#445,1.);
#445 = DIRECTION('',(0.,-1.));
#446 = ( GEOMETRIC_REPRESENTATION_CONTEXT(2) 
PARAMETRIC_REPRESENTATION_CONTEXT() REPRESENTATION_CONTEXT('2D SPACE',''
  ) );
#447 = PCURVE('',#318,#448);
#448 = DEFINITIONAL_REPRESENTATION('',(#449),#453);
#449 = LINE('',#450,#451);
#450 = CARTESIAN_POINT('',(90.,0.));
#451 = VECTOR('',#452,1.);
#452 = DIRECTION('',(0.,1.));
#453 = ( GEOMETRIC_REPRESENTATION_CONTEXT(2) 
PARAMETRIC_REPRESENTATION_CONTEXT() REPRESENTATION_CONTEXT('2D SPACE',''
  ) );
#454 = ADVANCED_FACE('',(#455),#318,.T.);
#455 = FACE_BOUND('',#456,.T.);
#456 = EDGE_LOOP('',(#457,#458,#459,#460));
#457 = ORIENTED_EDGE('',*,*,#304,.F.);
#458 = ORIENTED_EDGE('',*,*,#384,.T.);
#459 = ORIENTED_EDGE('',*,*,#434,.T.);
#460 = ORIENTED_EDGE('',*,*,#335,.F.);
#461 = ( GEOMETRIC_REPRESENTATION_CONTEXT(3) 
GLOBAL_UNCERTAINTY_ASSIGNED_CONTEXT((#465)) GLOBAL_UNIT_ASSIGNED_CONTEXT
((#462,#463,#464)) REPRESENTATION_CONTEXT('Context #1',
  '3D Context with UNIT and UNCERTAINTY') );
#462 = ( LENGTH_UNIT() NAMED_UNIT(*) SI_UNIT(.MILLI.,.METRE.) );
#463 = ( NAMED_UNIT(*) PLANE_ANGLE_UNIT() SI_UNIT($,.RADIAN.) );
#464 = ( NAMED_UNIT(*) SI_UNIT($,.STERADIAN.) SOLID_ANGLE_UNIT() );
#465 = UNCERTAINTY_MEASURE_WITH_UNIT(LENGTH_MEASURE(1.E-07),#462,
  'distance_accuracy_value','confusion accuracy');
#466 = CONTEXT_DEPENDENT_SHAPE_REPRESENTATION(#467,#469);
#467 = ( REPRESENTATION_RELATIONSHIP('','',#40,#10) 
REPRESENTATION_RELATIONSHIP_WITH_TRANSFORMATION(#468) 
SHAPE_REPRESENTATION_RELATIONSHIP() );
#468 = ITEM_DEFINED_TRANSFORMATION('','',#11,#15);
#469 = PRODUCT_DEFINITION_SHAPE('Placement','Placement of an item',#470
  );
#470 = NEXT_ASSEMBLY_USAGE_OCCURRENCE('17','=>[0:1:1:2]','',#5,#35,$);
#471 = PRODUCT_RELATED_PRODUCT_CATEGORY('part',$,(#37));
#472 = SHAPE_DEFINITION_REPRESENTATION(#473,#479);
#473 = PRODUCT_DEFINITION_SHAPE('','',#474);
#474 = PRODUCT_DEFINITION('design','',#475,#478);
#475 = PRODUCT_DEFINITION_FORMATION('','',#476);
#476 = PRODUCT('COMPOUND','COMPOUND','',(#477));
#477 = PRODUCT_CONTEXT('',#2,'mechanical');
#478 = PRODUCT_DEFINITION_CONTEXT('part definition',#2,'design');
#479 = SHAPE_REPRESENTATION('',(#11,#480,#1563,#2646,#3729,#4812,#5895),
  #6978);
#480 = MANIFOLD_SOLID_BREP('',#481);
#481 = CLOSED_SHELL('',(#482,#1176,#1232,#1287,#1353,#1357,#1392,#1447,
    #1502,#1552,#1559));
#482 = ADVANCED_FACE('',(#483),#497,.T.);
#483 = FACE_BOUND('',#484,.T.);
#484 = EDGE_LOOP('',(#485,#515,#542,#543,#838,#861,#887,#888));
#485 = ORIENTED_EDGE('',*,*,#486,.T.);
#486 = EDGE_CURVE('',#487,#489,#491,.T.);
#487 = VERTEX_POINT('',#488);
#488 = CARTESIAN_POINT('',(38.,-9.30731567352E-15,685.));
#489 = VERTEX_POINT('',#490);
#490 = CARTESIAN_POINT('',(38.,-9.30731567352E-15,720.));
#491 = SEAM_CURVE('',#492,(#496,#508),.PCURVE_S1.);
#492 = LINE('',#493,#494);
#493 = CARTESIAN_POINT('',(38.,-9.30731567352E-15,580.));
#494 = VECTOR('',#495,1.);
#495 = DIRECTION('',(0.,0.,1.));
#496 = PCURVE('',#497,#502);
#497 = CYLINDRICAL_SURFACE('',#498,38.);
#498 = AXIS2_PLACEMENT_3D('',#499,#500,#501);
#499 = CARTESIAN_POINT('',(0.,0.,580.));
#500 = DIRECTION('',(0.,0.,1.));
#501 = DIRECTION('',(1.,0.,-0.));
#502 = DEFINITIONAL_REPRESENTATION('',(#503),#507);
#503 = LINE('',#504,#505);
#504 = CARTESIAN_POINT('',(6.28318530718,-0.));
#505 = VECTOR('',#506,1.);
#506 = DIRECTION('',(0.,1.));
#507 = ( GEOMETRIC_REPRESENTATION_CONTEXT(2) 
PARAMETRIC_REPRESENTATION_CONTEXT() REPRESENTATION_CONTEXT('2D SPACE',''
  ) );
#508 = PCURVE('',#497,#509);
#509 = DEFINITIONAL_REPRESENTATION('',(#510),#514);
#510 = LINE('',#511,#512);
#511 = CARTESIAN_POINT('',(0.,-0.));
#512 = VECTOR('',#513,1.);
#513 = DIRECTION('',(0.,1.));
#514 = ( GEOMETRIC_REPRESENTATION_CONTEXT(2) 
PARAMETRIC_REPRESENTATION_CONTEXT() REPRESENTATION_CONTEXT('2D SPACE',''
  ) );
#515 = ORIENTED_EDGE('',*,*,#516,.F.);
#516 = EDGE_CURVE('',#489,#489,#517,.T.);
#517 = SURFACE_CURVE('',#518,(#523,#530),.PCURVE_S1.);
#518 = CIRCLE('',#519,38.);
#519 = AXIS2_PLACEMENT_3D('',#520,#521,#522);
#520 = CARTESIAN_POINT('',(0.,0.,720.));
#521 = DIRECTION('',(0.,0.,1.));
#522 = DIRECTION('',(1.,0.,-0.));
#523 = PCURVE('',#497,#524);
#524 = DEFINITIONAL_REPRESENTATION('',(#525),#529);
#525 = LINE('',#526,#527);
#526 = CARTESIAN_POINT('',(0.,140.));
#527 = VECTOR('',#528,1.);
#528 = DIRECTION('',(1.,0.));
#529 = ( GEOMETRIC_REPRESENTATION_CONTEXT(2) 
PARAMETRIC_REPRESENTATION_CONTEXT() REPRESENTATION_CONTEXT('2D SPACE',''
  ) );
#530 = PCURVE('',#531,#536);
#531 = PLANE('',#532);
#532 = AXIS2_PLACEMENT_3D('',#533,#534,#535);
#533 = CARTESIAN_POINT('',(0.,0.,720.));
#534 = DIRECTION('',(0.,0.,1.));
#535 = DIRECTION('',(1.,0.,-0.));
#536 = DEFINITIONAL_REPRESENTATION('',(#537),#541);
#537 = CIRCLE('',#538,38.);
#538 = AXIS2_PLACEMENT_2D('',#539,#540);
#539 = CARTESIAN_POINT('',(0.,0.));
#540 = DIRECTION('',(1.,0.));
#541 = ( GEOMETRIC_REPRESENTATION_CONTEXT(2) 
PARAMETRIC_REPRESENTATION_CONTEXT() REPRESENTATION_CONTEXT('2D SPACE',''
  ) );
#542 = ORIENTED_EDGE('',*,*,#486,.F.);
#543 = ORIENTED_EDGE('',*,*,#544,.F.);
#544 = EDGE_CURVE('',#545,#487,#547,.T.);
#545 = VERTEX_POINT('',#546);
#546 = CARTESIAN_POINT('',(38.,-6.490628035481E-15,655.));
#547 = SURFACE_CURVE('',#548,(#641,#737),.PCURVE_S1.);
#548 = B_SPLINE_CURVE_WITH_KNOTS('',6,(#549,#550,#551,#552,#553,#554,
    #555,#556,#557,#558,#559,#560,#561,#562,#563,#564,#565,#566,#567,
    #568,#569,#570,#571,#572,#573,#574,#575,#576,#577,#578,#579,#580,
    #581,#582,#583,#584,#585,#586,#587,#588,#589,#590,#591,#592,#593,
    #594,#595,#596,#597,#598,#599,#600,#601,#602,#603,#604,#605,#606,
    #607,#608,#609,#610,#611,#612,#613,#614,#615,#616,#617,#618,#619,
    #620,#621,#622,#623,#624,#625,#626,#627,#628,#629,#630,#631,#632,
    #633,#634,#635,#636,#637,#638,#639,#640),.UNSPECIFIED.,.F.,.F.,(7,5,
    5,5,5,5,5,5,5,5,5,5,5,5,5,5,5,5,7),(0.,7.737113598679E-02,
    0.125657874997,0.187572141763,0.237931229511,0.280470745465,
    0.315778351282,0.344748131672,0.369184848864,0.501219711383,
    0.630775610448,0.655138776849,0.683993399945,0.719200464523,
    0.761879752518,0.81215775185,0.874843306925,0.923007381319,1.),
  .UNSPECIFIED.);
#549 = CARTESIAN_POINT('',(38.,-1.836970198721E-15,655.));
#550 = CARTESIAN_POINT('',(38.,0.750507073978,655.));
#551 = CARTESIAN_POINT('',(37.982212832065,1.499588430135,
    655.04506098189));
#552 = CARTESIAN_POINT('',(37.946765090637,2.240820885326,655.1348611939
    ));
#553 = CARTESIAN_POINT('',(37.894735912703,2.967848171029,655.2675273077
    ));
#554 = CARTESIAN_POINT('',(37.828126089802,3.674582185984,
    655.43965559723));
#555 = CARTESIAN_POINT('',(37.700554261788,4.780286994943,
    655.77516220531));
#556 = CARTESIAN_POINT('',(37.646821811784,5.19560039529,655.91766416302
    ));
#557 = CARTESIAN_POINT('',(37.588893086774,5.600848011862,
    656.07286719746));
#558 = CARTESIAN_POINT('',(37.527302350529,5.995595619775,656.2398782795
    ));
#559 = CARTESIAN_POINT('',(37.462592769008,6.379462843458,
    656.41778294186));
#560 = CARTESIAN_POINT('',(37.309027231493,7.22995537949,656.84651793225
    ));
#561 = CARTESIAN_POINT('',(37.218494153783,7.689453769188,
    657.10380508341));
#562 = CARTESIAN_POINT('',(37.124711796754,8.130641071407,
    657.37590227104));
#563 = CARTESIAN_POINT('',(37.028618108299,8.553611542154,
    657.66135135184));
#564 = CARTESIAN_POINT('',(36.931074298438,8.958528967973,
    657.95883422856));
#565 = CARTESIAN_POINT('',(36.752968691677,9.660476480943,
    658.51796091275));
#566 = CARTESIAN_POINT('',(36.67262010737,9.963597142427,658.77597904276
    ));
#567 = CARTESIAN_POINT('',(36.592209997635,10.255172660293,
    659.04065205733));
#568 = CARTESIAN_POINT('',(36.512103900763,10.535390161345,
    659.31146912002));
#569 = CARTESIAN_POINT('',(36.432634791153,10.804438396796,
    659.5879812925));
#570 = CARTESIAN_POINT('',(36.287768195146,11.28050543317,
    660.10786207052));
#571 = CARTESIAN_POINT('',(36.222101737152,11.490669677638,
    660.34971097584));
#572 = CARTESIAN_POINT('',(36.157289155852,11.693107011329,
    660.59510700532));
#573 = CARTESIAN_POINT('',(36.09350164761,11.887919012666,
    660.84383152004));
#574 = CARTESIAN_POINT('',(36.030897626731,12.075202516042,
    661.09568864603));
#575 = CARTESIAN_POINT('',(35.918764834578,12.404321887784,
    661.5620019229));
#576 = CARTESIAN_POINT('',(35.868823855075,12.548468040919,
    661.77553246968));
#577 = CARTESIAN_POINT('',(35.819884327582,12.687537396631,
    661.99099342275));
#578 = CARTESIAN_POINT('',(35.772026332925,12.82157488073,
    662.20828635341));
#579 = CARTESIAN_POINT('',(35.725325492124,12.950621019427,
    662.42731789605));
#580 = CARTESIAN_POINT('',(35.642542900939,13.176528151864,
    662.82906851907));
#581 = CARTESIAN_POINT('',(35.606059827855,13.275008405929,
    663.01124792103));
#582 = CARTESIAN_POINT('',(35.570443133356,13.370172606842,
    663.1944889119));
#583 = CARTESIAN_POINT('',(35.53573034504,13.462038846964,
    663.37874374386));
#584 = CARTESIAN_POINT('',(35.501957131894,13.550623405697,
    663.5639659633));
#585 = CARTESIAN_POINT('',(35.441489848744,13.707908012399,
    663.90712779795));
#586 = CARTESIAN_POINT('',(35.414514997093,13.77755055971,
    664.06480127408));
#587 = CARTESIAN_POINT('',(35.388253056602,13.844877077194,
    664.22310366307));
#588 = CARTESIAN_POINT('',(35.362723395245,13.909895468908,
    664.38200814718));
#589 = CARTESIAN_POINT('',(35.337944441704,13.9726128572,664.54148826703
    ));
#590 = CARTESIAN_POINT('',(35.184200346508,14.35950767766,665.5661796224
    ));
#591 = CARTESIAN_POINT('',(35.076836633787,14.619133471383,
    666.44726320163));
#592 = CARTESIAN_POINT('',(34.994712807906,14.812618398367,
    667.34016343957));
#593 = CARTESIAN_POINT('',(34.939754605144,14.940472137532,
    668.24079105233));
#594 = CARTESIAN_POINT('',(34.912920744475,15.002932242136,
    669.14533064628));
#595 = CARTESIAN_POINT('',(34.91548753557,14.996957708981,
    670.93768394275));
#596 = CARTESIAN_POINT('',(34.943841073276,14.930960395798,
    671.8249578923));
#597 = CARTESIAN_POINT('',(34.999220384495,14.801990082211,
    672.70825423344));
#598 = CARTESIAN_POINT('',(35.080686048348,14.609813613744,
    673.58396622628));
#599 = CARTESIAN_POINT('',(35.186404108371,14.353944087376,
    674.4482280762));
#600 = CARTESIAN_POINT('',(35.337597114813,13.973490235692,
    675.45624916791));
#601 = CARTESIAN_POINT('',(35.362292514793,13.910988999318,
    675.61525830498));
#602 = CARTESIAN_POINT('',(35.387734316804,13.846200599761,
    675.77369552391));
#603 = CARTESIAN_POINT('',(35.413904265354,13.779117985011,
    675.93153460522));
#604 = CARTESIAN_POINT('',(35.44078317681,13.709733331116,
    676.08874897609));
#605 = CARTESIAN_POINT('',(35.501000940043,13.553125411963,
    676.43073747213));
#606 = CARTESIAN_POINT('',(35.534617178712,13.464971641,676.61524903891)
  );
#607 = CARTESIAN_POINT('',(35.569166267298,13.373562454214,
    676.79880179493));
#608 = CARTESIAN_POINT('',(35.604612988767,13.278881793562,
    676.98134985519));
#609 = CARTESIAN_POINT('',(35.640920297149,13.180911818038,
    677.16284606547));
#610 = CARTESIAN_POINT('',(35.72335241557,12.956057098643,
    677.56335270619));
#611 = CARTESIAN_POINT('',(35.769878752591,12.827555073644,
    677.78182479423));
#612 = CARTESIAN_POINT('',(35.817557850552,12.694091094878,
    677.99857077654));
#613 = CARTESIAN_POINT('',(35.866314827453,12.555625078566,
    678.21349818156));
#614 = CARTESIAN_POINT('',(35.916070397353,12.41211259095,
    678.42650955606));
#615 = CARTESIAN_POINT('',(36.028165466147,12.083357121609,
    678.89327576637));
#616 = CARTESIAN_POINT('',(36.090932625404,11.895726603534,
    679.14607569464));
#617 = CARTESIAN_POINT('',(36.15489552634,11.700520480788,
    679.39572781708));
#618 = CARTESIAN_POINT('',(36.21989441283,11.497641122515,
    679.64203467721));
#619 = CARTESIAN_POINT('',(36.285756594419,11.286986080282,
    679.88477579497));
#620 = CARTESIAN_POINT('',(36.430683195181,10.811001126303,
    680.40517947782));
#621 = CARTESIAN_POINT('',(36.51001045645,10.542613376615,
    680.68136599198));
#622 = CARTESIAN_POINT('',(36.589978115349,10.263095244754,
    680.95188279637));
#623 = CARTESIAN_POINT('',(36.670255203883,9.972258883068,
    681.21628388733));
#624 = CARTESIAN_POINT('',(36.750478433442,9.669917975698,
    681.47406182886));
#625 = CARTESIAN_POINT('',(36.929709150415,8.964360942503,
    682.03707338317));
#626 = CARTESIAN_POINT('',(37.028490628545,8.554568723011,
    682.33839535004));
#627 = CARTESIAN_POINT('',(37.125790874875,8.126270352059,
    682.62738943335));
#628 = CARTESIAN_POINT('',(37.220715795535,7.679296745763,
    682.90268712249));
#629 = CARTESIAN_POINT('',(37.312290762877,7.213552090162,
    683.16277297177));
#630 = CARTESIAN_POINT('',(37.46645345284,6.356725006701,683.59284985598
    ));
#631 = CARTESIAN_POINT('',(37.530851698309,5.973286287052,
    683.76978138855));
#632 = CARTESIAN_POINT('',(37.592126522383,5.579030819666,
    683.93584033085));
#633 = CARTESIAN_POINT('',(37.649737939863,5.174343128413,684.0901168483
    ));
#634 = CARTESIAN_POINT('',(37.703155441447,4.759661239075,
    684.23172367673));
#635 = CARTESIAN_POINT('',(37.829740910884,3.657397715457,684.5645166552
    ));
#636 = CARTESIAN_POINT('',(37.895744855971,2.953715141954,684.7350454196
    ));
#637 = CARTESIAN_POINT('',(37.947282248773,2.230000446288,
    684.86644890933));
#638 = CARTESIAN_POINT('',(37.982386866877,1.492276156939,
    684.95537991681));
#639 = CARTESIAN_POINT('',(38.,0.746826427754,685.));
#640 = CARTESIAN_POINT('',(38.,2.755455298082E-15,685.));
#641 = PCURVE('',#497,#642);
#642 = DEFINITIONAL_REPRESENTATION('',(#643),#736);
#643 = B_SPLINE_CURVE_WITH_KNOTS('',6,(#644,#645,#646,#647,#648,#649,
    #650,#651,#652,#653,#654,#655,#656,#657,#658,#659,#660,#661,#662,
    #663,#664,#665,#666,#667,#668,#669,#670,#671,#672,#673,#674,#675,
    #676,#677,#678,#679,#680,#681,#682,#683,#684,#685,#686,#687,#688,
    #689,#690,#691,#692,#693,#694,#695,#696,#697,#698,#699,#700,#701,
    #702,#703,#704,#705,#706,#707,#708,#709,#710,#711,#712,#713,#714,
    #715,#716,#717,#718,#719,#720,#721,#722,#723,#724,#725,#726,#727,
    #728,#729,#730,#731,#732,#733,#734,#735),.UNSPECIFIED.,.F.,.F.,(7,5,
    5,5,5,5,5,5,5,5,5,5,5,5,5,5,5,5,7),(0.,7.737113598679E-02,
    0.125657874997,0.187572141763,0.237931229511,0.280470745465,
    0.315778351282,0.344748131672,0.369184848864,0.501219711383,
    0.630775610448,0.655138776849,0.683993399945,0.719200464523,
    0.761879752518,0.81215775185,0.874843306925,0.923007381319,1.),
  .UNSPECIFIED.);
#644 = CARTESIAN_POINT('',(0.,75.));
#645 = CARTESIAN_POINT('',(1.975018615732E-02,75.));
#646 = CARTESIAN_POINT('',(3.946285709243E-02,75.045060981898));
#647 = CARTESIAN_POINT('',(5.898282321444E-02,75.134861193909));
#648 = CARTESIAN_POINT('',(7.815650883462E-02,75.267527307706));
#649 = CARTESIAN_POINT('',(9.683312039932E-02,75.439655597232));
#650 = CARTESIAN_POINT('',(0.126123642628,75.775162205318));
#651 = CARTESIAN_POINT('',(0.137142984349,75.917664163025));
#652 = CARTESIAN_POINT('',(0.147914410377,76.072867197464));
#653 = CARTESIAN_POINT('',(0.158426975195,76.239878279503));
#654 = CARTESIAN_POINT('',(0.168670576598,76.417782941866));
#655 = CARTESIAN_POINT('',(0.191413873807,76.846517932252));
#656 = CARTESIAN_POINT('',(0.203736846974,77.103805083417));
#657 = CARTESIAN_POINT('',(0.215604565492,77.375902271047));
#658 = CARTESIAN_POINT('',(0.227017504731,77.661351351844));
#659 = CARTESIAN_POINT('',(0.237977250452,77.958834228566));
#660 = CARTESIAN_POINT('',(0.257034895877,78.51796091275));
#661 = CARTESIAN_POINT('',(0.265286771254,78.775979042766));
#662 = CARTESIAN_POINT('',(0.273245679623,79.040652057334));
#663 = CARTESIAN_POINT('',(0.28091476692,79.311469120021));
#664 = CARTESIAN_POINT('',(0.288297131713,79.587981292506));
#665 = CARTESIAN_POINT('',(0.30139240781,80.107862070524));
#666 = CARTESIAN_POINT('',(0.307186574371,80.349710975841));
#667 = CARTESIAN_POINT('',(0.312780043818,80.59510700532));
#668 = CARTESIAN_POINT('',(0.318174331028,80.843831520049));
#669 = CARTESIAN_POINT('',(0.323370826962,81.095688646031));
#670 = CARTESIAN_POINT('',(0.332520752561,81.562001922906));
#671 = CARTESIAN_POINT('',(0.336535236152,81.775532469685));
#672 = CARTESIAN_POINT('',(0.340414884283,81.990993422752));
#673 = CARTESIAN_POINT('',(0.344160226602,82.208286353415));
#674 = CARTESIAN_POINT('',(0.347771687562,82.427317896054));
#675 = CARTESIAN_POINT('',(0.354103191581,82.829068519077));
#676 = CARTESIAN_POINT('',(0.356866880891,83.011247921032));
#677 = CARTESIAN_POINT('',(0.359540829913,83.194488911909));
#678 = CARTESIAN_POINT('',(0.362125175583,83.378743743867));
#679 = CARTESIAN_POINT('',(0.364620016216,83.563965963306));
#680 = CARTESIAN_POINT('',(0.369054421166,83.907127797959));
#681 = CARTESIAN_POINT('',(0.371019788336,84.064801274083));
#682 = CARTESIAN_POINT('',(0.372921549112,84.223103663078));
#683 = CARTESIAN_POINT('',(0.374759725429,84.382008147184));
#684 = CARTESIAN_POINT('',(0.376534325062,84.541488267034));
#685 = CARTESIAN_POINT('',(0.387490193755,85.566179622407));
#686 = CARTESIAN_POINT('',(0.394882884961,86.447263201634));
#687 = CARTESIAN_POINT('',(0.400414199361,87.340163439572));
#688 = CARTESIAN_POINT('',(0.40407644631,88.240791052339));
#689 = CARTESIAN_POINT('',(0.405865401042,89.145330646288));
#690 = CARTESIAN_POINT('',(0.405694280685,90.937683942751));
#691 = CARTESIAN_POINT('',(0.403804014338,91.8249578923));
#692 = CARTESIAN_POINT('',(0.400110395814,92.708254233446));
#693 = CARTESIAN_POINT('',(0.394617554642,93.583966226281));
#694 = CARTESIAN_POINT('',(0.387332716106,94.448228076202));
#695 = CARTESIAN_POINT('',(0.37655915729,95.456249167912));
#696 = CARTESIAN_POINT('',(0.374790655844,95.615258304983));
#697 = CARTESIAN_POINT('',(0.372958958193,95.773695523912));
#698 = CARTESIAN_POINT('',(0.371064056744,95.931534605221));
#699 = CARTESIAN_POINT('',(0.369105929932,96.088748976095));
#700 = CARTESIAN_POINT('',(0.364690502797,96.430737472133));
#701 = CARTESIAN_POINT('',(0.362207726409,96.615249038915));
#702 = CARTESIAN_POINT('',(0.359636154452,96.798801794935));
#703 = CARTESIAN_POINT('',(0.356975690375,96.981349855193));
#704 = CARTESIAN_POINT('',(0.35422619967,97.162846065471));
#705 = CARTESIAN_POINT('',(0.347923873066,97.563352706191));
#706 = CARTESIAN_POINT('',(0.344327438657,97.781824794232));
#707 = CARTESIAN_POINT('',(0.340597892049,97.998570776548));
#708 = CARTESIAN_POINT('',(0.336734814715,98.213498181566));
#709 = CARTESIAN_POINT('',(0.332737684197,98.426509556065));
#710 = CARTESIAN_POINT('',(0.323597143203,98.89327576637));
#711 = CARTESIAN_POINT('',(0.318390625552,99.146075694642));
#712 = CARTESIAN_POINT('',(0.312985046297,99.395727817083));
#713 = CARTESIAN_POINT('',(0.307379004949,99.642034677213));
#714 = CARTESIAN_POINT('',(0.301570975393,99.884775794973));
#715 = CARTESIAN_POINT('',(0.288477305927,100.40517947782));
#716 = CARTESIAN_POINT('',(0.281112665941,100.68136599198));
#717 = CARTESIAN_POINT('',(0.273462272121,100.95188279637));
#718 = CARTESIAN_POINT('',(0.265523041467,101.21628388733));
#719 = CARTESIAN_POINT('',(0.257291842359,101.47406182886));
#720 = CARTESIAN_POINT('',(0.238134844531,102.03707338317));
#721 = CARTESIAN_POINT('',(0.227042782051,102.33839535004));
#722 = CARTESIAN_POINT('',(0.215486140621,102.62738943335));
#723 = CARTESIAN_POINT('',(0.203463302288,102.90268712249));
#724 = CARTESIAN_POINT('',(0.190973819612,103.16277297177));
#725 = CARTESIAN_POINT('',(0.168063679816,103.59284985598));
#726 = CARTESIAN_POINT('',(0.157832555758,103.76978138855));
#727 = CARTESIAN_POINT('',(0.147334062412,103.93584033085));
#728 = CARTESIAN_POINT('',(0.136578396616,104.0901168483));
#729 = CARTESIAN_POINT('',(0.125576592425,104.23172367673));
#730 = CARTESIAN_POINT('',(9.637900452964E-02,104.5645166552));
#731 = CARTESIAN_POINT('',(7.778378536707E-02,104.7350454196));
#732 = CARTESIAN_POINT('',(5.869787242372E-02,104.86644890933));
#733 = CARTESIAN_POINT('',(3.927042864207E-02,104.95537991681));
#734 = CARTESIAN_POINT('',(1.965332704615E-02,105.));
#735 = CARTESIAN_POINT('',(0.,105.));
#736 = ( GEOMETRIC_REPRESENTATION_CONTEXT(2) 
PARAMETRIC_REPRESENTATION_CONTEXT() REPRESENTATION_CONTEXT('2D SPACE',''
  ) );
#737 = PCURVE('',#738,#743);
#738 = CYLINDRICAL_SURFACE('',#739,15.);
#739 = AXIS2_PLACEMENT_3D('',#740,#741,#742);
#740 = CARTESIAN_POINT('',(31.,0.,670.));
#741 = DIRECTION('',(1.,0.,2.22044604925E-16));
#742 = DIRECTION('',(2.22044604925E-16,0.,-1.));
#743 = DEFINITIONAL_REPRESENTATION('',(#744),#837);
#744 = B_SPLINE_CURVE_WITH_KNOTS('',6,(#745,#746,#747,#748,#749,#750,
    #751,#752,#753,#754,#755,#756,#757,#758,#759,#760,#761,#762,#763,
    #764,#765,#766,#767,#768,#769,#770,#771,#772,#773,#774,#775,#776,
    #777,#778,#779,#780,#781,#782,#783,#784,#785,#786,#787,#788,#789,
    #790,#791,#792,#793,#794,#795,#796,#797,#798,#799,#800,#801,#802,
    #803,#804,#805,#806,#807,#808,#809,#810,#811,#812,#813,#814,#815,
    #816,#817,#818,#819,#820,#821,#822,#823,#824,#825,#826,#827,#828,
    #829,#830,#831,#832,#833,#834,#835,#836),.UNSPECIFIED.,.F.,.F.,(7,5,
    5,5,5,5,5,5,5,5,5,5,5,5,5,5,5,5,7),(0.,7.737113598679E-02,
    0.125657874997,0.187572141763,0.237931229511,0.280470745465,
    0.315778351282,0.344748131672,0.369184848864,0.501219711383,
    0.630775610448,0.655138776849,0.683993399945,0.719200464523,
    0.761879752518,0.81215775185,0.874843306925,0.923007381319,1.),
  .UNSPECIFIED.);
#745 = CARTESIAN_POINT('',(0.,7.));
#746 = CARTESIAN_POINT('',(5.003380493188E-02,7.));
#747 = CARTESIAN_POINT('',(9.99725576716E-02,6.982212832065));
#748 = CARTESIAN_POINT('',(0.14961353514,6.946765090637));
#749 = CARTESIAN_POINT('',(0.19875403036,6.894735912703));
#750 = CARTESIAN_POINT('',(0.247171713465,6.828126089802));
#751 = CARTESIAN_POINT('',(0.324204110939,6.700554261788));
#752 = CARTESIAN_POINT('',(0.353457283531,6.646821811784));
#753 = CARTESIAN_POINT('',(0.382360843726,6.588893086774));
#754 = CARTESIAN_POINT('',(0.41091104417,6.527302350529));
#755 = CARTESIAN_POINT('',(0.439101659262,6.462592769008));
#756 = CARTESIAN_POINT('',(0.502597984469,6.309027231493));
#757 = CARTESIAN_POINT('',(0.53767320472,6.218494153783));
#758 = CARTESIAN_POINT('',(0.572184447114,6.124711796754));
#759 = CARTESIAN_POINT('',(0.606161765263,6.028618108299));
#760 = CARTESIAN_POINT('',(0.639632815173,5.931074298438));
#761 = CARTESIAN_POINT('',(0.699460455011,5.752968691677));
#762 = CARTESIAN_POINT('',(0.725984030761,5.67262010737));
#763 = CARTESIAN_POINT('',(0.752216763016,5.592209997635));
#764 = CARTESIAN_POINT('',(0.778177976128,5.512103900763));
#765 = CARTESIAN_POINT('',(0.803886550391,5.432634791153));
#766 = CARTESIAN_POINT('',(0.850881389185,5.287768195146));
#767 = CARTESIAN_POINT('',(0.872234606006,5.222101737152));
#768 = CARTESIAN_POINT('',(0.893432155287,5.157289155852));
#769 = CARTESIAN_POINT('',(0.914484533912,5.09350164761));
#770 = CARTESIAN_POINT('',(0.935402053361,5.030897626731));
#771 = CARTESIAN_POINT('',(0.973452758306,4.918764834578));
#772 = CARTESIAN_POINT('',(0.990624414213,4.868823855075));
#773 = CARTESIAN_POINT('',(1.007715268117,4.819884327582));
#774 = CARTESIAN_POINT('',(1.024730512005,4.772026332925));
#775 = CARTESIAN_POINT('',(1.041675069155,4.725325492124));
#776 = CARTESIAN_POINT('',(1.072402371208,4.642542900939));
#777 = CARTESIAN_POINT('',(1.086206687378,4.606059827855));
#778 = CARTESIAN_POINT('',(1.099969109469,4.570443133356));
#779 = CARTESIAN_POINT('',(1.113692091841,4.53573034504));
#780 = CARTESIAN_POINT('',(1.127377976391,4.501957131894));
#781 = CARTESIAN_POINT('',(1.152543958039,4.441489848744));
#782 = CARTESIAN_POINT('',(1.164034112642,4.414514997093));
#783 = CARTESIAN_POINT('',(1.175500793848,4.388253056602));
#784 = CARTESIAN_POINT('',(1.186945288577,4.362723395245));
#785 = CARTESIAN_POINT('',(1.198368833189,4.337944441704));
#786 = CARTESIAN_POINT('',(1.27138876885,4.184200346508));
#787 = CARTESIAN_POINT('',(1.33245500397,4.076836633787));
#788 = CARTESIAN_POINT('',(1.393121684301,3.994712807906));
#789 = CARTESIAN_POINT('',(1.453529602631,3.939754605144));
#790 = CARTESIAN_POINT('',(1.513818040989,3.912920744475));
#791 = CARTESIAN_POINT('',(1.633308924591,3.91548753557));
#792 = CARTESIAN_POINT('',(1.692474870879,3.943841073276));
#793 = CARTESIAN_POINT('',(1.751762629655,3.999220384495));
#794 = CARTESIAN_POINT('',(1.811304312495,4.080686048348));
#795 = CARTESIAN_POINT('',(1.871233494607,4.186404108371));
#796 = CARTESIAN_POINT('',(1.943062045248,4.337597114813));
#797 = CARTESIAN_POINT('',(1.954451105294,4.362292514793));
#798 = CARTESIAN_POINT('',(1.965860977504,4.387734316804));
#799 = CARTESIAN_POINT('',(1.97729288673,4.413904265354));
#800 = CARTESIAN_POINT('',(1.988748107764,4.44078317681));
#801 = CARTESIAN_POINT('',(2.013824185054,4.501000940043));
#802 = CARTESIAN_POINT('',(2.027454961164,4.534617178712));
#803 = CARTESIAN_POINT('',(2.041122495403,4.569166267298));
#804 = CARTESIAN_POINT('',(2.054829100142,4.604612988767));
#805 = CARTESIAN_POINT('',(2.068577198382,4.640920297149));
#806 = CARTESIAN_POINT('',(2.099197831519,4.72335241557));
#807 = CARTESIAN_POINT('',(2.116091875544,4.769878752591));
#808 = CARTESIAN_POINT('',(2.133056065573,4.817557850552));
#809 = CARTESIAN_POINT('',(2.150095277057,4.866314827453));
#810 = CARTESIAN_POINT('',(2.167214651157,4.916070397353));
#811 = CARTESIAN_POINT('',(2.205276054979,5.028165466147));
#812 = CARTESIAN_POINT('',(2.226257766196,5.090932625404));
#813 = CARTESIAN_POINT('',(2.247374945297,5.15489552634));
#814 = CARTESIAN_POINT('',(2.268637996221,5.21989441283));
#815 = CARTESIAN_POINT('',(2.290057509938,5.285756594419));
#816 = CARTESIAN_POINT('',(2.337074370722,5.430683195181));
#817 = CARTESIAN_POINT('',(2.362736745591,5.51001045645));
#818 = CARTESIAN_POINT('',(2.388650628567,5.589978115349));
#819 = CARTESIAN_POINT('',(2.414834807002,5.670255203883));
#820 = CARTESIAN_POINT('',(2.441308508589,5.750478433442));
#821 = CARTESIAN_POINT('',(2.501485755577,5.929709150415));
#822 = CARTESIAN_POINT('',(2.535369307506,6.028490628545));
#823 = CARTESIAN_POINT('',(2.569771695552,6.125790874875));
#824 = CARTESIAN_POINT('',(2.60472152485,6.220715795535));
#825 = CARTESIAN_POINT('',(2.640249926735,6.312290762877));
#826 = CARTESIAN_POINT('',(2.704163715103,6.46645345284));
#827 = CARTESIAN_POINT('',(2.732301255763,6.530851698309));
#828 = CARTESIAN_POINT('',(2.760796682949,6.592126522383));
#829 = CARTESIAN_POINT('',(2.789643483235,6.649737939863));
#830 = CARTESIAN_POINT('',(2.818837616727,6.703155441447));
#831 = CARTESIAN_POINT('',(2.895598024404,6.829740910884));
#832 = CARTESIAN_POINT('',(2.943793838527,6.895744855971));
#833 = CARTESIAN_POINT('',(2.992703782806,6.947282248773));
#834 = CARTESIAN_POINT('',(3.042107580536,6.982386866877));
#835 = CARTESIAN_POINT('',(3.091804225073,7.));
#836 = CARTESIAN_POINT('',(3.14159265359,7.));
#837 = ( GEOMETRIC_REPRESENTATION_CONTEXT(2) 
PARAMETRIC_REPRESENTATION_CONTEXT() REPRESENTATION_CONTEXT('2D SPACE',''
  ) );
#838 = ORIENTED_EDGE('',*,*,#839,.F.);
#839 = EDGE_CURVE('',#840,#545,#842,.T.);
#840 = VERTEX_POINT('',#841);
#841 = CARTESIAN_POINT('',(38.,-9.30731567352E-15,580.));
#842 = SEAM_CURVE('',#843,(#847,#854),.PCURVE_S1.);
#843 = LINE('',#844,#845);
#844 = CARTESIAN_POINT('',(38.,-9.30731567352E-15,580.));
#845 = VECTOR('',#846,1.);
#846 = DIRECTION('',(0.,0.,1.));
#847 = PCURVE('',#497,#848);
#848 = DEFINITIONAL_REPRESENTATION('',(#849),#853);
#849 = LINE('',#850,#851);
#850 = CARTESIAN_POINT('',(6.28318530718,-0.));
#851 = VECTOR('',#852,1.);
#852 = DIRECTION('',(0.,1.));
#853 = ( GEOMETRIC_REPRESENTATION_CONTEXT(2) 
PARAMETRIC_REPRESENTATION_CONTEXT() REPRESENTATION_CONTEXT('2D SPACE',''
  ) );
#854 = PCURVE('',#497,#855);
#855 = DEFINITIONAL_REPRESENTATION('',(#856),#860);
#856 = LINE('',#857,#858);
#857 = CARTESIAN_POINT('',(0.,-0.));
#858 = VECTOR('',#859,1.);
#859 = DIRECTION('',(0.,1.));
#860 = ( GEOMETRIC_REPRESENTATION_CONTEXT(2) 
PARAMETRIC_REPRESENTATION_CONTEXT() REPRESENTATION_CONTEXT('2D SPACE',''
  ) );
#861 = ORIENTED_EDGE('',*,*,#862,.T.);
#862 = EDGE_CURVE('',#840,#840,#863,.T.);
#863 = SURFACE_CURVE('',#864,(#869,#876),.PCURVE_S1.);
#864 = CIRCLE('',#865,38.);
#865 = AXIS2_PLACEMENT_3D('',#866,#867,#868);
#866 = CARTESIAN_POINT('',(0.,0.,580.));
#867 = DIRECTION('',(0.,0.,1.));
#868 = DIRECTION('',(1.,0.,-0.));
#869 = PCURVE('',#497,#870);
#870 = DEFINITIONAL_REPRESENTATION('',(#871),#875);
#871 = LINE('',#872,#873);
#872 = CARTESIAN_POINT('',(0.,0.));
#873 = VECTOR('',#874,1.);
#874 = DIRECTION('',(1.,0.));
#875 = ( GEOMETRIC_REPRESENTATION_CONTEXT(2) 
PARAMETRIC_REPRESENTATION_CONTEXT() REPRESENTATION_CONTEXT('2D SPACE',''
  ) );
#876 = PCURVE('',#877,#882);
#877 = CONICAL_SURFACE('',#878,12.,0.714090698612);
#878 = AXIS2_PLACEMENT_3D('',#879,#880,#881);
#879 = CARTESIAN_POINT('',(0.,0.,550.));
#880 = DIRECTION('',(0.,0.,1.));
#881 = DIRECTION('',(1.,0.,-0.));
#882 = DEFINITIONAL_REPRESENTATION('',(#883),#886);
#883 = B_SPLINE_CURVE_WITH_KNOTS('',1,(#884,#885),.UNSPECIFIED.,.F.,.F.,
  (2,2),(0.,6.28318530718),.PIECEWISE_BEZIER_KNOTS.);
#884 = CARTESIAN_POINT('',(0.,30.));
#885 = CARTESIAN_POINT('',(6.28318530718,30.));
#886 = ( GEOMETRIC_REPRESENTATION_CONTEXT(2) 
PARAMETRIC_REPRESENTATION_CONTEXT() REPRESENTATION_CONTEXT('2D SPACE',''
  ) );
#887 = ORIENTED_EDGE('',*,*,#839,.T.);
#888 = ORIENTED_EDGE('',*,*,#889,.F.);
#889 = EDGE_CURVE('',#487,#545,#890,.T.);
#890 = SURFACE_CURVE('',#891,(#984,#1080),.PCURVE_S1.);
#891 = B_SPLINE_CURVE_WITH_KNOTS('',6,(#892,#893,#894,#895,#896,#897,
    #898,#899,#900,#901,#902,#903,#904,#905,#906,#907,#908,#909,#910,
    #911,#912,#913,#914,#915,#916,#917,#918,#919,#920,#921,#922,#923,
    #924,#925,#926,#927,#928,#929,#930,#931,#932,#933,#934,#935,#936,
    #937,#938,#939,#940,#941,#942,#943,#944,#945,#946,#947,#948,#949,
    #950,#951,#952,#953,#954,#955,#956,#957,#958,#959,#960,#961,#962,
    #963,#964,#965,#966,#967,#968,#969,#970,#971,#972,#973,#974,#975,
    #976,#977,#978,#979,#980,#981,#982,#983),.UNSPECIFIED.,.F.,.F.,(7,5,
    5,5,5,5,5,5,5,5,5,5,5,5,5,5,5,5,7),(0.,7.737113599598E-02,
    0.125657875011,0.187572141786,0.237931229543,0.280470745504,
    0.315778351328,0.344748131723,0.369184848919,0.50121971146,
    0.630775610546,0.65513877695,0.68399340005,0.719200464633,
    0.761879752634,0.812157751973,0.874843307053,0.923007381441,1.),
  .UNSPECIFIED.);
#892 = CARTESIAN_POINT('',(38.,-1.7763568394E-15,685.));
#893 = CARTESIAN_POINT('',(38.,-0.750507073977,685.));
#894 = CARTESIAN_POINT('',(37.982212832065,-1.499588430135,
    684.9549390181));
#895 = CARTESIAN_POINT('',(37.946765090638,-2.240820885327,
    684.86513880609));
#896 = CARTESIAN_POINT('',(37.894735912703,-2.967848171029,
    684.73247269229));
#897 = CARTESIAN_POINT('',(37.828126089802,-3.674582185984,
    684.56034440276));
#898 = CARTESIAN_POINT('',(37.700554261789,-4.780286994936,
    684.22483779468));
#899 = CARTESIAN_POINT('',(37.646821811784,-5.195600395292,
    684.08233583697));
#900 = CARTESIAN_POINT('',(37.588893086773,-5.600848011867,
    683.92713280253));
#901 = CARTESIAN_POINT('',(37.527302350529,-5.995595619776,
    683.76012172049));
#902 = CARTESIAN_POINT('',(37.462592769009,-6.379462843454,
    683.58221705813));
#903 = CARTESIAN_POINT('',(37.309027231489,-7.229955379512,
    683.15348206773));
#904 = CARTESIAN_POINT('',(37.218494153784,-7.689453769182,
    682.89619491658));
#905 = CARTESIAN_POINT('',(37.124711796758,-8.130641071388,
    682.62409772896));
#906 = CARTESIAN_POINT('',(37.0286181083,-8.55361154215,682.33864864816)
  );
#907 = CARTESIAN_POINT('',(36.931074298434,-8.95852896799,
    682.04116577142));
#908 = CARTESIAN_POINT('',(36.752968691677,-9.660476480944,
    681.48203908725));
#909 = CARTESIAN_POINT('',(36.67262010737,-9.963597142426,
    681.22402095723));
#910 = CARTESIAN_POINT('',(36.592209997635,-10.25517266029,
    680.95934794266));
#911 = CARTESIAN_POINT('',(36.512103900763,-10.53539016134,
    680.68853087997));
#912 = CARTESIAN_POINT('',(36.432634791153,-10.80443839679,
    680.41201870749));
#913 = CARTESIAN_POINT('',(36.287768195146,-11.28050543317,
    679.89213792947));
#914 = CARTESIAN_POINT('',(36.222101737152,-11.49066967763,
    679.65028902415));
#915 = CARTESIAN_POINT('',(36.157289155852,-11.69310701133,
    679.40489299468));
#916 = CARTESIAN_POINT('',(36.09350164761,-11.88791901266,
    679.15616847995));
#917 = CARTESIAN_POINT('',(36.030897626731,-12.07520251604,
    678.90431135396));
#918 = CARTESIAN_POINT('',(35.918764834578,-12.40432188778,
    678.43799807709));
#919 = CARTESIAN_POINT('',(35.868823855075,-12.54846804091,
    678.22446753031));
#920 = CARTESIAN_POINT('',(35.819884327582,-12.68753739663,
    678.00900657724));
#921 = CARTESIAN_POINT('',(35.772026332924,-12.82157488073,
    677.79171364658));
#922 = CARTESIAN_POINT('',(35.725325492124,-12.95062101942,
    677.57268210394));
#923 = CARTESIAN_POINT('',(35.642542900939,-13.17652815186,
    677.17093148092));
#924 = CARTESIAN_POINT('',(35.606059827855,-13.27500840592,
    676.98875207896));
#925 = CARTESIAN_POINT('',(35.570443133356,-13.37017260684,
    676.80551108809));
#926 = CARTESIAN_POINT('',(35.53573034504,-13.46203884696,
    676.62125625613));
#927 = CARTESIAN_POINT('',(35.501957131894,-13.55062340569,
    676.43603403669));
#928 = CARTESIAN_POINT('',(35.441489848744,-13.70790801239,
    676.09287220204));
#929 = CARTESIAN_POINT('',(35.414514997093,-13.77755055971,
    675.93519872591));
#930 = CARTESIAN_POINT('',(35.388253056602,-13.84487707719,
    675.77689633692));
#931 = CARTESIAN_POINT('',(35.362723395245,-13.9098954689,
    675.61799185281));
#932 = CARTESIAN_POINT('',(35.337944441704,-13.9726128572,
    675.45851173296));
#933 = CARTESIAN_POINT('',(35.184200346511,-14.35950767765,
    674.43382037761));
#934 = CARTESIAN_POINT('',(35.076836633786,-14.61913347138,
    673.55273679836));
#935 = CARTESIAN_POINT('',(34.994712807905,-14.81261839837,
    672.6598365604));
#936 = CARTESIAN_POINT('',(34.939754605145,-14.94047213753,
    671.75920894765));
#937 = CARTESIAN_POINT('',(34.912920744475,-15.00293224213,
    670.85466935372));
#938 = CARTESIAN_POINT('',(34.91548753557,-14.99695770898,
    669.06231605723));
#939 = CARTESIAN_POINT('',(34.943841073277,-14.93096039579,
    668.17504210772));
#940 = CARTESIAN_POINT('',(34.999220384492,-14.80199008221,
    667.29174576655));
#941 = CARTESIAN_POINT('',(35.080686048353,-14.60981361373,
    666.41603377369));
#942 = CARTESIAN_POINT('',(35.186404108368,-14.35394408738,
    665.55177192381));
#943 = CARTESIAN_POINT('',(35.337597114813,-13.97349023569,
    664.54375083208));
#944 = CARTESIAN_POINT('',(35.362292514793,-13.91098899931,
    664.38474169501));
#945 = CARTESIAN_POINT('',(35.387734316804,-13.84620059976,
    664.22630447608));
#946 = CARTESIAN_POINT('',(35.413904265354,-13.77911798501,
    664.06846539478));
#947 = CARTESIAN_POINT('',(35.44078317681,-13.70973333111,663.9112510239
    ));
#948 = CARTESIAN_POINT('',(35.501000940043,-13.55312541196,
    663.56926252786));
#949 = CARTESIAN_POINT('',(35.534617178712,-13.464971641,663.38475096108
    ));
#950 = CARTESIAN_POINT('',(35.569166267298,-13.37356245421,
    663.20119820506));
#951 = CARTESIAN_POINT('',(35.604612988767,-13.27888179356,
    663.0186501448));
#952 = CARTESIAN_POINT('',(35.640920297149,-13.18091181803,
    662.83715393453));
#953 = CARTESIAN_POINT('',(35.723352415569,-12.95605709864,
    662.43664729381));
#954 = CARTESIAN_POINT('',(35.769878752591,-12.82755507364,
    662.21817520576));
#955 = CARTESIAN_POINT('',(35.817557850551,-12.69409109487,
    662.00142922345));
#956 = CARTESIAN_POINT('',(35.866314827453,-12.55562507856,
    661.78650181843));
#957 = CARTESIAN_POINT('',(35.916070397352,-12.41211259095,
    661.57349044393));
#958 = CARTESIAN_POINT('',(36.028165466147,-12.08335712161,
    661.10672423363));
#959 = CARTESIAN_POINT('',(36.090932625404,-11.89572660353,
    660.85392430535));
#960 = CARTESIAN_POINT('',(36.15489552634,-11.70052048078,
    660.60427218291));
#961 = CARTESIAN_POINT('',(36.21989441283,-11.49764112251,
    660.35796532278));
#962 = CARTESIAN_POINT('',(36.285756594419,-11.28698608028,
    660.11522420502));
#963 = CARTESIAN_POINT('',(36.43068319518,-10.8110011263,659.59482052218
    ));
#964 = CARTESIAN_POINT('',(36.51001045645,-10.54261337661,
    659.31863400801));
#965 = CARTESIAN_POINT('',(36.589978115349,-10.26309524475,
    659.04811720362));
#966 = CARTESIAN_POINT('',(36.670255203883,-9.972258883069,
    658.78371611266));
#967 = CARTESIAN_POINT('',(36.750478433442,-9.669917975699,
    658.52593817113));
#968 = CARTESIAN_POINT('',(36.92970915041,-8.964360942522,
    657.96292661684));
#969 = CARTESIAN_POINT('',(37.028490628546,-8.554568723009,
    657.66160464994));
#970 = CARTESIAN_POINT('',(37.125790874879,-8.126270352039,
    657.37261056663));
#971 = CARTESIAN_POINT('',(37.220715795535,-7.679296745756,
    657.0973128775));
#972 = CARTESIAN_POINT('',(37.312290762873,-7.213552090188,
    656.83722702824));
#973 = CARTESIAN_POINT('',(37.466453452826,-6.356725006777,
    656.40715014405));
#974 = CARTESIAN_POINT('',(37.530851698315,-5.973286287033,
    656.23021861142));
#975 = CARTESIAN_POINT('',(37.592126522394,-5.579030819584,
    656.06415966911));
#976 = CARTESIAN_POINT('',(37.649737939863,-5.174343128392,
    655.90988315169));
#977 = CARTESIAN_POINT('',(37.703155441436,-4.759661239169,
    655.76827632329));
#978 = CARTESIAN_POINT('',(37.82974091079,-3.657397716277,
    655.43548334504));
#979 = CARTESIAN_POINT('',(37.895744856032,-2.953715141742,
    655.26495458023));
#980 = CARTESIAN_POINT('',(37.947282248823,-2.230000445471,
    655.13355109054));
#981 = CARTESIAN_POINT('',(37.982386866838,-1.492276156714,
    655.04462008327));
#982 = CARTESIAN_POINT('',(38.,-0.746826428577,655.));
#983 = CARTESIAN_POINT('',(38.,-7.105427357601E-15,655.));
#984 = PCURVE('',#497,#985);
#985 = DEFINITIONAL_REPRESENTATION('',(#986),#1079);
#986 = B_SPLINE_CURVE_WITH_KNOTS('',6,(#987,#988,#989,#990,#991,#992,
    #993,#994,#995,#996,#997,#998,#999,#1000,#1001,#1002,#1003,#1004,
    #1005,#1006,#1007,#1008,#1009,#1010,#1011,#1012,#1013,#1014,#1015,
    #1016,#1017,#1018,#1019,#1020,#1021,#1022,#1023,#1024,#1025,#1026,
    #1027,#1028,#1029,#1030,#1031,#1032,#1033,#1034,#1035,#1036,#1037,
    #1038,#1039,#1040,#1041,#1042,#1043,#1044,#1045,#1046,#1047,#1048,
    #1049,#1050,#1051,#1052,#1053,#1054,#1055,#1056,#1057,#1058,#1059,
    #1060,#1061,#1062,#1063,#1064,#1065,#1066,#1067,#1068,#1069,#1070,
    #1071,#1072,#1073,#1074,#1075,#1076,#1077,#1078),.UNSPECIFIED.,.F.,
  .F.,(7,5,5,5,5,5,5,5,5,5,5,5,5,5,5,5,5,5,7),(0.,7.737113599598E-02,
    0.125657875011,0.187572141786,0.237931229543,0.280470745504,
    0.315778351328,0.344748131723,0.369184848919,0.50121971146,
    0.630775610546,0.65513877695,0.68399340005,0.719200464633,
    0.761879752634,0.812157751973,0.874843307053,0.923007381441,1.),
  .UNSPECIFIED.);
#987 = CARTESIAN_POINT('',(6.28318530718,105.));
#988 = CARTESIAN_POINT('',(6.263435121022,105.));
#989 = CARTESIAN_POINT('',(6.243722450087,104.9549390181));
#990 = CARTESIAN_POINT('',(6.224202483965,104.86513880609));
#991 = CARTESIAN_POINT('',(6.205028798345,104.73247269229));
#992 = CARTESIAN_POINT('',(6.18635218678,104.56034440276));
#993 = CARTESIAN_POINT('',(6.157061664552,104.22483779468));
#994 = CARTESIAN_POINT('',(6.146042322831,104.08233583697));
#995 = CARTESIAN_POINT('',(6.135270896802,103.92713280253));
#996 = CARTESIAN_POINT('',(6.124758331985,103.76012172049));
#997 = CARTESIAN_POINT('',(6.114514730582,103.58221705813));
#998 = CARTESIAN_POINT('',(6.091771433372,103.15348206773));
#999 = CARTESIAN_POINT('',(6.079448460205,102.89619491658));
#1000 = CARTESIAN_POINT('',(6.067580741688,102.62409772896));
#1001 = CARTESIAN_POINT('',(6.056167802449,102.33864864816));
#1002 = CARTESIAN_POINT('',(6.045208056727,102.04116577142));
#1003 = CARTESIAN_POINT('',(6.026150411303,101.48203908725));
#1004 = CARTESIAN_POINT('',(6.017898535926,101.22402095723));
#1005 = CARTESIAN_POINT('',(6.009939627556,100.95934794266));
#1006 = CARTESIAN_POINT('',(6.00227054026,100.68853087997));
#1007 = CARTESIAN_POINT('',(5.994888175467,100.41201870749));
#1008 = CARTESIAN_POINT('',(5.981792899369,99.892137929475));
#1009 = CARTESIAN_POINT('',(5.975998732808,99.650289024158));
#1010 = CARTESIAN_POINT('',(5.970405263361,99.40489299468));
#1011 = CARTESIAN_POINT('',(5.965010976151,99.156168479951));
#1012 = CARTESIAN_POINT('',(5.959814480217,98.904311353969));
#1013 = CARTESIAN_POINT('',(5.950664554619,98.437998077094));
#1014 = CARTESIAN_POINT('',(5.946650071028,98.224467530315));
#1015 = CARTESIAN_POINT('',(5.942770422897,98.009006577248));
#1016 = CARTESIAN_POINT('',(5.939025080577,97.791713646585));
#1017 = CARTESIAN_POINT('',(5.935413619617,97.572682103946));
#1018 = CARTESIAN_POINT('',(5.929082115599,97.170931480923));
#1019 = CARTESIAN_POINT('',(5.926318426288,96.988752078968));
#1020 = CARTESIAN_POINT('',(5.923644477266,96.805511088091));
#1021 = CARTESIAN_POINT('',(5.921060131596,96.621256256132));
#1022 = CARTESIAN_POINT('',(5.918565290963,96.436034036694));
#1023 = CARTESIAN_POINT('',(5.914130886014,96.092872202041));
#1024 = CARTESIAN_POINT('',(5.912165518844,95.935198725917));
#1025 = CARTESIAN_POINT('',(5.910263758068,95.776896336922));
#1026 = CARTESIAN_POINT('',(5.908425581751,95.617991852816));
#1027 = CARTESIAN_POINT('',(5.906650982117,95.458511732966));
#1028 = CARTESIAN_POINT('',(5.895695113425,94.43382037761));
#1029 = CARTESIAN_POINT('',(5.888302422219,93.552736798362));
#1030 = CARTESIAN_POINT('',(5.882771107818,92.65983656041));
#1031 = CARTESIAN_POINT('',(5.87910886087,91.759208947657));
#1032 = CARTESIAN_POINT('',(5.877319906138,90.854669353729));
#1033 = CARTESIAN_POINT('',(5.877491026495,89.062316057234));
#1034 = CARTESIAN_POINT('',(5.879381292842,88.175042107728));
#1035 = CARTESIAN_POINT('',(5.883074911366,87.291745766552));
#1036 = CARTESIAN_POINT('',(5.888567752538,86.416033773692));
#1037 = CARTESIAN_POINT('',(5.895852591073,85.551771923817));
#1038 = CARTESIAN_POINT('',(5.90662614989,84.543750832089));
#1039 = CARTESIAN_POINT('',(5.908394651335,84.384741695017));
#1040 = CARTESIAN_POINT('',(5.910226348987,84.226304476089));
#1041 = CARTESIAN_POINT('',(5.912121250436,84.06846539478));
#1042 = CARTESIAN_POINT('',(5.914079377248,83.911251023905));
#1043 = CARTESIAN_POINT('',(5.918494804382,83.569262527868));
#1044 = CARTESIAN_POINT('',(5.92097758077,83.384750961086));
#1045 = CARTESIAN_POINT('',(5.923549152727,83.201198205066));
#1046 = CARTESIAN_POINT('',(5.926209616805,83.018650144808));
#1047 = CARTESIAN_POINT('',(5.928959107509,82.83715393453));
#1048 = CARTESIAN_POINT('',(5.935261434113,82.43664729381));
#1049 = CARTESIAN_POINT('',(5.938857868523,82.218175205769));
#1050 = CARTESIAN_POINT('',(5.94258741513,82.001429223453));
#1051 = CARTESIAN_POINT('',(5.946450492465,81.786501818435));
#1052 = CARTESIAN_POINT('',(5.950447622982,81.573490443936));
#1053 = CARTESIAN_POINT('',(5.959588163976,81.106724233631));
#1054 = CARTESIAN_POINT('',(5.964794681628,80.853924305359));
#1055 = CARTESIAN_POINT('',(5.970200260883,80.604272182917));
#1056 = CARTESIAN_POINT('',(5.97580630223,80.357965322787));
#1057 = CARTESIAN_POINT('',(5.981614331787,80.115224205028));
#1058 = CARTESIAN_POINT('',(5.994708001253,79.59482052218));
#1059 = CARTESIAN_POINT('',(6.002072641239,79.318634008019));
#1060 = CARTESIAN_POINT('',(6.009723035058,79.048117203622));
#1061 = CARTESIAN_POINT('',(6.017662265712,78.783716112668));
#1062 = CARTESIAN_POINT('',(6.02589346482,78.525938171132));
#1063 = CARTESIAN_POINT('',(6.045050462648,77.962926616844));
#1064 = CARTESIAN_POINT('',(6.056142525129,77.661604649949));
#1065 = CARTESIAN_POINT('',(6.06769916656,77.372610566631));
#1066 = CARTESIAN_POINT('',(6.079722004892,77.097312877508));
#1067 = CARTESIAN_POINT('',(6.092211487567,76.83722702824));
#1068 = CARTESIAN_POINT('',(6.115121627362,76.407150144056));
#1069 = CARTESIAN_POINT('',(6.125352751422,76.230218611427));
#1070 = CARTESIAN_POINT('',(6.13585124477,76.064159669116));
#1071 = CARTESIAN_POINT('',(6.146606910564,75.909883151698));
#1072 = CARTESIAN_POINT('',(6.157608714752,75.768276323298));
#1073 = CARTESIAN_POINT('',(6.186806302628,75.43548334504));
#1074 = CARTESIAN_POINT('',(6.205401521818,75.264954580232));
#1075 = CARTESIAN_POINT('',(6.224487434777,75.133551090545));
#1076 = CARTESIAN_POINT('',(6.243914878543,75.044620083279));
#1077 = CARTESIAN_POINT('',(6.263531980112,75.));
#1078 = CARTESIAN_POINT('',(6.28318530718,75.));
#1079 = ( GEOMETRIC_REPRESENTATION_CONTEXT(2) 
PARAMETRIC_REPRESENTATION_CONTEXT() REPRESENTATION_CONTEXT('2D SPACE',''
  ) );
#1080 = PCURVE('',#738,#1081);
#1081 = DEFINITIONAL_REPRESENTATION('',(#1082),#1175);
#1082 = B_SPLINE_CURVE_WITH_KNOTS('',6,(#1083,#1084,#1085,#1086,#1087,
    #1088,#1089,#1090,#1091,#1092,#1093,#1094,#1095,#1096,#1097,#1098,
    #1099,#1100,#1101,#1102,#1103,#1104,#1105,#1106,#1107,#1108,#1109,
    #1110,#1111,#1112,#1113,#1114,#1115,#1116,#1117,#1118,#1119,#1120,
    #1121,#1122,#1123,#1124,#1125,#1126,#1127,#1128,#1129,#1130,#1131,
    #1132,#1133,#1134,#1135,#1136,#1137,#1138,#1139,#1140,#1141,#1142,
    #1143,#1144,#1145,#1146,#1147,#1148,#1149,#1150,#1151,#1152,#1153,
    #1154,#1155,#1156,#1157,#1158,#1159,#1160,#1161,#1162,#1163,#1164,
    #1165,#1166,#1167,#1168,#1169,#1170,#1171,#1172,#1173,#1174),
  .UNSPECIFIED.,.F.,.F.,(7,5,5,5,5,5,5,5,5,5,5,5,5,5,5,5,5,5,7),(0.,
    7.737113599598E-02,0.125657875011,0.187572141786,0.237931229543,
    0.280470745504,0.315778351328,0.344748131723,0.369184848919,
    0.50121971146,0.630775610546,0.65513877695,0.68399340005,
    0.719200464633,0.761879752634,0.812157751973,0.874843307053,
    0.923007381441,1.),.UNSPECIFIED.);
#1083 = CARTESIAN_POINT('',(3.14159265359,7.));
#1084 = CARTESIAN_POINT('',(3.191626458522,7.));
#1085 = CARTESIAN_POINT('',(3.241565211261,6.982212832065));
#1086 = CARTESIAN_POINT('',(3.291206188729,6.946765090637));
#1087 = CARTESIAN_POINT('',(3.34034668395,6.894735912703));
#1088 = CARTESIAN_POINT('',(3.388764367055,6.828126089802));
#1089 = CARTESIAN_POINT('',(3.465796764529,6.700554261789));
#1090 = CARTESIAN_POINT('',(3.495049937121,6.646821811784));
#1091 = CARTESIAN_POINT('',(3.523953497316,6.588893086773));
#1092 = CARTESIAN_POINT('',(3.55250369776,6.527302350529));
#1093 = CARTESIAN_POINT('',(3.580694312851,6.462592769009));
#1094 = CARTESIAN_POINT('',(3.64419063806,6.309027231489));
#1095 = CARTESIAN_POINT('',(3.679265858309,6.218494153784));
#1096 = CARTESIAN_POINT('',(3.713777100702,6.124711796758));
#1097 = CARTESIAN_POINT('',(3.747754418852,6.0286181083));
#1098 = CARTESIAN_POINT('',(3.781225468764,5.931074298434));
#1099 = CARTESIAN_POINT('',(3.841053108601,5.752968691677));
#1100 = CARTESIAN_POINT('',(3.867576684351,5.67262010737));
#1101 = CARTESIAN_POINT('',(3.893809416606,5.592209997635));
#1102 = CARTESIAN_POINT('',(3.919770629718,5.512103900763));
#1103 = CARTESIAN_POINT('',(3.945479203981,5.432634791153));
#1104 = CARTESIAN_POINT('',(3.992474042775,5.287768195146));
#1105 = CARTESIAN_POINT('',(4.013827259596,5.222101737152));
#1106 = CARTESIAN_POINT('',(4.035024808876,5.157289155852));
#1107 = CARTESIAN_POINT('',(4.056077187502,5.09350164761));
#1108 = CARTESIAN_POINT('',(4.07699470695,5.030897626731));
#1109 = CARTESIAN_POINT('',(4.115045411896,4.918764834578));
#1110 = CARTESIAN_POINT('',(4.132217067803,4.868823855075));
#1111 = CARTESIAN_POINT('',(4.149307921707,4.819884327582));
#1112 = CARTESIAN_POINT('',(4.166323165595,4.772026332924));
#1113 = CARTESIAN_POINT('',(4.183267722744,4.725325492124));
#1114 = CARTESIAN_POINT('',(4.213995024798,4.642542900939));
#1115 = CARTESIAN_POINT('',(4.227799340968,4.606059827855));
#1116 = CARTESIAN_POINT('',(4.241561763059,4.570443133356));
#1117 = CARTESIAN_POINT('',(4.25528474543,4.53573034504));
#1118 = CARTESIAN_POINT('',(4.268970629981,4.501957131894));
#1119 = CARTESIAN_POINT('',(4.294136611629,4.441489848744));
#1120 = CARTESIAN_POINT('',(4.305626766232,4.414514997093));
#1121 = CARTESIAN_POINT('',(4.317093447437,4.388253056602));
#1122 = CARTESIAN_POINT('',(4.328537942167,4.362723395245));
#1123 = CARTESIAN_POINT('',(4.339961486779,4.337944441704));
#1124 = CARTESIAN_POINT('',(4.412981422438,4.184200346511));
#1125 = CARTESIAN_POINT('',(4.474047657561,4.076836633786));
#1126 = CARTESIAN_POINT('',(4.534714337892,3.994712807905));
#1127 = CARTESIAN_POINT('',(4.595122256222,3.939754605145));
#1128 = CARTESIAN_POINT('',(4.655410694578,3.912920744475));
#1129 = CARTESIAN_POINT('',(4.774901578182,3.91548753557));
#1130 = CARTESIAN_POINT('',(4.834067524467,3.943841073277));
#1131 = CARTESIAN_POINT('',(4.893355283245,3.999220384492));
#1132 = CARTESIAN_POINT('',(4.952896966087,4.080686048353));
#1133 = CARTESIAN_POINT('',(5.012826148196,4.186404108368));
#1134 = CARTESIAN_POINT('',(5.084654698837,4.337597114813));
#1135 = CARTESIAN_POINT('',(5.096043758884,4.362292514793));
#1136 = CARTESIAN_POINT('',(5.107453631094,4.387734316804));
#1137 = CARTESIAN_POINT('',(5.11888554032,4.413904265354));
#1138 = CARTESIAN_POINT('',(5.130340761354,4.44078317681));
#1139 = CARTESIAN_POINT('',(5.155416838644,4.501000940043));
#1140 = CARTESIAN_POINT('',(5.169047614754,4.534617178712));
#1141 = CARTESIAN_POINT('',(5.182715148993,4.569166267298));
#1142 = CARTESIAN_POINT('',(5.196421753731,4.604612988767));
#1143 = CARTESIAN_POINT('',(5.210169851971,4.640920297149));
#1144 = CARTESIAN_POINT('',(5.240790485109,4.723352415569));
#1145 = CARTESIAN_POINT('',(5.257684529134,4.769878752591));
#1146 = CARTESIAN_POINT('',(5.274648719163,4.817557850551));
#1147 = CARTESIAN_POINT('',(5.291687930647,4.866314827453));
#1148 = CARTESIAN_POINT('',(5.308807304747,4.916070397352));
#1149 = CARTESIAN_POINT('',(5.346868708569,5.028165466147));
#1150 = CARTESIAN_POINT('',(5.367850419786,5.090932625404));
#1151 = CARTESIAN_POINT('',(5.388967598887,5.15489552634));
#1152 = CARTESIAN_POINT('',(5.410230649811,5.21989441283));
#1153 = CARTESIAN_POINT('',(5.431650163528,5.285756594419));
#1154 = CARTESIAN_POINT('',(5.478667024311,5.43068319518));
#1155 = CARTESIAN_POINT('',(5.504329399181,5.51001045645));
#1156 = CARTESIAN_POINT('',(5.530243282156,5.589978115349));
#1157 = CARTESIAN_POINT('',(5.556427460592,5.670255203883));
#1158 = CARTESIAN_POINT('',(5.582901162179,5.750478433442));
#1159 = CARTESIAN_POINT('',(5.643078409165,5.92970915041));
#1160 = CARTESIAN_POINT('',(5.676961961096,6.028490628546));
#1161 = CARTESIAN_POINT('',(5.711364349143,6.125790874879));
#1162 = CARTESIAN_POINT('',(5.74631417844,6.220715795535));
#1163 = CARTESIAN_POINT('',(5.781842580323,6.312290762873));
#1164 = CARTESIAN_POINT('',(5.845756368687,6.466453452826));
#1165 = CARTESIAN_POINT('',(5.873893909355,6.530851698315));
#1166 = CARTESIAN_POINT('',(5.902389336545,6.592126522394));
#1167 = CARTESIAN_POINT('',(5.931236136826,6.649737939863));
#1168 = CARTESIAN_POINT('',(5.960430270311,6.703155441436));
#1169 = CARTESIAN_POINT('',(6.037190677937,6.82974091079));
#1170 = CARTESIAN_POINT('',(6.085386492134,6.895744856032));
#1171 = CARTESIAN_POINT('',(6.13429643645,6.947282248823));
#1172 = CARTESIAN_POINT('',(6.183700234141,6.982386866838));
#1173 = CARTESIAN_POINT('',(6.233396878608,7.));
#1174 = CARTESIAN_POINT('',(6.28318530718,7.));
#1175 = ( GEOMETRIC_REPRESENTATION_CONTEXT(2) 
PARAMETRIC_REPRESENTATION_CONTEXT() REPRESENTATION_CONTEXT('2D SPACE',''
  ) );
#1176 = ADVANCED_FACE('',(#1177),#738,.F.);
#1177 = FACE_BOUND('',#1178,.F.);
#1178 = EDGE_LOOP('',(#1179,#1180,#1203,#1230,#1231));
#1179 = ORIENTED_EDGE('',*,*,#544,.F.);
#1180 = ORIENTED_EDGE('',*,*,#1181,.F.);
#1181 = EDGE_CURVE('',#1182,#545,#1184,.T.);
#1182 = VERTEX_POINT('',#1183);
#1183 = CARTESIAN_POINT('',(31.,-3.673940397442E-15,655.));
#1184 = SEAM_CURVE('',#1185,(#1189,#1196),.PCURVE_S1.);
#1185 = LINE('',#1186,#1187);
#1186 = CARTESIAN_POINT('',(31.,-3.673940397442E-15,655.));
#1187 = VECTOR('',#1188,1.);
#1188 = DIRECTION('',(1.,0.,2.22044604925E-16));
#1189 = PCURVE('',#738,#1190);
#1190 = DEFINITIONAL_REPRESENTATION('',(#1191),#1195);
#1191 = LINE('',#1192,#1193);
#1192 = CARTESIAN_POINT('',(6.28318530718,-0.));
#1193 = VECTOR('',#1194,1.);
#1194 = DIRECTION('',(0.,1.));
#1195 = ( GEOMETRIC_REPRESENTATION_CONTEXT(2) 
PARAMETRIC_REPRESENTATION_CONTEXT() REPRESENTATION_CONTEXT('2D SPACE',''
  ) );
#1196 = PCURVE('',#738,#1197);
#1197 = DEFINITIONAL_REPRESENTATION('',(#1198),#1202);
#1198 = LINE('',#1199,#1200);
#1199 = CARTESIAN_POINT('',(0.,-0.));
#1200 = VECTOR('',#1201,1.);
#1201 = DIRECTION('',(0.,1.));
#1202 = ( GEOMETRIC_REPRESENTATION_CONTEXT(2) 
PARAMETRIC_REPRESENTATION_CONTEXT() REPRESENTATION_CONTEXT('2D SPACE',''
  ) );
#1203 = ORIENTED_EDGE('',*,*,#1204,.T.);
#1204 = EDGE_CURVE('',#1182,#1182,#1205,.T.);
#1205 = SURFACE_CURVE('',#1206,(#1211,#1218),.PCURVE_S1.);
#1206 = CIRCLE('',#1207,15.);
#1207 = AXIS2_PLACEMENT_3D('',#1208,#1209,#1210);
#1208 = CARTESIAN_POINT('',(31.,0.,670.));
#1209 = DIRECTION('',(1.,-0.,2.22044604925E-16));
#1210 = DIRECTION('',(2.22044604925E-16,0.,-1.));
#1211 = PCURVE('',#738,#1212);
#1212 = DEFINITIONAL_REPRESENTATION('',(#1213),#1217);
#1213 = LINE('',#1214,#1215);
#1214 = CARTESIAN_POINT('',(0.,0.));
#1215 = VECTOR('',#1216,1.);
#1216 = DIRECTION('',(1.,0.));
#1217 = ( GEOMETRIC_REPRESENTATION_CONTEXT(2) 
PARAMETRIC_REPRESENTATION_CONTEXT() REPRESENTATION_CONTEXT('2D SPACE',''
  ) );
#1218 = PCURVE('',#1219,#1224);
#1219 = PLANE('',#1220);
#1220 = AXIS2_PLACEMENT_3D('',#1221,#1222,#1223);
#1221 = CARTESIAN_POINT('',(31.,0.,670.));
#1222 = DIRECTION('',(1.,0.,2.22044604925E-16));
#1223 = DIRECTION('',(2.22044604925E-16,0.,-1.));
#1224 = DEFINITIONAL_REPRESENTATION('',(#1225),#1229);
#1225 = CIRCLE('',#1226,15.);
#1226 = AXIS2_PLACEMENT_2D('',#1227,#1228);
#1227 = CARTESIAN_POINT('',(0.,0.));
#1228 = DIRECTION('',(1.,0.));
#1229 = ( GEOMETRIC_REPRESENTATION_CONTEXT(2) 
PARAMETRIC_REPRESENTATION_CONTEXT() REPRESENTATION_CONTEXT('2D SPACE',''
  ) );
#1230 = ORIENTED_EDGE('',*,*,#1181,.T.);
#1231 = ORIENTED_EDGE('',*,*,#889,.F.);
#1232 = ADVANCED_FACE('',(#1233),#877,.T.);
#1233 = FACE_BOUND('',#1234,.T.);
#1234 = EDGE_LOOP('',(#1235,#1236,#1259,#1286));
#1235 = ORIENTED_EDGE('',*,*,#862,.F.);
#1236 = ORIENTED_EDGE('',*,*,#1237,.F.);
#1237 = EDGE_CURVE('',#1238,#840,#1240,.T.);
#1238 = VERTEX_POINT('',#1239);
#1239 = CARTESIAN_POINT('',(12.,-2.939152317954E-15,550.));
#1240 = SEAM_CURVE('',#1241,(#1245,#1252),.PCURVE_S1.);
#1241 = LINE('',#1242,#1243);
#1242 = CARTESIAN_POINT('',(12.,-2.939152317954E-15,550.));
#1243 = VECTOR('',#1244,1.);
#1244 = DIRECTION('',(0.654930538418,-1.604117175075E-16,0.75568908279)
  );
#1245 = PCURVE('',#877,#1246);
#1246 = DEFINITIONAL_REPRESENTATION('',(#1247),#1251);
#1247 = LINE('',#1248,#1249);
#1248 = CARTESIAN_POINT('',(6.28318530718,-0.));
#1249 = VECTOR('',#1250,1.);
#1250 = DIRECTION('',(0.,1.));
#1251 = ( GEOMETRIC_REPRESENTATION_CONTEXT(2) 
PARAMETRIC_REPRESENTATION_CONTEXT() REPRESENTATION_CONTEXT('2D SPACE',''
  ) );
#1252 = PCURVE('',#877,#1253);
#1253 = DEFINITIONAL_REPRESENTATION('',(#1254),#1258);
#1254 = LINE('',#1255,#1256);
#1255 = CARTESIAN_POINT('',(0.,-0.));
#1256 = VECTOR('',#1257,1.);
#1257 = DIRECTION('',(0.,1.));
#1258 = ( GEOMETRIC_REPRESENTATION_CONTEXT(2) 
PARAMETRIC_REPRESENTATION_CONTEXT() REPRESENTATION_CONTEXT('2D SPACE',''
  ) );
#1259 = ORIENTED_EDGE('',*,*,#1260,.T.);
#1260 = EDGE_CURVE('',#1238,#1238,#1261,.T.);
#1261 = SURFACE_CURVE('',#1262,(#1267,#1274),.PCURVE_S1.);
#1262 = CIRCLE('',#1263,12.);
#1263 = AXIS2_PLACEMENT_3D('',#1264,#1265,#1266);
#1264 = CARTESIAN_POINT('',(0.,0.,550.));
#1265 = DIRECTION('',(0.,0.,1.));
#1266 = DIRECTION('',(1.,0.,-0.));
#1267 = PCURVE('',#877,#1268);
#1268 = DEFINITIONAL_REPRESENTATION('',(#1269),#1273);
#1269 = LINE('',#1270,#1271);
#1270 = CARTESIAN_POINT('',(0.,0.));
#1271 = VECTOR('',#1272,1.);
#1272 = DIRECTION('',(1.,0.));
#1273 = ( GEOMETRIC_REPRESENTATION_CONTEXT(2) 
PARAMETRIC_REPRESENTATION_CONTEXT() REPRESENTATION_CONTEXT('2D SPACE',''
  ) );
#1274 = PCURVE('',#1275,#1280);
#1275 = PLANE('',#1276);
#1276 = AXIS2_PLACEMENT_3D('',#1277,#1278,#1279);
#1277 = CARTESIAN_POINT('',(0.,0.,550.));
#1278 = DIRECTION('',(0.,0.,1.));
#1279 = DIRECTION('',(1.,0.,-0.));
#1280 = DEFINITIONAL_REPRESENTATION('',(#1281),#1285);
#1281 = CIRCLE('',#1282,12.);
#1282 = AXIS2_PLACEMENT_2D('',#1283,#1284);
#1283 = CARTESIAN_POINT('',(0.,0.));
#1284 = DIRECTION('',(1.,0.));
#1285 = ( GEOMETRIC_REPRESENTATION_CONTEXT(2) 
PARAMETRIC_REPRESENTATION_CONTEXT() REPRESENTATION_CONTEXT('2D SPACE',''
  ) );
#1286 = ORIENTED_EDGE('',*,*,#1237,.T.);
#1287 = ADVANCED_FACE('',(#1288,#1291,#1322),#531,.T.);
#1288 = FACE_BOUND('',#1289,.T.);
#1289 = EDGE_LOOP('',(#1290));
#1290 = ORIENTED_EDGE('',*,*,#516,.T.);
#1291 = FACE_BOUND('',#1292,.T.);
#1292 = EDGE_LOOP('',(#1293));
#1293 = ORIENTED_EDGE('',*,*,#1294,.F.);
#1294 = EDGE_CURVE('',#1295,#1295,#1297,.T.);
#1295 = VERTEX_POINT('',#1296);
#1296 = CARTESIAN_POINT('',(14.,-3.429011037613E-15,720.));
#1297 = SURFACE_CURVE('',#1298,(#1303,#1310),.PCURVE_S1.);
#1298 = CIRCLE('',#1299,14.);
#1299 = AXIS2_PLACEMENT_3D('',#1300,#1301,#1302);
#1300 = CARTESIAN_POINT('',(0.,0.,720.));
#1301 = DIRECTION('',(0.,0.,1.));
#1302 = DIRECTION('',(1.,0.,-0.));
#1303 = PCURVE('',#531,#1304);
#1304 = DEFINITIONAL_REPRESENTATION('',(#1305),#1309);
#1305 = CIRCLE('',#1306,14.);
#1306 = AXIS2_PLACEMENT_2D('',#1307,#1308);
#1307 = CARTESIAN_POINT('',(0.,0.));
#1308 = DIRECTION('',(1.,0.));
#1309 = ( GEOMETRIC_REPRESENTATION_CONTEXT(2) 
PARAMETRIC_REPRESENTATION_CONTEXT() REPRESENTATION_CONTEXT('2D SPACE',''
  ) );
#1310 = PCURVE('',#1311,#1316);
#1311 = CYLINDRICAL_SURFACE('',#1312,14.);
#1312 = AXIS2_PLACEMENT_3D('',#1313,#1314,#1315);
#1313 = CARTESIAN_POINT('',(0.,0.,720.));
#1314 = DIRECTION('',(0.,0.,1.));
#1315 = DIRECTION('',(1.,0.,-0.));
#1316 = DEFINITIONAL_REPRESENTATION('',(#1317),#1321);
#1317 = LINE('',#1318,#1319);
#1318 = CARTESIAN_POINT('',(0.,0.));
#1319 = VECTOR('',#1320,1.);
#1320 = DIRECTION('',(1.,0.));
#1321 = ( GEOMETRIC_REPRESENTATION_CONTEXT(2) 
PARAMETRIC_REPRESENTATION_CONTEXT() REPRESENTATION_CONTEXT('2D SPACE',''
  ) );
#1322 = FACE_BOUND('',#1323,.T.);
#1323 = EDGE_LOOP('',(#1324));
#1324 = ORIENTED_EDGE('',*,*,#1325,.F.);
#1325 = EDGE_CURVE('',#1326,#1326,#1328,.T.);
#1326 = VERTEX_POINT('',#1327);
#1327 = CARTESIAN_POINT('',(37.,-1.714505518806E-15,720.));
#1328 = SURFACE_CURVE('',#1329,(#1334,#1341),.PCURVE_S1.);
#1329 = CIRCLE('',#1330,7.);
#1330 = AXIS2_PLACEMENT_3D('',#1331,#1332,#1333);
#1331 = CARTESIAN_POINT('',(30.,0.,720.));
#1332 = DIRECTION('',(0.,0.,1.));
#1333 = DIRECTION('',(1.,0.,-0.));
#1334 = PCURVE('',#531,#1335);
#1335 = DEFINITIONAL_REPRESENTATION('',(#1336),#1340);
#1336 = CIRCLE('',#1337,7.);
#1337 = AXIS2_PLACEMENT_2D('',#1338,#1339);
#1338 = CARTESIAN_POINT('',(30.,0.));
#1339 = DIRECTION('',(1.,0.));
#1340 = ( GEOMETRIC_REPRESENTATION_CONTEXT(2) 
PARAMETRIC_REPRESENTATION_CONTEXT() REPRESENTATION_CONTEXT('2D SPACE',''
  ) );
#1341 = PCURVE('',#1342,#1347);
#1342 = CYLINDRICAL_SURFACE('',#1343,7.);
#1343 = AXIS2_PLACEMENT_3D('',#1344,#1345,#1346);
#1344 = CARTESIAN_POINT('',(30.,0.,720.));
#1345 = DIRECTION('',(0.,0.,1.));
#1346 = DIRECTION('',(1.,0.,-0.));
#1347 = DEFINITIONAL_REPRESENTATION('',(#1348),#1352);
#1348 = LINE('',#1349,#1350);
#1349 = CARTESIAN_POINT('',(0.,0.));
#1350 = VECTOR('',#1351,1.);
#1351 = DIRECTION('',(1.,0.));
#1352 = ( GEOMETRIC_REPRESENTATION_CONTEXT(2) 
PARAMETRIC_REPRESENTATION_CONTEXT() REPRESENTATION_CONTEXT('2D SPACE',''
  ) );
#1353 = ADVANCED_FACE('',(#1354),#1219,.T.);
#1354 = FACE_BOUND('',#1355,.F.);
#1355 = EDGE_LOOP('',(#1356));
#1356 = ORIENTED_EDGE('',*,*,#1204,.F.);
#1357 = ADVANCED_FACE('',(#1358,#1361),#1275,.F.);
#1358 = FACE_BOUND('',#1359,.F.);
#1359 = EDGE_LOOP('',(#1360));
#1360 = ORIENTED_EDGE('',*,*,#1260,.T.);
#1361 = FACE_BOUND('',#1362,.F.);
#1362 = EDGE_LOOP('',(#1363));
#1363 = ORIENTED_EDGE('',*,*,#1364,.F.);
#1364 = EDGE_CURVE('',#1365,#1365,#1367,.T.);
#1365 = VERTEX_POINT('',#1366);
#1366 = CARTESIAN_POINT('',(4.,-9.797174393179E-16,550.));
#1367 = SURFACE_CURVE('',#1368,(#1373,#1380),.PCURVE_S1.);
#1368 = CIRCLE('',#1369,4.);
#1369 = AXIS2_PLACEMENT_3D('',#1370,#1371,#1372);
#1370 = CARTESIAN_POINT('',(0.,0.,550.));
#1371 = DIRECTION('',(0.,0.,1.));
#1372 = DIRECTION('',(1.,0.,-0.));
#1373 = PCURVE('',#1275,#1374);
#1374 = DEFINITIONAL_REPRESENTATION('',(#1375),#1379);
#1375 = CIRCLE('',#1376,4.);
#1376 = AXIS2_PLACEMENT_2D('',#1377,#1378);
#1377 = CARTESIAN_POINT('',(0.,0.));
#1378 = DIRECTION('',(1.,0.));
#1379 = ( GEOMETRIC_REPRESENTATION_CONTEXT(2) 
PARAMETRIC_REPRESENTATION_CONTEXT() REPRESENTATION_CONTEXT('2D SPACE',''
  ) );
#1380 = PCURVE('',#1381,#1386);
#1381 = CYLINDRICAL_SURFACE('',#1382,4.);
#1382 = AXIS2_PLACEMENT_3D('',#1383,#1384,#1385);
#1383 = CARTESIAN_POINT('',(0.,0.,480.));
#1384 = DIRECTION('',(0.,0.,1.));
#1385 = DIRECTION('',(1.,0.,-0.));
#1386 = DEFINITIONAL_REPRESENTATION('',(#1387),#1391);
#1387 = LINE('',#1388,#1389);
#1388 = CARTESIAN_POINT('',(0.,70.));
#1389 = VECTOR('',#1390,1.);
#1390 = DIRECTION('',(1.,0.));
#1391 = ( GEOMETRIC_REPRESENTATION_CONTEXT(2) 
PARAMETRIC_REPRESENTATION_CONTEXT() REPRESENTATION_CONTEXT('2D SPACE',''
  ) );
#1392 = ADVANCED_FACE('',(#1393),#1311,.T.);
#1393 = FACE_BOUND('',#1394,.T.);
#1394 = EDGE_LOOP('',(#1395,#1424,#1445,#1446));
#1395 = ORIENTED_EDGE('',*,*,#1396,.F.);
#1396 = EDGE_CURVE('',#1397,#1397,#1399,.T.);
#1397 = VERTEX_POINT('',#1398);
#1398 = CARTESIAN_POINT('',(14.,-3.429011037613E-15,740.));
#1399 = SURFACE_CURVE('',#1400,(#1405,#1412),.PCURVE_S1.);
#1400 = CIRCLE('',#1401,14.);
#1401 = AXIS2_PLACEMENT_3D('',#1402,#1403,#1404);
#1402 = CARTESIAN_POINT('',(0.,0.,740.));
#1403 = DIRECTION('',(0.,0.,1.));
#1404 = DIRECTION('',(1.,0.,-0.));
#1405 = PCURVE('',#1311,#1406);
#1406 = DEFINITIONAL_REPRESENTATION('',(#1407),#1411);
#1407 = LINE('',#1408,#1409);
#1408 = CARTESIAN_POINT('',(0.,20.));
#1409 = VECTOR('',#1410,1.);
#1410 = DIRECTION('',(1.,0.));
#1411 = ( GEOMETRIC_REPRESENTATION_CONTEXT(2) 
PARAMETRIC_REPRESENTATION_CONTEXT() REPRESENTATION_CONTEXT('2D SPACE',''
  ) );
#1412 = PCURVE('',#1413,#1418);
#1413 = PLANE('',#1414);
#1414 = AXIS2_PLACEMENT_3D('',#1415,#1416,#1417);
#1415 = CARTESIAN_POINT('',(0.,0.,740.));
#1416 = DIRECTION('',(0.,0.,1.));
#1417 = DIRECTION('',(1.,0.,-0.));
#1418 = DEFINITIONAL_REPRESENTATION('',(#1419),#1423);
#1419 = CIRCLE('',#1420,14.);
#1420 = AXIS2_PLACEMENT_2D('',#1421,#1422);
#1421 = CARTESIAN_POINT('',(0.,0.));
#1422 = DIRECTION('',(1.,0.));
#1423 = ( GEOMETRIC_REPRESENTATION_CONTEXT(2) 
PARAMETRIC_REPRESENTATION_CONTEXT() REPRESENTATION_CONTEXT('2D SPACE',''
  ) );
#1424 = ORIENTED_EDGE('',*,*,#1425,.F.);
#1425 = EDGE_CURVE('',#1295,#1397,#1426,.T.);
#1426 = SEAM_CURVE('',#1427,(#1431,#1438),.PCURVE_S1.);
#1427 = LINE('',#1428,#1429);
#1428 = CARTESIAN_POINT('',(14.,-3.429011037613E-15,720.));
#1429 = VECTOR('',#1430,1.);
#1430 = DIRECTION('',(0.,0.,1.));
#1431 = PCURVE('',#1311,#1432);
#1432 = DEFINITIONAL_REPRESENTATION('',(#1433),#1437);
#1433 = LINE('',#1434,#1435);
#1434 = CARTESIAN_POINT('',(6.28318530718,-0.));
#1435 = VECTOR('',#1436,1.);
#1436 = DIRECTION('',(0.,1.));
#1437 = ( GEOMETRIC_REPRESENTATION_CONTEXT(2) 
PARAMETRIC_REPRESENTATION_CONTEXT() REPRESENTATION_CONTEXT('2D SPACE',''
  ) );
#1438 = PCURVE('',#1311,#1439);
#1439 = DEFINITIONAL_REPRESENTATION('',(#1440),#1444);
#1440 = LINE('',#1441,#1442);
#1441 = CARTESIAN_POINT('',(0.,-0.));
#1442 = VECTOR('',#1443,1.);
#1443 = DIRECTION('',(0.,1.));
#1444 = ( GEOMETRIC_REPRESENTATION_CONTEXT(2) 
PARAMETRIC_REPRESENTATION_CONTEXT() REPRESENTATION_CONTEXT('2D SPACE',''
  ) );
#1445 = ORIENTED_EDGE('',*,*,#1294,.T.);
#1446 = ORIENTED_EDGE('',*,*,#1425,.T.);
#1447 = ADVANCED_FACE('',(#1448),#1342,.T.);
#1448 = FACE_BOUND('',#1449,.T.);
#1449 = EDGE_LOOP('',(#1450,#1479,#1500,#1501));
#1450 = ORIENTED_EDGE('',*,*,#1451,.F.);
#1451 = EDGE_CURVE('',#1452,#1452,#1454,.T.);
#1452 = VERTEX_POINT('',#1453);
#1453 = CARTESIAN_POINT('',(37.,-1.714505518806E-15,736.));
#1454 = SURFACE_CURVE('',#1455,(#1460,#1467),.PCURVE_S1.);
#1455 = CIRCLE('',#1456,7.);
#1456 = AXIS2_PLACEMENT_3D('',#1457,#1458,#1459);
#1457 = CARTESIAN_POINT('',(30.,0.,736.));
#1458 = DIRECTION('',(0.,0.,1.));
#1459 = DIRECTION('',(1.,0.,-0.));
#1460 = PCURVE('',#1342,#1461);
#1461 = DEFINITIONAL_REPRESENTATION('',(#1462),#1466);
#1462 = LINE('',#1463,#1464);
#1463 = CARTESIAN_POINT('',(0.,16.));
#1464 = VECTOR('',#1465,1.);
#1465 = DIRECTION('',(1.,0.));
#1466 = ( GEOMETRIC_REPRESENTATION_CONTEXT(2) 
PARAMETRIC_REPRESENTATION_CONTEXT() REPRESENTATION_CONTEXT('2D SPACE',''
  ) );
#1467 = PCURVE('',#1468,#1473);
#1468 = PLANE('',#1469);
#1469 = AXIS2_PLACEMENT_3D('',#1470,#1471,#1472);
#1470 = CARTESIAN_POINT('',(30.,0.,736.));
#1471 = DIRECTION('',(0.,0.,1.));
#1472 = DIRECTION('',(1.,0.,-0.));
#1473 = DEFINITIONAL_REPRESENTATION('',(#1474),#1478);
#1474 = CIRCLE('',#1475,7.);
#1475 = AXIS2_PLACEMENT_2D('',#1476,#1477);
#1476 = CARTESIAN_POINT('',(0.,0.));
#1477 = DIRECTION('',(1.,0.));
#1478 = ( GEOMETRIC_REPRESENTATION_CONTEXT(2) 
PARAMETRIC_REPRESENTATION_CONTEXT() REPRESENTATION_CONTEXT('2D SPACE',''
  ) );
#1479 = ORIENTED_EDGE('',*,*,#1480,.F.);
#1480 = EDGE_CURVE('',#1326,#1452,#1481,.T.);
#1481 = SEAM_CURVE('',#1482,(#1486,#1493),.PCURVE_S1.);
#1482 = LINE('',#1483,#1484);
#1483 = CARTESIAN_POINT('',(37.,-1.714505518806E-15,720.));
#1484 = VECTOR('',#1485,1.);
#1485 = DIRECTION('',(0.,0.,1.));
#1486 = PCURVE('',#1342,#1487);
#1487 = DEFINITIONAL_REPRESENTATION('',(#1488),#1492);
#1488 = LINE('',#1489,#1490);
#1489 = CARTESIAN_POINT('',(6.28318530718,-0.));
#1490 = VECTOR('',#1491,1.);
#1491 = DIRECTION('',(0.,1.));
#1492 = ( GEOMETRIC_REPRESENTATION_CONTEXT(2) 
PARAMETRIC_REPRESENTATION_CONTEXT() REPRESENTATION_CONTEXT('2D SPACE',''
  ) );
#1493 = PCURVE('',#1342,#1494);
#1494 = DEFINITIONAL_REPRESENTATION('',(#1495),#1499);
#1495 = LINE('',#1496,#1497);
#1496 = CARTESIAN_POINT('',(0.,-0.));
#1497 = VECTOR('',#1498,1.);
#1498 = DIRECTION('',(0.,1.));
#1499 = ( GEOMETRIC_REPRESENTATION_CONTEXT(2) 
PARAMETRIC_REPRESENTATION_CONTEXT() REPRESENTATION_CONTEXT('2D SPACE',''
  ) );
#1500 = ORIENTED_EDGE('',*,*,#1325,.T.);
#1501 = ORIENTED_EDGE('',*,*,#1480,.T.);
#1502 = ADVANCED_FACE('',(#1503),#1381,.F.);
#1503 = FACE_BOUND('',#1504,.F.);
#1504 = EDGE_LOOP('',(#1505,#1529,#1550,#1551));
#1505 = ORIENTED_EDGE('',*,*,#1506,.F.);
#1506 = EDGE_CURVE('',#1507,#1507,#1509,.T.);
#1507 = VERTEX_POINT('',#1508);
#1508 = CARTESIAN_POINT('',(4.,-9.797174393179E-16,740.));
#1509 = SURFACE_CURVE('',#1510,(#1515,#1522),.PCURVE_S1.);
#1510 = CIRCLE('',#1511,4.);
#1511 = AXIS2_PLACEMENT_3D('',#1512,#1513,#1514);
#1512 = CARTESIAN_POINT('',(0.,0.,740.));
#1513 = DIRECTION('',(0.,0.,1.));
#1514 = DIRECTION('',(1.,0.,-0.));
#1515 = PCURVE('',#1381,#1516);
#1516 = DEFINITIONAL_REPRESENTATION('',(#1517),#1521);
#1517 = LINE('',#1518,#1519);
#1518 = CARTESIAN_POINT('',(0.,260.));
#1519 = VECTOR('',#1520,1.);
#1520 = DIRECTION('',(1.,0.));
#1521 = ( GEOMETRIC_REPRESENTATION_CONTEXT(2) 
PARAMETRIC_REPRESENTATION_CONTEXT() REPRESENTATION_CONTEXT('2D SPACE',''
  ) );
#1522 = PCURVE('',#1413,#1523);
#1523 = DEFINITIONAL_REPRESENTATION('',(#1524),#1528);
#1524 = CIRCLE('',#1525,4.);
#1525 = AXIS2_PLACEMENT_2D('',#1526,#1527);
#1526 = CARTESIAN_POINT('',(0.,0.));
#1527 = DIRECTION('',(1.,0.));
#1528 = ( GEOMETRIC_REPRESENTATION_CONTEXT(2) 
PARAMETRIC_REPRESENTATION_CONTEXT() REPRESENTATION_CONTEXT('2D SPACE',''
  ) );
#1529 = ORIENTED_EDGE('',*,*,#1530,.F.);
#1530 = EDGE_CURVE('',#1365,#1507,#1531,.T.);
#1531 = SEAM_CURVE('',#1532,(#1536,#1543),.PCURVE_S1.);
#1532 = LINE('',#1533,#1534);
#1533 = CARTESIAN_POINT('',(4.,-9.797174393179E-16,480.));
#1534 = VECTOR('',#1535,1.);
#1535 = DIRECTION('',(0.,0.,1.));
#1536 = PCURVE('',#1381,#1537);
#1537 = DEFINITIONAL_REPRESENTATION('',(#1538),#1542);
#1538 = LINE('',#1539,#1540);
#1539 = CARTESIAN_POINT('',(6.28318530718,-0.));
#1540 = VECTOR('',#1541,1.);
#1541 = DIRECTION('',(0.,1.));
#1542 = ( GEOMETRIC_REPRESENTATION_CONTEXT(2) 
PARAMETRIC_REPRESENTATION_CONTEXT() REPRESENTATION_CONTEXT('2D SPACE',''
  ) );
#1543 = PCURVE('',#1381,#1544);
#1544 = DEFINITIONAL_REPRESENTATION('',(#1545),#1549);
#1545 = LINE('',#1546,#1547);
#1546 = CARTESIAN_POINT('',(0.,-0.));
#1547 = VECTOR('',#1548,1.);
#1548 = DIRECTION('',(0.,1.));
#1549 = ( GEOMETRIC_REPRESENTATION_CONTEXT(2) 
PARAMETRIC_REPRESENTATION_CONTEXT() REPRESENTATION_CONTEXT('2D SPACE',''
  ) );
#1550 = ORIENTED_EDGE('',*,*,#1364,.T.);
#1551 = ORIENTED_EDGE('',*,*,#1530,.T.);
#1552 = ADVANCED_FACE('',(#1553,#1556),#1413,.T.);
#1553 = FACE_BOUND('',#1554,.T.);
#1554 = EDGE_LOOP('',(#1555));
#1555 = ORIENTED_EDGE('',*,*,#1396,.T.);
#1556 = FACE_BOUND('',#1557,.T.);
#1557 = EDGE_LOOP('',(#1558));
#1558 = ORIENTED_EDGE('',*,*,#1506,.F.);
#1559 = ADVANCED_FACE('',(#1560),#1468,.T.);
#1560 = FACE_BOUND('',#1561,.T.);
#1561 = EDGE_LOOP('',(#1562));
#1562 = ORIENTED_EDGE('',*,*,#1451,.T.);
#1563 = MANIFOLD_SOLID_BREP('',#1564);
#1564 = CLOSED_SHELL('',(#1565,#2259,#2315,#2370,#2436,#2440,#2475,#2530
    ,#2585,#2635,#2642));
#1565 = ADVANCED_FACE('',(#1566),#1580,.T.);
#1566 = FACE_BOUND('',#1567,.T.);
#1567 = EDGE_LOOP('',(#1568,#1598,#1625,#1626,#1921,#1944,#1970,#1971));
#1568 = ORIENTED_EDGE('',*,*,#1569,.T.);
#1569 = EDGE_CURVE('',#1570,#1572,#1574,.T.);
#1570 = VERTEX_POINT('',#1571);
#1571 = CARTESIAN_POINT('',(38.,-9.30731567352E-15,1.625E+03));
#1572 = VERTEX_POINT('',#1573);
#1573 = CARTESIAN_POINT('',(38.,-9.30731567352E-15,1.66E+03));
#1574 = SEAM_CURVE('',#1575,(#1579,#1591),.PCURVE_S1.);
#1575 = LINE('',#1576,#1577);
#1576 = CARTESIAN_POINT('',(38.,-9.30731567352E-15,1.52E+03));
#1577 = VECTOR('',#1578,1.);
#1578 = DIRECTION('',(0.,0.,1.));
#1579 = PCURVE('',#1580,#1585);
#1580 = CYLINDRICAL_SURFACE('',#1581,38.);
#1581 = AXIS2_PLACEMENT_3D('',#1582,#1583,#1584);
#1582 = CARTESIAN_POINT('',(0.,0.,1.52E+03));
#1583 = DIRECTION('',(0.,0.,1.));
#1584 = DIRECTION('',(1.,0.,-0.));
#1585 = DEFINITIONAL_REPRESENTATION('',(#1586),#1590);
#1586 = LINE('',#1587,#1588);
#1587 = CARTESIAN_POINT('',(6.28318530718,-0.));
#1588 = VECTOR('',#1589,1.);
#1589 = DIRECTION('',(0.,1.));
#1590 = ( GEOMETRIC_REPRESENTATION_CONTEXT(2) 
PARAMETRIC_REPRESENTATION_CONTEXT() REPRESENTATION_CONTEXT('2D SPACE',''
  ) );
#1591 = PCURVE('',#1580,#1592);
#1592 = DEFINITIONAL_REPRESENTATION('',(#1593),#1597);
#1593 = LINE('',#1594,#1595);
#1594 = CARTESIAN_POINT('',(0.,-0.));
#1595 = VECTOR('',#1596,1.);
#1596 = DIRECTION('',(0.,1.));
#1597 = ( GEOMETRIC_REPRESENTATION_CONTEXT(2) 
PARAMETRIC_REPRESENTATION_CONTEXT() REPRESENTATION_CONTEXT('2D SPACE',''
  ) );
#1598 = ORIENTED_EDGE('',*,*,#1599,.F.);
#1599 = EDGE_CURVE('',#1572,#1572,#1600,.T.);
#1600 = SURFACE_CURVE('',#1601,(#1606,#1613),.PCURVE_S1.);
#1601 = CIRCLE('',#1602,38.);
#1602 = AXIS2_PLACEMENT_3D('',#1603,#1604,#1605);
#1603 = CARTESIAN_POINT('',(0.,0.,1.66E+03));
#1604 = DIRECTION('',(0.,0.,1.));
#1605 = DIRECTION('',(1.,0.,-0.));
#1606 = PCURVE('',#1580,#1607);
#1607 = DEFINITIONAL_REPRESENTATION('',(#1608),#1612);
#1608 = LINE('',#1609,#1610);
#1609 = CARTESIAN_POINT('',(0.,140.));
#1610 = VECTOR('',#1611,1.);
#1611 = DIRECTION('',(1.,0.));
#1612 = ( GEOMETRIC_REPRESENTATION_CONTEXT(2) 
PARAMETRIC_REPRESENTATION_CONTEXT() REPRESENTATION_CONTEXT('2D SPACE',''
  ) );
#1613 = PCURVE('',#1614,#1619);
#1614 = PLANE('',#1615);
#1615 = AXIS2_PLACEMENT_3D('',#1616,#1617,#1618);
#1616 = CARTESIAN_POINT('',(0.,0.,1.66E+03));
#1617 = DIRECTION('',(0.,0.,1.));
#1618 = DIRECTION('',(1.,0.,-0.));
#1619 = DEFINITIONAL_REPRESENTATION('',(#1620),#1624);
#1620 = CIRCLE('',#1621,38.);
#1621 = AXIS2_PLACEMENT_2D('',#1622,#1623);
#1622 = CARTESIAN_POINT('',(0.,0.));
#1623 = DIRECTION('',(1.,0.));
#1624 = ( GEOMETRIC_REPRESENTATION_CONTEXT(2) 
PARAMETRIC_REPRESENTATION_CONTEXT() REPRESENTATION_CONTEXT('2D SPACE',''
  ) );
#1625 = ORIENTED_EDGE('',*,*,#1569,.F.);
#1626 = ORIENTED_EDGE('',*,*,#1627,.F.);
#1627 = EDGE_CURVE('',#1628,#1570,#1630,.T.);
#1628 = VERTEX_POINT('',#1629);
#1629 = CARTESIAN_POINT('',(38.,-6.490628035481E-15,1.595E+03));
#1630 = SURFACE_CURVE('',#1631,(#1724,#1820),.PCURVE_S1.);
#1631 = B_SPLINE_CURVE_WITH_KNOTS('',6,(#1632,#1633,#1634,#1635,#1636,
    #1637,#1638,#1639,#1640,#1641,#1642,#1643,#1644,#1645,#1646,#1647,
    #1648,#1649,#1650,#1651,#1652,#1653,#1654,#1655,#1656,#1657,#1658,
    #1659,#1660,#1661,#1662,#1663,#1664,#1665,#1666,#1667,#1668,#1669,
    #1670,#1671,#1672,#1673,#1674,#1675,#1676,#1677,#1678,#1679,#1680,
    #1681,#1682,#1683,#1684,#1685,#1686,#1687,#1688,#1689,#1690,#1691,
    #1692,#1693,#1694,#1695,#1696,#1697,#1698,#1699,#1700,#1701,#1702,
    #1703,#1704,#1705,#1706,#1707,#1708,#1709,#1710,#1711,#1712,#1713,
    #1714,#1715,#1716,#1717,#1718,#1719,#1720,#1721,#1722,#1723),
  .UNSPECIFIED.,.F.,.F.,(7,5,5,5,5,5,5,5,5,5,5,5,5,5,5,5,5,5,7),(0.,
    7.737113598679E-02,0.125657874997,0.187572141763,0.237931229511,
    0.280470745465,0.315778351282,0.344748131672,0.369184848864,
    0.501219711383,0.630775610448,0.655138776849,0.683993399945,
    0.719200464523,0.761879752518,0.81215775185,0.874843306925,
    0.923007381319,1.),.UNSPECIFIED.);
#1632 = CARTESIAN_POINT('',(38.,-1.836970198721E-15,1.595E+03));
#1633 = CARTESIAN_POINT('',(38.,0.750507073978,1.595E+03));
#1634 = CARTESIAN_POINT('',(37.982212832065,1.499588430135,
    1.595045060982E+03));
#1635 = CARTESIAN_POINT('',(37.946765090637,2.240820885326,
    1.595134861194E+03));
#1636 = CARTESIAN_POINT('',(37.894735912703,2.967848171029,
    1.595267527308E+03));
#1637 = CARTESIAN_POINT('',(37.828126089802,3.674582185984,
    1.595439655597E+03));
#1638 = CARTESIAN_POINT('',(37.700554261788,4.780286994943,
    1.595775162205E+03));
#1639 = CARTESIAN_POINT('',(37.646821811784,5.19560039529,
    1.595917664163E+03));
#1640 = CARTESIAN_POINT('',(37.588893086774,5.600848011862,
    1.596072867197E+03));
#1641 = CARTESIAN_POINT('',(37.527302350529,5.995595619775,
    1.59623987828E+03));
#1642 = CARTESIAN_POINT('',(37.462592769008,6.379462843458,
    1.596417782942E+03));
#1643 = CARTESIAN_POINT('',(37.309027231493,7.22995537949,
    1.596846517932E+03));
#1644 = CARTESIAN_POINT('',(37.218494153783,7.689453769188,
    1.597103805083E+03));
#1645 = CARTESIAN_POINT('',(37.124711796754,8.130641071407,
    1.597375902271E+03));
#1646 = CARTESIAN_POINT('',(37.028618108299,8.553611542154,
    1.597661351352E+03));
#1647 = CARTESIAN_POINT('',(36.931074298438,8.958528967973,
    1.597958834229E+03));
#1648 = CARTESIAN_POINT('',(36.752968691677,9.660476480943,
    1.598517960913E+03));
#1649 = CARTESIAN_POINT('',(36.67262010737,9.963597142427,
    1.598775979043E+03));
#1650 = CARTESIAN_POINT('',(36.592209997635,10.255172660293,
    1.599040652057E+03));
#1651 = CARTESIAN_POINT('',(36.512103900763,10.535390161345,
    1.59931146912E+03));
#1652 = CARTESIAN_POINT('',(36.432634791153,10.804438396796,
    1.599587981293E+03));
#1653 = CARTESIAN_POINT('',(36.287768195146,11.28050543317,
    1.600107862071E+03));
#1654 = CARTESIAN_POINT('',(36.222101737152,11.490669677638,
    1.600349710976E+03));
#1655 = CARTESIAN_POINT('',(36.157289155852,11.693107011329,
    1.600595107005E+03));
#1656 = CARTESIAN_POINT('',(36.09350164761,11.887919012666,
    1.60084383152E+03));
#1657 = CARTESIAN_POINT('',(36.030897626731,12.075202516042,
    1.601095688646E+03));
#1658 = CARTESIAN_POINT('',(35.918764834578,12.404321887784,
    1.601562001923E+03));
#1659 = CARTESIAN_POINT('',(35.868823855075,12.548468040919,
    1.60177553247E+03));
#1660 = CARTESIAN_POINT('',(35.819884327582,12.687537396631,
    1.601990993423E+03));
#1661 = CARTESIAN_POINT('',(35.772026332925,12.82157488073,
    1.602208286353E+03));
#1662 = CARTESIAN_POINT('',(35.725325492124,12.950621019427,
    1.602427317896E+03));
#1663 = CARTESIAN_POINT('',(35.642542900939,13.176528151864,
    1.602829068519E+03));
#1664 = CARTESIAN_POINT('',(35.606059827855,13.275008405929,
    1.603011247921E+03));
#1665 = CARTESIAN_POINT('',(35.570443133356,13.370172606842,
    1.603194488912E+03));
#1666 = CARTESIAN_POINT('',(35.53573034504,13.462038846964,
    1.603378743744E+03));
#1667 = CARTESIAN_POINT('',(35.501957131894,13.550623405697,
    1.603563965963E+03));
#1668 = CARTESIAN_POINT('',(35.441489848744,13.707908012399,
    1.603907127798E+03));
#1669 = CARTESIAN_POINT('',(35.414514997093,13.77755055971,
    1.604064801274E+03));
#1670 = CARTESIAN_POINT('',(35.388253056602,13.844877077194,
    1.604223103663E+03));
#1671 = CARTESIAN_POINT('',(35.362723395245,13.909895468908,
    1.604382008147E+03));
#1672 = CARTESIAN_POINT('',(35.337944441704,13.9726128572,
    1.604541488267E+03));
#1673 = CARTESIAN_POINT('',(35.184200346508,14.35950767766,
    1.605566179622E+03));
#1674 = CARTESIAN_POINT('',(35.076836633787,14.619133471383,
    1.606447263202E+03));
#1675 = CARTESIAN_POINT('',(34.994712807906,14.812618398367,
    1.60734016344E+03));
#1676 = CARTESIAN_POINT('',(34.939754605144,14.940472137532,
    1.608240791052E+03));
#1677 = CARTESIAN_POINT('',(34.912920744475,15.002932242136,
    1.609145330646E+03));
#1678 = CARTESIAN_POINT('',(34.91548753557,14.996957708981,
    1.610937683943E+03));
#1679 = CARTESIAN_POINT('',(34.943841073276,14.930960395798,
    1.611824957892E+03));
#1680 = CARTESIAN_POINT('',(34.999220384495,14.801990082211,
    1.612708254233E+03));
#1681 = CARTESIAN_POINT('',(35.080686048348,14.609813613744,
    1.613583966226E+03));
#1682 = CARTESIAN_POINT('',(35.186404108371,14.353944087376,
    1.614448228076E+03));
#1683 = CARTESIAN_POINT('',(35.337597114813,13.973490235692,
    1.615456249168E+03));
#1684 = CARTESIAN_POINT('',(35.362292514793,13.910988999318,
    1.615615258305E+03));
#1685 = CARTESIAN_POINT('',(35.387734316804,13.846200599761,
    1.615773695524E+03));
#1686 = CARTESIAN_POINT('',(35.413904265354,13.779117985011,
    1.615931534605E+03));
#1687 = CARTESIAN_POINT('',(35.44078317681,13.709733331116,
    1.616088748976E+03));
#1688 = CARTESIAN_POINT('',(35.501000940043,13.553125411963,
    1.616430737472E+03));
#1689 = CARTESIAN_POINT('',(35.534617178712,13.464971641,
    1.616615249039E+03));
#1690 = CARTESIAN_POINT('',(35.569166267298,13.373562454214,
    1.616798801795E+03));
#1691 = CARTESIAN_POINT('',(35.604612988767,13.278881793562,
    1.616981349855E+03));
#1692 = CARTESIAN_POINT('',(35.640920297149,13.180911818038,
    1.617162846065E+03));
#1693 = CARTESIAN_POINT('',(35.72335241557,12.956057098643,
    1.617563352706E+03));
#1694 = CARTESIAN_POINT('',(35.769878752591,12.827555073644,
    1.617781824794E+03));
#1695 = CARTESIAN_POINT('',(35.817557850552,12.694091094878,
    1.617998570777E+03));
#1696 = CARTESIAN_POINT('',(35.866314827453,12.555625078566,
    1.618213498182E+03));
#1697 = CARTESIAN_POINT('',(35.916070397353,12.41211259095,
    1.618426509556E+03));
#1698 = CARTESIAN_POINT('',(36.028165466147,12.083357121609,
    1.618893275766E+03));
#1699 = CARTESIAN_POINT('',(36.090932625404,11.895726603534,
    1.619146075695E+03));
#1700 = CARTESIAN_POINT('',(36.15489552634,11.700520480788,
    1.619395727817E+03));
#1701 = CARTESIAN_POINT('',(36.21989441283,11.497641122515,
    1.619642034677E+03));
#1702 = CARTESIAN_POINT('',(36.285756594419,11.286986080282,
    1.619884775795E+03));
#1703 = CARTESIAN_POINT('',(36.430683195181,10.811001126303,
    1.620405179478E+03));
#1704 = CARTESIAN_POINT('',(36.51001045645,10.542613376615,
    1.620681365992E+03));
#1705 = CARTESIAN_POINT('',(36.589978115349,10.263095244754,
    1.620951882796E+03));
#1706 = CARTESIAN_POINT('',(36.670255203883,9.972258883068,
    1.621216283887E+03));
#1707 = CARTESIAN_POINT('',(36.750478433442,9.669917975698,
    1.621474061829E+03));
#1708 = CARTESIAN_POINT('',(36.929709150415,8.964360942503,
    1.622037073383E+03));
#1709 = CARTESIAN_POINT('',(37.028490628545,8.554568723011,
    1.62233839535E+03));
#1710 = CARTESIAN_POINT('',(37.125790874875,8.126270352059,
    1.622627389433E+03));
#1711 = CARTESIAN_POINT('',(37.220715795535,7.679296745763,
    1.622902687122E+03));
#1712 = CARTESIAN_POINT('',(37.312290762877,7.213552090162,
    1.623162772972E+03));
#1713 = CARTESIAN_POINT('',(37.46645345284,6.356725006701,
    1.623592849856E+03));
#1714 = CARTESIAN_POINT('',(37.530851698309,5.973286287052,
    1.623769781389E+03));
#1715 = CARTESIAN_POINT('',(37.592126522383,5.579030819666,
    1.623935840331E+03));
#1716 = CARTESIAN_POINT('',(37.649737939863,5.174343128413,
    1.624090116848E+03));
#1717 = CARTESIAN_POINT('',(37.703155441447,4.759661239075,
    1.624231723677E+03));
#1718 = CARTESIAN_POINT('',(37.829740910884,3.657397715457,
    1.624564516655E+03));
#1719 = CARTESIAN_POINT('',(37.895744855971,2.953715141954,
    1.62473504542E+03));
#1720 = CARTESIAN_POINT('',(37.947282248773,2.230000446288,
    1.624866448909E+03));
#1721 = CARTESIAN_POINT('',(37.982386866877,1.492276156939,
    1.624955379917E+03));
#1722 = CARTESIAN_POINT('',(38.,0.746826427754,1.625E+03));
#1723 = CARTESIAN_POINT('',(38.,2.755455298082E-15,1.625E+03));
#1724 = PCURVE('',#1580,#1725);
#1725 = DEFINITIONAL_REPRESENTATION('',(#1726),#1819);
#1726 = B_SPLINE_CURVE_WITH_KNOTS('',6,(#1727,#1728,#1729,#1730,#1731,
    #1732,#1733,#1734,#1735,#1736,#1737,#1738,#1739,#1740,#1741,#1742,
    #1743,#1744,#1745,#1746,#1747,#1748,#1749,#1750,#1751,#1752,#1753,
    #1754,#1755,#1756,#1757,#1758,#1759,#1760,#1761,#1762,#1763,#1764,
    #1765,#1766,#1767,#1768,#1769,#1770,#1771,#1772,#1773,#1774,#1775,
    #1776,#1777,#1778,#1779,#1780,#1781,#1782,#1783,#1784,#1785,#1786,
    #1787,#1788,#1789,#1790,#1791,#1792,#1793,#1794,#1795,#1796,#1797,
    #1798,#1799,#1800,#1801,#1802,#1803,#1804,#1805,#1806,#1807,#1808,
    #1809,#1810,#1811,#1812,#1813,#1814,#1815,#1816,#1817,#1818),
  .UNSPECIFIED.,.F.,.F.,(7,5,5,5,5,5,5,5,5,5,5,5,5,5,5,5,5,5,7),(0.,
    7.737113598679E-02,0.125657874997,0.187572141763,0.237931229511,
    0.280470745465,0.315778351282,0.344748131672,0.369184848864,
    0.501219711383,0.630775610448,0.655138776849,0.683993399945,
    0.719200464523,0.761879752518,0.81215775185,0.874843306925,
    0.923007381319,1.),.UNSPECIFIED.);
#1727 = CARTESIAN_POINT('',(0.,75.));
#1728 = CARTESIAN_POINT('',(1.975018615732E-02,75.));
#1729 = CARTESIAN_POINT('',(3.946285709243E-02,75.045060981898));
#1730 = CARTESIAN_POINT('',(5.898282321444E-02,75.134861193909));
#1731 = CARTESIAN_POINT('',(7.815650883462E-02,75.267527307706));
#1732 = CARTESIAN_POINT('',(9.683312039932E-02,75.439655597232));
#1733 = CARTESIAN_POINT('',(0.126123642628,75.775162205318));
#1734 = CARTESIAN_POINT('',(0.137142984349,75.917664163025));
#1735 = CARTESIAN_POINT('',(0.147914410377,76.072867197464));
#1736 = CARTESIAN_POINT('',(0.158426975195,76.239878279503));
#1737 = CARTESIAN_POINT('',(0.168670576598,76.417782941866));
#1738 = CARTESIAN_POINT('',(0.191413873807,76.846517932252));
#1739 = CARTESIAN_POINT('',(0.203736846974,77.103805083417));
#1740 = CARTESIAN_POINT('',(0.215604565492,77.375902271047));
#1741 = CARTESIAN_POINT('',(0.227017504731,77.661351351844));
#1742 = CARTESIAN_POINT('',(0.237977250452,77.958834228566));
#1743 = CARTESIAN_POINT('',(0.257034895877,78.51796091275));
#1744 = CARTESIAN_POINT('',(0.265286771254,78.775979042766));
#1745 = CARTESIAN_POINT('',(0.273245679623,79.040652057334));
#1746 = CARTESIAN_POINT('',(0.28091476692,79.311469120021));
#1747 = CARTESIAN_POINT('',(0.288297131713,79.587981292506));
#1748 = CARTESIAN_POINT('',(0.30139240781,80.107862070524));
#1749 = CARTESIAN_POINT('',(0.307186574371,80.349710975841));
#1750 = CARTESIAN_POINT('',(0.312780043818,80.59510700532));
#1751 = CARTESIAN_POINT('',(0.318174331028,80.843831520049));
#1752 = CARTESIAN_POINT('',(0.323370826962,81.095688646031));
#1753 = CARTESIAN_POINT('',(0.332520752561,81.562001922906));
#1754 = CARTESIAN_POINT('',(0.336535236152,81.775532469685));
#1755 = CARTESIAN_POINT('',(0.340414884283,81.990993422752));
#1756 = CARTESIAN_POINT('',(0.344160226602,82.208286353415));
#1757 = CARTESIAN_POINT('',(0.347771687562,82.427317896054));
#1758 = CARTESIAN_POINT('',(0.354103191581,82.829068519077));
#1759 = CARTESIAN_POINT('',(0.356866880891,83.011247921032));
#1760 = CARTESIAN_POINT('',(0.359540829913,83.194488911909));
#1761 = CARTESIAN_POINT('',(0.362125175583,83.378743743867));
#1762 = CARTESIAN_POINT('',(0.364620016216,83.563965963306));
#1763 = CARTESIAN_POINT('',(0.369054421166,83.907127797959));
#1764 = CARTESIAN_POINT('',(0.371019788336,84.064801274083));
#1765 = CARTESIAN_POINT('',(0.372921549112,84.223103663078));
#1766 = CARTESIAN_POINT('',(0.374759725429,84.382008147184));
#1767 = CARTESIAN_POINT('',(0.376534325062,84.541488267034));
#1768 = CARTESIAN_POINT('',(0.387490193755,85.566179622407));
#1769 = CARTESIAN_POINT('',(0.394882884961,86.447263201634));
#1770 = CARTESIAN_POINT('',(0.400414199361,87.340163439572));
#1771 = CARTESIAN_POINT('',(0.40407644631,88.240791052339));
#1772 = CARTESIAN_POINT('',(0.405865401042,89.145330646288));
#1773 = CARTESIAN_POINT('',(0.405694280685,90.937683942751));
#1774 = CARTESIAN_POINT('',(0.403804014338,91.8249578923));
#1775 = CARTESIAN_POINT('',(0.400110395814,92.708254233446));
#1776 = CARTESIAN_POINT('',(0.394617554642,93.583966226281));
#1777 = CARTESIAN_POINT('',(0.387332716106,94.448228076202));
#1778 = CARTESIAN_POINT('',(0.37655915729,95.456249167912));
#1779 = CARTESIAN_POINT('',(0.374790655844,95.615258304983));
#1780 = CARTESIAN_POINT('',(0.372958958193,95.773695523912));
#1781 = CARTESIAN_POINT('',(0.371064056744,95.931534605221));
#1782 = CARTESIAN_POINT('',(0.369105929932,96.088748976095));
#1783 = CARTESIAN_POINT('',(0.364690502797,96.430737472133));
#1784 = CARTESIAN_POINT('',(0.362207726409,96.615249038915));
#1785 = CARTESIAN_POINT('',(0.359636154452,96.798801794935));
#1786 = CARTESIAN_POINT('',(0.356975690375,96.981349855193));
#1787 = CARTESIAN_POINT('',(0.35422619967,97.162846065471));
#1788 = CARTESIAN_POINT('',(0.347923873066,97.563352706191));
#1789 = CARTESIAN_POINT('',(0.344327438657,97.781824794232));
#1790 = CARTESIAN_POINT('',(0.340597892049,97.998570776548));
#1791 = CARTESIAN_POINT('',(0.336734814715,98.213498181566));
#1792 = CARTESIAN_POINT('',(0.332737684197,98.426509556065));
#1793 = CARTESIAN_POINT('',(0.323597143203,98.89327576637));
#1794 = CARTESIAN_POINT('',(0.318390625552,99.146075694642));
#1795 = CARTESIAN_POINT('',(0.312985046297,99.395727817083));
#1796 = CARTESIAN_POINT('',(0.307379004949,99.642034677213));
#1797 = CARTESIAN_POINT('',(0.301570975393,99.884775794973));
#1798 = CARTESIAN_POINT('',(0.288477305927,100.40517947782));
#1799 = CARTESIAN_POINT('',(0.281112665941,100.68136599198));
#1800 = CARTESIAN_POINT('',(0.273462272121,100.95188279637));
#1801 = CARTESIAN_POINT('',(0.265523041467,101.21628388733));
#1802 = CARTESIAN_POINT('',(0.257291842359,101.47406182886));
#1803 = CARTESIAN_POINT('',(0.238134844531,102.03707338317));
#1804 = CARTESIAN_POINT('',(0.227042782051,102.33839535004));
#1805 = CARTESIAN_POINT('',(0.215486140621,102.62738943335));
#1806 = CARTESIAN_POINT('',(0.203463302288,102.90268712249));
#1807 = CARTESIAN_POINT('',(0.190973819612,103.16277297177));
#1808 = CARTESIAN_POINT('',(0.168063679816,103.59284985598));
#1809 = CARTESIAN_POINT('',(0.157832555758,103.76978138855));
#1810 = CARTESIAN_POINT('',(0.147334062412,103.93584033085));
#1811 = CARTESIAN_POINT('',(0.136578396616,104.0901168483));
#1812 = CARTESIAN_POINT('',(0.125576592425,104.23172367673));
#1813 = CARTESIAN_POINT('',(9.637900452964E-02,104.5645166552));
#1814 = CARTESIAN_POINT('',(7.778378536707E-02,104.7350454196));
#1815 = CARTESIAN_POINT('',(5.869787242372E-02,104.86644890933));
#1816 = CARTESIAN_POINT('',(3.927042864207E-02,104.95537991681));
#1817 = CARTESIAN_POINT('',(1.965332704615E-02,105.));
#1818 = CARTESIAN_POINT('',(0.,105.));
#1819 = ( GEOMETRIC_REPRESENTATION_CONTEXT(2) 
PARAMETRIC_REPRESENTATION_CONTEXT() REPRESENTATION_CONTEXT('2D SPACE',''
  ) );
#1820 = PCURVE('',#1821,#1826);
#1821 = CYLINDRICAL_SURFACE('',#1822,15.);
#1822 = AXIS2_PLACEMENT_3D('',#1823,#1824,#1825);
#1823 = CARTESIAN_POINT('',(31.,0.,1.61E+03));
#1824 = DIRECTION('',(1.,0.,2.22044604925E-16));
#1825 = DIRECTION('',(2.22044604925E-16,0.,-1.));
#1826 = DEFINITIONAL_REPRESENTATION('',(#1827),#1920);
#1827 = B_SPLINE_CURVE_WITH_KNOTS('',6,(#1828,#1829,#1830,#1831,#1832,
    #1833,#1834,#1835,#1836,#1837,#1838,#1839,#1840,#1841,#1842,#1843,
    #1844,#1845,#1846,#1847,#1848,#1849,#1850,#1851,#1852,#1853,#1854,
    #1855,#1856,#1857,#1858,#1859,#1860,#1861,#1862,#1863,#1864,#1865,
    #1866,#1867,#1868,#1869,#1870,#1871,#1872,#1873,#1874,#1875,#1876,
    #1877,#1878,#1879,#1880,#1881,#1882,#1883,#1884,#1885,#1886,#1887,
    #1888,#1889,#1890,#1891,#1892,#1893,#1894,#1895,#1896,#1897,#1898,
    #1899,#1900,#1901,#1902,#1903,#1904,#1905,#1906,#1907,#1908,#1909,
    #1910,#1911,#1912,#1913,#1914,#1915,#1916,#1917,#1918,#1919),
  .UNSPECIFIED.,.F.,.F.,(7,5,5,5,5,5,5,5,5,5,5,5,5,5,5,5,5,5,7),(0.,
    7.737113598679E-02,0.125657874997,0.187572141763,0.237931229511,
    0.280470745465,0.315778351282,0.344748131672,0.369184848864,
    0.501219711383,0.630775610448,0.655138776849,0.683993399945,
    0.719200464523,0.761879752518,0.81215775185,0.874843306925,
    0.923007381319,1.),.UNSPECIFIED.);
#1828 = CARTESIAN_POINT('',(0.,7.));
#1829 = CARTESIAN_POINT('',(5.003380493188E-02,7.));
#1830 = CARTESIAN_POINT('',(9.99725576716E-02,6.982212832065));
#1831 = CARTESIAN_POINT('',(0.14961353514,6.946765090637));
#1832 = CARTESIAN_POINT('',(0.19875403036,6.894735912703));
#1833 = CARTESIAN_POINT('',(0.247171713465,6.828126089802));
#1834 = CARTESIAN_POINT('',(0.324204110939,6.700554261788));
#1835 = CARTESIAN_POINT('',(0.353457283531,6.646821811784));
#1836 = CARTESIAN_POINT('',(0.382360843726,6.588893086774));
#1837 = CARTESIAN_POINT('',(0.41091104417,6.527302350529));
#1838 = CARTESIAN_POINT('',(0.439101659262,6.462592769008));
#1839 = CARTESIAN_POINT('',(0.502597984469,6.309027231493));
#1840 = CARTESIAN_POINT('',(0.53767320472,6.218494153783));
#1841 = CARTESIAN_POINT('',(0.572184447114,6.124711796754));
#1842 = CARTESIAN_POINT('',(0.606161765263,6.028618108299));
#1843 = CARTESIAN_POINT('',(0.639632815173,5.931074298438));
#1844 = CARTESIAN_POINT('',(0.699460455011,5.752968691677));
#1845 = CARTESIAN_POINT('',(0.725984030761,5.67262010737));
#1846 = CARTESIAN_POINT('',(0.752216763016,5.592209997635));
#1847 = CARTESIAN_POINT('',(0.778177976128,5.512103900763));
#1848 = CARTESIAN_POINT('',(0.803886550391,5.432634791153));
#1849 = CARTESIAN_POINT('',(0.850881389185,5.287768195146));
#1850 = CARTESIAN_POINT('',(0.872234606006,5.222101737152));
#1851 = CARTESIAN_POINT('',(0.893432155287,5.157289155852));
#1852 = CARTESIAN_POINT('',(0.914484533912,5.09350164761));
#1853 = CARTESIAN_POINT('',(0.935402053361,5.030897626731));
#1854 = CARTESIAN_POINT('',(0.973452758306,4.918764834578));
#1855 = CARTESIAN_POINT('',(0.990624414213,4.868823855075));
#1856 = CARTESIAN_POINT('',(1.007715268117,4.819884327582));
#1857 = CARTESIAN_POINT('',(1.024730512005,4.772026332925));
#1858 = CARTESIAN_POINT('',(1.041675069155,4.725325492124));
#1859 = CARTESIAN_POINT('',(1.072402371208,4.642542900939));
#1860 = CARTESIAN_POINT('',(1.086206687378,4.606059827855));
#1861 = CARTESIAN_POINT('',(1.099969109469,4.570443133356));
#1862 = CARTESIAN_POINT('',(1.113692091841,4.53573034504));
#1863 = CARTESIAN_POINT('',(1.127377976391,4.501957131894));
#1864 = CARTESIAN_POINT('',(1.152543958039,4.441489848744));
#1865 = CARTESIAN_POINT('',(1.164034112642,4.414514997093));
#1866 = CARTESIAN_POINT('',(1.175500793848,4.388253056602));
#1867 = CARTESIAN_POINT('',(1.186945288577,4.362723395245));
#1868 = CARTESIAN_POINT('',(1.198368833189,4.337944441704));
#1869 = CARTESIAN_POINT('',(1.27138876885,4.184200346508));
#1870 = CARTESIAN_POINT('',(1.33245500397,4.076836633787));
#1871 = CARTESIAN_POINT('',(1.393121684301,3.994712807906));
#1872 = CARTESIAN_POINT('',(1.453529602631,3.939754605144));
#1873 = CARTESIAN_POINT('',(1.513818040989,3.912920744475));
#1874 = CARTESIAN_POINT('',(1.633308924591,3.91548753557));
#1875 = CARTESIAN_POINT('',(1.692474870879,3.943841073276));
#1876 = CARTESIAN_POINT('',(1.751762629655,3.999220384495));
#1877 = CARTESIAN_POINT('',(1.811304312495,4.080686048348));
#1878 = CARTESIAN_POINT('',(1.871233494607,4.186404108371));
#1879 = CARTESIAN_POINT('',(1.943062045248,4.337597114813));
#1880 = CARTESIAN_POINT('',(1.954451105294,4.362292514793));
#1881 = CARTESIAN_POINT('',(1.965860977504,4.387734316804));
#1882 = CARTESIAN_POINT('',(1.97729288673,4.413904265354));
#1883 = CARTESIAN_POINT('',(1.988748107764,4.44078317681));
#1884 = CARTESIAN_POINT('',(2.013824185054,4.501000940043));
#1885 = CARTESIAN_POINT('',(2.027454961164,4.534617178712));
#1886 = CARTESIAN_POINT('',(2.041122495403,4.569166267298));
#1887 = CARTESIAN_POINT('',(2.054829100142,4.604612988767));
#1888 = CARTESIAN_POINT('',(2.068577198382,4.640920297149));
#1889 = CARTESIAN_POINT('',(2.099197831519,4.72335241557));
#1890 = CARTESIAN_POINT('',(2.116091875544,4.769878752591));
#1891 = CARTESIAN_POINT('',(2.133056065573,4.817557850552));
#1892 = CARTESIAN_POINT('',(2.150095277057,4.866314827453));
#1893 = CARTESIAN_POINT('',(2.167214651157,4.916070397353));
#1894 = CARTESIAN_POINT('',(2.205276054979,5.028165466147));
#1895 = CARTESIAN_POINT('',(2.226257766196,5.090932625404));
#1896 = CARTESIAN_POINT('',(2.247374945297,5.15489552634));
#1897 = CARTESIAN_POINT('',(2.268637996221,5.21989441283));
#1898 = CARTESIAN_POINT('',(2.290057509938,5.285756594419));
#1899 = CARTESIAN_POINT('',(2.337074370722,5.430683195181));
#1900 = CARTESIAN_POINT('',(2.362736745591,5.51001045645));
#1901 = CARTESIAN_POINT('',(2.388650628567,5.589978115349));
#1902 = CARTESIAN_POINT('',(2.414834807002,5.670255203883));
#1903 = CARTESIAN_POINT('',(2.441308508589,5.750478433442));
#1904 = CARTESIAN_POINT('',(2.501485755577,5.929709150415));
#1905 = CARTESIAN_POINT('',(2.535369307506,6.028490628545));
#1906 = CARTESIAN_POINT('',(2.569771695552,6.125790874875));
#1907 = CARTESIAN_POINT('',(2.60472152485,6.220715795535));
#1908 = CARTESIAN_POINT('',(2.640249926735,6.312290762877));
#1909 = CARTESIAN_POINT('',(2.704163715103,6.46645345284));
#1910 = CARTESIAN_POINT('',(2.732301255763,6.530851698309));
#1911 = CARTESIAN_POINT('',(2.760796682949,6.592126522383));
#1912 = CARTESIAN_POINT('',(2.789643483235,6.649737939863));
#1913 = CARTESIAN_POINT('',(2.818837616727,6.703155441447));
#1914 = CARTESIAN_POINT('',(2.895598024404,6.829740910884));
#1915 = CARTESIAN_POINT('',(2.943793838527,6.895744855971));
#1916 = CARTESIAN_POINT('',(2.992703782806,6.947282248773));
#1917 = CARTESIAN_POINT('',(3.042107580536,6.982386866877));
#1918 = CARTESIAN_POINT('',(3.091804225073,7.));
#1919 = CARTESIAN_POINT('',(3.14159265359,7.));
#1920 = ( GEOMETRIC_REPRESENTATION_CONTEXT(2) 
PARAMETRIC_REPRESENTATION_CONTEXT() REPRESENTATION_CONTEXT('2D SPACE',''
  ) );
#1921 = ORIENTED_EDGE('',*,*,#1922,.F.);
#1922 = EDGE_CURVE('',#1923,#1628,#1925,.T.);
#1923 = VERTEX_POINT('',#1924);
#1924 = CARTESIAN_POINT('',(38.,-9.30731567352E-15,1.52E+03));
#1925 = SEAM_CURVE('',#1926,(#1930,#1937),.PCURVE_S1.);
#1926 = LINE('',#1927,#1928);
#1927 = CARTESIAN_POINT('',(38.,-9.30731567352E-15,1.52E+03));
#1928 = VECTOR('',#1929,1.);
#1929 = DIRECTION('',(0.,0.,1.));
#1930 = PCURVE('',#1580,#1931);
#1931 = DEFINITIONAL_REPRESENTATION('',(#1932),#1936);
#1932 = LINE('',#1933,#1934);
#1933 = CARTESIAN_POINT('',(6.28318530718,-0.));
#1934 = VECTOR('',#1935,1.);
#1935 = DIRECTION('',(0.,1.));
#1936 = ( GEOMETRIC_REPRESENTATION_CONTEXT(2) 
PARAMETRIC_REPRESENTATION_CONTEXT() REPRESENTATION_CONTEXT('2D SPACE',''
  ) );
#1937 = PCURVE('',#1580,#1938);
#1938 = DEFINITIONAL_REPRESENTATION('',(#1939),#1943);
#1939 = LINE('',#1940,#1941);
#1940 = CARTESIAN_POINT('',(0.,-0.));
#1941 = VECTOR('',#1942,1.);
#1942 = DIRECTION('',(0.,1.));
#1943 = ( GEOMETRIC_REPRESENTATION_CONTEXT(2) 
PARAMETRIC_REPRESENTATION_CONTEXT() REPRESENTATION_CONTEXT('2D SPACE',''
  ) );
#1944 = ORIENTED_EDGE('',*,*,#1945,.T.);
#1945 = EDGE_CURVE('',#1923,#1923,#1946,.T.);
#1946 = SURFACE_CURVE('',#1947,(#1952,#1959),.PCURVE_S1.);
#1947 = CIRCLE('',#1948,38.);
#1948 = AXIS2_PLACEMENT_3D('',#1949,#1950,#1951);
#1949 = CARTESIAN_POINT('',(0.,0.,1.52E+03));
#1950 = DIRECTION('',(0.,0.,1.));
#1951 = DIRECTION('',(1.,0.,-0.));
#1952 = PCURVE('',#1580,#1953);
#1953 = DEFINITIONAL_REPRESENTATION('',(#1954),#1958);
#1954 = LINE('',#1955,#1956);
#1955 = CARTESIAN_POINT('',(0.,0.));
#1956 = VECTOR('',#1957,1.);
#1957 = DIRECTION('',(1.,0.));
#1958 = ( GEOMETRIC_REPRESENTATION_CONTEXT(2) 
PARAMETRIC_REPRESENTATION_CONTEXT() REPRESENTATION_CONTEXT('2D SPACE',''
  ) );
#1959 = PCURVE('',#1960,#1965);
#1960 = CONICAL_SURFACE('',#1961,12.,0.714090698612);
#1961 = AXIS2_PLACEMENT_3D('',#1962,#1963,#1964);
#1962 = CARTESIAN_POINT('',(0.,0.,1.49E+03));
#1963 = DIRECTION('',(0.,0.,1.));
#1964 = DIRECTION('',(1.,0.,-0.));
#1965 = DEFINITIONAL_REPRESENTATION('',(#1966),#1969);
#1966 = B_SPLINE_CURVE_WITH_KNOTS('',1,(#1967,#1968),.UNSPECIFIED.,.F.,
  .F.,(2,2),(0.,6.28318530718),.PIECEWISE_BEZIER_KNOTS.);
#1967 = CARTESIAN_POINT('',(0.,30.));
#1968 = CARTESIAN_POINT('',(6.28318530718,30.));
#1969 = ( GEOMETRIC_REPRESENTATION_CONTEXT(2) 
PARAMETRIC_REPRESENTATION_CONTEXT() REPRESENTATION_CONTEXT('2D SPACE',''
  ) );
#1970 = ORIENTED_EDGE('',*,*,#1922,.T.);
#1971 = ORIENTED_EDGE('',*,*,#1972,.F.);
#1972 = EDGE_CURVE('',#1570,#1628,#1973,.T.);
#1973 = SURFACE_CURVE('',#1974,(#2067,#2163),.PCURVE_S1.);
#1974 = B_SPLINE_CURVE_WITH_KNOTS('',6,(#1975,#1976,#1977,#1978,#1979,
    #1980,#1981,#1982,#1983,#1984,#1985,#1986,#1987,#1988,#1989,#1990,
    #1991,#1992,#1993,#1994,#1995,#1996,#1997,#1998,#1999,#2000,#2001,
    #2002,#2003,#2004,#2005,#2006,#2007,#2008,#2009,#2010,#2011,#2012,
    #2013,#2014,#2015,#2016,#2017,#2018,#2019,#2020,#2021,#2022,#2023,
    #2024,#2025,#2026,#2027,#2028,#2029,#2030,#2031,#2032,#2033,#2034,
    #2035,#2036,#2037,#2038,#2039,#2040,#2041,#2042,#2043,#2044,#2045,
    #2046,#2047,#2048,#2049,#2050,#2051,#2052,#2053,#2054,#2055,#2056,
    #2057,#2058,#2059,#2060,#2061,#2062,#2063,#2064,#2065,#2066),
  .UNSPECIFIED.,.F.,.F.,(7,5,5,5,5,5,5,5,5,5,5,5,5,5,5,5,5,5,7),(0.,
    7.737113599598E-02,0.125657875011,0.187572141786,0.237931229543,
    0.280470745504,0.315778351328,0.344748131723,0.369184848919,
    0.50121971146,0.630775610546,0.65513877695,0.68399340005,
    0.719200464633,0.761879752634,0.812157751973,0.874843307053,
    0.923007381441,1.),.UNSPECIFIED.);
#1975 = CARTESIAN_POINT('',(38.,-1.7763568394E-15,1.625E+03));
#1976 = CARTESIAN_POINT('',(38.,-0.750507073977,1.625E+03));
#1977 = CARTESIAN_POINT('',(37.982212832065,-1.499588430135,
    1.624954939018E+03));
#1978 = CARTESIAN_POINT('',(37.946765090638,-2.240820885327,
    1.624865138806E+03));
#1979 = CARTESIAN_POINT('',(37.894735912703,-2.967848171029,
    1.624732472692E+03));
#1980 = CARTESIAN_POINT('',(37.828126089802,-3.674582185984,
    1.624560344403E+03));
#1981 = CARTESIAN_POINT('',(37.700554261789,-4.780286994936,
    1.624224837795E+03));
#1982 = CARTESIAN_POINT('',(37.646821811784,-5.195600395292,
    1.624082335837E+03));
#1983 = CARTESIAN_POINT('',(37.588893086773,-5.600848011867,
    1.623927132803E+03));
#1984 = CARTESIAN_POINT('',(37.527302350529,-5.995595619776,
    1.62376012172E+03));
#1985 = CARTESIAN_POINT('',(37.462592769009,-6.379462843454,
    1.623582217058E+03));
#1986 = CARTESIAN_POINT('',(37.309027231489,-7.229955379512,
    1.623153482068E+03));
#1987 = CARTESIAN_POINT('',(37.218494153784,-7.689453769182,
    1.622896194917E+03));
#1988 = CARTESIAN_POINT('',(37.124711796758,-8.130641071388,
    1.622624097729E+03));
#1989 = CARTESIAN_POINT('',(37.0286181083,-8.55361154215,
    1.622338648648E+03));
#1990 = CARTESIAN_POINT('',(36.931074298434,-8.95852896799,
    1.622041165771E+03));
#1991 = CARTESIAN_POINT('',(36.752968691677,-9.660476480944,
    1.621482039087E+03));
#1992 = CARTESIAN_POINT('',(36.67262010737,-9.963597142426,
    1.621224020957E+03));
#1993 = CARTESIAN_POINT('',(36.592209997635,-10.25517266029,
    1.620959347943E+03));
#1994 = CARTESIAN_POINT('',(36.512103900763,-10.53539016134,
    1.62068853088E+03));
#1995 = CARTESIAN_POINT('',(36.432634791153,-10.80443839679,
    1.620412018707E+03));
#1996 = CARTESIAN_POINT('',(36.287768195146,-11.28050543317,
    1.619892137929E+03));
#1997 = CARTESIAN_POINT('',(36.222101737152,-11.49066967763,
    1.619650289024E+03));
#1998 = CARTESIAN_POINT('',(36.157289155852,-11.69310701133,
    1.619404892995E+03));
#1999 = CARTESIAN_POINT('',(36.09350164761,-11.88791901266,
    1.61915616848E+03));
#2000 = CARTESIAN_POINT('',(36.030897626731,-12.07520251604,
    1.618904311354E+03));
#2001 = CARTESIAN_POINT('',(35.918764834578,-12.40432188778,
    1.618437998077E+03));
#2002 = CARTESIAN_POINT('',(35.868823855075,-12.54846804091,
    1.61822446753E+03));
#2003 = CARTESIAN_POINT('',(35.819884327582,-12.68753739663,
    1.618009006577E+03));
#2004 = CARTESIAN_POINT('',(35.772026332924,-12.82157488073,
    1.617791713647E+03));
#2005 = CARTESIAN_POINT('',(35.725325492124,-12.95062101942,
    1.617572682104E+03));
#2006 = CARTESIAN_POINT('',(35.642542900939,-13.17652815186,
    1.617170931481E+03));
#2007 = CARTESIAN_POINT('',(35.606059827855,-13.27500840592,
    1.616988752079E+03));
#2008 = CARTESIAN_POINT('',(35.570443133356,-13.37017260684,
    1.616805511088E+03));
#2009 = CARTESIAN_POINT('',(35.53573034504,-13.46203884696,
    1.616621256256E+03));
#2010 = CARTESIAN_POINT('',(35.501957131894,-13.55062340569,
    1.616436034037E+03));
#2011 = CARTESIAN_POINT('',(35.441489848744,-13.70790801239,
    1.616092872202E+03));
#2012 = CARTESIAN_POINT('',(35.414514997093,-13.77755055971,
    1.615935198726E+03));
#2013 = CARTESIAN_POINT('',(35.388253056602,-13.84487707719,
    1.615776896337E+03));
#2014 = CARTESIAN_POINT('',(35.362723395245,-13.9098954689,
    1.615617991853E+03));
#2015 = CARTESIAN_POINT('',(35.337944441704,-13.9726128572,
    1.615458511733E+03));
#2016 = CARTESIAN_POINT('',(35.184200346511,-14.35950767765,
    1.614433820378E+03));
#2017 = CARTESIAN_POINT('',(35.076836633786,-14.61913347138,
    1.613552736798E+03));
#2018 = CARTESIAN_POINT('',(34.994712807905,-14.81261839837,
    1.61265983656E+03));
#2019 = CARTESIAN_POINT('',(34.939754605145,-14.94047213753,
    1.611759208948E+03));
#2020 = CARTESIAN_POINT('',(34.912920744475,-15.00293224213,
    1.610854669354E+03));
#2021 = CARTESIAN_POINT('',(34.91548753557,-14.99695770898,
    1.609062316057E+03));
#2022 = CARTESIAN_POINT('',(34.943841073277,-14.93096039579,
    1.608175042108E+03));
#2023 = CARTESIAN_POINT('',(34.999220384492,-14.80199008221,
    1.607291745767E+03));
#2024 = CARTESIAN_POINT('',(35.080686048353,-14.60981361373,
    1.606416033774E+03));
#2025 = CARTESIAN_POINT('',(35.186404108368,-14.35394408738,
    1.605551771924E+03));
#2026 = CARTESIAN_POINT('',(35.337597114813,-13.97349023569,
    1.604543750832E+03));
#2027 = CARTESIAN_POINT('',(35.362292514793,-13.91098899931,
    1.604384741695E+03));
#2028 = CARTESIAN_POINT('',(35.387734316804,-13.84620059976,
    1.604226304476E+03));
#2029 = CARTESIAN_POINT('',(35.413904265354,-13.77911798501,
    1.604068465395E+03));
#2030 = CARTESIAN_POINT('',(35.44078317681,-13.70973333111,
    1.603911251024E+03));
#2031 = CARTESIAN_POINT('',(35.501000940043,-13.55312541196,
    1.603569262528E+03));
#2032 = CARTESIAN_POINT('',(35.534617178712,-13.464971641,
    1.603384750961E+03));
#2033 = CARTESIAN_POINT('',(35.569166267298,-13.37356245421,
    1.603201198205E+03));
#2034 = CARTESIAN_POINT('',(35.604612988767,-13.27888179356,
    1.603018650145E+03));
#2035 = CARTESIAN_POINT('',(35.640920297149,-13.18091181803,
    1.602837153935E+03));
#2036 = CARTESIAN_POINT('',(35.723352415569,-12.95605709864,
    1.602436647294E+03));
#2037 = CARTESIAN_POINT('',(35.769878752591,-12.82755507364,
    1.602218175206E+03));
#2038 = CARTESIAN_POINT('',(35.817557850551,-12.69409109487,
    1.602001429223E+03));
#2039 = CARTESIAN_POINT('',(35.866314827453,-12.55562507856,
    1.601786501818E+03));
#2040 = CARTESIAN_POINT('',(35.916070397352,-12.41211259095,
    1.601573490444E+03));
#2041 = CARTESIAN_POINT('',(36.028165466147,-12.08335712161,
    1.601106724234E+03));
#2042 = CARTESIAN_POINT('',(36.090932625404,-11.89572660353,
    1.600853924305E+03));
#2043 = CARTESIAN_POINT('',(36.15489552634,-11.70052048078,
    1.600604272183E+03));
#2044 = CARTESIAN_POINT('',(36.21989441283,-11.49764112251,
    1.600357965323E+03));
#2045 = CARTESIAN_POINT('',(36.285756594419,-11.28698608028,
    1.600115224205E+03));
#2046 = CARTESIAN_POINT('',(36.43068319518,-10.8110011263,
    1.599594820522E+03));
#2047 = CARTESIAN_POINT('',(36.51001045645,-10.54261337661,
    1.599318634008E+03));
#2048 = CARTESIAN_POINT('',(36.589978115349,-10.26309524475,
    1.599048117204E+03));
#2049 = CARTESIAN_POINT('',(36.670255203883,-9.972258883069,
    1.598783716113E+03));
#2050 = CARTESIAN_POINT('',(36.750478433442,-9.669917975699,
    1.598525938171E+03));
#2051 = CARTESIAN_POINT('',(36.92970915041,-8.964360942522,
    1.597962926617E+03));
#2052 = CARTESIAN_POINT('',(37.028490628546,-8.554568723009,
    1.59766160465E+03));
#2053 = CARTESIAN_POINT('',(37.125790874879,-8.126270352039,
    1.597372610567E+03));
#2054 = CARTESIAN_POINT('',(37.220715795535,-7.679296745756,
    1.597097312878E+03));
#2055 = CARTESIAN_POINT('',(37.312290762873,-7.213552090188,
    1.596837227028E+03));
#2056 = CARTESIAN_POINT('',(37.466453452826,-6.356725006777,
    1.596407150144E+03));
#2057 = CARTESIAN_POINT('',(37.530851698315,-5.973286287033,
    1.596230218611E+03));
#2058 = CARTESIAN_POINT('',(37.592126522394,-5.579030819584,
    1.596064159669E+03));
#2059 = CARTESIAN_POINT('',(37.649737939863,-5.174343128392,
    1.595909883152E+03));
#2060 = CARTESIAN_POINT('',(37.703155441436,-4.759661239169,
    1.595768276323E+03));
#2061 = CARTESIAN_POINT('',(37.82974091079,-3.657397716277,
    1.595435483345E+03));
#2062 = CARTESIAN_POINT('',(37.895744856032,-2.953715141742,
    1.59526495458E+03));
#2063 = CARTESIAN_POINT('',(37.947282248823,-2.230000445471,
    1.595133551091E+03));
#2064 = CARTESIAN_POINT('',(37.982386866838,-1.492276156714,
    1.595044620083E+03));
#2065 = CARTESIAN_POINT('',(38.,-0.746826428577,1.595E+03));
#2066 = CARTESIAN_POINT('',(38.,-7.105427357601E-15,1.595E+03));
#2067 = PCURVE('',#1580,#2068);
#2068 = DEFINITIONAL_REPRESENTATION('',(#2069),#2162);
#2069 = B_SPLINE_CURVE_WITH_KNOTS('',6,(#2070,#2071,#2072,#2073,#2074,
    #2075,#2076,#2077,#2078,#2079,#2080,#2081,#2082,#2083,#2084,#2085,
    #2086,#2087,#2088,#2089,#2090,#2091,#2092,#2093,#2094,#2095,#2096,
    #2097,#2098,#2099,#2100,#2101,#2102,#2103,#2104,#2105,#2106,#2107,
    #2108,#2109,#2110,#2111,#2112,#2113,#2114,#2115,#2116,#2117,#2118,
    #2119,#2120,#2121,#2122,#2123,#2124,#2125,#2126,#2127,#2128,#2129,
    #2130,#2131,#2132,#2133,#2134,#2135,#2136,#2137,#2138,#2139,#2140,
    #2141,#2142,#2143,#2144,#2145,#2146,#2147,#2148,#2149,#2150,#2151,
    #2152,#2153,#2154,#2155,#2156,#2157,#2158,#2159,#2160,#2161),
  .UNSPECIFIED.,.F.,.F.,(7,5,5,5,5,5,5,5,5,5,5,5,5,5,5,5,5,5,7),(0.,
    7.737113599598E-02,0.125657875011,0.187572141786,0.237931229543,
    0.280470745504,0.315778351328,0.344748131723,0.369184848919,
    0.50121971146,0.630775610546,0.65513877695,0.68399340005,
    0.719200464633,0.761879752634,0.812157751973,0.874843307053,
    0.923007381441,1.),.UNSPECIFIED.);
#2070 = CARTESIAN_POINT('',(6.28318530718,105.));
#2071 = CARTESIAN_POINT('',(6.263435121022,105.));
#2072 = CARTESIAN_POINT('',(6.243722450087,104.9549390181));
#2073 = CARTESIAN_POINT('',(6.224202483965,104.86513880609));
#2074 = CARTESIAN_POINT('',(6.205028798345,104.73247269229));
#2075 = CARTESIAN_POINT('',(6.18635218678,104.56034440276));
#2076 = CARTESIAN_POINT('',(6.157061664552,104.22483779468));
#2077 = CARTESIAN_POINT('',(6.146042322831,104.08233583697));
#2078 = CARTESIAN_POINT('',(6.135270896802,103.92713280253));
#2079 = CARTESIAN_POINT('',(6.124758331985,103.76012172049));
#2080 = CARTESIAN_POINT('',(6.114514730582,103.58221705813));
#2081 = CARTESIAN_POINT('',(6.091771433372,103.15348206773));
#2082 = CARTESIAN_POINT('',(6.079448460205,102.89619491658));
#2083 = CARTESIAN_POINT('',(6.067580741688,102.62409772896));
#2084 = CARTESIAN_POINT('',(6.056167802449,102.33864864816));
#2085 = CARTESIAN_POINT('',(6.045208056727,102.04116577142));
#2086 = CARTESIAN_POINT('',(6.026150411303,101.48203908725));
#2087 = CARTESIAN_POINT('',(6.017898535926,101.22402095723));
#2088 = CARTESIAN_POINT('',(6.009939627556,100.95934794266));
#2089 = CARTESIAN_POINT('',(6.00227054026,100.68853087997));
#2090 = CARTESIAN_POINT('',(5.994888175467,100.41201870749));
#2091 = CARTESIAN_POINT('',(5.981792899369,99.892137929475));
#2092 = CARTESIAN_POINT('',(5.975998732808,99.650289024158));
#2093 = CARTESIAN_POINT('',(5.970405263361,99.40489299468));
#2094 = CARTESIAN_POINT('',(5.965010976151,99.156168479951));
#2095 = CARTESIAN_POINT('',(5.959814480217,98.904311353969));
#2096 = CARTESIAN_POINT('',(5.950664554619,98.437998077094));
#2097 = CARTESIAN_POINT('',(5.946650071028,98.224467530315));
#2098 = CARTESIAN_POINT('',(5.942770422897,98.009006577248));
#2099 = CARTESIAN_POINT('',(5.939025080577,97.791713646585));
#2100 = CARTESIAN_POINT('',(5.935413619617,97.572682103946));
#2101 = CARTESIAN_POINT('',(5.929082115599,97.170931480923));
#2102 = CARTESIAN_POINT('',(5.926318426288,96.988752078968));
#2103 = CARTESIAN_POINT('',(5.923644477266,96.805511088091));
#2104 = CARTESIAN_POINT('',(5.921060131596,96.621256256132));
#2105 = CARTESIAN_POINT('',(5.918565290963,96.436034036694));
#2106 = CARTESIAN_POINT('',(5.914130886014,96.092872202041));
#2107 = CARTESIAN_POINT('',(5.912165518844,95.935198725917));
#2108 = CARTESIAN_POINT('',(5.910263758068,95.776896336922));
#2109 = CARTESIAN_POINT('',(5.908425581751,95.617991852816));
#2110 = CARTESIAN_POINT('',(5.906650982117,95.458511732966));
#2111 = CARTESIAN_POINT('',(5.895695113425,94.43382037761));
#2112 = CARTESIAN_POINT('',(5.888302422219,93.552736798362));
#2113 = CARTESIAN_POINT('',(5.882771107818,92.65983656041));
#2114 = CARTESIAN_POINT('',(5.87910886087,91.759208947657));
#2115 = CARTESIAN_POINT('',(5.877319906138,90.854669353729));
#2116 = CARTESIAN_POINT('',(5.877491026495,89.062316057234));
#2117 = CARTESIAN_POINT('',(5.879381292842,88.175042107728));
#2118 = CARTESIAN_POINT('',(5.883074911366,87.291745766552));
#2119 = CARTESIAN_POINT('',(5.888567752538,86.416033773692));
#2120 = CARTESIAN_POINT('',(5.895852591073,85.551771923817));
#2121 = CARTESIAN_POINT('',(5.90662614989,84.543750832089));
#2122 = CARTESIAN_POINT('',(5.908394651335,84.384741695017));
#2123 = CARTESIAN_POINT('',(5.910226348987,84.226304476089));
#2124 = CARTESIAN_POINT('',(5.912121250436,84.06846539478));
#2125 = CARTESIAN_POINT('',(5.914079377248,83.911251023905));
#2126 = CARTESIAN_POINT('',(5.918494804382,83.569262527868));
#2127 = CARTESIAN_POINT('',(5.92097758077,83.384750961086));
#2128 = CARTESIAN_POINT('',(5.923549152727,83.201198205066));
#2129 = CARTESIAN_POINT('',(5.926209616805,83.018650144808));
#2130 = CARTESIAN_POINT('',(5.928959107509,82.83715393453));
#2131 = CARTESIAN_POINT('',(5.935261434113,82.43664729381));
#2132 = CARTESIAN_POINT('',(5.938857868523,82.218175205769));
#2133 = CARTESIAN_POINT('',(5.94258741513,82.001429223453));
#2134 = CARTESIAN_POINT('',(5.946450492465,81.786501818435));
#2135 = CARTESIAN_POINT('',(5.950447622982,81.573490443936));
#2136 = CARTESIAN_POINT('',(5.959588163976,81.106724233631));
#2137 = CARTESIAN_POINT('',(5.964794681628,80.853924305359));
#2138 = CARTESIAN_POINT('',(5.970200260883,80.604272182917));
#2139 = CARTESIAN_POINT('',(5.97580630223,80.357965322787));
#2140 = CARTESIAN_POINT('',(5.981614331787,80.115224205028));
#2141 = CARTESIAN_POINT('',(5.994708001253,79.59482052218));
#2142 = CARTESIAN_POINT('',(6.002072641239,79.318634008019));
#2143 = CARTESIAN_POINT('',(6.009723035058,79.048117203622));
#2144 = CARTESIAN_POINT('',(6.017662265712,78.783716112668));
#2145 = CARTESIAN_POINT('',(6.02589346482,78.525938171132));
#2146 = CARTESIAN_POINT('',(6.045050462648,77.962926616844));
#2147 = CARTESIAN_POINT('',(6.056142525129,77.661604649949));
#2148 = CARTESIAN_POINT('',(6.06769916656,77.372610566631));
#2149 = CARTESIAN_POINT('',(6.079722004892,77.097312877508));
#2150 = CARTESIAN_POINT('',(6.092211487567,76.83722702824));
#2151 = CARTESIAN_POINT('',(6.115121627362,76.407150144056));
#2152 = CARTESIAN_POINT('',(6.125352751422,76.230218611427));
#2153 = CARTESIAN_POINT('',(6.13585124477,76.064159669116));
#2154 = CARTESIAN_POINT('',(6.146606910564,75.909883151698));
#2155 = CARTESIAN_POINT('',(6.157608714752,75.768276323298));
#2156 = CARTESIAN_POINT('',(6.186806302628,75.43548334504));
#2157 = CARTESIAN_POINT('',(6.205401521818,75.264954580232));
#2158 = CARTESIAN_POINT('',(6.224487434777,75.133551090545));
#2159 = CARTESIAN_POINT('',(6.243914878543,75.044620083279));
#2160 = CARTESIAN_POINT('',(6.263531980112,75.));
#2161 = CARTESIAN_POINT('',(6.28318530718,75.));
#2162 = ( GEOMETRIC_REPRESENTATION_CONTEXT(2) 
PARAMETRIC_REPRESENTATION_CONTEXT() REPRESENTATION_CONTEXT('2D SPACE',''
  ) );
#2163 = PCURVE('',#1821,#2164);
#2164 = DEFINITIONAL_REPRESENTATION('',(#2165),#2258);
#2165 = B_SPLINE_CURVE_WITH_KNOTS('',6,(#2166,#2167,#2168,#2169,#2170,
    #2171,#2172,#2173,#2174,#2175,#2176,#2177,#2178,#2179,#2180,#2181,
    #2182,#2183,#2184,#2185,#2186,#2187,#2188,#2189,#2190,#2191,#2192,
    #2193,#2194,#2195,#2196,#2197,#2198,#2199,#2200,#2201,#2202,#2203,
    #2204,#2205,#2206,#2207,#2208,#2209,#2210,#2211,#2212,#2213,#2214,
    #2215,#2216,#2217,#2218,#2219,#2220,#2221,#2222,#2223,#2224,#2225,
    #2226,#2227,#2228,#2229,#2230,#2231,#2232,#2233,#2234,#2235,#2236,
    #2237,#2238,#2239,#2240,#2241,#2242,#2243,#2244,#2245,#2246,#2247,
    #2248,#2249,#2250,#2251,#2252,#2253,#2254,#2255,#2256,#2257),
  .UNSPECIFIED.,.F.,.F.,(7,5,5,5,5,5,5,5,5,5,5,5,5,5,5,5,5,5,7),(0.,
    7.737113599598E-02,0.125657875011,0.187572141786,0.237931229543,
    0.280470745504,0.315778351328,0.344748131723,0.369184848919,
    0.50121971146,0.630775610546,0.65513877695,0.68399340005,
    0.719200464633,0.761879752634,0.812157751973,0.874843307053,
    0.923007381441,1.),.UNSPECIFIED.);
#2166 = CARTESIAN_POINT('',(3.14159265359,7.));
#2167 = CARTESIAN_POINT('',(3.191626458522,7.));
#2168 = CARTESIAN_POINT('',(3.241565211261,6.982212832065));
#2169 = CARTESIAN_POINT('',(3.291206188729,6.946765090637));
#2170 = CARTESIAN_POINT('',(3.34034668395,6.894735912703));
#2171 = CARTESIAN_POINT('',(3.388764367055,6.828126089802));
#2172 = CARTESIAN_POINT('',(3.465796764529,6.700554261789));
#2173 = CARTESIAN_POINT('',(3.495049937121,6.646821811784));
#2174 = CARTESIAN_POINT('',(3.523953497316,6.588893086773));
#2175 = CARTESIAN_POINT('',(3.55250369776,6.527302350529));
#2176 = CARTESIAN_POINT('',(3.580694312851,6.462592769009));
#2177 = CARTESIAN_POINT('',(3.64419063806,6.309027231489));
#2178 = CARTESIAN_POINT('',(3.679265858309,6.218494153784));
#2179 = CARTESIAN_POINT('',(3.713777100702,6.124711796758));
#2180 = CARTESIAN_POINT('',(3.747754418852,6.0286181083));
#2181 = CARTESIAN_POINT('',(3.781225468764,5.931074298434));
#2182 = CARTESIAN_POINT('',(3.841053108601,5.752968691677));
#2183 = CARTESIAN_POINT('',(3.867576684351,5.67262010737));
#2184 = CARTESIAN_POINT('',(3.893809416606,5.592209997635));
#2185 = CARTESIAN_POINT('',(3.919770629718,5.512103900763));
#2186 = CARTESIAN_POINT('',(3.945479203981,5.432634791153));
#2187 = CARTESIAN_POINT('',(3.992474042775,5.287768195146));
#2188 = CARTESIAN_POINT('',(4.013827259596,5.222101737152));
#2189 = CARTESIAN_POINT('',(4.035024808876,5.157289155852));
#2190 = CARTESIAN_POINT('',(4.056077187502,5.09350164761));
#2191 = CARTESIAN_POINT('',(4.07699470695,5.030897626731));
#2192 = CARTESIAN_POINT('',(4.115045411896,4.918764834578));
#2193 = CARTESIAN_POINT('',(4.132217067803,4.868823855075));
#2194 = CARTESIAN_POINT('',(4.149307921707,4.819884327582));
#2195 = CARTESIAN_POINT('',(4.166323165595,4.772026332924));
#2196 = CARTESIAN_POINT('',(4.183267722744,4.725325492124));
#2197 = CARTESIAN_POINT('',(4.213995024798,4.642542900939));
#2198 = CARTESIAN_POINT('',(4.227799340968,4.606059827855));
#2199 = CARTESIAN_POINT('',(4.241561763059,4.570443133356));
#2200 = CARTESIAN_POINT('',(4.25528474543,4.53573034504));
#2201 = CARTESIAN_POINT('',(4.268970629981,4.501957131894));
#2202 = CARTESIAN_POINT('',(4.294136611629,4.441489848744));
#2203 = CARTESIAN_POINT('',(4.305626766232,4.414514997093));
#2204 = CARTESIAN_POINT('',(4.317093447437,4.388253056602));
#2205 = CARTESIAN_POINT('',(4.328537942167,4.362723395245));
#2206 = CARTESIAN_POINT('',(4.339961486779,4.337944441704));
#2207 = CARTESIAN_POINT('',(4.412981422438,4.184200346511));
#2208 = CARTESIAN_POINT('',(4.474047657561,4.076836633786));
#2209 = CARTESIAN_POINT('',(4.534714337892,3.994712807905));
#2210 = CARTESIAN_POINT('',(4.595122256222,3.939754605145));
#2211 = CARTESIAN_POINT('',(4.655410694578,3.912920744475));
#2212 = CARTESIAN_POINT('',(4.774901578182,3.91548753557));
#2213 = CARTESIAN_POINT('',(4.834067524467,3.943841073277));
#2214 = CARTESIAN_POINT('',(4.893355283245,3.999220384492));
#2215 = CARTESIAN_POINT('',(4.952896966087,4.080686048353));
#2216 = CARTESIAN_POINT('',(5.012826148196,4.186404108368));
#2217 = CARTESIAN_POINT('',(5.084654698837,4.337597114813));
#2218 = CARTESIAN_POINT('',(5.096043758884,4.362292514793));
#2219 = CARTESIAN_POINT('',(5.107453631094,4.387734316804));
#2220 = CARTESIAN_POINT('',(5.11888554032,4.413904265354));
#2221 = CARTESIAN_POINT('',(5.130340761354,4.44078317681));
#2222 = CARTESIAN_POINT('',(5.155416838644,4.501000940043));
#2223 = CARTESIAN_POINT('',(5.169047614754,4.534617178712));
#2224 = CARTESIAN_POINT('',(5.182715148993,4.569166267298));
#2225 = CARTESIAN_POINT('',(5.196421753731,4.604612988767));
#2226 = CARTESIAN_POINT('',(5.210169851971,4.640920297149));
#2227 = CARTESIAN_POINT('',(5.240790485109,4.723352415569));
#2228 = CARTESIAN_POINT('',(5.257684529134,4.769878752591));
#2229 = CARTESIAN_POINT('',(5.274648719163,4.817557850551));
#2230 = CARTESIAN_POINT('',(5.291687930647,4.866314827453));
#2231 = CARTESIAN_POINT('',(5.308807304747,4.916070397352));
#2232 = CARTESIAN_POINT('',(5.346868708569,5.028165466147));
#2233 = CARTESIAN_POINT('',(5.367850419786,5.090932625404));
#2234 = CARTESIAN_POINT('',(5.388967598887,5.15489552634));
#2235 = CARTESIAN_POINT('',(5.410230649811,5.21989441283));
#2236 = CARTESIAN_POINT('',(5.431650163528,5.285756594419));
#2237 = CARTESIAN_POINT('',(5.478667024311,5.43068319518));
#2238 = CARTESIAN_POINT('',(5.504329399181,5.51001045645));
#2239 = CARTESIAN_POINT('',(5.530243282156,5.589978115349));
#2240 = CARTESIAN_POINT('',(5.556427460592,5.670255203883));
#2241 = CARTESIAN_POINT('',(5.582901162179,5.750478433442));
#2242 = CARTESIAN_POINT('',(5.643078409165,5.92970915041));
#2243 = CARTESIAN_POINT('',(5.676961961096,6.028490628546));
#2244 = CARTESIAN_POINT('',(5.711364349143,6.125790874879));
#2245 = CARTESIAN_POINT('',(5.74631417844,6.220715795535));
#2246 = CARTESIAN_POINT('',(5.781842580323,6.312290762873));
#2247 = CARTESIAN_POINT('',(5.845756368687,6.466453452826));
#2248 = CARTESIAN_POINT('',(5.873893909355,6.530851698315));
#2249 = CARTESIAN_POINT('',(5.902389336545,6.592126522394));
#2250 = CARTESIAN_POINT('',(5.931236136826,6.649737939863));
#2251 = CARTESIAN_POINT('',(5.960430270311,6.703155441436));
#2252 = CARTESIAN_POINT('',(6.037190677937,6.82974091079));
#2253 = CARTESIAN_POINT('',(6.085386492134,6.895744856032));
#2254 = CARTESIAN_POINT('',(6.13429643645,6.947282248823));
#2255 = CARTESIAN_POINT('',(6.183700234141,6.982386866838));
#2256 = CARTESIAN_POINT('',(6.233396878608,7.));
#2257 = CARTESIAN_POINT('',(6.28318530718,7.));
#2258 = ( GEOMETRIC_REPRESENTATION_CONTEXT(2) 
PARAMETRIC_REPRESENTATION_CONTEXT() REPRESENTATION_CONTEXT('2D SPACE',''
  ) );
#2259 = ADVANCED_FACE('',(#2260),#1821,.F.);
#2260 = FACE_BOUND('',#2261,.F.);
#2261 = EDGE_LOOP('',(#2262,#2263,#2286,#2313,#2314));
#2262 = ORIENTED_EDGE('',*,*,#1627,.F.);
#2263 = ORIENTED_EDGE('',*,*,#2264,.F.);
#2264 = EDGE_CURVE('',#2265,#1628,#2267,.T.);
#2265 = VERTEX_POINT('',#2266);
#2266 = CARTESIAN_POINT('',(31.,-3.673940397442E-15,1.595E+03));
#2267 = SEAM_CURVE('',#2268,(#2272,#2279),.PCURVE_S1.);
#2268 = LINE('',#2269,#2270);
#2269 = CARTESIAN_POINT('',(31.,-3.673940397442E-15,1.595E+03));
#2270 = VECTOR('',#2271,1.);
#2271 = DIRECTION('',(1.,0.,2.22044604925E-16));
#2272 = PCURVE('',#1821,#2273);
#2273 = DEFINITIONAL_REPRESENTATION('',(#2274),#2278);
#2274 = LINE('',#2275,#2276);
#2275 = CARTESIAN_POINT('',(6.28318530718,-0.));
#2276 = VECTOR('',#2277,1.);
#2277 = DIRECTION('',(0.,1.));
#2278 = ( GEOMETRIC_REPRESENTATION_CONTEXT(2) 
PARAMETRIC_REPRESENTATION_CONTEXT() REPRESENTATION_CONTEXT('2D SPACE',''
  ) );
#2279 = PCURVE('',#1821,#2280);
#2280 = DEFINITIONAL_REPRESENTATION('',(#2281),#2285);
#2281 = LINE('',#2282,#2283);
#2282 = CARTESIAN_POINT('',(0.,-0.));
#2283 = VECTOR('',#2284,1.);
#2284 = DIRECTION('',(0.,1.));
#2285 = ( GEOMETRIC_REPRESENTATION_CONTEXT(2) 
PARAMETRIC_REPRESENTATION_CONTEXT() REPRESENTATION_CONTEXT('2D SPACE',''
  ) );
#2286 = ORIENTED_EDGE('',*,*,#2287,.T.);
#2287 = EDGE_CURVE('',#2265,#2265,#2288,.T.);
#2288 = SURFACE_CURVE('',#2289,(#2294,#2301),.PCURVE_S1.);
#2289 = CIRCLE('',#2290,15.);
#2290 = AXIS2_PLACEMENT_3D('',#2291,#2292,#2293);
#2291 = CARTESIAN_POINT('',(31.,0.,1.61E+03));
#2292 = DIRECTION('',(1.,-0.,2.22044604925E-16));
#2293 = DIRECTION('',(2.22044604925E-16,0.,-1.));
#2294 = PCURVE('',#1821,#2295);
#2295 = DEFINITIONAL_REPRESENTATION('',(#2296),#2300);
#2296 = LINE('',#2297,#2298);
#2297 = CARTESIAN_POINT('',(0.,0.));
#2298 = VECTOR('',#2299,1.);
#2299 = DIRECTION('',(1.,0.));
#2300 = ( GEOMETRIC_REPRESENTATION_CONTEXT(2) 
PARAMETRIC_REPRESENTATION_CONTEXT() REPRESENTATION_CONTEXT('2D SPACE',''
  ) );
#2301 = PCURVE('',#2302,#2307);
#2302 = PLANE('',#2303);
#2303 = AXIS2_PLACEMENT_3D('',#2304,#2305,#2306);
#2304 = CARTESIAN_POINT('',(31.,0.,1.61E+03));
#2305 = DIRECTION('',(1.,0.,2.22044604925E-16));
#2306 = DIRECTION('',(2.22044604925E-16,0.,-1.));
#2307 = DEFINITIONAL_REPRESENTATION('',(#2308),#2312);
#2308 = CIRCLE('',#2309,15.);
#2309 = AXIS2_PLACEMENT_2D('',#2310,#2311);
#2310 = CARTESIAN_POINT('',(0.,0.));
#2311 = DIRECTION('',(1.,0.));
#2312 = ( GEOMETRIC_REPRESENTATION_CONTEXT(2) 
PARAMETRIC_REPRESENTATION_CONTEXT() REPRESENTATION_CONTEXT('2D SPACE',''
  ) );
#2313 = ORIENTED_EDGE('',*,*,#2264,.T.);
#2314 = ORIENTED_EDGE('',*,*,#1972,.F.);
#2315 = ADVANCED_FACE('',(#2316),#1960,.T.);
#2316 = FACE_BOUND('',#2317,.T.);
#2317 = EDGE_LOOP('',(#2318,#2319,#2342,#2369));
#2318 = ORIENTED_EDGE('',*,*,#1945,.F.);
#2319 = ORIENTED_EDGE('',*,*,#2320,.F.);
#2320 = EDGE_CURVE('',#2321,#1923,#2323,.T.);
#2321 = VERTEX_POINT('',#2322);
#2322 = CARTESIAN_POINT('',(12.,-2.939152317954E-15,1.49E+03));
#2323 = SEAM_CURVE('',#2324,(#2328,#2335),.PCURVE_S1.);
#2324 = LINE('',#2325,#2326);
#2325 = CARTESIAN_POINT('',(12.,-2.939152317954E-15,1.49E+03));
#2326 = VECTOR('',#2327,1.);
#2327 = DIRECTION('',(0.654930538418,-1.604117175075E-16,0.75568908279)
  );
#2328 = PCURVE('',#1960,#2329);
#2329 = DEFINITIONAL_REPRESENTATION('',(#2330),#2334);
#2330 = LINE('',#2331,#2332);
#2331 = CARTESIAN_POINT('',(6.28318530718,-0.));
#2332 = VECTOR('',#2333,1.);
#2333 = DIRECTION('',(0.,1.));
#2334 = ( GEOMETRIC_REPRESENTATION_CONTEXT(2) 
PARAMETRIC_REPRESENTATION_CONTEXT() REPRESENTATION_CONTEXT('2D SPACE',''
  ) );
#2335 = PCURVE('',#1960,#2336);
#2336 = DEFINITIONAL_REPRESENTATION('',(#2337),#2341);
#2337 = LINE('',#2338,#2339);
#2338 = CARTESIAN_POINT('',(0.,-0.));
#2339 = VECTOR('',#2340,1.);
#2340 = DIRECTION('',(0.,1.));
#2341 = ( GEOMETRIC_REPRESENTATION_CONTEXT(2) 
PARAMETRIC_REPRESENTATION_CONTEXT() REPRESENTATION_CONTEXT('2D SPACE',''
  ) );
#2342 = ORIENTED_EDGE('',*,*,#2343,.T.);
#2343 = EDGE_CURVE('',#2321,#2321,#2344,.T.);
#2344 = SURFACE_CURVE('',#2345,(#2350,#2357),.PCURVE_S1.);
#2345 = CIRCLE('',#2346,12.);
#2346 = AXIS2_PLACEMENT_3D('',#2347,#2348,#2349);
#2347 = CARTESIAN_POINT('',(0.,0.,1.49E+03));
#2348 = DIRECTION('',(0.,0.,1.));
#2349 = DIRECTION('',(1.,0.,-0.));
#2350 = PCURVE('',#1960,#2351);
#2351 = DEFINITIONAL_REPRESENTATION('',(#2352),#2356);
#2352 = LINE('',#2353,#2354);
#2353 = CARTESIAN_POINT('',(0.,0.));
#2354 = VECTOR('',#2355,1.);
#2355 = DIRECTION('',(1.,0.));
#2356 = ( GEOMETRIC_REPRESENTATION_CONTEXT(2) 
PARAMETRIC_REPRESENTATION_CONTEXT() REPRESENTATION_CONTEXT('2D SPACE',''
  ) );
#2357 = PCURVE('',#2358,#2363);
#2358 = PLANE('',#2359);
#2359 = AXIS2_PLACEMENT_3D('',#2360,#2361,#2362);
#2360 = CARTESIAN_POINT('',(0.,0.,1.49E+03));
#2361 = DIRECTION('',(0.,0.,1.));
#2362 = DIRECTION('',(1.,0.,-0.));
#2363 = DEFINITIONAL_REPRESENTATION('',(#2364),#2368);
#2364 = CIRCLE('',#2365,12.);
#2365 = AXIS2_PLACEMENT_2D('',#2366,#2367);
#2366 = CARTESIAN_POINT('',(0.,0.));
#2367 = DIRECTION('',(1.,0.));
#2368 = ( GEOMETRIC_REPRESENTATION_CONTEXT(2) 
PARAMETRIC_REPRESENTATION_CONTEXT() REPRESENTATION_CONTEXT('2D SPACE',''
  ) );
#2369 = ORIENTED_EDGE('',*,*,#2320,.T.);
#2370 = ADVANCED_FACE('',(#2371,#2374,#2405),#1614,.T.);
#2371 = FACE_BOUND('',#2372,.T.);
#2372 = EDGE_LOOP('',(#2373));
#2373 = ORIENTED_EDGE('',*,*,#1599,.T.);
#2374 = FACE_BOUND('',#2375,.T.);
#2375 = EDGE_LOOP('',(#2376));
#2376 = ORIENTED_EDGE('',*,*,#2377,.F.);
#2377 = EDGE_CURVE('',#2378,#2378,#2380,.T.);
#2378 = VERTEX_POINT('',#2379);
#2379 = CARTESIAN_POINT('',(14.,-3.429011037613E-15,1.66E+03));
#2380 = SURFACE_CURVE('',#2381,(#2386,#2393),.PCURVE_S1.);
#2381 = CIRCLE('',#2382,14.);
#2382 = AXIS2_PLACEMENT_3D('',#2383,#2384,#2385);
#2383 = CARTESIAN_POINT('',(0.,0.,1.66E+03));
#2384 = DIRECTION('',(0.,0.,1.));
#2385 = DIRECTION('',(1.,0.,-0.));
#2386 = PCURVE('',#1614,#2387);
#2387 = DEFINITIONAL_REPRESENTATION('',(#2388),#2392);
#2388 = CIRCLE('',#2389,14.);
#2389 = AXIS2_PLACEMENT_2D('',#2390,#2391);
#2390 = CARTESIAN_POINT('',(0.,0.));
#2391 = DIRECTION('',(1.,0.));
#2392 = ( GEOMETRIC_REPRESENTATION_CONTEXT(2) 
PARAMETRIC_REPRESENTATION_CONTEXT() REPRESENTATION_CONTEXT('2D SPACE',''
  ) );
#2393 = PCURVE('',#2394,#2399);
#2394 = CYLINDRICAL_SURFACE('',#2395,14.);
#2395 = AXIS2_PLACEMENT_3D('',#2396,#2397,#2398);
#2396 = CARTESIAN_POINT('',(0.,0.,1.66E+03));
#2397 = DIRECTION('',(0.,0.,1.));
#2398 = DIRECTION('',(1.,0.,-0.));
#2399 = DEFINITIONAL_REPRESENTATION('',(#2400),#2404);
#2400 = LINE('',#2401,#2402);
#2401 = CARTESIAN_POINT('',(0.,0.));
#2402 = VECTOR('',#2403,1.);
#2403 = DIRECTION('',(1.,0.));
#2404 = ( GEOMETRIC_REPRESENTATION_CONTEXT(2) 
PARAMETRIC_REPRESENTATION_CONTEXT() REPRESENTATION_CONTEXT('2D SPACE',''
  ) );
#2405 = FACE_BOUND('',#2406,.T.);
#2406 = EDGE_LOOP('',(#2407));
#2407 = ORIENTED_EDGE('',*,*,#2408,.F.);
#2408 = EDGE_CURVE('',#2409,#2409,#2411,.T.);
#2409 = VERTEX_POINT('',#2410);
#2410 = CARTESIAN_POINT('',(37.,-1.714505518806E-15,1.66E+03));
#2411 = SURFACE_CURVE('',#2412,(#2417,#2424),.PCURVE_S1.);
#2412 = CIRCLE('',#2413,7.);
#2413 = AXIS2_PLACEMENT_3D('',#2414,#2415,#2416);
#2414 = CARTESIAN_POINT('',(30.,0.,1.66E+03));
#2415 = DIRECTION('',(0.,0.,1.));
#2416 = DIRECTION('',(1.,0.,-0.));
#2417 = PCURVE('',#1614,#2418);
#2418 = DEFINITIONAL_REPRESENTATION('',(#2419),#2423);
#2419 = CIRCLE('',#2420,7.);
#2420 = AXIS2_PLACEMENT_2D('',#2421,#2422);
#2421 = CARTESIAN_POINT('',(30.,0.));
#2422 = DIRECTION('',(1.,0.));
#2423 = ( GEOMETRIC_REPRESENTATION_CONTEXT(2) 
PARAMETRIC_REPRESENTATION_CONTEXT() REPRESENTATION_CONTEXT('2D SPACE',''
  ) );
#2424 = PCURVE('',#2425,#2430);
#2425 = CYLINDRICAL_SURFACE('',#2426,7.);
#2426 = AXIS2_PLACEMENT_3D('',#2427,#2428,#2429);
#2427 = CARTESIAN_POINT('',(30.,0.,1.66E+03));
#2428 = DIRECTION('',(0.,0.,1.));
#2429 = DIRECTION('',(1.,0.,-0.));
#2430 = DEFINITIONAL_REPRESENTATION('',(#2431),#2435);
#2431 = LINE('',#2432,#2433);
#2432 = CARTESIAN_POINT('',(0.,0.));
#2433 = VECTOR('',#2434,1.);
#2434 = DIRECTION('',(1.,0.));
#2435 = ( GEOMETRIC_REPRESENTATION_CONTEXT(2) 
PARAMETRIC_REPRESENTATION_CONTEXT() REPRESENTATION_CONTEXT('2D SPACE',''
  ) );
#2436 = ADVANCED_FACE('',(#2437),#2302,.T.);
#2437 = FACE_BOUND('',#2438,.F.);
#2438 = EDGE_LOOP('',(#2439));
#2439 = ORIENTED_EDGE('',*,*,#2287,.F.);
#2440 = ADVANCED_FACE('',(#2441,#2444),#2358,.F.);
#2441 = FACE_BOUND('',#2442,.F.);
#2442 = EDGE_LOOP('',(#2443));
#2443 = ORIENTED_EDGE('',*,*,#2343,.T.);
#2444 = FACE_BOUND('',#2445,.F.);
#2445 = EDGE_LOOP('',(#2446));
#2446 = ORIENTED_EDGE('',*,*,#2447,.F.);
#2447 = EDGE_CURVE('',#2448,#2448,#2450,.T.);
#2448 = VERTEX_POINT('',#2449);
#2449 = CARTESIAN_POINT('',(4.,-9.797174393179E-16,1.49E+03));
#2450 = SURFACE_CURVE('',#2451,(#2456,#2463),.PCURVE_S1.);
#2451 = CIRCLE('',#2452,4.);
#2452 = AXIS2_PLACEMENT_3D('',#2453,#2454,#2455);
#2453 = CARTESIAN_POINT('',(0.,0.,1.49E+03));
#2454 = DIRECTION('',(0.,0.,1.));
#2455 = DIRECTION('',(1.,0.,-0.));
#2456 = PCURVE('',#2358,#2457);
#2457 = DEFINITIONAL_REPRESENTATION('',(#2458),#2462);
#2458 = CIRCLE('',#2459,4.);
#2459 = AXIS2_PLACEMENT_2D('',#2460,#2461);
#2460 = CARTESIAN_POINT('',(0.,0.));
#2461 = DIRECTION('',(1.,0.));
#2462 = ( GEOMETRIC_REPRESENTATION_CONTEXT(2) 
PARAMETRIC_REPRESENTATION_CONTEXT() REPRESENTATION_CONTEXT('2D SPACE',''
  ) );
#2463 = PCURVE('',#2464,#2469);
#2464 = CYLINDRICAL_SURFACE('',#2465,4.);
#2465 = AXIS2_PLACEMENT_3D('',#2466,#2467,#2468);
#2466 = CARTESIAN_POINT('',(0.,0.,1.42E+03));
#2467 = DIRECTION('',(0.,0.,1.));
#2468 = DIRECTION('',(1.,0.,-0.));
#2469 = DEFINITIONAL_REPRESENTATION('',(#2470),#2474);
#2470 = LINE('',#2471,#2472);
#2471 = CARTESIAN_POINT('',(0.,70.));
#2472 = VECTOR('',#2473,1.);
#2473 = DIRECTION('',(1.,0.));
#2474 = ( GEOMETRIC_REPRESENTATION_CONTEXT(2) 
PARAMETRIC_REPRESENTATION_CONTEXT() REPRESENTATION_CONTEXT('2D SPACE',''
  ) );
#2475 = ADVANCED_FACE('',(#2476),#2394,.T.);
#2476 = FACE_BOUND('',#2477,.T.);
#2477 = EDGE_LOOP('',(#2478,#2507,#2528,#2529));
#2478 = ORIENTED_EDGE('',*,*,#2479,.F.);
#2479 = EDGE_CURVE('',#2480,#2480,#2482,.T.);
#2480 = VERTEX_POINT('',#2481);
#2481 = CARTESIAN_POINT('',(14.,-3.429011037613E-15,1.68E+03));
#2482 = SURFACE_CURVE('',#2483,(#2488,#2495),.PCURVE_S1.);
#2483 = CIRCLE('',#2484,14.);
#2484 = AXIS2_PLACEMENT_3D('',#2485,#2486,#2487);
#2485 = CARTESIAN_POINT('',(0.,0.,1.68E+03));
#2486 = DIRECTION('',(0.,0.,1.));
#2487 = DIRECTION('',(1.,0.,-0.));
#2488 = PCURVE('',#2394,#2489);
#2489 = DEFINITIONAL_REPRESENTATION('',(#2490),#2494);
#2490 = LINE('',#2491,#2492);
#2491 = CARTESIAN_POINT('',(0.,20.));
#2492 = VECTOR('',#2493,1.);
#2493 = DIRECTION('',(1.,0.));
#2494 = ( GEOMETRIC_REPRESENTATION_CONTEXT(2) 
PARAMETRIC_REPRESENTATION_CONTEXT() REPRESENTATION_CONTEXT('2D SPACE',''
  ) );
#2495 = PCURVE('',#2496,#2501);
#2496 = PLANE('',#2497);
#2497 = AXIS2_PLACEMENT_3D('',#2498,#2499,#2500);
#2498 = CARTESIAN_POINT('',(0.,0.,1.68E+03));
#2499 = DIRECTION('',(0.,0.,1.));
#2500 = DIRECTION('',(1.,0.,-0.));
#2501 = DEFINITIONAL_REPRESENTATION('',(#2502),#2506);
#2502 = CIRCLE('',#2503,14.);
#2503 = AXIS2_PLACEMENT_2D('',#2504,#2505);
#2504 = CARTESIAN_POINT('',(0.,0.));
#2505 = DIRECTION('',(1.,0.));
#2506 = ( GEOMETRIC_REPRESENTATION_CONTEXT(2) 
PARAMETRIC_REPRESENTATION_CONTEXT() REPRESENTATION_CONTEXT('2D SPACE',''
  ) );
#2507 = ORIENTED_EDGE('',*,*,#2508,.F.);
#2508 = EDGE_CURVE('',#2378,#2480,#2509,.T.);
#2509 = SEAM_CURVE('',#2510,(#2514,#2521),.PCURVE_S1.);
#2510 = LINE('',#2511,#2512);
#2511 = CARTESIAN_POINT('',(14.,-3.429011037613E-15,1.66E+03));
#2512 = VECTOR('',#2513,1.);
#2513 = DIRECTION('',(0.,0.,1.));
#2514 = PCURVE('',#2394,#2515);
#2515 = DEFINITIONAL_REPRESENTATION('',(#2516),#2520);
#2516 = LINE('',#2517,#2518);
#2517 = CARTESIAN_POINT('',(6.28318530718,-0.));
#2518 = VECTOR('',#2519,1.);
#2519 = DIRECTION('',(0.,1.));
#2520 = ( GEOMETRIC_REPRESENTATION_CONTEXT(2) 
PARAMETRIC_REPRESENTATION_CONTEXT() REPRESENTATION_CONTEXT('2D SPACE',''
  ) );
#2521 = PCURVE('',#2394,#2522);
#2522 = DEFINITIONAL_REPRESENTATION('',(#2523),#2527);
#2523 = LINE('',#2524,#2525);
#2524 = CARTESIAN_POINT('',(0.,-0.));
#2525 = VECTOR('',#2526,1.);
#2526 = DIRECTION('',(0.,1.));
#2527 = ( GEOMETRIC_REPRESENTATION_CONTEXT(2) 
PARAMETRIC_REPRESENTATION_CONTEXT() REPRESENTATION_CONTEXT('2D SPACE',''
  ) );
#2528 = ORIENTED_EDGE('',*,*,#2377,.T.);
#2529 = ORIENTED_EDGE('',*,*,#2508,.T.);
#2530 = ADVANCED_FACE('',(#2531),#2425,.T.);
#2531 = FACE_BOUND('',#2532,.T.);
#2532 = EDGE_LOOP('',(#2533,#2562,#2583,#2584));
#2533 = ORIENTED_EDGE('',*,*,#2534,.F.);
#2534 = EDGE_CURVE('',#2535,#2535,#2537,.T.);
#2535 = VERTEX_POINT('',#2536);
#2536 = CARTESIAN_POINT('',(37.,-1.714505518806E-15,1.676E+03));
#2537 = SURFACE_CURVE('',#2538,(#2543,#2550),.PCURVE_S1.);
#2538 = CIRCLE('',#2539,7.);
#2539 = AXIS2_PLACEMENT_3D('',#2540,#2541,#2542);
#2540 = CARTESIAN_POINT('',(30.,0.,1.676E+03));
#2541 = DIRECTION('',(0.,0.,1.));
#2542 = DIRECTION('',(1.,0.,-0.));
#2543 = PCURVE('',#2425,#2544);
#2544 = DEFINITIONAL_REPRESENTATION('',(#2545),#2549);
#2545 = LINE('',#2546,#2547);
#2546 = CARTESIAN_POINT('',(0.,16.));
#2547 = VECTOR('',#2548,1.);
#2548 = DIRECTION('',(1.,0.));
#2549 = ( GEOMETRIC_REPRESENTATION_CONTEXT(2) 
PARAMETRIC_REPRESENTATION_CONTEXT() REPRESENTATION_CONTEXT('2D SPACE',''
  ) );
#2550 = PCURVE('',#2551,#2556);
#2551 = PLANE('',#2552);
#2552 = AXIS2_PLACEMENT_3D('',#2553,#2554,#2555);
#2553 = CARTESIAN_POINT('',(30.,0.,1.676E+03));
#2554 = DIRECTION('',(0.,0.,1.));
#2555 = DIRECTION('',(1.,0.,-0.));
#2556 = DEFINITIONAL_REPRESENTATION('',(#2557),#2561);
#2557 = CIRCLE('',#2558,7.);
#2558 = AXIS2_PLACEMENT_2D('',#2559,#2560);
#2559 = CARTESIAN_POINT('',(0.,0.));
#2560 = DIRECTION('',(1.,0.));
#2561 = ( GEOMETRIC_REPRESENTATION_CONTEXT(2) 
PARAMETRIC_REPRESENTATION_CONTEXT() REPRESENTATION_CONTEXT('2D SPACE',''
  ) );
#2562 = ORIENTED_EDGE('',*,*,#2563,.F.);
#2563 = EDGE_CURVE('',#2409,#2535,#2564,.T.);
#2564 = SEAM_CURVE('',#2565,(#2569,#2576),.PCURVE_S1.);
#2565 = LINE('',#2566,#2567);
#2566 = CARTESIAN_POINT('',(37.,-1.714505518806E-15,1.66E+03));
#2567 = VECTOR('',#2568,1.);
#2568 = DIRECTION('',(0.,0.,1.));
#2569 = PCURVE('',#2425,#2570);
#2570 = DEFINITIONAL_REPRESENTATION('',(#2571),#2575);
#2571 = LINE('',#2572,#2573);
#2572 = CARTESIAN_POINT('',(6.28318530718,-0.));
#2573 = VECTOR('',#2574,1.);
#2574 = DIRECTION('',(0.,1.));
#2575 = ( GEOMETRIC_REPRESENTATION_CONTEXT(2) 
PARAMETRIC_REPRESENTATION_CONTEXT() REPRESENTATION_CONTEXT('2D SPACE',''
  ) );
#2576 = PCURVE('',#2425,#2577);
#2577 = DEFINITIONAL_REPRESENTATION('',(#2578),#2582);
#2578 = LINE('',#2579,#2580);
#2579 = CARTESIAN_POINT('',(0.,-0.));
#2580 = VECTOR('',#2581,1.);
#2581 = DIRECTION('',(0.,1.));
#2582 = ( GEOMETRIC_REPRESENTATION_CONTEXT(2) 
PARAMETRIC_REPRESENTATION_CONTEXT() REPRESENTATION_CONTEXT('2D SPACE',''
  ) );
#2583 = ORIENTED_EDGE('',*,*,#2408,.T.);
#2584 = ORIENTED_EDGE('',*,*,#2563,.T.);
#2585 = ADVANCED_FACE('',(#2586),#2464,.F.);
#2586 = FACE_BOUND('',#2587,.F.);
#2587 = EDGE_LOOP('',(#2588,#2612,#2633,#2634));
#2588 = ORIENTED_EDGE('',*,*,#2589,.F.);
#2589 = EDGE_CURVE('',#2590,#2590,#2592,.T.);
#2590 = VERTEX_POINT('',#2591);
#2591 = CARTESIAN_POINT('',(4.,-9.797174393179E-16,1.68E+03));
#2592 = SURFACE_CURVE('',#2593,(#2598,#2605),.PCURVE_S1.);
#2593 = CIRCLE('',#2594,4.);
#2594 = AXIS2_PLACEMENT_3D('',#2595,#2596,#2597);
#2595 = CARTESIAN_POINT('',(0.,0.,1.68E+03));
#2596 = DIRECTION('',(0.,0.,1.));
#2597 = DIRECTION('',(1.,0.,-0.));
#2598 = PCURVE('',#2464,#2599);
#2599 = DEFINITIONAL_REPRESENTATION('',(#2600),#2604);
#2600 = LINE('',#2601,#2602);
#2601 = CARTESIAN_POINT('',(0.,260.));
#2602 = VECTOR('',#2603,1.);
#2603 = DIRECTION('',(1.,0.));
#2604 = ( GEOMETRIC_REPRESENTATION_CONTEXT(2) 
PARAMETRIC_REPRESENTATION_CONTEXT() REPRESENTATION_CONTEXT('2D SPACE',''
  ) );
#2605 = PCURVE('',#2496,#2606);
#2606 = DEFINITIONAL_REPRESENTATION('',(#2607),#2611);
#2607 = CIRCLE('',#2608,4.);
#2608 = AXIS2_PLACEMENT_2D('',#2609,#2610);
#2609 = CARTESIAN_POINT('',(0.,0.));
#2610 = DIRECTION('',(1.,0.));
#2611 = ( GEOMETRIC_REPRESENTATION_CONTEXT(2) 
PARAMETRIC_REPRESENTATION_CONTEXT() REPRESENTATION_CONTEXT('2D SPACE',''
  ) );
#2612 = ORIENTED_EDGE('',*,*,#2613,.F.);
#2613 = EDGE_CURVE('',#2448,#2590,#2614,.T.);
#2614 = SEAM_CURVE('',#2615,(#2619,#2626),.PCURVE_S1.);
#2615 = LINE('',#2616,#2617);
#2616 = CARTESIAN_POINT('',(4.,-9.797174393179E-16,1.42E+03));
#2617 = VECTOR('',#2618,1.);
#2618 = DIRECTION('',(0.,0.,1.));
#2619 = PCURVE('',#2464,#2620);
#2620 = DEFINITIONAL_REPRESENTATION('',(#2621),#2625);
#2621 = LINE('',#2622,#2623);
#2622 = CARTESIAN_POINT('',(6.28318530718,-0.));
#2623 = VECTOR('',#2624,1.);
#2624 = DIRECTION('',(0.,1.));
#2625 = ( GEOMETRIC_REPRESENTATION_CONTEXT(2) 
PARAMETRIC_REPRESENTATION_CONTEXT() REPRESENTATION_CONTEXT('2D SPACE',''
  ) );
#2626 = PCURVE('',#2464,#2627);
#2627 = DEFINITIONAL_REPRESENTATION('',(#2628),#2632);
#2628 = LINE('',#2629,#2630);
#2629 = CARTESIAN_POINT('',(0.,-0.));
#2630 = VECTOR('',#2631,1.);
#2631 = DIRECTION('',(0.,1.));
#2632 = ( GEOMETRIC_REPRESENTATION_CONTEXT(2) 
PARAMETRIC_REPRESENTATION_CONTEXT() REPRESENTATION_CONTEXT('2D SPACE',''
  ) );
#2633 = ORIENTED_EDGE('',*,*,#2447,.T.);
#2634 = ORIENTED_EDGE('',*,*,#2613,.T.);
#2635 = ADVANCED_FACE('',(#2636,#2639),#2496,.T.);
#2636 = FACE_BOUND('',#2637,.T.);
#2637 = EDGE_LOOP('',(#2638));
#2638 = ORIENTED_EDGE('',*,*,#2479,.T.);
#2639 = FACE_BOUND('',#2640,.T.);
#2640 = EDGE_LOOP('',(#2641));
#2641 = ORIENTED_EDGE('',*,*,#2589,.F.);
#2642 = ADVANCED_FACE('',(#2643),#2551,.T.);
#2643 = FACE_BOUND('',#2644,.T.);
#2644 = EDGE_LOOP('',(#2645));
#2645 = ORIENTED_EDGE('',*,*,#2534,.T.);
#2646 = MANIFOLD_SOLID_BREP('',#2647);
#2647 = CLOSED_SHELL('',(#2648,#3342,#3398,#3453,#3519,#3523,#3558,#3613
    ,#3668,#3718,#3725));
#2648 = ADVANCED_FACE('',(#2649),#2663,.T.);
#2649 = FACE_BOUND('',#2650,.T.);
#2650 = EDGE_LOOP('',(#2651,#2681,#2708,#2709,#3004,#3027,#3053,#3054));
#2651 = ORIENTED_EDGE('',*,*,#2652,.T.);
#2652 = EDGE_CURVE('',#2653,#2655,#2657,.T.);
#2653 = VERTEX_POINT('',#2654);
#2654 = CARTESIAN_POINT('',(38.,-9.30731567352E-15,2.565E+03));
#2655 = VERTEX_POINT('',#2656);
#2656 = CARTESIAN_POINT('',(38.,-9.30731567352E-15,2.6E+03));
#2657 = SEAM_CURVE('',#2658,(#2662,#2674),.PCURVE_S1.);
#2658 = LINE('',#2659,#2660);
#2659 = CARTESIAN_POINT('',(38.,-9.30731567352E-15,2.46E+03));
#2660 = VECTOR('',#2661,1.);
#2661 = DIRECTION('',(0.,0.,1.));
#2662 = PCURVE('',#2663,#2668);
#2663 = CYLINDRICAL_SURFACE('',#2664,38.);
#2664 = AXIS2_PLACEMENT_3D('',#2665,#2666,#2667);
#2665 = CARTESIAN_POINT('',(0.,0.,2.46E+03));
#2666 = DIRECTION('',(0.,0.,1.));
#2667 = DIRECTION('',(1.,0.,-0.));
#2668 = DEFINITIONAL_REPRESENTATION('',(#2669),#2673);
#2669 = LINE('',#2670,#2671);
#2670 = CARTESIAN_POINT('',(6.28318530718,-0.));
#2671 = VECTOR('',#2672,1.);
#2672 = DIRECTION('',(0.,1.));
#2673 = ( GEOMETRIC_REPRESENTATION_CONTEXT(2) 
PARAMETRIC_REPRESENTATION_CONTEXT() REPRESENTATION_CONTEXT('2D SPACE',''
  ) );
#2674 = PCURVE('',#2663,#2675);
#2675 = DEFINITIONAL_REPRESENTATION('',(#2676),#2680);
#2676 = LINE('',#2677,#2678);
#2677 = CARTESIAN_POINT('',(0.,-0.));
#2678 = VECTOR('',#2679,1.);
#2679 = DIRECTION('',(0.,1.));
#2680 = ( GEOMETRIC_REPRESENTATION_CONTEXT(2) 
PARAMETRIC_REPRESENTATION_CONTEXT() REPRESENTATION_CONTEXT('2D SPACE',''
  ) );
#2681 = ORIENTED_EDGE('',*,*,#2682,.F.);
#2682 = EDGE_CURVE('',#2655,#2655,#2683,.T.);
#2683 = SURFACE_CURVE('',#2684,(#2689,#2696),.PCURVE_S1.);
#2684 = CIRCLE('',#2685,38.);
#2685 = AXIS2_PLACEMENT_3D('',#2686,#2687,#2688);
#2686 = CARTESIAN_POINT('',(0.,0.,2.6E+03));
#2687 = DIRECTION('',(0.,0.,1.));
#2688 = DIRECTION('',(1.,0.,-0.));
#2689 = PCURVE('',#2663,#2690);
#2690 = DEFINITIONAL_REPRESENTATION('',(#2691),#2695);
#2691 = LINE('',#2692,#2693);
#2692 = CARTESIAN_POINT('',(0.,140.));
#2693 = VECTOR('',#2694,1.);
#2694 = DIRECTION('',(1.,0.));
#2695 = ( GEOMETRIC_REPRESENTATION_CONTEXT(2) 
PARAMETRIC_REPRESENTATION_CONTEXT() REPRESENTATION_CONTEXT('2D SPACE',''
  ) );
#2696 = PCURVE('',#2697,#2702);
#2697 = PLANE('',#2698);
#2698 = AXIS2_PLACEMENT_3D('',#2699,#2700,#2701);
#2699 = CARTESIAN_POINT('',(0.,0.,2.6E+03));
#2700 = DIRECTION('',(0.,0.,1.));
#2701 = DIRECTION('',(1.,0.,-0.));
#2702 = DEFINITIONAL_REPRESENTATION('',(#2703),#2707);
#2703 = CIRCLE('',#2704,38.);
#2704 = AXIS2_PLACEMENT_2D('',#2705,#2706);
#2705 = CARTESIAN_POINT('',(0.,0.));
#2706 = DIRECTION('',(1.,0.));
#2707 = ( GEOMETRIC_REPRESENTATION_CONTEXT(2) 
PARAMETRIC_REPRESENTATION_CONTEXT() REPRESENTATION_CONTEXT('2D SPACE',''
  ) );
#2708 = ORIENTED_EDGE('',*,*,#2652,.F.);
#2709 = ORIENTED_EDGE('',*,*,#2710,.F.);
#2710 = EDGE_CURVE('',#2711,#2653,#2713,.T.);
#2711 = VERTEX_POINT('',#2712);
#2712 = CARTESIAN_POINT('',(38.,-6.490628035481E-15,2.535E+03));
#2713 = SURFACE_CURVE('',#2714,(#2807,#2903),.PCURVE_S1.);
#2714 = B_SPLINE_CURVE_WITH_KNOTS('',6,(#2715,#2716,#2717,#2718,#2719,
    #2720,#2721,#2722,#2723,#2724,#2725,#2726,#2727,#2728,#2729,#2730,
    #2731,#2732,#2733,#2734,#2735,#2736,#2737,#2738,#2739,#2740,#2741,
    #2742,#2743,#2744,#2745,#2746,#2747,#2748,#2749,#2750,#2751,#2752,
    #2753,#2754,#2755,#2756,#2757,#2758,#2759,#2760,#2761,#2762,#2763,
    #2764,#2765,#2766,#2767,#2768,#2769,#2770,#2771,#2772,#2773,#2774,
    #2775,#2776,#2777,#2778,#2779,#2780,#2781,#2782,#2783,#2784,#2785,
    #2786,#2787,#2788,#2789,#2790,#2791,#2792,#2793,#2794,#2795,#2796,
    #2797,#2798,#2799,#2800,#2801,#2802,#2803,#2804,#2805,#2806),
  .UNSPECIFIED.,.F.,.F.,(7,5,5,5,5,5,5,5,5,5,5,5,5,5,5,5,5,5,7),(0.,
    7.737113598679E-02,0.125657874997,0.187572141763,0.237931229511,
    0.280470745465,0.315778351282,0.344748131672,0.369184848864,
    0.501219711383,0.630775610448,0.655138776849,0.683993399945,
    0.719200464523,0.761879752518,0.81215775185,0.874843306925,
    0.923007381319,1.),.UNSPECIFIED.);
#2715 = CARTESIAN_POINT('',(38.,-1.836970198721E-15,2.535E+03));
#2716 = CARTESIAN_POINT('',(38.,0.750507073978,2.535E+03));
#2717 = CARTESIAN_POINT('',(37.982212832065,1.499588430135,
    2.535045060982E+03));
#2718 = CARTESIAN_POINT('',(37.946765090637,2.240820885326,
    2.535134861194E+03));
#2719 = CARTESIAN_POINT('',(37.894735912703,2.967848171029,
    2.535267527308E+03));
#2720 = CARTESIAN_POINT('',(37.828126089802,3.674582185984,
    2.535439655597E+03));
#2721 = CARTESIAN_POINT('',(37.700554261788,4.780286994943,
    2.535775162205E+03));
#2722 = CARTESIAN_POINT('',(37.646821811784,5.19560039529,
    2.535917664163E+03));
#2723 = CARTESIAN_POINT('',(37.588893086774,5.600848011862,
    2.536072867197E+03));
#2724 = CARTESIAN_POINT('',(37.527302350529,5.995595619775,
    2.53623987828E+03));
#2725 = CARTESIAN_POINT('',(37.462592769008,6.379462843458,
    2.536417782942E+03));
#2726 = CARTESIAN_POINT('',(37.309027231493,7.22995537949,
    2.536846517932E+03));
#2727 = CARTESIAN_POINT('',(37.218494153783,7.689453769188,
    2.537103805083E+03));
#2728 = CARTESIAN_POINT('',(37.124711796754,8.130641071407,
    2.537375902271E+03));
#2729 = CARTESIAN_POINT('',(37.028618108299,8.553611542154,
    2.537661351352E+03));
#2730 = CARTESIAN_POINT('',(36.931074298438,8.958528967973,
    2.537958834229E+03));
#2731 = CARTESIAN_POINT('',(36.752968691677,9.660476480943,
    2.538517960913E+03));
#2732 = CARTESIAN_POINT('',(36.67262010737,9.963597142427,
    2.538775979043E+03));
#2733 = CARTESIAN_POINT('',(36.592209997635,10.255172660293,
    2.539040652057E+03));
#2734 = CARTESIAN_POINT('',(36.512103900763,10.535390161345,
    2.53931146912E+03));
#2735 = CARTESIAN_POINT('',(36.432634791153,10.804438396796,
    2.539587981293E+03));
#2736 = CARTESIAN_POINT('',(36.287768195146,11.28050543317,
    2.540107862071E+03));
#2737 = CARTESIAN_POINT('',(36.222101737152,11.490669677638,
    2.540349710976E+03));
#2738 = CARTESIAN_POINT('',(36.157289155852,11.693107011329,
    2.540595107005E+03));
#2739 = CARTESIAN_POINT('',(36.09350164761,11.887919012666,
    2.54084383152E+03));
#2740 = CARTESIAN_POINT('',(36.030897626731,12.075202516042,
    2.541095688646E+03));
#2741 = CARTESIAN_POINT('',(35.918764834578,12.404321887784,
    2.541562001923E+03));
#2742 = CARTESIAN_POINT('',(35.868823855075,12.548468040919,
    2.54177553247E+03));
#2743 = CARTESIAN_POINT('',(35.819884327582,12.687537396631,
    2.541990993423E+03));
#2744 = CARTESIAN_POINT('',(35.772026332925,12.82157488073,
    2.542208286353E+03));
#2745 = CARTESIAN_POINT('',(35.725325492124,12.950621019427,
    2.542427317896E+03));
#2746 = CARTESIAN_POINT('',(35.642542900939,13.176528151864,
    2.542829068519E+03));
#2747 = CARTESIAN_POINT('',(35.606059827855,13.275008405929,
    2.543011247921E+03));
#2748 = CARTESIAN_POINT('',(35.570443133356,13.370172606842,
    2.543194488912E+03));
#2749 = CARTESIAN_POINT('',(35.53573034504,13.462038846964,
    2.543378743744E+03));
#2750 = CARTESIAN_POINT('',(35.501957131894,13.550623405697,
    2.543563965963E+03));
#2751 = CARTESIAN_POINT('',(35.441489848744,13.707908012399,
    2.543907127798E+03));
#2752 = CARTESIAN_POINT('',(35.414514997093,13.77755055971,
    2.544064801274E+03));
#2753 = CARTESIAN_POINT('',(35.388253056602,13.844877077194,
    2.544223103663E+03));
#2754 = CARTESIAN_POINT('',(35.362723395245,13.909895468908,
    2.544382008147E+03));
#2755 = CARTESIAN_POINT('',(35.337944441704,13.9726128572,
    2.544541488267E+03));
#2756 = CARTESIAN_POINT('',(35.184200346508,14.35950767766,
    2.545566179622E+03));
#2757 = CARTESIAN_POINT('',(35.076836633787,14.619133471383,
    2.546447263202E+03));
#2758 = CARTESIAN_POINT('',(34.994712807906,14.812618398367,
    2.54734016344E+03));
#2759 = CARTESIAN_POINT('',(34.939754605144,14.940472137532,
    2.548240791052E+03));
#2760 = CARTESIAN_POINT('',(34.912920744475,15.002932242136,
    2.549145330646E+03));
#2761 = CARTESIAN_POINT('',(34.91548753557,14.996957708981,
    2.550937683943E+03));
#2762 = CARTESIAN_POINT('',(34.943841073276,14.930960395798,
    2.551824957892E+03));
#2763 = CARTESIAN_POINT('',(34.999220384495,14.801990082211,
    2.552708254233E+03));
#2764 = CARTESIAN_POINT('',(35.080686048348,14.609813613744,
    2.553583966226E+03));
#2765 = CARTESIAN_POINT('',(35.186404108371,14.353944087376,
    2.554448228076E+03));
#2766 = CARTESIAN_POINT('',(35.337597114813,13.973490235692,
    2.555456249168E+03));
#2767 = CARTESIAN_POINT('',(35.362292514793,13.910988999318,
    2.555615258305E+03));
#2768 = CARTESIAN_POINT('',(35.387734316804,13.846200599761,
    2.555773695524E+03));
#2769 = CARTESIAN_POINT('',(35.413904265354,13.779117985011,
    2.555931534605E+03));
#2770 = CARTESIAN_POINT('',(35.44078317681,13.709733331116,
    2.556088748976E+03));
#2771 = CARTESIAN_POINT('',(35.501000940043,13.553125411963,
    2.556430737472E+03));
#2772 = CARTESIAN_POINT('',(35.534617178712,13.464971641,
    2.556615249039E+03));
#2773 = CARTESIAN_POINT('',(35.569166267298,13.373562454214,
    2.556798801795E+03));
#2774 = CARTESIAN_POINT('',(35.604612988767,13.278881793562,
    2.556981349855E+03));
#2775 = CARTESIAN_POINT('',(35.640920297149,13.180911818038,
    2.557162846065E+03));
#2776 = CARTESIAN_POINT('',(35.72335241557,12.956057098643,
    2.557563352706E+03));
#2777 = CARTESIAN_POINT('',(35.769878752591,12.827555073644,
    2.557781824794E+03));
#2778 = CARTESIAN_POINT('',(35.817557850552,12.694091094878,
    2.557998570777E+03));
#2779 = CARTESIAN_POINT('',(35.866314827453,12.555625078566,
    2.558213498182E+03));
#2780 = CARTESIAN_POINT('',(35.916070397353,12.41211259095,
    2.558426509556E+03));
#2781 = CARTESIAN_POINT('',(36.028165466147,12.083357121609,
    2.558893275766E+03));
#2782 = CARTESIAN_POINT('',(36.090932625404,11.895726603534,
    2.559146075695E+03));
#2783 = CARTESIAN_POINT('',(36.15489552634,11.700520480788,
    2.559395727817E+03));
#2784 = CARTESIAN_POINT('',(36.21989441283,11.497641122515,
    2.559642034677E+03));
#2785 = CARTESIAN_POINT('',(36.285756594419,11.286986080282,
    2.559884775795E+03));
#2786 = CARTESIAN_POINT('',(36.430683195181,10.811001126303,
    2.560405179478E+03));
#2787 = CARTESIAN_POINT('',(36.51001045645,10.542613376615,
    2.560681365992E+03));
#2788 = CARTESIAN_POINT('',(36.589978115349,10.263095244754,
    2.560951882796E+03));
#2789 = CARTESIAN_POINT('',(36.670255203883,9.972258883068,
    2.561216283887E+03));
#2790 = CARTESIAN_POINT('',(36.750478433442,9.669917975698,
    2.561474061829E+03));
#2791 = CARTESIAN_POINT('',(36.929709150415,8.964360942503,
    2.562037073383E+03));
#2792 = CARTESIAN_POINT('',(37.028490628545,8.554568723011,
    2.56233839535E+03));
#2793 = CARTESIAN_POINT('',(37.125790874875,8.126270352059,
    2.562627389433E+03));
#2794 = CARTESIAN_POINT('',(37.220715795535,7.679296745763,
    2.562902687122E+03));
#2795 = CARTESIAN_POINT('',(37.312290762877,7.213552090162,
    2.563162772972E+03));
#2796 = CARTESIAN_POINT('',(37.46645345284,6.356725006701,
    2.563592849856E+03));
#2797 = CARTESIAN_POINT('',(37.530851698309,5.973286287052,
    2.563769781389E+03));
#2798 = CARTESIAN_POINT('',(37.592126522383,5.579030819666,
    2.563935840331E+03));
#2799 = CARTESIAN_POINT('',(37.649737939863,5.174343128413,
    2.564090116848E+03));
#2800 = CARTESIAN_POINT('',(37.703155441447,4.759661239075,
    2.564231723677E+03));
#2801 = CARTESIAN_POINT('',(37.829740910884,3.657397715457,
    2.564564516655E+03));
#2802 = CARTESIAN_POINT('',(37.895744855971,2.953715141954,
    2.56473504542E+03));
#2803 = CARTESIAN_POINT('',(37.947282248773,2.230000446288,
    2.564866448909E+03));
#2804 = CARTESIAN_POINT('',(37.982386866877,1.492276156939,
    2.564955379917E+03));
#2805 = CARTESIAN_POINT('',(38.,0.746826427754,2.565E+03));
#2806 = CARTESIAN_POINT('',(38.,2.755455298082E-15,2.565E+03));
#2807 = PCURVE('',#2663,#2808);
#2808 = DEFINITIONAL_REPRESENTATION('',(#2809),#2902);
#2809 = B_SPLINE_CURVE_WITH_KNOTS('',6,(#2810,#2811,#2812,#2813,#2814,
    #2815,#2816,#2817,#2818,#2819,#2820,#2821,#2822,#2823,#2824,#2825,
    #2826,#2827,#2828,#2829,#2830,#2831,#2832,#2833,#2834,#2835,#2836,
    #2837,#2838,#2839,#2840,#2841,#2842,#2843,#2844,#2845,#2846,#2847,
    #2848,#2849,#2850,#2851,#2852,#2853,#2854,#2855,#2856,#2857,#2858,
    #2859,#2860,#2861,#2862,#2863,#2864,#2865,#2866,#2867,#2868,#2869,
    #2870,#2871,#2872,#2873,#2874,#2875,#2876,#2877,#2878,#2879,#2880,
    #2881,#2882,#2883,#2884,#2885,#2886,#2887,#2888,#2889,#2890,#2891,
    #2892,#2893,#2894,#2895,#2896,#2897,#2898,#2899,#2900,#2901),
  .UNSPECIFIED.,.F.,.F.,(7,5,5,5,5,5,5,5,5,5,5,5,5,5,5,5,5,5,7),(0.,
    7.737113598679E-02,0.125657874997,0.187572141763,0.237931229511,
    0.280470745465,0.315778351282,0.344748131672,0.369184848864,
    0.501219711383,0.630775610448,0.655138776849,0.683993399945,
    0.719200464523,0.761879752518,0.81215775185,0.874843306925,
    0.923007381319,1.),.UNSPECIFIED.);
#2810 = CARTESIAN_POINT('',(0.,75.));
#2811 = CARTESIAN_POINT('',(1.975018615732E-02,75.));
#2812 = CARTESIAN_POINT('',(3.946285709243E-02,75.045060981898));
#2813 = CARTESIAN_POINT('',(5.898282321444E-02,75.134861193909));
#2814 = CARTESIAN_POINT('',(7.815650883462E-02,75.267527307706));
#2815 = CARTESIAN_POINT('',(9.683312039932E-02,75.439655597232));
#2816 = CARTESIAN_POINT('',(0.126123642628,75.775162205318));
#2817 = CARTESIAN_POINT('',(0.137142984349,75.917664163025));
#2818 = CARTESIAN_POINT('',(0.147914410377,76.072867197464));
#2819 = CARTESIAN_POINT('',(0.158426975195,76.239878279503));
#2820 = CARTESIAN_POINT('',(0.168670576598,76.417782941866));
#2821 = CARTESIAN_POINT('',(0.191413873807,76.846517932252));
#2822 = CARTESIAN_POINT('',(0.203736846974,77.103805083417));
#2823 = CARTESIAN_POINT('',(0.215604565492,77.375902271047));
#2824 = CARTESIAN_POINT('',(0.227017504731,77.661351351844));
#2825 = CARTESIAN_POINT('',(0.237977250452,77.958834228566));
#2826 = CARTESIAN_POINT('',(0.257034895877,78.51796091275));
#2827 = CARTESIAN_POINT('',(0.265286771254,78.775979042766));
#2828 = CARTESIAN_POINT('',(0.273245679623,79.040652057334));
#2829 = CARTESIAN_POINT('',(0.28091476692,79.311469120021));
#2830 = CARTESIAN_POINT('',(0.288297131713,79.587981292506));
#2831 = CARTESIAN_POINT('',(0.30139240781,80.107862070524));
#2832 = CARTESIAN_POINT('',(0.307186574371,80.349710975841));
#2833 = CARTESIAN_POINT('',(0.312780043818,80.59510700532));
#2834 = CARTESIAN_POINT('',(0.318174331028,80.843831520049));
#2835 = CARTESIAN_POINT('',(0.323370826962,81.095688646031));
#2836 = CARTESIAN_POINT('',(0.332520752561,81.562001922906));
#2837 = CARTESIAN_POINT('',(0.336535236152,81.775532469685));
#2838 = CARTESIAN_POINT('',(0.340414884283,81.990993422752));
#2839 = CARTESIAN_POINT('',(0.344160226602,82.208286353415));
#2840 = CARTESIAN_POINT('',(0.347771687562,82.427317896054));
#2841 = CARTESIAN_POINT('',(0.354103191581,82.829068519077));
#2842 = CARTESIAN_POINT('',(0.356866880891,83.011247921032));
#2843 = CARTESIAN_POINT('',(0.359540829913,83.194488911909));
#2844 = CARTESIAN_POINT('',(0.362125175583,83.378743743867));
#2845 = CARTESIAN_POINT('',(0.364620016216,83.563965963306));
#2846 = CARTESIAN_POINT('',(0.369054421166,83.907127797959));
#2847 = CARTESIAN_POINT('',(0.371019788336,84.064801274083));
#2848 = CARTESIAN_POINT('',(0.372921549112,84.223103663078));
#2849 = CARTESIAN_POINT('',(0.374759725429,84.382008147184));
#2850 = CARTESIAN_POINT('',(0.376534325062,84.541488267034));
#2851 = CARTESIAN_POINT('',(0.387490193755,85.566179622407));
#2852 = CARTESIAN_POINT('',(0.394882884961,86.447263201634));
#2853 = CARTESIAN_POINT('',(0.400414199361,87.340163439572));
#2854 = CARTESIAN_POINT('',(0.40407644631,88.240791052339));
#2855 = CARTESIAN_POINT('',(0.405865401042,89.145330646288));
#2856 = CARTESIAN_POINT('',(0.405694280685,90.937683942751));
#2857 = CARTESIAN_POINT('',(0.403804014338,91.8249578923));
#2858 = CARTESIAN_POINT('',(0.400110395814,92.708254233446));
#2859 = CARTESIAN_POINT('',(0.394617554642,93.583966226281));
#2860 = CARTESIAN_POINT('',(0.387332716106,94.448228076202));
#2861 = CARTESIAN_POINT('',(0.37655915729,95.456249167912));
#2862 = CARTESIAN_POINT('',(0.374790655844,95.615258304983));
#2863 = CARTESIAN_POINT('',(0.372958958193,95.773695523912));
#2864 = CARTESIAN_POINT('',(0.371064056744,95.931534605221));
#2865 = CARTESIAN_POINT('',(0.369105929932,96.088748976095));
#2866 = CARTESIAN_POINT('',(0.364690502797,96.430737472133));
#2867 = CARTESIAN_POINT('',(0.362207726409,96.615249038915));
#2868 = CARTESIAN_POINT('',(0.359636154452,96.798801794935));
#2869 = CARTESIAN_POINT('',(0.356975690375,96.981349855193));
#2870 = CARTESIAN_POINT('',(0.35422619967,97.162846065471));
#2871 = CARTESIAN_POINT('',(0.347923873066,97.563352706191));
#2872 = CARTESIAN_POINT('',(0.344327438657,97.781824794232));
#2873 = CARTESIAN_POINT('',(0.340597892049,97.998570776548));
#2874 = CARTESIAN_POINT('',(0.336734814715,98.213498181566));
#2875 = CARTESIAN_POINT('',(0.332737684197,98.426509556065));
#2876 = CARTESIAN_POINT('',(0.323597143203,98.89327576637));
#2877 = CARTESIAN_POINT('',(0.318390625552,99.146075694642));
#2878 = CARTESIAN_POINT('',(0.312985046297,99.395727817083));
#2879 = CARTESIAN_POINT('',(0.307379004949,99.642034677213));
#2880 = CARTESIAN_POINT('',(0.301570975393,99.884775794973));
#2881 = CARTESIAN_POINT('',(0.288477305927,100.40517947782));
#2882 = CARTESIAN_POINT('',(0.281112665941,100.68136599198));
#2883 = CARTESIAN_POINT('',(0.273462272121,100.95188279637));
#2884 = CARTESIAN_POINT('',(0.265523041467,101.21628388733));
#2885 = CARTESIAN_POINT('',(0.257291842359,101.47406182886));
#2886 = CARTESIAN_POINT('',(0.238134844531,102.03707338317));
#2887 = CARTESIAN_POINT('',(0.227042782051,102.33839535004));
#2888 = CARTESIAN_POINT('',(0.215486140621,102.62738943335));
#2889 = CARTESIAN_POINT('',(0.203463302288,102.90268712249));
#2890 = CARTESIAN_POINT('',(0.190973819612,103.16277297177));
#2891 = CARTESIAN_POINT('',(0.168063679816,103.59284985598));
#2892 = CARTESIAN_POINT('',(0.157832555758,103.76978138855));
#2893 = CARTESIAN_POINT('',(0.147334062412,103.93584033085));
#2894 = CARTESIAN_POINT('',(0.136578396616,104.0901168483));
#2895 = CARTESIAN_POINT('',(0.125576592425,104.23172367673));
#2896 = CARTESIAN_POINT('',(9.637900452964E-02,104.5645166552));
#2897 = CARTESIAN_POINT('',(7.778378536707E-02,104.7350454196));
#2898 = CARTESIAN_POINT('',(5.869787242372E-02,104.86644890933));
#2899 = CARTESIAN_POINT('',(3.927042864207E-02,104.95537991681));
#2900 = CARTESIAN_POINT('',(1.965332704615E-02,105.));
#2901 = CARTESIAN_POINT('',(0.,105.));
#2902 = ( GEOMETRIC_REPRESENTATION_CONTEXT(2) 
PARAMETRIC_REPRESENTATION_CONTEXT() REPRESENTATION_CONTEXT('2D SPACE',''
  ) );
#2903 = PCURVE('',#2904,#2909);
#2904 = CYLINDRICAL_SURFACE('',#2905,15.);
#2905 = AXIS2_PLACEMENT_3D('',#2906,#2907,#2908);
#2906 = CARTESIAN_POINT('',(31.,0.,2.55E+03));
#2907 = DIRECTION('',(1.,0.,2.22044604925E-16));
#2908 = DIRECTION('',(2.22044604925E-16,0.,-1.));
#2909 = DEFINITIONAL_REPRESENTATION('',(#2910),#3003);
#2910 = B_SPLINE_CURVE_WITH_KNOTS('',6,(#2911,#2912,#2913,#2914,#2915,
    #2916,#2917,#2918,#2919,#2920,#2921,#2922,#2923,#2924,#2925,#2926,
    #2927,#2928,#2929,#2930,#2931,#2932,#2933,#2934,#2935,#2936,#2937,
    #2938,#2939,#2940,#2941,#2942,#2943,#2944,#2945,#2946,#2947,#2948,
    #2949,#2950,#2951,#2952,#2953,#2954,#2955,#2956,#2957,#2958,#2959,
    #2960,#2961,#2962,#2963,#2964,#2965,#2966,#2967,#2968,#2969,#2970,
    #2971,#2972,#2973,#2974,#2975,#2976,#2977,#2978,#2979,#2980,#2981,
    #2982,#2983,#2984,#2985,#2986,#2987,#2988,#2989,#2990,#2991,#2992,
    #2993,#2994,#2995,#2996,#2997,#2998,#2999,#3000,#3001,#3002),
  .UNSPECIFIED.,.F.,.F.,(7,5,5,5,5,5,5,5,5,5,5,5,5,5,5,5,5,5,7),(0.,
    7.737113598679E-02,0.125657874997,0.187572141763,0.237931229511,
    0.280470745465,0.315778351282,0.344748131672,0.369184848864,
    0.501219711383,0.630775610448,0.655138776849,0.683993399945,
    0.719200464523,0.761879752518,0.81215775185,0.874843306925,
    0.923007381319,1.),.UNSPECIFIED.);
#2911 = CARTESIAN_POINT('',(0.,7.));
#2912 = CARTESIAN_POINT('',(5.003380493188E-02,7.));
#2913 = CARTESIAN_POINT('',(9.99725576716E-02,6.982212832065));
#2914 = CARTESIAN_POINT('',(0.14961353514,6.946765090637));
#2915 = CARTESIAN_POINT('',(0.19875403036,6.894735912703));
#2916 = CARTESIAN_POINT('',(0.247171713465,6.828126089802));
#2917 = CARTESIAN_POINT('',(0.324204110939,6.700554261788));
#2918 = CARTESIAN_POINT('',(0.353457283531,6.646821811784));
#2919 = CARTESIAN_POINT('',(0.382360843726,6.588893086774));
#2920 = CARTESIAN_POINT('',(0.41091104417,6.527302350529));
#2921 = CARTESIAN_POINT('',(0.439101659262,6.462592769008));
#2922 = CARTESIAN_POINT('',(0.502597984469,6.309027231493));
#2923 = CARTESIAN_POINT('',(0.53767320472,6.218494153783));
#2924 = CARTESIAN_POINT('',(0.572184447114,6.124711796754));
#2925 = CARTESIAN_POINT('',(0.606161765263,6.028618108299));
#2926 = CARTESIAN_POINT('',(0.639632815173,5.931074298438));
#2927 = CARTESIAN_POINT('',(0.699460455011,5.752968691677));
#2928 = CARTESIAN_POINT('',(0.725984030761,5.67262010737));
#2929 = CARTESIAN_POINT('',(0.752216763016,5.592209997635));
#2930 = CARTESIAN_POINT('',(0.778177976128,5.512103900763));
#2931 = CARTESIAN_POINT('',(0.803886550391,5.432634791153));
#2932 = CARTESIAN_POINT('',(0.850881389185,5.287768195146));
#2933 = CARTESIAN_POINT('',(0.872234606006,5.222101737152));
#2934 = CARTESIAN_POINT('',(0.893432155287,5.157289155852));
#2935 = CARTESIAN_POINT('',(0.914484533912,5.09350164761));
#2936 = CARTESIAN_POINT('',(0.935402053361,5.030897626731));
#2937 = CARTESIAN_POINT('',(0.973452758306,4.918764834578));
#2938 = CARTESIAN_POINT('',(0.990624414213,4.868823855075));
#2939 = CARTESIAN_POINT('',(1.007715268117,4.819884327582));
#2940 = CARTESIAN_POINT('',(1.024730512005,4.772026332925));
#2941 = CARTESIAN_POINT('',(1.041675069155,4.725325492124));
#2942 = CARTESIAN_POINT('',(1.072402371208,4.642542900939));
#2943 = CARTESIAN_POINT('',(1.086206687378,4.606059827855));
#2944 = CARTESIAN_POINT('',(1.099969109469,4.570443133356));
#2945 = CARTESIAN_POINT('',(1.113692091841,4.53573034504));
#2946 = CARTESIAN_POINT('',(1.127377976391,4.501957131894));
#2947 = CARTESIAN_POINT('',(1.152543958039,4.441489848744));
#2948 = CARTESIAN_POINT('',(1.164034112642,4.414514997093));
#2949 = CARTESIAN_POINT('',(1.175500793848,4.388253056602));
#2950 = CARTESIAN_POINT('',(1.186945288577,4.362723395245));
#2951 = CARTESIAN_POINT('',(1.198368833189,4.337944441704));
#2952 = CARTESIAN_POINT('',(1.27138876885,4.184200346508));
#2953 = CARTESIAN_POINT('',(1.33245500397,4.076836633787));
#2954 = CARTESIAN_POINT('',(1.393121684301,3.994712807906));
#2955 = CARTESIAN_POINT('',(1.453529602631,3.939754605144));
#2956 = CARTESIAN_POINT('',(1.513818040989,3.912920744475));
#2957 = CARTESIAN_POINT('',(1.633308924591,3.91548753557));
#2958 = CARTESIAN_POINT('',(1.692474870879,3.943841073276));
#2959 = CARTESIAN_POINT('',(1.751762629655,3.999220384495));
#2960 = CARTESIAN_POINT('',(1.811304312495,4.080686048348));
#2961 = CARTESIAN_POINT('',(1.871233494607,4.186404108371));
#2962 = CARTESIAN_POINT('',(1.943062045248,4.337597114813));
#2963 = CARTESIAN_POINT('',(1.954451105294,4.362292514793));
#2964 = CARTESIAN_POINT('',(1.965860977504,4.387734316804));
#2965 = CARTESIAN_POINT('',(1.97729288673,4.413904265354));
#2966 = CARTESIAN_POINT('',(1.988748107764,4.44078317681));
#2967 = CARTESIAN_POINT('',(2.013824185054,4.501000940043));
#2968 = CARTESIAN_POINT('',(2.027454961164,4.534617178712));
#2969 = CARTESIAN_POINT('',(2.041122495403,4.569166267298));
#2970 = CARTESIAN_POINT('',(2.054829100142,4.604612988767));
#2971 = CARTESIAN_POINT('',(2.068577198382,4.640920297149));
#2972 = CARTESIAN_POINT('',(2.099197831519,4.72335241557));
#2973 = CARTESIAN_POINT('',(2.116091875544,4.769878752591));
#2974 = CARTESIAN_POINT('',(2.133056065573,4.817557850552));
#2975 = CARTESIAN_POINT('',(2.150095277057,4.866314827453));
#2976 = CARTESIAN_POINT('',(2.167214651157,4.916070397353));
#2977 = CARTESIAN_POINT('',(2.205276054979,5.028165466147));
#2978 = CARTESIAN_POINT('',(2.226257766196,5.090932625404));
#2979 = CARTESIAN_POINT('',(2.247374945297,5.15489552634));
#2980 = CARTESIAN_POINT('',(2.268637996221,5.21989441283));
#2981 = CARTESIAN_POINT('',(2.290057509938,5.285756594419));
#2982 = CARTESIAN_POINT('',(2.337074370722,5.430683195181));
#2983 = CARTESIAN_POINT('',(2.362736745591,5.51001045645));
#2984 = CARTESIAN_POINT('',(2.388650628567,5.589978115349));
#2985 = CARTESIAN_POINT('',(2.414834807002,5.670255203883));
#2986 = CARTESIAN_POINT('',(2.441308508589,5.750478433442));
#2987 = CARTESIAN_POINT('',(2.501485755577,5.929709150415));
#2988 = CARTESIAN_POINT('',(2.535369307506,6.028490628545));
#2989 = CARTESIAN_POINT('',(2.569771695552,6.125790874875));
#2990 = CARTESIAN_POINT('',(2.60472152485,6.220715795535));
#2991 = CARTESIAN_POINT('',(2.640249926735,6.312290762877));
#2992 = CARTESIAN_POINT('',(2.704163715103,6.46645345284));
#2993 = CARTESIAN_POINT('',(2.732301255763,6.530851698309));
#2994 = CARTESIAN_POINT('',(2.760796682949,6.592126522383));
#2995 = CARTESIAN_POINT('',(2.789643483235,6.649737939863));
#2996 = CARTESIAN_POINT('',(2.818837616727,6.703155441447));
#2997 = CARTESIAN_POINT('',(2.895598024404,6.829740910884));
#2998 = CARTESIAN_POINT('',(2.943793838527,6.895744855971));
#2999 = CARTESIAN_POINT('',(2.992703782806,6.947282248773));
#3000 = CARTESIAN_POINT('',(3.042107580536,6.982386866877));
#3001 = CARTESIAN_POINT('',(3.091804225073,7.));
#3002 = CARTESIAN_POINT('',(3.14159265359,7.));
#3003 = ( GEOMETRIC_REPRESENTATION_CONTEXT(2) 
PARAMETRIC_REPRESENTATION_CONTEXT() REPRESENTATION_CONTEXT('2D SPACE',''
  ) );
#3004 = ORIENTED_EDGE('',*,*,#3005,.F.);
#3005 = EDGE_CURVE('',#3006,#2711,#3008,.T.);
#3006 = VERTEX_POINT('',#3007);
#3007 = CARTESIAN_POINT('',(38.,-9.30731567352E-15,2.46E+03));
#3008 = SEAM_CURVE('',#3009,(#3013,#3020),.PCURVE_S1.);
#3009 = LINE('',#3010,#3011);
#3010 = CARTESIAN_POINT('',(38.,-9.30731567352E-15,2.46E+03));
#3011 = VECTOR('',#3012,1.);
#3012 = DIRECTION('',(0.,0.,1.));
#3013 = PCURVE('',#2663,#3014);
#3014 = DEFINITIONAL_REPRESENTATION('',(#3015),#3019);
#3015 = LINE('',#3016,#3017);
#3016 = CARTESIAN_POINT('',(6.28318530718,-0.));
#3017 = VECTOR('',#3018,1.);
#3018 = DIRECTION('',(0.,1.));
#3019 = ( GEOMETRIC_REPRESENTATION_CONTEXT(2) 
PARAMETRIC_REPRESENTATION_CONTEXT() REPRESENTATION_CONTEXT('2D SPACE',''
  ) );
#3020 = PCURVE('',#2663,#3021);
#3021 = DEFINITIONAL_REPRESENTATION('',(#3022),#3026);
#3022 = LINE('',#3023,#3024);
#3023 = CARTESIAN_POINT('',(0.,-0.));
#3024 = VECTOR('',#3025,1.);
#3025 = DIRECTION('',(0.,1.));
#3026 = ( GEOMETRIC_REPRESENTATION_CONTEXT(2) 
PARAMETRIC_REPRESENTATION_CONTEXT() REPRESENTATION_CONTEXT('2D SPACE',''
  ) );
#3027 = ORIENTED_EDGE('',*,*,#3028,.T.);
#3028 = EDGE_CURVE('',#3006,#3006,#3029,.T.);
#3029 = SURFACE_CURVE('',#3030,(#3035,#3042),.PCURVE_S1.);
#3030 = CIRCLE('',#3031,38.);
#3031 = AXIS2_PLACEMENT_3D('',#3032,#3033,#3034);
#3032 = CARTESIAN_POINT('',(0.,0.,2.46E+03));
#3033 = DIRECTION('',(0.,0.,1.));
#3034 = DIRECTION('',(1.,0.,-0.));
#3035 = PCURVE('',#2663,#3036);
#3036 = DEFINITIONAL_REPRESENTATION('',(#3037),#3041);
#3037 = LINE('',#3038,#3039);
#3038 = CARTESIAN_POINT('',(0.,0.));
#3039 = VECTOR('',#3040,1.);
#3040 = DIRECTION('',(1.,0.));
#3041 = ( GEOMETRIC_REPRESENTATION_CONTEXT(2) 
PARAMETRIC_REPRESENTATION_CONTEXT() REPRESENTATION_CONTEXT('2D SPACE',''
  ) );
#3042 = PCURVE('',#3043,#3048);
#3043 = CONICAL_SURFACE('',#3044,12.,0.714090698612);
#3044 = AXIS2_PLACEMENT_3D('',#3045,#3046,#3047);
#3045 = CARTESIAN_POINT('',(0.,0.,2.43E+03));
#3046 = DIRECTION('',(0.,0.,1.));
#3047 = DIRECTION('',(1.,0.,-0.));
#3048 = DEFINITIONAL_REPRESENTATION('',(#3049),#3052);
#3049 = B_SPLINE_CURVE_WITH_KNOTS('',1,(#3050,#3051),.UNSPECIFIED.,.F.,
  .F.,(2,2),(0.,6.28318530718),.PIECEWISE_BEZIER_KNOTS.);
#3050 = CARTESIAN_POINT('',(0.,30.));
#3051 = CARTESIAN_POINT('',(6.28318530718,30.));
#3052 = ( GEOMETRIC_REPRESENTATION_CONTEXT(2) 
PARAMETRIC_REPRESENTATION_CONTEXT() REPRESENTATION_CONTEXT('2D SPACE',''
  ) );
#3053 = ORIENTED_EDGE('',*,*,#3005,.T.);
#3054 = ORIENTED_EDGE('',*,*,#3055,.F.);
#3055 = EDGE_CURVE('',#2653,#2711,#3056,.T.);
#3056 = SURFACE_CURVE('',#3057,(#3150,#3246),.PCURVE_S1.);
#3057 = B_SPLINE_CURVE_WITH_KNOTS('',6,(#3058,#3059,#3060,#3061,#3062,
    #3063,#3064,#3065,#3066,#3067,#3068,#3069,#3070,#3071,#3072,#3073,
    #3074,#3075,#3076,#3077,#3078,#3079,#3080,#3081,#3082,#3083,#3084,
    #3085,#3086,#3087,#3088,#3089,#3090,#3091,#3092,#3093,#3094,#3095,
    #3096,#3097,#3098,#3099,#3100,#3101,#3102,#3103,#3104,#3105,#3106,
    #3107,#3108,#3109,#3110,#3111,#3112,#3113,#3114,#3115,#3116,#3117,
    #3118,#3119,#3120,#3121,#3122,#3123,#3124,#3125,#3126,#3127,#3128,
    #3129,#3130,#3131,#3132,#3133,#3134,#3135,#3136,#3137,#3138,#3139,
    #3140,#3141,#3142,#3143,#3144,#3145,#3146,#3147,#3148,#3149),
  .UNSPECIFIED.,.F.,.F.,(7,5,5,5,5,5,5,5,5,5,5,5,5,5,5,5,5,5,7),(0.,
    7.737113599598E-02,0.125657875011,0.187572141786,0.237931229543,
    0.280470745504,0.315778351328,0.344748131723,0.369184848919,
    0.50121971146,0.630775610546,0.65513877695,0.68399340005,
    0.719200464633,0.761879752634,0.812157751973,0.874843307053,
    0.923007381441,1.),.UNSPECIFIED.);
#3058 = CARTESIAN_POINT('',(38.,-1.7763568394E-15,2.565E+03));
#3059 = CARTESIAN_POINT('',(38.,-0.750507073977,2.565E+03));
#3060 = CARTESIAN_POINT('',(37.982212832065,-1.499588430135,
    2.564954939018E+03));
#3061 = CARTESIAN_POINT('',(37.946765090638,-2.240820885327,
    2.564865138806E+03));
#3062 = CARTESIAN_POINT('',(37.894735912703,-2.967848171029,
    2.564732472692E+03));
#3063 = CARTESIAN_POINT('',(37.828126089802,-3.674582185984,
    2.564560344403E+03));
#3064 = CARTESIAN_POINT('',(37.700554261789,-4.780286994936,
    2.564224837795E+03));
#3065 = CARTESIAN_POINT('',(37.646821811784,-5.195600395292,
    2.564082335837E+03));
#3066 = CARTESIAN_POINT('',(37.588893086773,-5.600848011867,
    2.563927132803E+03));
#3067 = CARTESIAN_POINT('',(37.527302350529,-5.995595619776,
    2.56376012172E+03));
#3068 = CARTESIAN_POINT('',(37.462592769009,-6.379462843454,
    2.563582217058E+03));
#3069 = CARTESIAN_POINT('',(37.309027231489,-7.229955379512,
    2.563153482068E+03));
#3070 = CARTESIAN_POINT('',(37.218494153784,-7.689453769182,
    2.562896194917E+03));
#3071 = CARTESIAN_POINT('',(37.124711796758,-8.130641071388,
    2.562624097729E+03));
#3072 = CARTESIAN_POINT('',(37.0286181083,-8.55361154215,
    2.562338648648E+03));
#3073 = CARTESIAN_POINT('',(36.931074298434,-8.95852896799,
    2.562041165771E+03));
#3074 = CARTESIAN_POINT('',(36.752968691677,-9.660476480944,
    2.561482039087E+03));
#3075 = CARTESIAN_POINT('',(36.67262010737,-9.963597142426,
    2.561224020957E+03));
#3076 = CARTESIAN_POINT('',(36.592209997635,-10.25517266029,
    2.560959347943E+03));
#3077 = CARTESIAN_POINT('',(36.512103900763,-10.53539016134,
    2.56068853088E+03));
#3078 = CARTESIAN_POINT('',(36.432634791153,-10.80443839679,
    2.560412018707E+03));
#3079 = CARTESIAN_POINT('',(36.287768195146,-11.28050543317,
    2.559892137929E+03));
#3080 = CARTESIAN_POINT('',(36.222101737152,-11.49066967763,
    2.559650289024E+03));
#3081 = CARTESIAN_POINT('',(36.157289155852,-11.69310701133,
    2.559404892995E+03));
#3082 = CARTESIAN_POINT('',(36.09350164761,-11.88791901266,
    2.55915616848E+03));
#3083 = CARTESIAN_POINT('',(36.030897626731,-12.07520251604,
    2.558904311354E+03));
#3084 = CARTESIAN_POINT('',(35.918764834578,-12.40432188778,
    2.558437998077E+03));
#3085 = CARTESIAN_POINT('',(35.868823855075,-12.54846804091,
    2.55822446753E+03));
#3086 = CARTESIAN_POINT('',(35.819884327582,-12.68753739663,
    2.558009006577E+03));
#3087 = CARTESIAN_POINT('',(35.772026332924,-12.82157488073,
    2.557791713647E+03));
#3088 = CARTESIAN_POINT('',(35.725325492124,-12.95062101942,
    2.557572682104E+03));
#3089 = CARTESIAN_POINT('',(35.642542900939,-13.17652815186,
    2.557170931481E+03));
#3090 = CARTESIAN_POINT('',(35.606059827855,-13.27500840592,
    2.556988752079E+03));
#3091 = CARTESIAN_POINT('',(35.570443133356,-13.37017260684,
    2.556805511088E+03));
#3092 = CARTESIAN_POINT('',(35.53573034504,-13.46203884696,
    2.556621256256E+03));
#3093 = CARTESIAN_POINT('',(35.501957131894,-13.55062340569,
    2.556436034037E+03));
#3094 = CARTESIAN_POINT('',(35.441489848744,-13.70790801239,
    2.556092872202E+03));
#3095 = CARTESIAN_POINT('',(35.414514997093,-13.77755055971,
    2.555935198726E+03));
#3096 = CARTESIAN_POINT('',(35.388253056602,-13.84487707719,
    2.555776896337E+03));
#3097 = CARTESIAN_POINT('',(35.362723395245,-13.9098954689,
    2.555617991853E+03));
#3098 = CARTESIAN_POINT('',(35.337944441704,-13.9726128572,
    2.555458511733E+03));
#3099 = CARTESIAN_POINT('',(35.184200346511,-14.35950767765,
    2.554433820378E+03));
#3100 = CARTESIAN_POINT('',(35.076836633786,-14.61913347138,
    2.553552736798E+03));
#3101 = CARTESIAN_POINT('',(34.994712807905,-14.81261839837,
    2.55265983656E+03));
#3102 = CARTESIAN_POINT('',(34.939754605145,-14.94047213753,
    2.551759208948E+03));
#3103 = CARTESIAN_POINT('',(34.912920744475,-15.00293224213,
    2.550854669354E+03));
#3104 = CARTESIAN_POINT('',(34.91548753557,-14.99695770898,
    2.549062316057E+03));
#3105 = CARTESIAN_POINT('',(34.943841073277,-14.93096039579,
    2.548175042108E+03));
#3106 = CARTESIAN_POINT('',(34.999220384492,-14.80199008221,
    2.547291745767E+03));
#3107 = CARTESIAN_POINT('',(35.080686048353,-14.60981361373,
    2.546416033774E+03));
#3108 = CARTESIAN_POINT('',(35.186404108368,-14.35394408738,
    2.545551771924E+03));
#3109 = CARTESIAN_POINT('',(35.337597114813,-13.97349023569,
    2.544543750832E+03));
#3110 = CARTESIAN_POINT('',(35.362292514793,-13.91098899931,
    2.544384741695E+03));
#3111 = CARTESIAN_POINT('',(35.387734316804,-13.84620059976,
    2.544226304476E+03));
#3112 = CARTESIAN_POINT('',(35.413904265354,-13.77911798501,
    2.544068465395E+03));
#3113 = CARTESIAN_POINT('',(35.44078317681,-13.70973333111,
    2.543911251024E+03));
#3114 = CARTESIAN_POINT('',(35.501000940043,-13.55312541196,
    2.543569262528E+03));
#3115 = CARTESIAN_POINT('',(35.534617178712,-13.464971641,
    2.543384750961E+03));
#3116 = CARTESIAN_POINT('',(35.569166267298,-13.37356245421,
    2.543201198205E+03));
#3117 = CARTESIAN_POINT('',(35.604612988767,-13.27888179356,
    2.543018650145E+03));
#3118 = CARTESIAN_POINT('',(35.640920297149,-13.18091181803,
    2.542837153935E+03));
#3119 = CARTESIAN_POINT('',(35.723352415569,-12.95605709864,
    2.542436647294E+03));
#3120 = CARTESIAN_POINT('',(35.769878752591,-12.82755507364,
    2.542218175206E+03));
#3121 = CARTESIAN_POINT('',(35.817557850551,-12.69409109487,
    2.542001429223E+03));
#3122 = CARTESIAN_POINT('',(35.866314827453,-12.55562507856,
    2.541786501818E+03));
#3123 = CARTESIAN_POINT('',(35.916070397352,-12.41211259095,
    2.541573490444E+03));
#3124 = CARTESIAN_POINT('',(36.028165466147,-12.08335712161,
    2.541106724234E+03));
#3125 = CARTESIAN_POINT('',(36.090932625404,-11.89572660353,
    2.540853924305E+03));
#3126 = CARTESIAN_POINT('',(36.15489552634,-11.70052048078,
    2.540604272183E+03));
#3127 = CARTESIAN_POINT('',(36.21989441283,-11.49764112251,
    2.540357965323E+03));
#3128 = CARTESIAN_POINT('',(36.285756594419,-11.28698608028,
    2.540115224205E+03));
#3129 = CARTESIAN_POINT('',(36.43068319518,-10.8110011263,
    2.539594820522E+03));
#3130 = CARTESIAN_POINT('',(36.51001045645,-10.54261337661,
    2.539318634008E+03));
#3131 = CARTESIAN_POINT('',(36.589978115349,-10.26309524475,
    2.539048117204E+03));
#3132 = CARTESIAN_POINT('',(36.670255203883,-9.972258883069,
    2.538783716113E+03));
#3133 = CARTESIAN_POINT('',(36.750478433442,-9.669917975699,
    2.538525938171E+03));
#3134 = CARTESIAN_POINT('',(36.92970915041,-8.964360942522,
    2.537962926617E+03));
#3135 = CARTESIAN_POINT('',(37.028490628546,-8.554568723009,
    2.53766160465E+03));
#3136 = CARTESIAN_POINT('',(37.125790874879,-8.126270352039,
    2.537372610567E+03));
#3137 = CARTESIAN_POINT('',(37.220715795535,-7.679296745756,
    2.537097312878E+03));
#3138 = CARTESIAN_POINT('',(37.312290762873,-7.213552090188,
    2.536837227028E+03));
#3139 = CARTESIAN_POINT('',(37.466453452826,-6.356725006777,
    2.536407150144E+03));
#3140 = CARTESIAN_POINT('',(37.530851698315,-5.973286287033,
    2.536230218611E+03));
#3141 = CARTESIAN_POINT('',(37.592126522394,-5.579030819584,
    2.536064159669E+03));
#3142 = CARTESIAN_POINT('',(37.649737939863,-5.174343128392,
    2.535909883152E+03));
#3143 = CARTESIAN_POINT('',(37.703155441436,-4.759661239169,
    2.535768276323E+03));
#3144 = CARTESIAN_POINT('',(37.82974091079,-3.657397716277,
    2.535435483345E+03));
#3145 = CARTESIAN_POINT('',(37.895744856032,-2.953715141742,
    2.53526495458E+03));
#3146 = CARTESIAN_POINT('',(37.947282248823,-2.230000445471,
    2.535133551091E+03));
#3147 = CARTESIAN_POINT('',(37.982386866838,-1.492276156714,
    2.535044620083E+03));
#3148 = CARTESIAN_POINT('',(38.,-0.746826428577,2.535E+03));
#3149 = CARTESIAN_POINT('',(38.,-7.105427357601E-15,2.535E+03));
#3150 = PCURVE('',#2663,#3151);
#3151 = DEFINITIONAL_REPRESENTATION('',(#3152),#3245);
#3152 = B_SPLINE_CURVE_WITH_KNOTS('',6,(#3153,#3154,#3155,#3156,#3157,
    #3158,#3159,#3160,#3161,#3162,#3163,#3164,#3165,#3166,#3167,#3168,
    #3169,#3170,#3171,#3172,#3173,#3174,#3175,#3176,#3177,#3178,#3179,
    #3180,#3181,#3182,#3183,#3184,#3185,#3186,#3187,#3188,#3189,#3190,
    #3191,#3192,#3193,#3194,#3195,#3196,#3197,#3198,#3199,#3200,#3201,
    #3202,#3203,#3204,#3205,#3206,#3207,#3208,#3209,#3210,#3211,#3212,
    #3213,#3214,#3215,#3216,#3217,#3218,#3219,#3220,#3221,#3222,#3223,
    #3224,#3225,#3226,#3227,#3228,#3229,#3230,#3231,#3232,#3233,#3234,
    #3235,#3236,#3237,#3238,#3239,#3240,#3241,#3242,#3243,#3244),
  .UNSPECIFIED.,.F.,.F.,(7,5,5,5,5,5,5,5,5,5,5,5,5,5,5,5,5,5,7),(0.,
    7.737113599598E-02,0.125657875011,0.187572141786,0.237931229543,
    0.280470745504,0.315778351328,0.344748131723,0.369184848919,
    0.50121971146,0.630775610546,0.65513877695,0.68399340005,
    0.719200464633,0.761879752634,0.812157751973,0.874843307053,
    0.923007381441,1.),.UNSPECIFIED.);
#3153 = CARTESIAN_POINT('',(6.28318530718,105.));
#3154 = CARTESIAN_POINT('',(6.263435121022,105.));
#3155 = CARTESIAN_POINT('',(6.243722450087,104.9549390181));
#3156 = CARTESIAN_POINT('',(6.224202483965,104.86513880609));
#3157 = CARTESIAN_POINT('',(6.205028798345,104.73247269229));
#3158 = CARTESIAN_POINT('',(6.18635218678,104.56034440276));
#3159 = CARTESIAN_POINT('',(6.157061664552,104.22483779468));
#3160 = CARTESIAN_POINT('',(6.146042322831,104.08233583697));
#3161 = CARTESIAN_POINT('',(6.135270896802,103.92713280253));
#3162 = CARTESIAN_POINT('',(6.124758331985,103.76012172049));
#3163 = CARTESIAN_POINT('',(6.114514730582,103.58221705813));
#3164 = CARTESIAN_POINT('',(6.091771433372,103.15348206773));
#3165 = CARTESIAN_POINT('',(6.079448460205,102.89619491658));
#3166 = CARTESIAN_POINT('',(6.067580741688,102.62409772896));
#3167 = CARTESIAN_POINT('',(6.056167802449,102.33864864816));
#3168 = CARTESIAN_POINT('',(6.045208056727,102.04116577142));
#3169 = CARTESIAN_POINT('',(6.026150411303,101.48203908725));
#3170 = CARTESIAN_POINT('',(6.017898535926,101.22402095723));
#3171 = CARTESIAN_POINT('',(6.009939627556,100.95934794266));
#3172 = CARTESIAN_POINT('',(6.00227054026,100.68853087997));
#3173 = CARTESIAN_POINT('',(5.994888175467,100.41201870749));
#3174 = CARTESIAN_POINT('',(5.981792899369,99.892137929475));
#3175 = CARTESIAN_POINT('',(5.975998732808,99.650289024158));
#3176 = CARTESIAN_POINT('',(5.970405263361,99.40489299468));
#3177 = CARTESIAN_POINT('',(5.965010976151,99.156168479951));
#3178 = CARTESIAN_POINT('',(5.959814480217,98.904311353969));
#3179 = CARTESIAN_POINT('',(5.950664554619,98.437998077094));
#3180 = CARTESIAN_POINT('',(5.946650071028,98.224467530315));
#3181 = CARTESIAN_POINT('',(5.942770422897,98.009006577248));
#3182 = CARTESIAN_POINT('',(5.939025080577,97.791713646585));
#3183 = CARTESIAN_POINT('',(5.935413619617,97.572682103946));
#3184 = CARTESIAN_POINT('',(5.929082115599,97.170931480923));
#3185 = CARTESIAN_POINT('',(5.926318426288,96.988752078968));
#3186 = CARTESIAN_POINT('',(5.923644477266,96.805511088091));
#3187 = CARTESIAN_POINT('',(5.921060131596,96.621256256132));
#3188 = CARTESIAN_POINT('',(5.918565290963,96.436034036694));
#3189 = CARTESIAN_POINT('',(5.914130886014,96.092872202041));
#3190 = CARTESIAN_POINT('',(5.912165518844,95.935198725917));
#3191 = CARTESIAN_POINT('',(5.910263758068,95.776896336922));
#3192 = CARTESIAN_POINT('',(5.908425581751,95.617991852816));
#3193 = CARTESIAN_POINT('',(5.906650982117,95.458511732966));
#3194 = CARTESIAN_POINT('',(5.895695113425,94.43382037761));
#3195 = CARTESIAN_POINT('',(5.888302422219,93.552736798362));
#3196 = CARTESIAN_POINT('',(5.882771107818,92.65983656041));
#3197 = CARTESIAN_POINT('',(5.87910886087,91.759208947657));
#3198 = CARTESIAN_POINT('',(5.877319906138,90.854669353729));
#3199 = CARTESIAN_POINT('',(5.877491026495,89.062316057234));
#3200 = CARTESIAN_POINT('',(5.879381292842,88.175042107728));
#3201 = CARTESIAN_POINT('',(5.883074911366,87.291745766552));
#3202 = CARTESIAN_POINT('',(5.888567752538,86.416033773692));
#3203 = CARTESIAN_POINT('',(5.895852591073,85.551771923817));
#3204 = CARTESIAN_POINT('',(5.90662614989,84.543750832089));
#3205 = CARTESIAN_POINT('',(5.908394651335,84.384741695017));
#3206 = CARTESIAN_POINT('',(5.910226348987,84.226304476089));
#3207 = CARTESIAN_POINT('',(5.912121250436,84.06846539478));
#3208 = CARTESIAN_POINT('',(5.914079377248,83.911251023905));
#3209 = CARTESIAN_POINT('',(5.918494804382,83.569262527868));
#3210 = CARTESIAN_POINT('',(5.92097758077,83.384750961086));
#3211 = CARTESIAN_POINT('',(5.923549152727,83.201198205066));
#3212 = CARTESIAN_POINT('',(5.926209616805,83.018650144808));
#3213 = CARTESIAN_POINT('',(5.928959107509,82.83715393453));
#3214 = CARTESIAN_POINT('',(5.935261434113,82.43664729381));
#3215 = CARTESIAN_POINT('',(5.938857868523,82.218175205769));
#3216 = CARTESIAN_POINT('',(5.94258741513,82.001429223453));
#3217 = CARTESIAN_POINT('',(5.946450492465,81.786501818435));
#3218 = CARTESIAN_POINT('',(5.950447622982,81.573490443936));
#3219 = CARTESIAN_POINT('',(5.959588163976,81.106724233631));
#3220 = CARTESIAN_POINT('',(5.964794681628,80.853924305359));
#3221 = CARTESIAN_POINT('',(5.970200260883,80.604272182917));
#3222 = CARTESIAN_POINT('',(5.97580630223,80.357965322787));
#3223 = CARTESIAN_POINT('',(5.981614331787,80.115224205028));
#3224 = CARTESIAN_POINT('',(5.994708001253,79.59482052218));
#3225 = CARTESIAN_POINT('',(6.002072641239,79.318634008019));
#3226 = CARTESIAN_POINT('',(6.009723035058,79.048117203622));
#3227 = CARTESIAN_POINT('',(6.017662265712,78.783716112668));
#3228 = CARTESIAN_POINT('',(6.02589346482,78.525938171132));
#3229 = CARTESIAN_POINT('',(6.045050462648,77.962926616844));
#3230 = CARTESIAN_POINT('',(6.056142525129,77.661604649949));
#3231 = CARTESIAN_POINT('',(6.06769916656,77.372610566631));
#3232 = CARTESIAN_POINT('',(6.079722004892,77.097312877508));
#3233 = CARTESIAN_POINT('',(6.092211487567,76.83722702824));
#3234 = CARTESIAN_POINT('',(6.115121627362,76.407150144056));
#3235 = CARTESIAN_POINT('',(6.125352751422,76.230218611427));
#3236 = CARTESIAN_POINT('',(6.13585124477,76.064159669116));
#3237 = CARTESIAN_POINT('',(6.146606910564,75.909883151698));
#3238 = CARTESIAN_POINT('',(6.157608714752,75.768276323298));
#3239 = CARTESIAN_POINT('',(6.186806302628,75.43548334504));
#3240 = CARTESIAN_POINT('',(6.205401521818,75.264954580232));
#3241 = CARTESIAN_POINT('',(6.224487434777,75.133551090545));
#3242 = CARTESIAN_POINT('',(6.243914878543,75.044620083279));
#3243 = CARTESIAN_POINT('',(6.263531980112,75.));
#3244 = CARTESIAN_POINT('',(6.28318530718,75.));
#3245 = ( GEOMETRIC_REPRESENTATION_CONTEXT(2) 
PARAMETRIC_REPRESENTATION_CONTEXT() REPRESENTATION_CONTEXT('2D SPACE',''
  ) );
#3246 = PCURVE('',#2904,#3247);
#3247 = DEFINITIONAL_REPRESENTATION('',(#3248),#3341);
#3248 = B_SPLINE_CURVE_WITH_KNOTS('',6,(#3249,#3250,#3251,#3252,#3253,
    #3254,#3255,#3256,#3257,#3258,#3259,#3260,#3261,#3262,#3263,#3264,
    #3265,#3266,#3267,#3268,#3269,#3270,#3271,#3272,#3273,#3274,#3275,
    #3276,#3277,#3278,#3279,#3280,#3281,#3282,#3283,#3284,#3285,#3286,
    #3287,#3288,#3289,#3290,#3291,#3292,#3293,#3294,#3295,#3296,#3297,
    #3298,#3299,#3300,#3301,#3302,#3303,#3304,#3305,#3306,#3307,#3308,
    #3309,#3310,#3311,#3312,#3313,#3314,#3315,#3316,#3317,#3318,#3319,
    #3320,#3321,#3322,#3323,#3324,#3325,#3326,#3327,#3328,#3329,#3330,
    #3331,#3332,#3333,#3334,#3335,#3336,#3337,#3338,#3339,#3340),
  .UNSPECIFIED.,.F.,.F.,(7,5,5,5,5,5,5,5,5,5,5,5,5,5,5,5,5,5,7),(0.,
    7.737113599598E-02,0.125657875011,0.187572141786,0.237931229543,
    0.280470745504,0.315778351328,0.344748131723,0.369184848919,
    0.50121971146,0.630775610546,0.65513877695,0.68399340005,
    0.719200464633,0.761879752634,0.812157751973,0.874843307053,
    0.923007381441,1.),.UNSPECIFIED.);
#3249 = CARTESIAN_POINT('',(3.14159265359,7.));
#3250 = CARTESIAN_POINT('',(3.191626458522,7.));
#3251 = CARTESIAN_POINT('',(3.241565211261,6.982212832065));
#3252 = CARTESIAN_POINT('',(3.291206188729,6.946765090637));
#3253 = CARTESIAN_POINT('',(3.34034668395,6.894735912703));
#3254 = CARTESIAN_POINT('',(3.388764367055,6.828126089802));
#3255 = CARTESIAN_POINT('',(3.465796764529,6.700554261789));
#3256 = CARTESIAN_POINT('',(3.495049937121,6.646821811784));
#3257 = CARTESIAN_POINT('',(3.523953497316,6.588893086773));
#3258 = CARTESIAN_POINT('',(3.55250369776,6.527302350529));
#3259 = CARTESIAN_POINT('',(3.580694312851,6.462592769009));
#3260 = CARTESIAN_POINT('',(3.64419063806,6.309027231489));
#3261 = CARTESIAN_POINT('',(3.679265858309,6.218494153784));
#3262 = CARTESIAN_POINT('',(3.713777100702,6.124711796758));
#3263 = CARTESIAN_POINT('',(3.747754418852,6.0286181083));
#3264 = CARTESIAN_POINT('',(3.781225468764,5.931074298434));
#3265 = CARTESIAN_POINT('',(3.841053108601,5.752968691677));
#3266 = CARTESIAN_POINT('',(3.867576684351,5.67262010737));
#3267 = CARTESIAN_POINT('',(3.893809416606,5.592209997635));
#3268 = CARTESIAN_POINT('',(3.919770629718,5.512103900763));
#3269 = CARTESIAN_POINT('',(3.945479203981,5.432634791153));
#3270 = CARTESIAN_POINT('',(3.992474042775,5.287768195146));
#3271 = CARTESIAN_POINT('',(4.013827259596,5.222101737152));
#3272 = CARTESIAN_POINT('',(4.035024808876,5.157289155852));
#3273 = CARTESIAN_POINT('',(4.056077187502,5.09350164761));
#3274 = CARTESIAN_POINT('',(4.07699470695,5.030897626731));
#3275 = CARTESIAN_POINT('',(4.115045411896,4.918764834578));
#3276 = CARTESIAN_POINT('',(4.132217067803,4.868823855075));
#3277 = CARTESIAN_POINT('',(4.149307921707,4.819884327582));
#3278 = CARTESIAN_POINT('',(4.166323165595,4.772026332924));
#3279 = CARTESIAN_POINT('',(4.183267722744,4.725325492124));
#3280 = CARTESIAN_POINT('',(4.213995024798,4.642542900939));
#3281 = CARTESIAN_POINT('',(4.227799340968,4.606059827855));
#3282 = CARTESIAN_POINT('',(4.241561763059,4.570443133356));
#3283 = CARTESIAN_POINT('',(4.25528474543,4.53573034504));
#3284 = CARTESIAN_POINT('',(4.268970629981,4.501957131894));
#3285 = CARTESIAN_POINT('',(4.294136611629,4.441489848744));
#3286 = CARTESIAN_POINT('',(4.305626766232,4.414514997093));
#3287 = CARTESIAN_POINT('',(4.317093447437,4.388253056602));
#3288 = CARTESIAN_POINT('',(4.328537942167,4.362723395245));
#3289 = CARTESIAN_POINT('',(4.339961486779,4.337944441704));
#3290 = CARTESIAN_POINT('',(4.412981422438,4.184200346511));
#3291 = CARTESIAN_POINT('',(4.474047657561,4.076836633786));
#3292 = CARTESIAN_POINT('',(4.534714337892,3.994712807905));
#3293 = CARTESIAN_POINT('',(4.595122256222,3.939754605145));
#3294 = CARTESIAN_POINT('',(4.655410694578,3.912920744475));
#3295 = CARTESIAN_POINT('',(4.774901578182,3.91548753557));
#3296 = CARTESIAN_POINT('',(4.834067524467,3.943841073277));
#3297 = CARTESIAN_POINT('',(4.893355283245,3.999220384492));
#3298 = CARTESIAN_POINT('',(4.952896966087,4.080686048353));
#3299 = CARTESIAN_POINT('',(5.012826148196,4.186404108368));
#3300 = CARTESIAN_POINT('',(5.084654698837,4.337597114813));
#3301 = CARTESIAN_POINT('',(5.096043758884,4.362292514793));
#3302 = CARTESIAN_POINT('',(5.107453631094,4.387734316804));
#3303 = CARTESIAN_POINT('',(5.11888554032,4.413904265354));
#3304 = CARTESIAN_POINT('',(5.130340761354,4.44078317681));
#3305 = CARTESIAN_POINT('',(5.155416838644,4.501000940043));
#3306 = CARTESIAN_POINT('',(5.169047614754,4.534617178712));
#3307 = CARTESIAN_POINT('',(5.182715148993,4.569166267298));
#3308 = CARTESIAN_POINT('',(5.196421753731,4.604612988767));
#3309 = CARTESIAN_POINT('',(5.210169851971,4.640920297149));
#3310 = CARTESIAN_POINT('',(5.240790485109,4.723352415569));
#3311 = CARTESIAN_POINT('',(5.257684529134,4.769878752591));
#3312 = CARTESIAN_POINT('',(5.274648719163,4.817557850551));
#3313 = CARTESIAN_POINT('',(5.291687930647,4.866314827453));
#3314 = CARTESIAN_POINT('',(5.308807304747,4.916070397352));
#3315 = CARTESIAN_POINT('',(5.346868708569,5.028165466147));
#3316 = CARTESIAN_POINT('',(5.367850419786,5.090932625404));
#3317 = CARTESIAN_POINT('',(5.388967598887,5.15489552634));
#3318 = CARTESIAN_POINT('',(5.410230649811,5.21989441283));
#3319 = CARTESIAN_POINT('',(5.431650163528,5.285756594419));
#3320 = CARTESIAN_POINT('',(5.478667024311,5.43068319518));
#3321 = CARTESIAN_POINT('',(5.504329399181,5.51001045645));
#3322 = CARTESIAN_POINT('',(5.530243282156,5.589978115349));
#3323 = CARTESIAN_POINT('',(5.556427460592,5.670255203883));
#3324 = CARTESIAN_POINT('',(5.582901162179,5.750478433442));
#3325 = CARTESIAN_POINT('',(5.643078409165,5.92970915041));
#3326 = CARTESIAN_POINT('',(5.676961961096,6.028490628546));
#3327 = CARTESIAN_POINT('',(5.711364349143,6.125790874879));
#3328 = CARTESIAN_POINT('',(5.74631417844,6.220715795535));
#3329 = CARTESIAN_POINT('',(5.781842580323,6.312290762873));
#3330 = CARTESIAN_POINT('',(5.845756368687,6.466453452826));
#3331 = CARTESIAN_POINT('',(5.873893909355,6.530851698315));
#3332 = CARTESIAN_POINT('',(5.902389336545,6.592126522394));
#3333 = CARTESIAN_POINT('',(5.931236136826,6.649737939863));
#3334 = CARTESIAN_POINT('',(5.960430270311,6.703155441436));
#3335 = CARTESIAN_POINT('',(6.037190677937,6.82974091079));
#3336 = CARTESIAN_POINT('',(6.085386492134,6.895744856032));
#3337 = CARTESIAN_POINT('',(6.13429643645,6.947282248823));
#3338 = CARTESIAN_POINT('',(6.183700234141,6.982386866838));
#3339 = CARTESIAN_POINT('',(6.233396878608,7.));
#3340 = CARTESIAN_POINT('',(6.28318530718,7.));
#3341 = ( GEOMETRIC_REPRESENTATION_CONTEXT(2) 
PARAMETRIC_REPRESENTATION_CONTEXT() REPRESENTATION_CONTEXT('2D SPACE',''
  ) );
#3342 = ADVANCED_FACE('',(#3343),#2904,.F.);
#3343 = FACE_BOUND('',#3344,.F.);
#3344 = EDGE_LOOP('',(#3345,#3346,#3369,#3396,#3397));
#3345 = ORIENTED_EDGE('',*,*,#2710,.F.);
#3346 = ORIENTED_EDGE('',*,*,#3347,.F.);
#3347 = EDGE_CURVE('',#3348,#2711,#3350,.T.);
#3348 = VERTEX_POINT('',#3349);
#3349 = CARTESIAN_POINT('',(31.,-3.673940397442E-15,2.535E+03));
#3350 = SEAM_CURVE('',#3351,(#3355,#3362),.PCURVE_S1.);
#3351 = LINE('',#3352,#3353);
#3352 = CARTESIAN_POINT('',(31.,-3.673940397442E-15,2.535E+03));
#3353 = VECTOR('',#3354,1.);
#3354 = DIRECTION('',(1.,0.,2.22044604925E-16));
#3355 = PCURVE('',#2904,#3356);
#3356 = DEFINITIONAL_REPRESENTATION('',(#3357),#3361);
#3357 = LINE('',#3358,#3359);
#3358 = CARTESIAN_POINT('',(6.28318530718,-0.));
#3359 = VECTOR('',#3360,1.);
#3360 = DIRECTION('',(0.,1.));
#3361 = ( GEOMETRIC_REPRESENTATION_CONTEXT(2) 
PARAMETRIC_REPRESENTATION_CONTEXT() REPRESENTATION_CONTEXT('2D SPACE',''
  ) );
#3362 = PCURVE('',#2904,#3363);
#3363 = DEFINITIONAL_REPRESENTATION('',(#3364),#3368);
#3364 = LINE('',#3365,#3366);
#3365 = CARTESIAN_POINT('',(0.,-0.));
#3366 = VECTOR('',#3367,1.);
#3367 = DIRECTION('',(0.,1.));
#3368 = ( GEOMETRIC_REPRESENTATION_CONTEXT(2) 
PARAMETRIC_REPRESENTATION_CONTEXT() REPRESENTATION_CONTEXT('2D SPACE',''
  ) );
#3369 = ORIENTED_EDGE('',*,*,#3370,.T.);
#3370 = EDGE_CURVE('',#3348,#3348,#3371,.T.);
#3371 = SURFACE_CURVE('',#3372,(#3377,#3384),.PCURVE_S1.);
#3372 = CIRCLE('',#3373,15.);
#3373 = AXIS2_PLACEMENT_3D('',#3374,#3375,#3376);
#3374 = CARTESIAN_POINT('',(31.,0.,2.55E+03));
#3375 = DIRECTION('',(1.,-0.,2.22044604925E-16));
#3376 = DIRECTION('',(2.22044604925E-16,0.,-1.));
#3377 = PCURVE('',#2904,#3378);
#3378 = DEFINITIONAL_REPRESENTATION('',(#3379),#3383);
#3379 = LINE('',#3380,#3381);
#3380 = CARTESIAN_POINT('',(0.,0.));
#3381 = VECTOR('',#3382,1.);
#3382 = DIRECTION('',(1.,0.));
#3383 = ( GEOMETRIC_REPRESENTATION_CONTEXT(2) 
PARAMETRIC_REPRESENTATION_CONTEXT() REPRESENTATION_CONTEXT('2D SPACE',''
  ) );
#3384 = PCURVE('',#3385,#3390);
#3385 = PLANE('',#3386);
#3386 = AXIS2_PLACEMENT_3D('',#3387,#3388,#3389);
#3387 = CARTESIAN_POINT('',(31.,0.,2.55E+03));
#3388 = DIRECTION('',(1.,0.,2.22044604925E-16));
#3389 = DIRECTION('',(2.22044604925E-16,0.,-1.));
#3390 = DEFINITIONAL_REPRESENTATION('',(#3391),#3395);
#3391 = CIRCLE('',#3392,15.);
#3392 = AXIS2_PLACEMENT_2D('',#3393,#3394);
#3393 = CARTESIAN_POINT('',(0.,0.));
#3394 = DIRECTION('',(1.,0.));
#3395 = ( GEOMETRIC_REPRESENTATION_CONTEXT(2) 
PARAMETRIC_REPRESENTATION_CONTEXT() REPRESENTATION_CONTEXT('2D SPACE',''
  ) );
#3396 = ORIENTED_EDGE('',*,*,#3347,.T.);
#3397 = ORIENTED_EDGE('',*,*,#3055,.F.);
#3398 = ADVANCED_FACE('',(#3399),#3043,.T.);
#3399 = FACE_BOUND('',#3400,.T.);
#3400 = EDGE_LOOP('',(#3401,#3402,#3425,#3452));
#3401 = ORIENTED_EDGE('',*,*,#3028,.F.);
#3402 = ORIENTED_EDGE('',*,*,#3403,.F.);
#3403 = EDGE_CURVE('',#3404,#3006,#3406,.T.);
#3404 = VERTEX_POINT('',#3405);
#3405 = CARTESIAN_POINT('',(12.,-2.939152317954E-15,2.43E+03));
#3406 = SEAM_CURVE('',#3407,(#3411,#3418),.PCURVE_S1.);
#3407 = LINE('',#3408,#3409);
#3408 = CARTESIAN_POINT('',(12.,-2.939152317954E-15,2.43E+03));
#3409 = VECTOR('',#3410,1.);
#3410 = DIRECTION('',(0.654930538418,-1.604117175075E-16,0.75568908279)
  );
#3411 = PCURVE('',#3043,#3412);
#3412 = DEFINITIONAL_REPRESENTATION('',(#3413),#3417);
#3413 = LINE('',#3414,#3415);
#3414 = CARTESIAN_POINT('',(6.28318530718,-0.));
#3415 = VECTOR('',#3416,1.);
#3416 = DIRECTION('',(0.,1.));
#3417 = ( GEOMETRIC_REPRESENTATION_CONTEXT(2) 
PARAMETRIC_REPRESENTATION_CONTEXT() REPRESENTATION_CONTEXT('2D SPACE',''
  ) );
#3418 = PCURVE('',#3043,#3419);
#3419 = DEFINITIONAL_REPRESENTATION('',(#3420),#3424);
#3420 = LINE('',#3421,#3422);
#3421 = CARTESIAN_POINT('',(0.,-0.));
#3422 = VECTOR('',#3423,1.);
#3423 = DIRECTION('',(0.,1.));
#3424 = ( GEOMETRIC_REPRESENTATION_CONTEXT(2) 
PARAMETRIC_REPRESENTATION_CONTEXT() REPRESENTATION_CONTEXT('2D SPACE',''
  ) );
#3425 = ORIENTED_EDGE('',*,*,#3426,.T.);
#3426 = EDGE_CURVE('',#3404,#3404,#3427,.T.);
#3427 = SURFACE_CURVE('',#3428,(#3433,#3440),.PCURVE_S1.);
#3428 = CIRCLE('',#3429,12.);
#3429 = AXIS2_PLACEMENT_3D('',#3430,#3431,#3432);
#3430 = CARTESIAN_POINT('',(0.,0.,2.43E+03));
#3431 = DIRECTION('',(0.,0.,1.));
#3432 = DIRECTION('',(1.,0.,-0.));
#3433 = PCURVE('',#3043,#3434);
#3434 = DEFINITIONAL_REPRESENTATION('',(#3435),#3439);
#3435 = LINE('',#3436,#3437);
#3436 = CARTESIAN_POINT('',(0.,0.));
#3437 = VECTOR('',#3438,1.);
#3438 = DIRECTION('',(1.,0.));
#3439 = ( GEOMETRIC_REPRESENTATION_CONTEXT(2) 
PARAMETRIC_REPRESENTATION_CONTEXT() REPRESENTATION_CONTEXT('2D SPACE',''
  ) );
#3440 = PCURVE('',#3441,#3446);
#3441 = PLANE('',#3442);
#3442 = AXIS2_PLACEMENT_3D('',#3443,#3444,#3445);
#3443 = CARTESIAN_POINT('',(0.,0.,2.43E+03));
#3444 = DIRECTION('',(0.,0.,1.));
#3445 = DIRECTION('',(1.,0.,-0.));
#3446 = DEFINITIONAL_REPRESENTATION('',(#3447),#3451);
#3447 = CIRCLE('',#3448,12.);
#3448 = AXIS2_PLACEMENT_2D('',#3449,#3450);
#3449 = CARTESIAN_POINT('',(0.,0.));
#3450 = DIRECTION('',(1.,0.));
#3451 = ( GEOMETRIC_REPRESENTATION_CONTEXT(2) 
PARAMETRIC_REPRESENTATION_CONTEXT() REPRESENTATION_CONTEXT('2D SPACE',''
  ) );
#3452 = ORIENTED_EDGE('',*,*,#3403,.T.);
#3453 = ADVANCED_FACE('',(#3454,#3457,#3488),#2697,.T.);
#3454 = FACE_BOUND('',#3455,.T.);
#3455 = EDGE_LOOP('',(#3456));
#3456 = ORIENTED_EDGE('',*,*,#2682,.T.);
#3457 = FACE_BOUND('',#3458,.T.);
#3458 = EDGE_LOOP('',(#3459));
#3459 = ORIENTED_EDGE('',*,*,#3460,.F.);
#3460 = EDGE_CURVE('',#3461,#3461,#3463,.T.);
#3461 = VERTEX_POINT('',#3462);
#3462 = CARTESIAN_POINT('',(14.,-3.429011037613E-15,2.6E+03));
#3463 = SURFACE_CURVE('',#3464,(#3469,#3476),.PCURVE_S1.);
#3464 = CIRCLE('',#3465,14.);
#3465 = AXIS2_PLACEMENT_3D('',#3466,#3467,#3468);
#3466 = CARTESIAN_POINT('',(0.,0.,2.6E+03));
#3467 = DIRECTION('',(0.,0.,1.));
#3468 = DIRECTION('',(1.,0.,-0.));
#3469 = PCURVE('',#2697,#3470);
#3470 = DEFINITIONAL_REPRESENTATION('',(#3471),#3475);
#3471 = CIRCLE('',#3472,14.);
#3472 = AXIS2_PLACEMENT_2D('',#3473,#3474);
#3473 = CARTESIAN_POINT('',(0.,0.));
#3474 = DIRECTION('',(1.,0.));
#3475 = ( GEOMETRIC_REPRESENTATION_CONTEXT(2) 
PARAMETRIC_REPRESENTATION_CONTEXT() REPRESENTATION_CONTEXT('2D SPACE',''
  ) );
#3476 = PCURVE('',#3477,#3482);
#3477 = CYLINDRICAL_SURFACE('',#3478,14.);
#3478 = AXIS2_PLACEMENT_3D('',#3479,#3480,#3481);
#3479 = CARTESIAN_POINT('',(0.,0.,2.6E+03));
#3480 = DIRECTION('',(0.,0.,1.));
#3481 = DIRECTION('',(1.,0.,-0.));
#3482 = DEFINITIONAL_REPRESENTATION('',(#3483),#3487);
#3483 = LINE('',#3484,#3485);
#3484 = CARTESIAN_POINT('',(0.,0.));
#3485 = VECTOR('',#3486,1.);
#3486 = DIRECTION('',(1.,0.));
#3487 = ( GEOMETRIC_REPRESENTATION_CONTEXT(2) 
PARAMETRIC_REPRESENTATION_CONTEXT() REPRESENTATION_CONTEXT('2D SPACE',''
  ) );
#3488 = FACE_BOUND('',#3489,.T.);
#3489 = EDGE_LOOP('',(#3490));
#3490 = ORIENTED_EDGE('',*,*,#3491,.F.);
#3491 = EDGE_CURVE('',#3492,#3492,#3494,.T.);
#3492 = VERTEX_POINT('',#3493);
#3493 = CARTESIAN_POINT('',(37.,-1.714505518806E-15,2.6E+03));
#3494 = SURFACE_CURVE('',#3495,(#3500,#3507),.PCURVE_S1.);
#3495 = CIRCLE('',#3496,7.);
#3496 = AXIS2_PLACEMENT_3D('',#3497,#3498,#3499);
#3497 = CARTESIAN_POINT('',(30.,0.,2.6E+03));
#3498 = DIRECTION('',(0.,0.,1.));
#3499 = DIRECTION('',(1.,0.,-0.));
#3500 = PCURVE('',#2697,#3501);
#3501 = DEFINITIONAL_REPRESENTATION('',(#3502),#3506);
#3502 = CIRCLE('',#3503,7.);
#3503 = AXIS2_PLACEMENT_2D('',#3504,#3505);
#3504 = CARTESIAN_POINT('',(30.,0.));
#3505 = DIRECTION('',(1.,0.));
#3506 = ( GEOMETRIC_REPRESENTATION_CONTEXT(2) 
PARAMETRIC_REPRESENTATION_CONTEXT() REPRESENTATION_CONTEXT('2D SPACE',''
  ) );
#3507 = PCURVE('',#3508,#3513);
#3508 = CYLINDRICAL_SURFACE('',#3509,7.);
#3509 = AXIS2_PLACEMENT_3D('',#3510,#3511,#3512);
#3510 = CARTESIAN_POINT('',(30.,0.,2.6E+03));
#3511 = DIRECTION('',(0.,0.,1.));
#3512 = DIRECTION('',(1.,0.,-0.));
#3513 = DEFINITIONAL_REPRESENTATION('',(#3514),#3518);
#3514 = LINE('',#3515,#3516);
#3515 = CARTESIAN_POINT('',(0.,0.));
#3516 = VECTOR('',#3517,1.);
#3517 = DIRECTION('',(1.,0.));
#3518 = ( GEOMETRIC_REPRESENTATION_CONTEXT(2) 
PARAMETRIC_REPRESENTATION_CONTEXT() REPRESENTATION_CONTEXT('2D SPACE',''
  ) );
#3519 = ADVANCED_FACE('',(#3520),#3385,.T.);
#3520 = FACE_BOUND('',#3521,.F.);
#3521 = EDGE_LOOP('',(#3522));
#3522 = ORIENTED_EDGE('',*,*,#3370,.F.);
#3523 = ADVANCED_FACE('',(#3524,#3527),#3441,.F.);
#3524 = FACE_BOUND('',#3525,.F.);
#3525 = EDGE_LOOP('',(#3526));
#3526 = ORIENTED_EDGE('',*,*,#3426,.T.);
#3527 = FACE_BOUND('',#3528,.F.);
#3528 = EDGE_LOOP('',(#3529));
#3529 = ORIENTED_EDGE('',*,*,#3530,.F.);
#3530 = EDGE_CURVE('',#3531,#3531,#3533,.T.);
#3531 = VERTEX_POINT('',#3532);
#3532 = CARTESIAN_POINT('',(4.,-9.797174393179E-16,2.43E+03));
#3533 = SURFACE_CURVE('',#3534,(#3539,#3546),.PCURVE_S1.);
#3534 = CIRCLE('',#3535,4.);
#3535 = AXIS2_PLACEMENT_3D('',#3536,#3537,#3538);
#3536 = CARTESIAN_POINT('',(0.,0.,2.43E+03));
#3537 = DIRECTION('',(0.,0.,1.));
#3538 = DIRECTION('',(1.,0.,-0.));
#3539 = PCURVE('',#3441,#3540);
#3540 = DEFINITIONAL_REPRESENTATION('',(#3541),#3545);
#3541 = CIRCLE('',#3542,4.);
#3542 = AXIS2_PLACEMENT_2D('',#3543,#3544);
#3543 = CARTESIAN_POINT('',(0.,0.));
#3544 = DIRECTION('',(1.,0.));
#3545 = ( GEOMETRIC_REPRESENTATION_CONTEXT(2) 
PARAMETRIC_REPRESENTATION_CONTEXT() REPRESENTATION_CONTEXT('2D SPACE',''
  ) );
#3546 = PCURVE('',#3547,#3552);
#3547 = CYLINDRICAL_SURFACE('',#3548,4.);
#3548 = AXIS2_PLACEMENT_3D('',#3549,#3550,#3551);
#3549 = CARTESIAN_POINT('',(0.,0.,2.36E+03));
#3550 = DIRECTION('',(0.,0.,1.));
#3551 = DIRECTION('',(1.,0.,-0.));
#3552 = DEFINITIONAL_REPRESENTATION('',(#3553),#3557);
#3553 = LINE('',#3554,#3555);
#3554 = CARTESIAN_POINT('',(0.,70.));
#3555 = VECTOR('',#3556,1.);
#3556 = DIRECTION('',(1.,0.));
#3557 = ( GEOMETRIC_REPRESENTATION_CONTEXT(2) 
PARAMETRIC_REPRESENTATION_CONTEXT() REPRESENTATION_CONTEXT('2D SPACE',''
  ) );
#3558 = ADVANCED_FACE('',(#3559),#3477,.T.);
#3559 = FACE_BOUND('',#3560,.T.);
#3560 = EDGE_LOOP('',(#3561,#3590,#3611,#3612));
#3561 = ORIENTED_EDGE('',*,*,#3562,.F.);
#3562 = EDGE_CURVE('',#3563,#3563,#3565,.T.);
#3563 = VERTEX_POINT('',#3564);
#3564 = CARTESIAN_POINT('',(14.,-3.429011037613E-15,2.62E+03));
#3565 = SURFACE_CURVE('',#3566,(#3571,#3578),.PCURVE_S1.);
#3566 = CIRCLE('',#3567,14.);
#3567 = AXIS2_PLACEMENT_3D('',#3568,#3569,#3570);
#3568 = CARTESIAN_POINT('',(0.,0.,2.62E+03));
#3569 = DIRECTION('',(0.,0.,1.));
#3570 = DIRECTION('',(1.,0.,-0.));
#3571 = PCURVE('',#3477,#3572);
#3572 = DEFINITIONAL_REPRESENTATION('',(#3573),#3577);
#3573 = LINE('',#3574,#3575);
#3574 = CARTESIAN_POINT('',(0.,20.));
#3575 = VECTOR('',#3576,1.);
#3576 = DIRECTION('',(1.,0.));
#3577 = ( GEOMETRIC_REPRESENTATION_CONTEXT(2) 
PARAMETRIC_REPRESENTATION_CONTEXT() REPRESENTATION_CONTEXT('2D SPACE',''
  ) );
#3578 = PCURVE('',#3579,#3584);
#3579 = PLANE('',#3580);
#3580 = AXIS2_PLACEMENT_3D('',#3581,#3582,#3583);
#3581 = CARTESIAN_POINT('',(0.,0.,2.62E+03));
#3582 = DIRECTION('',(0.,0.,1.));
#3583 = DIRECTION('',(1.,0.,-0.));
#3584 = DEFINITIONAL_REPRESENTATION('',(#3585),#3589);
#3585 = CIRCLE('',#3586,14.);
#3586 = AXIS2_PLACEMENT_2D('',#3587,#3588);
#3587 = CARTESIAN_POINT('',(0.,0.));
#3588 = DIRECTION('',(1.,0.));
#3589 = ( GEOMETRIC_REPRESENTATION_CONTEXT(2) 
PARAMETRIC_REPRESENTATION_CONTEXT() REPRESENTATION_CONTEXT('2D SPACE',''
  ) );
#3590 = ORIENTED_EDGE('',*,*,#3591,.F.);
#3591 = EDGE_CURVE('',#3461,#3563,#3592,.T.);
#3592 = SEAM_CURVE('',#3593,(#3597,#3604),.PCURVE_S1.);
#3593 = LINE('',#3594,#3595);
#3594 = CARTESIAN_POINT('',(14.,-3.429011037613E-15,2.6E+03));
#3595 = VECTOR('',#3596,1.);
#3596 = DIRECTION('',(0.,0.,1.));
#3597 = PCURVE('',#3477,#3598);
#3598 = DEFINITIONAL_REPRESENTATION('',(#3599),#3603);
#3599 = LINE('',#3600,#3601);
#3600 = CARTESIAN_POINT('',(6.28318530718,-0.));
#3601 = VECTOR('',#3602,1.);
#3602 = DIRECTION('',(0.,1.));
#3603 = ( GEOMETRIC_REPRESENTATION_CONTEXT(2) 
PARAMETRIC_REPRESENTATION_CONTEXT() REPRESENTATION_CONTEXT('2D SPACE',''
  ) );
#3604 = PCURVE('',#3477,#3605);
#3605 = DEFINITIONAL_REPRESENTATION('',(#3606),#3610);
#3606 = LINE('',#3607,#3608);
#3607 = CARTESIAN_POINT('',(0.,-0.));
#3608 = VECTOR('',#3609,1.);
#3609 = DIRECTION('',(0.,1.));
#3610 = ( GEOMETRIC_REPRESENTATION_CONTEXT(2) 
PARAMETRIC_REPRESENTATION_CONTEXT() REPRESENTATION_CONTEXT('2D SPACE',''
  ) );
#3611 = ORIENTED_EDGE('',*,*,#3460,.T.);
#3612 = ORIENTED_EDGE('',*,*,#3591,.T.);
#3613 = ADVANCED_FACE('',(#3614),#3508,.T.);
#3614 = FACE_BOUND('',#3615,.T.);
#3615 = EDGE_LOOP('',(#3616,#3645,#3666,#3667));
#3616 = ORIENTED_EDGE('',*,*,#3617,.F.);
#3617 = EDGE_CURVE('',#3618,#3618,#3620,.T.);
#3618 = VERTEX_POINT('',#3619);
#3619 = CARTESIAN_POINT('',(37.,-1.714505518806E-15,2.616E+03));
#3620 = SURFACE_CURVE('',#3621,(#3626,#3633),.PCURVE_S1.);
#3621 = CIRCLE('',#3622,7.);
#3622 = AXIS2_PLACEMENT_3D('',#3623,#3624,#3625);
#3623 = CARTESIAN_POINT('',(30.,0.,2.616E+03));
#3624 = DIRECTION('',(0.,0.,1.));
#3625 = DIRECTION('',(1.,0.,-0.));
#3626 = PCURVE('',#3508,#3627);
#3627 = DEFINITIONAL_REPRESENTATION('',(#3628),#3632);
#3628 = LINE('',#3629,#3630);
#3629 = CARTESIAN_POINT('',(0.,16.));
#3630 = VECTOR('',#3631,1.);
#3631 = DIRECTION('',(1.,0.));
#3632 = ( GEOMETRIC_REPRESENTATION_CONTEXT(2) 
PARAMETRIC_REPRESENTATION_CONTEXT() REPRESENTATION_CONTEXT('2D SPACE',''
  ) );
#3633 = PCURVE('',#3634,#3639);
#3634 = PLANE('',#3635);
#3635 = AXIS2_PLACEMENT_3D('',#3636,#3637,#3638);
#3636 = CARTESIAN_POINT('',(30.,0.,2.616E+03));
#3637 = DIRECTION('',(0.,0.,1.));
#3638 = DIRECTION('',(1.,0.,-0.));
#3639 = DEFINITIONAL_REPRESENTATION('',(#3640),#3644);
#3640 = CIRCLE('',#3641,7.);
#3641 = AXIS2_PLACEMENT_2D('',#3642,#3643);
#3642 = CARTESIAN_POINT('',(0.,0.));
#3643 = DIRECTION('',(1.,0.));
#3644 = ( GEOMETRIC_REPRESENTATION_CONTEXT(2) 
PARAMETRIC_REPRESENTATION_CONTEXT() REPRESENTATION_CONTEXT('2D SPACE',''
  ) );
#3645 = ORIENTED_EDGE('',*,*,#3646,.F.);
#3646 = EDGE_CURVE('',#3492,#3618,#3647,.T.);
#3647 = SEAM_CURVE('',#3648,(#3652,#3659),.PCURVE_S1.);
#3648 = LINE('',#3649,#3650);
#3649 = CARTESIAN_POINT('',(37.,-1.714505518806E-15,2.6E+03));
#3650 = VECTOR('',#3651,1.);
#3651 = DIRECTION('',(0.,0.,1.));
#3652 = PCURVE('',#3508,#3653);
#3653 = DEFINITIONAL_REPRESENTATION('',(#3654),#3658);
#3654 = LINE('',#3655,#3656);
#3655 = CARTESIAN_POINT('',(6.28318530718,-0.));
#3656 = VECTOR('',#3657,1.);
#3657 = DIRECTION('',(0.,1.));
#3658 = ( GEOMETRIC_REPRESENTATION_CONTEXT(2) 
PARAMETRIC_REPRESENTATION_CONTEXT() REPRESENTATION_CONTEXT('2D SPACE',''
  ) );
#3659 = PCURVE('',#3508,#3660);
#3660 = DEFINITIONAL_REPRESENTATION('',(#3661),#3665);
#3661 = LINE('',#3662,#3663);
#3662 = CARTESIAN_POINT('',(0.,-0.));
#3663 = VECTOR('',#3664,1.);
#3664 = DIRECTION('',(0.,1.));
#3665 = ( GEOMETRIC_REPRESENTATION_CONTEXT(2) 
PARAMETRIC_REPRESENTATION_CONTEXT() REPRESENTATION_CONTEXT('2D SPACE',''
  ) );
#3666 = ORIENTED_EDGE('',*,*,#3491,.T.);
#3667 = ORIENTED_EDGE('',*,*,#3646,.T.);
#3668 = ADVANCED_FACE('',(#3669),#3547,.F.);
#3669 = FACE_BOUND('',#3670,.F.);
#3670 = EDGE_LOOP('',(#3671,#3695,#3716,#3717));
#3671 = ORIENTED_EDGE('',*,*,#3672,.F.);
#3672 = EDGE_CURVE('',#3673,#3673,#3675,.T.);
#3673 = VERTEX_POINT('',#3674);
#3674 = CARTESIAN_POINT('',(4.,-9.797174393179E-16,2.62E+03));
#3675 = SURFACE_CURVE('',#3676,(#3681,#3688),.PCURVE_S1.);
#3676 = CIRCLE('',#3677,4.);
#3677 = AXIS2_PLACEMENT_3D('',#3678,#3679,#3680);
#3678 = CARTESIAN_POINT('',(0.,0.,2.62E+03));
#3679 = DIRECTION('',(0.,0.,1.));
#3680 = DIRECTION('',(1.,0.,-0.));
#3681 = PCURVE('',#3547,#3682);
#3682 = DEFINITIONAL_REPRESENTATION('',(#3683),#3687);
#3683 = LINE('',#3684,#3685);
#3684 = CARTESIAN_POINT('',(0.,260.));
#3685 = VECTOR('',#3686,1.);
#3686 = DIRECTION('',(1.,0.));
#3687 = ( GEOMETRIC_REPRESENTATION_CONTEXT(2) 
PARAMETRIC_REPRESENTATION_CONTEXT() REPRESENTATION_CONTEXT('2D SPACE',''
  ) );
#3688 = PCURVE('',#3579,#3689);
#3689 = DEFINITIONAL_REPRESENTATION('',(#3690),#3694);
#3690 = CIRCLE('',#3691,4.);
#3691 = AXIS2_PLACEMENT_2D('',#3692,#3693);
#3692 = CARTESIAN_POINT('',(0.,0.));
#3693 = DIRECTION('',(1.,0.));
#3694 = ( GEOMETRIC_REPRESENTATION_CONTEXT(2) 
PARAMETRIC_REPRESENTATION_CONTEXT() REPRESENTATION_CONTEXT('2D SPACE',''
  ) );
#3695 = ORIENTED_EDGE('',*,*,#3696,.F.);
#3696 = EDGE_CURVE('',#3531,#3673,#3697,.T.);
#3697 = SEAM_CURVE('',#3698,(#3702,#3709),.PCURVE_S1.);
#3698 = LINE('',#3699,#3700);
#3699 = CARTESIAN_POINT('',(4.,-9.797174393179E-16,2.36E+03));
#3700 = VECTOR('',#3701,1.);
#3701 = DIRECTION('',(0.,0.,1.));
#3702 = PCURVE('',#3547,#3703);
#3703 = DEFINITIONAL_REPRESENTATION('',(#3704),#3708);
#3704 = LINE('',#3705,#3706);
#3705 = CARTESIAN_POINT('',(6.28318530718,-0.));
#3706 = VECTOR('',#3707,1.);
#3707 = DIRECTION('',(0.,1.));
#3708 = ( GEOMETRIC_REPRESENTATION_CONTEXT(2) 
PARAMETRIC_REPRESENTATION_CONTEXT() REPRESENTATION_CONTEXT('2D SPACE',''
  ) );
#3709 = PCURVE('',#3547,#3710);
#3710 = DEFINITIONAL_REPRESENTATION('',(#3711),#3715);
#3711 = LINE('',#3712,#3713);
#3712 = CARTESIAN_POINT('',(0.,-0.));
#3713 = VECTOR('',#3714,1.);
#3714 = DIRECTION('',(0.,1.));
#3715 = ( GEOMETRIC_REPRESENTATION_CONTEXT(2) 
PARAMETRIC_REPRESENTATION_CONTEXT() REPRESENTATION_CONTEXT('2D SPACE',''
  ) );
#3716 = ORIENTED_EDGE('',*,*,#3530,.T.);
#3717 = ORIENTED_EDGE('',*,*,#3696,.T.);
#3718 = ADVANCED_FACE('',(#3719,#3722),#3579,.T.);
#3719 = FACE_BOUND('',#3720,.T.);
#3720 = EDGE_LOOP('',(#3721));
#3721 = ORIENTED_EDGE('',*,*,#3562,.T.);
#3722 = FACE_BOUND('',#3723,.T.);
#3723 = EDGE_LOOP('',(#3724));
#3724 = ORIENTED_EDGE('',*,*,#3672,.F.);
#3725 = ADVANCED_FACE('',(#3726),#3634,.T.);
#3726 = FACE_BOUND('',#3727,.T.);
#3727 = EDGE_LOOP('',(#3728));
#3728 = ORIENTED_EDGE('',*,*,#3617,.T.);
#3729 = MANIFOLD_SOLID_BREP('',#3730);
#3730 = CLOSED_SHELL('',(#3731,#4425,#4481,#4536,#4602,#4606,#4641,#4696
    ,#4751,#4801,#4808));
#3731 = ADVANCED_FACE('',(#3732),#3746,.T.);
#3732 = FACE_BOUND('',#3733,.T.);
#3733 = EDGE_LOOP('',(#3734,#3764,#3791,#3792,#4087,#4110,#4136,#4137));
#3734 = ORIENTED_EDGE('',*,*,#3735,.T.);
#3735 = EDGE_CURVE('',#3736,#3738,#3740,.T.);
#3736 = VERTEX_POINT('',#3737);
#3737 = CARTESIAN_POINT('',(38.,-9.30731567352E-15,3.505E+03));
#3738 = VERTEX_POINT('',#3739);
#3739 = CARTESIAN_POINT('',(38.,-9.30731567352E-15,3.54E+03));
#3740 = SEAM_CURVE('',#3741,(#3745,#3757),.PCURVE_S1.);
#3741 = LINE('',#3742,#3743);
#3742 = CARTESIAN_POINT('',(38.,-9.30731567352E-15,3.4E+03));
#3743 = VECTOR('',#3744,1.);
#3744 = DIRECTION('',(0.,0.,1.));
#3745 = PCURVE('',#3746,#3751);
#3746 = CYLINDRICAL_SURFACE('',#3747,38.);
#3747 = AXIS2_PLACEMENT_3D('',#3748,#3749,#3750);
#3748 = CARTESIAN_POINT('',(0.,0.,3.4E+03));
#3749 = DIRECTION('',(0.,0.,1.));
#3750 = DIRECTION('',(1.,0.,-0.));
#3751 = DEFINITIONAL_REPRESENTATION('',(#3752),#3756);
#3752 = LINE('',#3753,#3754);
#3753 = CARTESIAN_POINT('',(6.28318530718,-0.));
#3754 = VECTOR('',#3755,1.);
#3755 = DIRECTION('',(0.,1.));
#3756 = ( GEOMETRIC_REPRESENTATION_CONTEXT(2) 
PARAMETRIC_REPRESENTATION_CONTEXT() REPRESENTATION_CONTEXT('2D SPACE',''
  ) );
#3757 = PCURVE('',#3746,#3758);
#3758 = DEFINITIONAL_REPRESENTATION('',(#3759),#3763);
#3759 = LINE('',#3760,#3761);
#3760 = CARTESIAN_POINT('',(0.,-0.));
#3761 = VECTOR('',#3762,1.);
#3762 = DIRECTION('',(0.,1.));
#3763 = ( GEOMETRIC_REPRESENTATION_CONTEXT(2) 
PARAMETRIC_REPRESENTATION_CONTEXT() REPRESENTATION_CONTEXT('2D SPACE',''
  ) );
#3764 = ORIENTED_EDGE('',*,*,#3765,.F.);
#3765 = EDGE_CURVE('',#3738,#3738,#3766,.T.);
#3766 = SURFACE_CURVE('',#3767,(#3772,#3779),.PCURVE_S1.);
#3767 = CIRCLE('',#3768,38.);
#3768 = AXIS2_PLACEMENT_3D('',#3769,#3770,#3771);
#3769 = CARTESIAN_POINT('',(0.,0.,3.54E+03));
#3770 = DIRECTION('',(0.,0.,1.));
#3771 = DIRECTION('',(1.,0.,-0.));
#3772 = PCURVE('',#3746,#3773);
#3773 = DEFINITIONAL_REPRESENTATION('',(#3774),#3778);
#3774 = LINE('',#3775,#3776);
#3775 = CARTESIAN_POINT('',(0.,140.));
#3776 = VECTOR('',#3777,1.);
#3777 = DIRECTION('',(1.,0.));
#3778 = ( GEOMETRIC_REPRESENTATION_CONTEXT(2) 
PARAMETRIC_REPRESENTATION_CONTEXT() REPRESENTATION_CONTEXT('2D SPACE',''
  ) );
#3779 = PCURVE('',#3780,#3785);
#3780 = PLANE('',#3781);
#3781 = AXIS2_PLACEMENT_3D('',#3782,#3783,#3784);
#3782 = CARTESIAN_POINT('',(0.,0.,3.54E+03));
#3783 = DIRECTION('',(0.,0.,1.));
#3784 = DIRECTION('',(1.,0.,-0.));
#3785 = DEFINITIONAL_REPRESENTATION('',(#3786),#3790);
#3786 = CIRCLE('',#3787,38.);
#3787 = AXIS2_PLACEMENT_2D('',#3788,#3789);
#3788 = CARTESIAN_POINT('',(0.,0.));
#3789 = DIRECTION('',(1.,0.));
#3790 = ( GEOMETRIC_REPRESENTATION_CONTEXT(2) 
PARAMETRIC_REPRESENTATION_CONTEXT() REPRESENTATION_CONTEXT('2D SPACE',''
  ) );
#3791 = ORIENTED_EDGE('',*,*,#3735,.F.);
#3792 = ORIENTED_EDGE('',*,*,#3793,.F.);
#3793 = EDGE_CURVE('',#3794,#3736,#3796,.T.);
#3794 = VERTEX_POINT('',#3795);
#3795 = CARTESIAN_POINT('',(38.,-6.490628035481E-15,3.475E+03));
#3796 = SURFACE_CURVE('',#3797,(#3890,#3986),.PCURVE_S1.);
#3797 = B_SPLINE_CURVE_WITH_KNOTS('',6,(#3798,#3799,#3800,#3801,#3802,
    #3803,#3804,#3805,#3806,#3807,#3808,#3809,#3810,#3811,#3812,#3813,
    #3814,#3815,#3816,#3817,#3818,#3819,#3820,#3821,#3822,#3823,#3824,
    #3825,#3826,#3827,#3828,#3829,#3830,#3831,#3832,#3833,#3834,#3835,
    #3836,#3837,#3838,#3839,#3840,#3841,#3842,#3843,#3844,#3845,#3846,
    #3847,#3848,#3849,#3850,#3851,#3852,#3853,#3854,#3855,#3856,#3857,
    #3858,#3859,#3860,#3861,#3862,#3863,#3864,#3865,#3866,#3867,#3868,
    #3869,#3870,#3871,#3872,#3873,#3874,#3875,#3876,#3877,#3878,#3879,
    #3880,#3881,#3882,#3883,#3884,#3885,#3886,#3887,#3888,#3889),
  .UNSPECIFIED.,.F.,.F.,(7,5,5,5,5,5,5,5,5,5,5,5,5,5,5,5,5,5,7),(0.,
    7.737113598679E-02,0.125657874997,0.187572141763,0.237931229511,
    0.280470745465,0.315778351282,0.344748131672,0.369184848864,
    0.501219711383,0.630775610448,0.655138776849,0.683993399945,
    0.719200464523,0.761879752518,0.81215775185,0.874843306925,
    0.923007381319,1.),.UNSPECIFIED.);
#3798 = CARTESIAN_POINT('',(38.,-1.836970198721E-15,3.475E+03));
#3799 = CARTESIAN_POINT('',(38.,0.750507073978,3.475E+03));
#3800 = CARTESIAN_POINT('',(37.982212832065,1.499588430135,
    3.475045060982E+03));
#3801 = CARTESIAN_POINT('',(37.946765090637,2.240820885326,
    3.475134861194E+03));
#3802 = CARTESIAN_POINT('',(37.894735912703,2.967848171029,
    3.475267527308E+03));
#3803 = CARTESIAN_POINT('',(37.828126089802,3.674582185984,
    3.475439655597E+03));
#3804 = CARTESIAN_POINT('',(37.700554261788,4.780286994943,
    3.475775162205E+03));
#3805 = CARTESIAN_POINT('',(37.646821811784,5.19560039529,
    3.475917664163E+03));
#3806 = CARTESIAN_POINT('',(37.588893086774,5.600848011862,
    3.476072867197E+03));
#3807 = CARTESIAN_POINT('',(37.527302350529,5.995595619775,
    3.47623987828E+03));
#3808 = CARTESIAN_POINT('',(37.462592769008,6.379462843458,
    3.476417782942E+03));
#3809 = CARTESIAN_POINT('',(37.309027231493,7.22995537949,
    3.476846517932E+03));
#3810 = CARTESIAN_POINT('',(37.218494153783,7.689453769188,
    3.477103805083E+03));
#3811 = CARTESIAN_POINT('',(37.124711796754,8.130641071407,
    3.477375902271E+03));
#3812 = CARTESIAN_POINT('',(37.028618108299,8.553611542154,
    3.477661351352E+03));
#3813 = CARTESIAN_POINT('',(36.931074298438,8.958528967973,
    3.477958834229E+03));
#3814 = CARTESIAN_POINT('',(36.752968691677,9.660476480943,
    3.478517960913E+03));
#3815 = CARTESIAN_POINT('',(36.67262010737,9.963597142427,
    3.478775979043E+03));
#3816 = CARTESIAN_POINT('',(36.592209997635,10.255172660293,
    3.479040652057E+03));
#3817 = CARTESIAN_POINT('',(36.512103900763,10.535390161345,
    3.47931146912E+03));
#3818 = CARTESIAN_POINT('',(36.432634791153,10.804438396796,
    3.479587981293E+03));
#3819 = CARTESIAN_POINT('',(36.287768195146,11.28050543317,
    3.480107862071E+03));
#3820 = CARTESIAN_POINT('',(36.222101737152,11.490669677638,
    3.480349710976E+03));
#3821 = CARTESIAN_POINT('',(36.157289155852,11.693107011329,
    3.480595107005E+03));
#3822 = CARTESIAN_POINT('',(36.09350164761,11.887919012666,
    3.48084383152E+03));
#3823 = CARTESIAN_POINT('',(36.030897626731,12.075202516042,
    3.481095688646E+03));
#3824 = CARTESIAN_POINT('',(35.918764834578,12.404321887784,
    3.481562001923E+03));
#3825 = CARTESIAN_POINT('',(35.868823855075,12.548468040919,
    3.48177553247E+03));
#3826 = CARTESIAN_POINT('',(35.819884327582,12.687537396631,
    3.481990993423E+03));
#3827 = CARTESIAN_POINT('',(35.772026332925,12.82157488073,
    3.482208286353E+03));
#3828 = CARTESIAN_POINT('',(35.725325492124,12.950621019427,
    3.482427317896E+03));
#3829 = CARTESIAN_POINT('',(35.642542900939,13.176528151864,
    3.482829068519E+03));
#3830 = CARTESIAN_POINT('',(35.606059827855,13.275008405929,
    3.483011247921E+03));
#3831 = CARTESIAN_POINT('',(35.570443133356,13.370172606842,
    3.483194488912E+03));
#3832 = CARTESIAN_POINT('',(35.53573034504,13.462038846964,
    3.483378743744E+03));
#3833 = CARTESIAN_POINT('',(35.501957131894,13.550623405697,
    3.483563965963E+03));
#3834 = CARTESIAN_POINT('',(35.441489848744,13.707908012399,
    3.483907127798E+03));
#3835 = CARTESIAN_POINT('',(35.414514997093,13.77755055971,
    3.484064801274E+03));
#3836 = CARTESIAN_POINT('',(35.388253056602,13.844877077194,
    3.484223103663E+03));
#3837 = CARTESIAN_POINT('',(35.362723395245,13.909895468908,
    3.484382008147E+03));
#3838 = CARTESIAN_POINT('',(35.337944441704,13.9726128572,
    3.484541488267E+03));
#3839 = CARTESIAN_POINT('',(35.184200346508,14.35950767766,
    3.485566179622E+03));
#3840 = CARTESIAN_POINT('',(35.076836633787,14.619133471383,
    3.486447263202E+03));
#3841 = CARTESIAN_POINT('',(34.994712807906,14.812618398367,
    3.48734016344E+03));
#3842 = CARTESIAN_POINT('',(34.939754605144,14.940472137532,
    3.488240791052E+03));
#3843 = CARTESIAN_POINT('',(34.912920744475,15.002932242136,
    3.489145330646E+03));
#3844 = CARTESIAN_POINT('',(34.91548753557,14.996957708981,
    3.490937683943E+03));
#3845 = CARTESIAN_POINT('',(34.943841073276,14.930960395798,
    3.491824957892E+03));
#3846 = CARTESIAN_POINT('',(34.999220384495,14.801990082211,
    3.492708254233E+03));
#3847 = CARTESIAN_POINT('',(35.080686048348,14.609813613744,
    3.493583966226E+03));
#3848 = CARTESIAN_POINT('',(35.186404108371,14.353944087376,
    3.494448228076E+03));
#3849 = CARTESIAN_POINT('',(35.337597114813,13.973490235692,
    3.495456249168E+03));
#3850 = CARTESIAN_POINT('',(35.362292514793,13.910988999318,
    3.495615258305E+03));
#3851 = CARTESIAN_POINT('',(35.387734316804,13.846200599761,
    3.495773695524E+03));
#3852 = CARTESIAN_POINT('',(35.413904265354,13.779117985011,
    3.495931534605E+03));
#3853 = CARTESIAN_POINT('',(35.44078317681,13.709733331116,
    3.496088748976E+03));
#3854 = CARTESIAN_POINT('',(35.501000940043,13.553125411963,
    3.496430737472E+03));
#3855 = CARTESIAN_POINT('',(35.534617178712,13.464971641,
    3.496615249039E+03));
#3856 = CARTESIAN_POINT('',(35.569166267298,13.373562454214,
    3.496798801795E+03));
#3857 = CARTESIAN_POINT('',(35.604612988767,13.278881793562,
    3.496981349855E+03));
#3858 = CARTESIAN_POINT('',(35.640920297149,13.180911818038,
    3.497162846065E+03));
#3859 = CARTESIAN_POINT('',(35.72335241557,12.956057098643,
    3.497563352706E+03));
#3860 = CARTESIAN_POINT('',(35.769878752591,12.827555073644,
    3.497781824794E+03));
#3861 = CARTESIAN_POINT('',(35.817557850552,12.694091094878,
    3.497998570777E+03));
#3862 = CARTESIAN_POINT('',(35.866314827453,12.555625078566,
    3.498213498182E+03));
#3863 = CARTESIAN_POINT('',(35.916070397353,12.41211259095,
    3.498426509556E+03));
#3864 = CARTESIAN_POINT('',(36.028165466147,12.083357121609,
    3.498893275766E+03));
#3865 = CARTESIAN_POINT('',(36.090932625404,11.895726603534,
    3.499146075695E+03));
#3866 = CARTESIAN_POINT('',(36.15489552634,11.700520480788,
    3.499395727817E+03));
#3867 = CARTESIAN_POINT('',(36.21989441283,11.497641122515,
    3.499642034677E+03));
#3868 = CARTESIAN_POINT('',(36.285756594419,11.286986080282,
    3.499884775795E+03));
#3869 = CARTESIAN_POINT('',(36.430683195181,10.811001126303,
    3.500405179478E+03));
#3870 = CARTESIAN_POINT('',(36.51001045645,10.542613376615,
    3.500681365992E+03));
#3871 = CARTESIAN_POINT('',(36.589978115349,10.263095244754,
    3.500951882796E+03));
#3872 = CARTESIAN_POINT('',(36.670255203883,9.972258883068,
    3.501216283887E+03));
#3873 = CARTESIAN_POINT('',(36.750478433442,9.669917975698,
    3.501474061829E+03));
#3874 = CARTESIAN_POINT('',(36.929709150415,8.964360942503,
    3.502037073383E+03));
#3875 = CARTESIAN_POINT('',(37.028490628545,8.554568723011,
    3.50233839535E+03));
#3876 = CARTESIAN_POINT('',(37.125790874875,8.126270352059,
    3.502627389433E+03));
#3877 = CARTESIAN_POINT('',(37.220715795535,7.679296745763,
    3.502902687122E+03));
#3878 = CARTESIAN_POINT('',(37.312290762877,7.213552090162,
    3.503162772972E+03));
#3879 = CARTESIAN_POINT('',(37.46645345284,6.356725006701,
    3.503592849856E+03));
#3880 = CARTESIAN_POINT('',(37.530851698309,5.973286287052,
    3.503769781389E+03));
#3881 = CARTESIAN_POINT('',(37.592126522383,5.579030819666,
    3.503935840331E+03));
#3882 = CARTESIAN_POINT('',(37.649737939863,5.174343128413,
    3.504090116848E+03));
#3883 = CARTESIAN_POINT('',(37.703155441447,4.759661239075,
    3.504231723677E+03));
#3884 = CARTESIAN_POINT('',(37.829740910884,3.657397715457,
    3.504564516655E+03));
#3885 = CARTESIAN_POINT('',(37.895744855971,2.953715141954,
    3.50473504542E+03));
#3886 = CARTESIAN_POINT('',(37.947282248773,2.230000446288,
    3.504866448909E+03));
#3887 = CARTESIAN_POINT('',(37.982386866877,1.492276156939,
    3.504955379917E+03));
#3888 = CARTESIAN_POINT('',(38.,0.746826427754,3.505E+03));
#3889 = CARTESIAN_POINT('',(38.,2.755455298082E-15,3.505E+03));
#3890 = PCURVE('',#3746,#3891);
#3891 = DEFINITIONAL_REPRESENTATION('',(#3892),#3985);
#3892 = B_SPLINE_CURVE_WITH_KNOTS('',6,(#3893,#3894,#3895,#3896,#3897,
    #3898,#3899,#3900,#3901,#3902,#3903,#3904,#3905,#3906,#3907,#3908,
    #3909,#3910,#3911,#3912,#3913,#3914,#3915,#3916,#3917,#3918,#3919,
    #3920,#3921,#3922,#3923,#3924,#3925,#3926,#3927,#3928,#3929,#3930,
    #3931,#3932,#3933,#3934,#3935,#3936,#3937,#3938,#3939,#3940,#3941,
    #3942,#3943,#3944,#3945,#3946,#3947,#3948,#3949,#3950,#3951,#3952,
    #3953,#3954,#3955,#3956,#3957,#3958,#3959,#3960,#3961,#3962,#3963,
    #3964,#3965,#3966,#3967,#3968,#3969,#3970,#3971,#3972,#3973,#3974,
    #3975,#3976,#3977,#3978,#3979,#3980,#3981,#3982,#3983,#3984),
  .UNSPECIFIED.,.F.,.F.,(7,5,5,5,5,5,5,5,5,5,5,5,5,5,5,5,5,5,7),(0.,
    7.737113598679E-02,0.125657874997,0.187572141763,0.237931229511,
    0.280470745465,0.315778351282,0.344748131672,0.369184848864,
    0.501219711383,0.630775610448,0.655138776849,0.683993399945,
    0.719200464523,0.761879752518,0.81215775185,0.874843306925,
    0.923007381319,1.),.UNSPECIFIED.);
#3893 = CARTESIAN_POINT('',(0.,75.));
#3894 = CARTESIAN_POINT('',(1.975018615732E-02,75.));
#3895 = CARTESIAN_POINT('',(3.946285709243E-02,75.045060981898));
#3896 = CARTESIAN_POINT('',(5.898282321444E-02,75.134861193909));
#3897 = CARTESIAN_POINT('',(7.815650883462E-02,75.267527307706));
#3898 = CARTESIAN_POINT('',(9.683312039932E-02,75.439655597232));
#3899 = CARTESIAN_POINT('',(0.126123642628,75.775162205318));
#3900 = CARTESIAN_POINT('',(0.137142984349,75.917664163025));
#3901 = CARTESIAN_POINT('',(0.147914410377,76.072867197464));
#3902 = CARTESIAN_POINT('',(0.158426975195,76.239878279503));
#3903 = CARTESIAN_POINT('',(0.168670576598,76.417782941866));
#3904 = CARTESIAN_POINT('',(0.191413873807,76.846517932252));
#3905 = CARTESIAN_POINT('',(0.203736846974,77.103805083417));
#3906 = CARTESIAN_POINT('',(0.215604565492,77.375902271047));
#3907 = CARTESIAN_POINT('',(0.227017504731,77.661351351844));
#3908 = CARTESIAN_POINT('',(0.237977250452,77.958834228566));
#3909 = CARTESIAN_POINT('',(0.257034895877,78.51796091275));
#3910 = CARTESIAN_POINT('',(0.265286771254,78.775979042766));
#3911 = CARTESIAN_POINT('',(0.273245679623,79.040652057334));
#3912 = CARTESIAN_POINT('',(0.28091476692,79.311469120021));
#3913 = CARTESIAN_POINT('',(0.288297131713,79.587981292506));
#3914 = CARTESIAN_POINT('',(0.30139240781,80.107862070524));
#3915 = CARTESIAN_POINT('',(0.307186574371,80.349710975841));
#3916 = CARTESIAN_POINT('',(0.312780043818,80.59510700532));
#3917 = CARTESIAN_POINT('',(0.318174331028,80.843831520049));
#3918 = CARTESIAN_POINT('',(0.323370826962,81.095688646031));
#3919 = CARTESIAN_POINT('',(0.332520752561,81.562001922906));
#3920 = CARTESIAN_POINT('',(0.336535236152,81.775532469685));
#3921 = CARTESIAN_POINT('',(0.340414884283,81.990993422752));
#3922 = CARTESIAN_POINT('',(0.344160226602,82.208286353415));
#3923 = CARTESIAN_POINT('',(0.347771687562,82.427317896054));
#3924 = CARTESIAN_POINT('',(0.354103191581,82.829068519077));
#3925 = CARTESIAN_POINT('',(0.356866880891,83.011247921032));
#3926 = CARTESIAN_POINT('',(0.359540829913,83.194488911909));
#3927 = CARTESIAN_POINT('',(0.362125175583,83.378743743867));
#3928 = CARTESIAN_POINT('',(0.364620016216,83.563965963306));
#3929 = CARTESIAN_POINT('',(0.369054421166,83.907127797959));
#3930 = CARTESIAN_POINT('',(0.371019788336,84.064801274083));
#3931 = CARTESIAN_POINT('',(0.372921549112,84.223103663078));
#3932 = CARTESIAN_POINT('',(0.374759725429,84.382008147184));
#3933 = CARTESIAN_POINT('',(0.376534325062,84.541488267034));
#3934 = CARTESIAN_POINT('',(0.387490193755,85.566179622407));
#3935 = CARTESIAN_POINT('',(0.394882884961,86.447263201634));
#3936 = CARTESIAN_POINT('',(0.400414199361,87.340163439572));
#3937 = CARTESIAN_POINT('',(0.40407644631,88.240791052339));
#3938 = CARTESIAN_POINT('',(0.405865401042,89.145330646288));
#3939 = CARTESIAN_POINT('',(0.405694280685,90.937683942751));
#3940 = CARTESIAN_POINT('',(0.403804014338,91.8249578923));
#3941 = CARTESIAN_POINT('',(0.400110395814,92.708254233446));
#3942 = CARTESIAN_POINT('',(0.394617554642,93.583966226281));
#3943 = CARTESIAN_POINT('',(0.387332716106,94.448228076202));
#3944 = CARTESIAN_POINT('',(0.37655915729,95.456249167912));
#3945 = CARTESIAN_POINT('',(0.374790655844,95.615258304983));
#3946 = CARTESIAN_POINT('',(0.372958958193,95.773695523912));
#3947 = CARTESIAN_POINT('',(0.371064056744,95.931534605221));
#3948 = CARTESIAN_POINT('',(0.369105929932,96.088748976095));
#3949 = CARTESIAN_POINT('',(0.364690502797,96.430737472133));
#3950 = CARTESIAN_POINT('',(0.362207726409,96.615249038915));
#3951 = CARTESIAN_POINT('',(0.359636154452,96.798801794935));
#3952 = CARTESIAN_POINT('',(0.356975690375,96.981349855193));
#3953 = CARTESIAN_POINT('',(0.35422619967,97.162846065471));
#3954 = CARTESIAN_POINT('',(0.347923873066,97.563352706191));
#3955 = CARTESIAN_POINT('',(0.344327438657,97.781824794232));
#3956 = CARTESIAN_POINT('',(0.340597892049,97.998570776548));
#3957 = CARTESIAN_POINT('',(0.336734814715,98.213498181566));
#3958 = CARTESIAN_POINT('',(0.332737684197,98.426509556065));
#3959 = CARTESIAN_POINT('',(0.323597143203,98.89327576637));
#3960 = CARTESIAN_POINT('',(0.318390625552,99.146075694642));
#3961 = CARTESIAN_POINT('',(0.312985046297,99.395727817083));
#3962 = CARTESIAN_POINT('',(0.307379004949,99.642034677213));
#3963 = CARTESIAN_POINT('',(0.301570975393,99.884775794973));
#3964 = CARTESIAN_POINT('',(0.288477305927,100.40517947782));
#3965 = CARTESIAN_POINT('',(0.281112665941,100.68136599198));
#3966 = CARTESIAN_POINT('',(0.273462272121,100.95188279637));
#3967 = CARTESIAN_POINT('',(0.265523041467,101.21628388733));
#3968 = CARTESIAN_POINT('',(0.257291842359,101.47406182886));
#3969 = CARTESIAN_POINT('',(0.238134844531,102.03707338317));
#3970 = CARTESIAN_POINT('',(0.227042782051,102.33839535004));
#3971 = CARTESIAN_POINT('',(0.215486140621,102.62738943335));
#3972 = CARTESIAN_POINT('',(0.203463302288,102.90268712249));
#3973 = CARTESIAN_POINT('',(0.190973819612,103.16277297177));
#3974 = CARTESIAN_POINT('',(0.168063679816,103.59284985598));
#3975 = CARTESIAN_POINT('',(0.157832555758,103.76978138855));
#3976 = CARTESIAN_POINT('',(0.147334062412,103.93584033085));
#3977 = CARTESIAN_POINT('',(0.136578396616,104.0901168483));
#3978 = CARTESIAN_POINT('',(0.125576592425,104.23172367673));
#3979 = CARTESIAN_POINT('',(9.637900452964E-02,104.5645166552));
#3980 = CARTESIAN_POINT('',(7.778378536707E-02,104.7350454196));
#3981 = CARTESIAN_POINT('',(5.869787242372E-02,104.86644890933));
#3982 = CARTESIAN_POINT('',(3.927042864207E-02,104.95537991681));
#3983 = CARTESIAN_POINT('',(1.965332704615E-02,105.));
#3984 = CARTESIAN_POINT('',(0.,105.));
#3985 = ( GEOMETRIC_REPRESENTATION_CONTEXT(2) 
PARAMETRIC_REPRESENTATION_CONTEXT() REPRESENTATION_CONTEXT('2D SPACE',''
  ) );
#3986 = PCURVE('',#3987,#3992);
#3987 = CYLINDRICAL_SURFACE('',#3988,15.);
#3988 = AXIS2_PLACEMENT_3D('',#3989,#3990,#3991);
#3989 = CARTESIAN_POINT('',(31.,0.,3.49E+03));
#3990 = DIRECTION('',(1.,0.,2.22044604925E-16));
#3991 = DIRECTION('',(2.22044604925E-16,0.,-1.));
#3992 = DEFINITIONAL_REPRESENTATION('',(#3993),#4086);
#3993 = B_SPLINE_CURVE_WITH_KNOTS('',6,(#3994,#3995,#3996,#3997,#3998,
    #3999,#4000,#4001,#4002,#4003,#4004,#4005,#4006,#4007,#4008,#4009,
    #4010,#4011,#4012,#4013,#4014,#4015,#4016,#4017,#4018,#4019,#4020,
    #4021,#4022,#4023,#4024,#4025,#4026,#4027,#4028,#4029,#4030,#4031,
    #4032,#4033,#4034,#4035,#4036,#4037,#4038,#4039,#4040,#4041,#4042,
    #4043,#4044,#4045,#4046,#4047,#4048,#4049,#4050,#4051,#4052,#4053,
    #4054,#4055,#4056,#4057,#4058,#4059,#4060,#4061,#4062,#4063,#4064,
    #4065,#4066,#4067,#4068,#4069,#4070,#4071,#4072,#4073,#4074,#4075,
    #4076,#4077,#4078,#4079,#4080,#4081,#4082,#4083,#4084,#4085),
  .UNSPECIFIED.,.F.,.F.,(7,5,5,5,5,5,5,5,5,5,5,5,5,5,5,5,5,5,7),(0.,
    7.737113598679E-02,0.125657874997,0.187572141763,0.237931229511,
    0.280470745465,0.315778351282,0.344748131672,0.369184848864,
    0.501219711383,0.630775610448,0.655138776849,0.683993399945,
    0.719200464523,0.761879752518,0.81215775185,0.874843306925,
    0.923007381319,1.),.UNSPECIFIED.);
#3994 = CARTESIAN_POINT('',(0.,7.));
#3995 = CARTESIAN_POINT('',(5.003380493188E-02,7.));
#3996 = CARTESIAN_POINT('',(9.99725576716E-02,6.982212832065));
#3997 = CARTESIAN_POINT('',(0.14961353514,6.946765090637));
#3998 = CARTESIAN_POINT('',(0.19875403036,6.894735912703));
#3999 = CARTESIAN_POINT('',(0.247171713465,6.828126089802));
#4000 = CARTESIAN_POINT('',(0.324204110939,6.700554261788));
#4001 = CARTESIAN_POINT('',(0.353457283531,6.646821811784));
#4002 = CARTESIAN_POINT('',(0.382360843726,6.588893086774));
#4003 = CARTESIAN_POINT('',(0.41091104417,6.527302350529));
#4004 = CARTESIAN_POINT('',(0.439101659262,6.462592769008));
#4005 = CARTESIAN_POINT('',(0.502597984469,6.309027231493));
#4006 = CARTESIAN_POINT('',(0.53767320472,6.218494153783));
#4007 = CARTESIAN_POINT('',(0.572184447114,6.124711796754));
#4008 = CARTESIAN_POINT('',(0.606161765263,6.028618108299));
#4009 = CARTESIAN_POINT('',(0.639632815173,5.931074298438));
#4010 = CARTESIAN_POINT('',(0.699460455011,5.752968691677));
#4011 = CARTESIAN_POINT('',(0.725984030761,5.67262010737));
#4012 = CARTESIAN_POINT('',(0.752216763016,5.592209997635));
#4013 = CARTESIAN_POINT('',(0.778177976128,5.512103900763));
#4014 = CARTESIAN_POINT('',(0.803886550391,5.432634791153));
#4015 = CARTESIAN_POINT('',(0.850881389185,5.287768195146));
#4016 = CARTESIAN_POINT('',(0.872234606006,5.222101737152));
#4017 = CARTESIAN_POINT('',(0.893432155287,5.157289155852));
#4018 = CARTESIAN_POINT('',(0.914484533912,5.09350164761));
#4019 = CARTESIAN_POINT('',(0.935402053361,5.030897626731));
#4020 = CARTESIAN_POINT('',(0.973452758306,4.918764834578));
#4021 = CARTESIAN_POINT('',(0.990624414213,4.868823855075));
#4022 = CARTESIAN_POINT('',(1.007715268117,4.819884327582));
#4023 = CARTESIAN_POINT('',(1.024730512005,4.772026332925));
#4024 = CARTESIAN_POINT('',(1.041675069155,4.725325492124));
#4025 = CARTESIAN_POINT('',(1.072402371208,4.642542900939));
#4026 = CARTESIAN_POINT('',(1.086206687378,4.606059827855));
#4027 = CARTESIAN_POINT('',(1.099969109469,4.570443133356));
#4028 = CARTESIAN_POINT('',(1.113692091841,4.53573034504));
#4029 = CARTESIAN_POINT('',(1.127377976391,4.501957131894));
#4030 = CARTESIAN_POINT('',(1.152543958039,4.441489848744));
#4031 = CARTESIAN_POINT('',(1.164034112642,4.414514997093));
#4032 = CARTESIAN_POINT('',(1.175500793848,4.388253056602));
#4033 = CARTESIAN_POINT('',(1.186945288577,4.362723395245));
#4034 = CARTESIAN_POINT('',(1.198368833189,4.337944441704));
#4035 = CARTESIAN_POINT('',(1.27138876885,4.184200346508));
#4036 = CARTESIAN_POINT('',(1.33245500397,4.076836633787));
#4037 = CARTESIAN_POINT('',(1.393121684301,3.994712807906));
#4038 = CARTESIAN_POINT('',(1.453529602631,3.939754605144));
#4039 = CARTESIAN_POINT('',(1.513818040989,3.912920744475));
#4040 = CARTESIAN_POINT('',(1.633308924591,3.91548753557));
#4041 = CARTESIAN_POINT('',(1.692474870879,3.943841073276));
#4042 = CARTESIAN_POINT('',(1.751762629655,3.999220384495));
#4043 = CARTESIAN_POINT('',(1.811304312495,4.080686048348));
#4044 = CARTESIAN_POINT('',(1.871233494607,4.186404108371));
#4045 = CARTESIAN_POINT('',(1.943062045248,4.337597114813));
#4046 = CARTESIAN_POINT('',(1.954451105294,4.362292514793));
#4047 = CARTESIAN_POINT('',(1.965860977504,4.387734316804));
#4048 = CARTESIAN_POINT('',(1.97729288673,4.413904265354));
#4049 = CARTESIAN_POINT('',(1.988748107764,4.44078317681));
#4050 = CARTESIAN_POINT('',(2.013824185054,4.501000940043));
#4051 = CARTESIAN_POINT('',(2.027454961164,4.534617178712));
#4052 = CARTESIAN_POINT('',(2.041122495403,4.569166267298));
#4053 = CARTESIAN_POINT('',(2.054829100142,4.604612988767));
#4054 = CARTESIAN_POINT('',(2.068577198382,4.640920297149));
#4055 = CARTESIAN_POINT('',(2.099197831519,4.72335241557));
#4056 = CARTESIAN_POINT('',(2.116091875544,4.769878752591));
#4057 = CARTESIAN_POINT('',(2.133056065573,4.817557850552));
#4058 = CARTESIAN_POINT('',(2.150095277057,4.866314827453));
#4059 = CARTESIAN_POINT('',(2.167214651157,4.916070397353));
#4060 = CARTESIAN_POINT('',(2.205276054979,5.028165466147));
#4061 = CARTESIAN_POINT('',(2.226257766196,5.090932625404));
#4062 = CARTESIAN_POINT('',(2.247374945297,5.15489552634));
#4063 = CARTESIAN_POINT('',(2.268637996221,5.21989441283));
#4064 = CARTESIAN_POINT('',(2.290057509938,5.285756594419));
#4065 = CARTESIAN_POINT('',(2.337074370722,5.430683195181));
#4066 = CARTESIAN_POINT('',(2.362736745591,5.51001045645));
#4067 = CARTESIAN_POINT('',(2.388650628567,5.589978115349));
#4068 = CARTESIAN_POINT('',(2.414834807002,5.670255203883));
#4069 = CARTESIAN_POINT('',(2.441308508589,5.750478433442));
#4070 = CARTESIAN_POINT('',(2.501485755577,5.929709150415));
#4071 = CARTESIAN_POINT('',(2.535369307506,6.028490628545));
#4072 = CARTESIAN_POINT('',(2.569771695552,6.125790874875));
#4073 = CARTESIAN_POINT('',(2.60472152485,6.220715795535));
#4074 = CARTESIAN_POINT('',(2.640249926735,6.312290762877));
#4075 = CARTESIAN_POINT('',(2.704163715103,6.46645345284));
#4076 = CARTESIAN_POINT('',(2.732301255763,6.530851698309));
#4077 = CARTESIAN_POINT('',(2.760796682949,6.592126522383));
#4078 = CARTESIAN_POINT('',(2.789643483235,6.649737939863));
#4079 = CARTESIAN_POINT('',(2.818837616727,6.703155441447));
#4080 = CARTESIAN_POINT('',(2.895598024404,6.829740910884));
#4081 = CARTESIAN_POINT('',(2.943793838527,6.895744855971));
#4082 = CARTESIAN_POINT('',(2.992703782806,6.947282248773));
#4083 = CARTESIAN_POINT('',(3.042107580536,6.982386866877));
#4084 = CARTESIAN_POINT('',(3.091804225073,7.));
#4085 = CARTESIAN_POINT('',(3.14159265359,7.));
#4086 = ( GEOMETRIC_REPRESENTATION_CONTEXT(2) 
PARAMETRIC_REPRESENTATION_CONTEXT() REPRESENTATION_CONTEXT('2D SPACE',''
  ) );
#4087 = ORIENTED_EDGE('',*,*,#4088,.F.);
#4088 = EDGE_CURVE('',#4089,#3794,#4091,.T.);
#4089 = VERTEX_POINT('',#4090);
#4090 = CARTESIAN_POINT('',(38.,-9.30731567352E-15,3.4E+03));
#4091 = SEAM_CURVE('',#4092,(#4096,#4103),.PCURVE_S1.);
#4092 = LINE('',#4093,#4094);
#4093 = CARTESIAN_POINT('',(38.,-9.30731567352E-15,3.4E+03));
#4094 = VECTOR('',#4095,1.);
#4095 = DIRECTION('',(0.,0.,1.));
#4096 = PCURVE('',#3746,#4097);
#4097 = DEFINITIONAL_REPRESENTATION('',(#4098),#4102);
#4098 = LINE('',#4099,#4100);
#4099 = CARTESIAN_POINT('',(6.28318530718,-0.));
#4100 = VECTOR('',#4101,1.);
#4101 = DIRECTION('',(0.,1.));
#4102 = ( GEOMETRIC_REPRESENTATION_CONTEXT(2) 
PARAMETRIC_REPRESENTATION_CONTEXT() REPRESENTATION_CONTEXT('2D SPACE',''
  ) );
#4103 = PCURVE('',#3746,#4104);
#4104 = DEFINITIONAL_REPRESENTATION('',(#4105),#4109);
#4105 = LINE('',#4106,#4107);
#4106 = CARTESIAN_POINT('',(0.,-0.));
#4107 = VECTOR('',#4108,1.);
#4108 = DIRECTION('',(0.,1.));
#4109 = ( GEOMETRIC_REPRESENTATION_CONTEXT(2) 
PARAMETRIC_REPRESENTATION_CONTEXT() REPRESENTATION_CONTEXT('2D SPACE',''
  ) );
#4110 = ORIENTED_EDGE('',*,*,#4111,.T.);
#4111 = EDGE_CURVE('',#4089,#4089,#4112,.T.);
#4112 = SURFACE_CURVE('',#4113,(#4118,#4125),.PCURVE_S1.);
#4113 = CIRCLE('',#4114,38.);
#4114 = AXIS2_PLACEMENT_3D('',#4115,#4116,#4117);
#4115 = CARTESIAN_POINT('',(0.,0.,3.4E+03));
#4116 = DIRECTION('',(0.,0.,1.));
#4117 = DIRECTION('',(1.,0.,-0.));
#4118 = PCURVE('',#3746,#4119);
#4119 = DEFINITIONAL_REPRESENTATION('',(#4120),#4124);
#4120 = LINE('',#4121,#4122);
#4121 = CARTESIAN_POINT('',(0.,0.));
#4122 = VECTOR('',#4123,1.);
#4123 = DIRECTION('',(1.,0.));
#4124 = ( GEOMETRIC_REPRESENTATION_CONTEXT(2) 
PARAMETRIC_REPRESENTATION_CONTEXT() REPRESENTATION_CONTEXT('2D SPACE',''
  ) );
#4125 = PCURVE('',#4126,#4131);
#4126 = CONICAL_SURFACE('',#4127,12.,0.714090698612);
#4127 = AXIS2_PLACEMENT_3D('',#4128,#4129,#4130);
#4128 = CARTESIAN_POINT('',(0.,0.,3.37E+03));
#4129 = DIRECTION('',(0.,0.,1.));
#4130 = DIRECTION('',(1.,0.,-0.));
#4131 = DEFINITIONAL_REPRESENTATION('',(#4132),#4135);
#4132 = B_SPLINE_CURVE_WITH_KNOTS('',1,(#4133,#4134),.UNSPECIFIED.,.F.,
  .F.,(2,2),(0.,6.28318530718),.PIECEWISE_BEZIER_KNOTS.);
#4133 = CARTESIAN_POINT('',(0.,30.));
#4134 = CARTESIAN_POINT('',(6.28318530718,30.));
#4135 = ( GEOMETRIC_REPRESENTATION_CONTEXT(2) 
PARAMETRIC_REPRESENTATION_CONTEXT() REPRESENTATION_CONTEXT('2D SPACE',''
  ) );
#4136 = ORIENTED_EDGE('',*,*,#4088,.T.);
#4137 = ORIENTED_EDGE('',*,*,#4138,.F.);
#4138 = EDGE_CURVE('',#3736,#3794,#4139,.T.);
#4139 = SURFACE_CURVE('',#4140,(#4233,#4329),.PCURVE_S1.);
#4140 = B_SPLINE_CURVE_WITH_KNOTS('',6,(#4141,#4142,#4143,#4144,#4145,
    #4146,#4147,#4148,#4149,#4150,#4151,#4152,#4153,#4154,#4155,#4156,
    #4157,#4158,#4159,#4160,#4161,#4162,#4163,#4164,#4165,#4166,#4167,
    #4168,#4169,#4170,#4171,#4172,#4173,#4174,#4175,#4176,#4177,#4178,
    #4179,#4180,#4181,#4182,#4183,#4184,#4185,#4186,#4187,#4188,#4189,
    #4190,#4191,#4192,#4193,#4194,#4195,#4196,#4197,#4198,#4199,#4200,
    #4201,#4202,#4203,#4204,#4205,#4206,#4207,#4208,#4209,#4210,#4211,
    #4212,#4213,#4214,#4215,#4216,#4217,#4218,#4219,#4220,#4221,#4222,
    #4223,#4224,#4225,#4226,#4227,#4228,#4229,#4230,#4231,#4232),
  .UNSPECIFIED.,.F.,.F.,(7,5,5,5,5,5,5,5,5,5,5,5,5,5,5,5,5,5,7),(0.,
    7.737113599598E-02,0.125657875011,0.187572141786,0.237931229543,
    0.280470745504,0.315778351328,0.344748131723,0.369184848919,
    0.50121971146,0.630775610546,0.65513877695,0.68399340005,
    0.719200464633,0.761879752634,0.812157751973,0.874843307053,
    0.923007381441,1.),.UNSPECIFIED.);
#4141 = CARTESIAN_POINT('',(38.,-1.7763568394E-15,3.505E+03));
#4142 = CARTESIAN_POINT('',(38.,-0.750507073977,3.505E+03));
#4143 = CARTESIAN_POINT('',(37.982212832065,-1.499588430135,
    3.504954939018E+03));
#4144 = CARTESIAN_POINT('',(37.946765090638,-2.240820885327,
    3.504865138806E+03));
#4145 = CARTESIAN_POINT('',(37.894735912703,-2.967848171029,
    3.504732472692E+03));
#4146 = CARTESIAN_POINT('',(37.828126089802,-3.674582185984,
    3.504560344403E+03));
#4147 = CARTESIAN_POINT('',(37.700554261789,-4.780286994936,
    3.504224837795E+03));
#4148 = CARTESIAN_POINT('',(37.646821811784,-5.195600395292,
    3.504082335837E+03));
#4149 = CARTESIAN_POINT('',(37.588893086773,-5.600848011867,
    3.503927132803E+03));
#4150 = CARTESIAN_POINT('',(37.527302350529,-5.995595619776,
    3.50376012172E+03));
#4151 = CARTESIAN_POINT('',(37.462592769009,-6.379462843454,
    3.503582217058E+03));
#4152 = CARTESIAN_POINT('',(37.309027231489,-7.229955379512,
    3.503153482068E+03));
#4153 = CARTESIAN_POINT('',(37.218494153784,-7.689453769182,
    3.502896194917E+03));
#4154 = CARTESIAN_POINT('',(37.124711796758,-8.130641071388,
    3.502624097729E+03));
#4155 = CARTESIAN_POINT('',(37.0286181083,-8.55361154215,
    3.502338648648E+03));
#4156 = CARTESIAN_POINT('',(36.931074298434,-8.95852896799,
    3.502041165771E+03));
#4157 = CARTESIAN_POINT('',(36.752968691677,-9.660476480944,
    3.501482039087E+03));
#4158 = CARTESIAN_POINT('',(36.67262010737,-9.963597142426,
    3.501224020957E+03));
#4159 = CARTESIAN_POINT('',(36.592209997635,-10.25517266029,
    3.500959347943E+03));
#4160 = CARTESIAN_POINT('',(36.512103900763,-10.53539016134,
    3.50068853088E+03));
#4161 = CARTESIAN_POINT('',(36.432634791153,-10.80443839679,
    3.500412018707E+03));
#4162 = CARTESIAN_POINT('',(36.287768195146,-11.28050543317,
    3.499892137929E+03));
#4163 = CARTESIAN_POINT('',(36.222101737152,-11.49066967763,
    3.499650289024E+03));
#4164 = CARTESIAN_POINT('',(36.157289155852,-11.69310701133,
    3.499404892995E+03));
#4165 = CARTESIAN_POINT('',(36.09350164761,-11.88791901266,
    3.49915616848E+03));
#4166 = CARTESIAN_POINT('',(36.030897626731,-12.07520251604,
    3.498904311354E+03));
#4167 = CARTESIAN_POINT('',(35.918764834578,-12.40432188778,
    3.498437998077E+03));
#4168 = CARTESIAN_POINT('',(35.868823855075,-12.54846804091,
    3.49822446753E+03));
#4169 = CARTESIAN_POINT('',(35.819884327582,-12.68753739663,
    3.498009006577E+03));
#4170 = CARTESIAN_POINT('',(35.772026332924,-12.82157488073,
    3.497791713647E+03));
#4171 = CARTESIAN_POINT('',(35.725325492124,-12.95062101942,
    3.497572682104E+03));
#4172 = CARTESIAN_POINT('',(35.642542900939,-13.17652815186,
    3.497170931481E+03));
#4173 = CARTESIAN_POINT('',(35.606059827855,-13.27500840592,
    3.496988752079E+03));
#4174 = CARTESIAN_POINT('',(35.570443133356,-13.37017260684,
    3.496805511088E+03));
#4175 = CARTESIAN_POINT('',(35.53573034504,-13.46203884696,
    3.496621256256E+03));
#4176 = CARTESIAN_POINT('',(35.501957131894,-13.55062340569,
    3.496436034037E+03));
#4177 = CARTESIAN_POINT('',(35.441489848744,-13.70790801239,
    3.496092872202E+03));
#4178 = CARTESIAN_POINT('',(35.414514997093,-13.77755055971,
    3.495935198726E+03));
#4179 = CARTESIAN_POINT('',(35.388253056602,-13.84487707719,
    3.495776896337E+03));
#4180 = CARTESIAN_POINT('',(35.362723395245,-13.9098954689,
    3.495617991853E+03));
#4181 = CARTESIAN_POINT('',(35.337944441704,-13.9726128572,
    3.495458511733E+03));
#4182 = CARTESIAN_POINT('',(35.184200346511,-14.35950767765,
    3.494433820378E+03));
#4183 = CARTESIAN_POINT('',(35.076836633786,-14.61913347138,
    3.493552736798E+03));
#4184 = CARTESIAN_POINT('',(34.994712807905,-14.81261839837,
    3.49265983656E+03));
#4185 = CARTESIAN_POINT('',(34.939754605145,-14.94047213753,
    3.491759208948E+03));
#4186 = CARTESIAN_POINT('',(34.912920744475,-15.00293224213,
    3.490854669354E+03));
#4187 = CARTESIAN_POINT('',(34.91548753557,-14.99695770898,
    3.489062316057E+03));
#4188 = CARTESIAN_POINT('',(34.943841073277,-14.93096039579,
    3.488175042108E+03));
#4189 = CARTESIAN_POINT('',(34.999220384492,-14.80199008221,
    3.487291745767E+03));
#4190 = CARTESIAN_POINT('',(35.080686048353,-14.60981361373,
    3.486416033774E+03));
#4191 = CARTESIAN_POINT('',(35.186404108368,-14.35394408738,
    3.485551771924E+03));
#4192 = CARTESIAN_POINT('',(35.337597114813,-13.97349023569,
    3.484543750832E+03));
#4193 = CARTESIAN_POINT('',(35.362292514793,-13.91098899931,
    3.484384741695E+03));
#4194 = CARTESIAN_POINT('',(35.387734316804,-13.84620059976,
    3.484226304476E+03));
#4195 = CARTESIAN_POINT('',(35.413904265354,-13.77911798501,
    3.484068465395E+03));
#4196 = CARTESIAN_POINT('',(35.44078317681,-13.70973333111,
    3.483911251024E+03));
#4197 = CARTESIAN_POINT('',(35.501000940043,-13.55312541196,
    3.483569262528E+03));
#4198 = CARTESIAN_POINT('',(35.534617178712,-13.464971641,
    3.483384750961E+03));
#4199 = CARTESIAN_POINT('',(35.569166267298,-13.37356245421,
    3.483201198205E+03));
#4200 = CARTESIAN_POINT('',(35.604612988767,-13.27888179356,
    3.483018650145E+03));
#4201 = CARTESIAN_POINT('',(35.640920297149,-13.18091181803,
    3.482837153935E+03));
#4202 = CARTESIAN_POINT('',(35.723352415569,-12.95605709864,
    3.482436647294E+03));
#4203 = CARTESIAN_POINT('',(35.769878752591,-12.82755507364,
    3.482218175206E+03));
#4204 = CARTESIAN_POINT('',(35.817557850551,-12.69409109487,
    3.482001429223E+03));
#4205 = CARTESIAN_POINT('',(35.866314827453,-12.55562507856,
    3.481786501818E+03));
#4206 = CARTESIAN_POINT('',(35.916070397352,-12.41211259095,
    3.481573490444E+03));
#4207 = CARTESIAN_POINT('',(36.028165466147,-12.08335712161,
    3.481106724234E+03));
#4208 = CARTESIAN_POINT('',(36.090932625404,-11.89572660353,
    3.480853924305E+03));
#4209 = CARTESIAN_POINT('',(36.15489552634,-11.70052048078,
    3.480604272183E+03));
#4210 = CARTESIAN_POINT('',(36.21989441283,-11.49764112251,
    3.480357965323E+03));
#4211 = CARTESIAN_POINT('',(36.285756594419,-11.28698608028,
    3.480115224205E+03));
#4212 = CARTESIAN_POINT('',(36.43068319518,-10.8110011263,
    3.479594820522E+03));
#4213 = CARTESIAN_POINT('',(36.51001045645,-10.54261337661,
    3.479318634008E+03));
#4214 = CARTESIAN_POINT('',(36.589978115349,-10.26309524475,
    3.479048117204E+03));
#4215 = CARTESIAN_POINT('',(36.670255203883,-9.972258883069,
    3.478783716113E+03));
#4216 = CARTESIAN_POINT('',(36.750478433442,-9.669917975699,
    3.478525938171E+03));
#4217 = CARTESIAN_POINT('',(36.92970915041,-8.964360942522,
    3.477962926617E+03));
#4218 = CARTESIAN_POINT('',(37.028490628546,-8.554568723009,
    3.47766160465E+03));
#4219 = CARTESIAN_POINT('',(37.125790874879,-8.126270352039,
    3.477372610567E+03));
#4220 = CARTESIAN_POINT('',(37.220715795535,-7.679296745756,
    3.477097312878E+03));
#4221 = CARTESIAN_POINT('',(37.312290762873,-7.213552090188,
    3.476837227028E+03));
#4222 = CARTESIAN_POINT('',(37.466453452826,-6.356725006777,
    3.476407150144E+03));
#4223 = CARTESIAN_POINT('',(37.530851698315,-5.973286287033,
    3.476230218611E+03));
#4224 = CARTESIAN_POINT('',(37.592126522394,-5.579030819584,
    3.476064159669E+03));
#4225 = CARTESIAN_POINT('',(37.649737939863,-5.174343128392,
    3.475909883152E+03));
#4226 = CARTESIAN_POINT('',(37.703155441436,-4.759661239169,
    3.475768276323E+03));
#4227 = CARTESIAN_POINT('',(37.82974091079,-3.657397716277,
    3.475435483345E+03));
#4228 = CARTESIAN_POINT('',(37.895744856032,-2.953715141742,
    3.47526495458E+03));
#4229 = CARTESIAN_POINT('',(37.947282248823,-2.230000445471,
    3.475133551091E+03));
#4230 = CARTESIAN_POINT('',(37.982386866838,-1.492276156714,
    3.475044620083E+03));
#4231 = CARTESIAN_POINT('',(38.,-0.746826428577,3.475E+03));
#4232 = CARTESIAN_POINT('',(38.,-7.105427357601E-15,3.475E+03));
#4233 = PCURVE('',#3746,#4234);
#4234 = DEFINITIONAL_REPRESENTATION('',(#4235),#4328);
#4235 = B_SPLINE_CURVE_WITH_KNOTS('',6,(#4236,#4237,#4238,#4239,#4240,
    #4241,#4242,#4243,#4244,#4245,#4246,#4247,#4248,#4249,#4250,#4251,
    #4252,#4253,#4254,#4255,#4256,#4257,#4258,#4259,#4260,#4261,#4262,
    #4263,#4264,#4265,#4266,#4267,#4268,#4269,#4270,#4271,#4272,#4273,
    #4274,#4275,#4276,#4277,#4278,#4279,#4280,#4281,#4282,#4283,#4284,
    #4285,#4286,#4287,#4288,#4289,#4290,#4291,#4292,#4293,#4294,#4295,
    #4296,#4297,#4298,#4299,#4300,#4301,#4302,#4303,#4304,#4305,#4306,
    #4307,#4308,#4309,#4310,#4311,#4312,#4313,#4314,#4315,#4316,#4317,
    #4318,#4319,#4320,#4321,#4322,#4323,#4324,#4325,#4326,#4327),
  .UNSPECIFIED.,.F.,.F.,(7,5,5,5,5,5,5,5,5,5,5,5,5,5,5,5,5,5,7),(0.,
    7.737113599598E-02,0.125657875011,0.187572141786,0.237931229543,
    0.280470745504,0.315778351328,0.344748131723,0.369184848919,
    0.50121971146,0.630775610546,0.65513877695,0.68399340005,
    0.719200464633,0.761879752634,0.812157751973,0.874843307053,
    0.923007381441,1.),.UNSPECIFIED.);
#4236 = CARTESIAN_POINT('',(6.28318530718,105.));
#4237 = CARTESIAN_POINT('',(6.263435121022,105.));
#4238 = CARTESIAN_POINT('',(6.243722450087,104.9549390181));
#4239 = CARTESIAN_POINT('',(6.224202483965,104.86513880609));
#4240 = CARTESIAN_POINT('',(6.205028798345,104.73247269229));
#4241 = CARTESIAN_POINT('',(6.18635218678,104.56034440276));
#4242 = CARTESIAN_POINT('',(6.157061664552,104.22483779468));
#4243 = CARTESIAN_POINT('',(6.146042322831,104.08233583697));
#4244 = CARTESIAN_POINT('',(6.135270896802,103.92713280253));
#4245 = CARTESIAN_POINT('',(6.124758331985,103.76012172049));
#4246 = CARTESIAN_POINT('',(6.114514730582,103.58221705813));
#4247 = CARTESIAN_POINT('',(6.091771433372,103.15348206773));
#4248 = CARTESIAN_POINT('',(6.079448460205,102.89619491658));
#4249 = CARTESIAN_POINT('',(6.067580741688,102.62409772896));
#4250 = CARTESIAN_POINT('',(6.056167802449,102.33864864816));
#4251 = CARTESIAN_POINT('',(6.045208056727,102.04116577142));
#4252 = CARTESIAN_POINT('',(6.026150411303,101.48203908725));
#4253 = CARTESIAN_POINT('',(6.017898535926,101.22402095723));
#4254 = CARTESIAN_POINT('',(6.009939627556,100.95934794266));
#4255 = CARTESIAN_POINT('',(6.00227054026,100.68853087997));
#4256 = CARTESIAN_POINT('',(5.994888175467,100.41201870749));
#4257 = CARTESIAN_POINT('',(5.981792899369,99.892137929475));
#4258 = CARTESIAN_POINT('',(5.975998732808,99.650289024158));
#4259 = CARTESIAN_POINT('',(5.970405263361,99.40489299468));
#4260 = CARTESIAN_POINT('',(5.965010976151,99.156168479951));
#4261 = CARTESIAN_POINT('',(5.959814480217,98.904311353969));
#4262 = CARTESIAN_POINT('',(5.950664554619,98.437998077094));
#4263 = CARTESIAN_POINT('',(5.946650071028,98.224467530315));
#4264 = CARTESIAN_POINT('',(5.942770422897,98.009006577248));
#4265 = CARTESIAN_POINT('',(5.939025080577,97.791713646585));
#4266 = CARTESIAN_POINT('',(5.935413619617,97.572682103946));
#4267 = CARTESIAN_POINT('',(5.929082115599,97.170931480923));
#4268 = CARTESIAN_POINT('',(5.926318426288,96.988752078968));
#4269 = CARTESIAN_POINT('',(5.923644477266,96.805511088091));
#4270 = CARTESIAN_POINT('',(5.921060131596,96.621256256132));
#4271 = CARTESIAN_POINT('',(5.918565290963,96.436034036694));
#4272 = CARTESIAN_POINT('',(5.914130886014,96.092872202041));
#4273 = CARTESIAN_POINT('',(5.912165518844,95.935198725917));
#4274 = CARTESIAN_POINT('',(5.910263758068,95.776896336922));
#4275 = CARTESIAN_POINT('',(5.908425581751,95.617991852816));
#4276 = CARTESIAN_POINT('',(5.906650982117,95.458511732966));
#4277 = CARTESIAN_POINT('',(5.895695113425,94.43382037761));
#4278 = CARTESIAN_POINT('',(5.888302422219,93.552736798362));
#4279 = CARTESIAN_POINT('',(5.882771107818,92.65983656041));
#4280 = CARTESIAN_POINT('',(5.87910886087,91.759208947657));
#4281 = CARTESIAN_POINT('',(5.877319906138,90.854669353729));
#4282 = CARTESIAN_POINT('',(5.877491026495,89.062316057234));
#4283 = CARTESIAN_POINT('',(5.879381292842,88.175042107728));
#4284 = CARTESIAN_POINT('',(5.883074911366,87.291745766552));
#4285 = CARTESIAN_POINT('',(5.888567752538,86.416033773692));
#4286 = CARTESIAN_POINT('',(5.895852591073,85.551771923817));
#4287 = CARTESIAN_POINT('',(5.90662614989,84.543750832089));
#4288 = CARTESIAN_POINT('',(5.908394651335,84.384741695017));
#4289 = CARTESIAN_POINT('',(5.910226348987,84.226304476089));
#4290 = CARTESIAN_POINT('',(5.912121250436,84.06846539478));
#4291 = CARTESIAN_POINT('',(5.914079377248,83.911251023905));
#4292 = CARTESIAN_POINT('',(5.918494804382,83.569262527868));
#4293 = CARTESIAN_POINT('',(5.92097758077,83.384750961086));
#4294 = CARTESIAN_POINT('',(5.923549152727,83.201198205066));
#4295 = CARTESIAN_POINT('',(5.926209616805,83.018650144808));
#4296 = CARTESIAN_POINT('',(5.928959107509,82.83715393453));
#4297 = CARTESIAN_POINT('',(5.935261434113,82.43664729381));
#4298 = CARTESIAN_POINT('',(5.938857868523,82.218175205769));
#4299 = CARTESIAN_POINT('',(5.94258741513,82.001429223453));
#4300 = CARTESIAN_POINT('',(5.946450492465,81.786501818435));
#4301 = CARTESIAN_POINT('',(5.950447622982,81.573490443936));
#4302 = CARTESIAN_POINT('',(5.959588163976,81.106724233631));
#4303 = CARTESIAN_POINT('',(5.964794681628,80.853924305359));
#4304 = CARTESIAN_POINT('',(5.970200260883,80.604272182917));
#4305 = CARTESIAN_POINT('',(5.97580630223,80.357965322787));
#4306 = CARTESIAN_POINT('',(5.981614331787,80.115224205028));
#4307 = CARTESIAN_POINT('',(5.994708001253,79.59482052218));
#4308 = CARTESIAN_POINT('',(6.002072641239,79.318634008019));
#4309 = CARTESIAN_POINT('',(6.009723035058,79.048117203622));
#4310 = CARTESIAN_POINT('',(6.017662265712,78.783716112668));
#4311 = CARTESIAN_POINT('',(6.02589346482,78.525938171132));
#4312 = CARTESIAN_POINT('',(6.045050462648,77.962926616844));
#4313 = CARTESIAN_POINT('',(6.056142525129,77.661604649949));
#4314 = CARTESIAN_POINT('',(6.06769916656,77.372610566631));
#4315 = CARTESIAN_POINT('',(6.079722004892,77.097312877508));
#4316 = CARTESIAN_POINT('',(6.092211487567,76.83722702824));
#4317 = CARTESIAN_POINT('',(6.115121627362,76.407150144056));
#4318 = CARTESIAN_POINT('',(6.125352751422,76.230218611427));
#4319 = CARTESIAN_POINT('',(6.13585124477,76.064159669116));
#4320 = CARTESIAN_POINT('',(6.146606910564,75.909883151698));
#4321 = CARTESIAN_POINT('',(6.157608714752,75.768276323298));
#4322 = CARTESIAN_POINT('',(6.186806302628,75.43548334504));
#4323 = CARTESIAN_POINT('',(6.205401521818,75.264954580232));
#4324 = CARTESIAN_POINT('',(6.224487434777,75.133551090545));
#4325 = CARTESIAN_POINT('',(6.243914878543,75.044620083279));
#4326 = CARTESIAN_POINT('',(6.263531980112,75.));
#4327 = CARTESIAN_POINT('',(6.28318530718,75.));
#4328 = ( GEOMETRIC_REPRESENTATION_CONTEXT(2) 
PARAMETRIC_REPRESENTATION_CONTEXT() REPRESENTATION_CONTEXT('2D SPACE',''
  ) );
#4329 = PCURVE('',#3987,#4330);
#4330 = DEFINITIONAL_REPRESENTATION('',(#4331),#4424);
#4331 = B_SPLINE_CURVE_WITH_KNOTS('',6,(#4332,#4333,#4334,#4335,#4336,
    #4337,#4338,#4339,#4340,#4341,#4342,#4343,#4344,#4345,#4346,#4347,
    #4348,#4349,#4350,#4351,#4352,#4353,#4354,#4355,#4356,#4357,#4358,
    #4359,#4360,#4361,#4362,#4363,#4364,#4365,#4366,#4367,#4368,#4369,
    #4370,#4371,#4372,#4373,#4374,#4375,#4376,#4377,#4378,#4379,#4380,
    #4381,#4382,#4383,#4384,#4385,#4386,#4387,#4388,#4389,#4390,#4391,
    #4392,#4393,#4394,#4395,#4396,#4397,#4398,#4399,#4400,#4401,#4402,
    #4403,#4404,#4405,#4406,#4407,#4408,#4409,#4410,#4411,#4412,#4413,
    #4414,#4415,#4416,#4417,#4418,#4419,#4420,#4421,#4422,#4423),
  .UNSPECIFIED.,.F.,.F.,(7,5,5,5,5,5,5,5,5,5,5,5,5,5,5,5,5,5,7),(0.,
    7.737113599598E-02,0.125657875011,0.187572141786,0.237931229543,
    0.280470745504,0.315778351328,0.344748131723,0.369184848919,
    0.50121971146,0.630775610546,0.65513877695,0.68399340005,
    0.719200464633,0.761879752634,0.812157751973,0.874843307053,
    0.923007381441,1.),.UNSPECIFIED.);
#4332 = CARTESIAN_POINT('',(3.14159265359,7.));
#4333 = CARTESIAN_POINT('',(3.191626458522,7.));
#4334 = CARTESIAN_POINT('',(3.241565211261,6.982212832065));
#4335 = CARTESIAN_POINT('',(3.291206188729,6.946765090637));
#4336 = CARTESIAN_POINT('',(3.34034668395,6.894735912703));
#4337 = CARTESIAN_POINT('',(3.388764367055,6.828126089802));
#4338 = CARTESIAN_POINT('',(3.465796764529,6.700554261789));
#4339 = CARTESIAN_POINT('',(3.495049937121,6.646821811784));
#4340 = CARTESIAN_POINT('',(3.523953497316,6.588893086773));
#4341 = CARTESIAN_POINT('',(3.55250369776,6.527302350529));
#4342 = CARTESIAN_POINT('',(3.580694312851,6.462592769009));
#4343 = CARTESIAN_POINT('',(3.64419063806,6.309027231489));
#4344 = CARTESIAN_POINT('',(3.679265858309,6.218494153784));
#4345 = CARTESIAN_POINT('',(3.713777100702,6.124711796758));
#4346 = CARTESIAN_POINT('',(3.747754418852,6.0286181083));
#4347 = CARTESIAN_POINT('',(3.781225468764,5.931074298434));
#4348 = CARTESIAN_POINT('',(3.841053108601,5.752968691677));
#4349 = CARTESIAN_POINT('',(3.867576684351,5.67262010737));
#4350 = CARTESIAN_POINT('',(3.893809416606,5.592209997635));
#4351 = CARTESIAN_POINT('',(3.919770629718,5.512103900763));
#4352 = CARTESIAN_POINT('',(3.945479203981,5.432634791153));
#4353 = CARTESIAN_POINT('',(3.992474042775,5.287768195146));
#4354 = CARTESIAN_POINT('',(4.013827259596,5.222101737152));
#4355 = CARTESIAN_POINT('',(4.035024808876,5.157289155852));
#4356 = CARTESIAN_POINT('',(4.056077187502,5.09350164761));
#4357 = CARTESIAN_POINT('',(4.07699470695,5.030897626731));
#4358 = CARTESIAN_POINT('',(4.115045411896,4.918764834578));
#4359 = CARTESIAN_POINT('',(4.132217067803,4.868823855075));
#4360 = CARTESIAN_POINT('',(4.149307921707,4.819884327582));
#4361 = CARTESIAN_POINT('',(4.166323165595,4.772026332924));
#4362 = CARTESIAN_POINT('',(4.183267722744,4.725325492124));
#4363 = CARTESIAN_POINT('',(4.213995024798,4.642542900939));
#4364 = CARTESIAN_POINT('',(4.227799340968,4.606059827855));
#4365 = CARTESIAN_POINT('',(4.241561763059,4.570443133356));
#4366 = CARTESIAN_POINT('',(4.25528474543,4.53573034504));
#4367 = CARTESIAN_POINT('',(4.268970629981,4.501957131894));
#4368 = CARTESIAN_POINT('',(4.294136611629,4.441489848744));
#4369 = CARTESIAN_POINT('',(4.305626766232,4.414514997093));
#4370 = CARTESIAN_POINT('',(4.317093447437,4.388253056602));
#4371 = CARTESIAN_POINT('',(4.328537942167,4.362723395245));
#4372 = CARTESIAN_POINT('',(4.339961486779,4.337944441704));
#4373 = CARTESIAN_POINT('',(4.412981422438,4.184200346511));
#4374 = CARTESIAN_POINT('',(4.474047657561,4.076836633786));
#4375 = CARTESIAN_POINT('',(4.534714337892,3.994712807905));
#4376 = CARTESIAN_POINT('',(4.595122256222,3.939754605145));
#4377 = CARTESIAN_POINT('',(4.655410694578,3.912920744475));
#4378 = CARTESIAN_POINT('',(4.774901578182,3.91548753557));
#4379 = CARTESIAN_POINT('',(4.834067524467,3.943841073277));
#4380 = CARTESIAN_POINT('',(4.893355283245,3.999220384492));
#4381 = CARTESIAN_POINT('',(4.952896966087,4.080686048353));
#4382 = CARTESIAN_POINT('',(5.012826148196,4.186404108368));
#4383 = CARTESIAN_POINT('',(5.084654698837,4.337597114813));
#4384 = CARTESIAN_POINT('',(5.096043758884,4.362292514793));
#4385 = CARTESIAN_POINT('',(5.107453631094,4.387734316804));
#4386 = CARTESIAN_POINT('',(5.11888554032,4.413904265354));
#4387 = CARTESIAN_POINT('',(5.130340761354,4.44078317681));
#4388 = CARTESIAN_POINT('',(5.155416838644,4.501000940043));
#4389 = CARTESIAN_POINT('',(5.169047614754,4.534617178712));
#4390 = CARTESIAN_POINT('',(5.182715148993,4.569166267298));
#4391 = CARTESIAN_POINT('',(5.196421753731,4.604612988767));
#4392 = CARTESIAN_POINT('',(5.210169851971,4.640920297149));
#4393 = CARTESIAN_POINT('',(5.240790485109,4.723352415569));
#4394 = CARTESIAN_POINT('',(5.257684529134,4.769878752591));
#4395 = CARTESIAN_POINT('',(5.274648719163,4.817557850551));
#4396 = CARTESIAN_POINT('',(5.291687930647,4.866314827453));
#4397 = CARTESIAN_POINT('',(5.308807304747,4.916070397352));
#4398 = CARTESIAN_POINT('',(5.346868708569,5.028165466147));
#4399 = CARTESIAN_POINT('',(5.367850419786,5.090932625404));
#4400 = CARTESIAN_POINT('',(5.388967598887,5.15489552634));
#4401 = CARTESIAN_POINT('',(5.410230649811,5.21989441283));
#4402 = CARTESIAN_POINT('',(5.431650163528,5.285756594419));
#4403 = CARTESIAN_POINT('',(5.478667024311,5.43068319518));
#4404 = CARTESIAN_POINT('',(5.504329399181,5.51001045645));
#4405 = CARTESIAN_POINT('',(5.530243282156,5.589978115349));
#4406 = CARTESIAN_POINT('',(5.556427460592,5.670255203883));
#4407 = CARTESIAN_POINT('',(5.582901162179,5.750478433442));
#4408 = CARTESIAN_POINT('',(5.643078409165,5.92970915041));
#4409 = CARTESIAN_POINT('',(5.676961961096,6.028490628546));
#4410 = CARTESIAN_POINT('',(5.711364349143,6.125790874879));
#4411 = CARTESIAN_POINT('',(5.74631417844,6.220715795535));
#4412 = CARTESIAN_POINT('',(5.781842580323,6.312290762873));
#4413 = CARTESIAN_POINT('',(5.845756368687,6.466453452826));
#4414 = CARTESIAN_POINT('',(5.873893909355,6.530851698315));
#4415 = CARTESIAN_POINT('',(5.902389336545,6.592126522394));
#4416 = CARTESIAN_POINT('',(5.931236136826,6.649737939863));
#4417 = CARTESIAN_POINT('',(5.960430270311,6.703155441436));
#4418 = CARTESIAN_POINT('',(6.037190677937,6.82974091079));
#4419 = CARTESIAN_POINT('',(6.085386492134,6.895744856032));
#4420 = CARTESIAN_POINT('',(6.13429643645,6.947282248823));
#4421 = CARTESIAN_POINT('',(6.183700234141,6.982386866838));
#4422 = CARTESIAN_POINT('',(6.233396878608,7.));
#4423 = CARTESIAN_POINT('',(6.28318530718,7.));
#4424 = ( GEOMETRIC_REPRESENTATION_CONTEXT(2) 
PARAMETRIC_REPRESENTATION_CONTEXT() REPRESENTATION_CONTEXT('2D SPACE',''
  ) );
#4425 = ADVANCED_FACE('',(#4426),#3987,.F.);
#4426 = FACE_BOUND('',#4427,.F.);
#4427 = EDGE_LOOP('',(#4428,#4429,#4452,#4479,#4480));
#4428 = ORIENTED_EDGE('',*,*,#3793,.F.);
#4429 = ORIENTED_EDGE('',*,*,#4430,.F.);
#4430 = EDGE_CURVE('',#4431,#3794,#4433,.T.);
#4431 = VERTEX_POINT('',#4432);
#4432 = CARTESIAN_POINT('',(31.,-3.673940397442E-15,3.475E+03));
#4433 = SEAM_CURVE('',#4434,(#4438,#4445),.PCURVE_S1.);
#4434 = LINE('',#4435,#4436);
#4435 = CARTESIAN_POINT('',(31.,-3.673940397442E-15,3.475E+03));
#4436 = VECTOR('',#4437,1.);
#4437 = DIRECTION('',(1.,0.,2.22044604925E-16));
#4438 = PCURVE('',#3987,#4439);
#4439 = DEFINITIONAL_REPRESENTATION('',(#4440),#4444);
#4440 = LINE('',#4441,#4442);
#4441 = CARTESIAN_POINT('',(6.28318530718,-0.));
#4442 = VECTOR('',#4443,1.);
#4443 = DIRECTION('',(0.,1.));
#4444 = ( GEOMETRIC_REPRESENTATION_CONTEXT(2) 
PARAMETRIC_REPRESENTATION_CONTEXT() REPRESENTATION_CONTEXT('2D SPACE',''
  ) );
#4445 = PCURVE('',#3987,#4446);
#4446 = DEFINITIONAL_REPRESENTATION('',(#4447),#4451);
#4447 = LINE('',#4448,#4449);
#4448 = CARTESIAN_POINT('',(0.,-0.));
#4449 = VECTOR('',#4450,1.);
#4450 = DIRECTION('',(0.,1.));
#4451 = ( GEOMETRIC_REPRESENTATION_CONTEXT(2) 
PARAMETRIC_REPRESENTATION_CONTEXT() REPRESENTATION_CONTEXT('2D SPACE',''
  ) );
#4452 = ORIENTED_EDGE('',*,*,#4453,.T.);
#4453 = EDGE_CURVE('',#4431,#4431,#4454,.T.);
#4454 = SURFACE_CURVE('',#4455,(#4460,#4467),.PCURVE_S1.);
#4455 = CIRCLE('',#4456,15.);
#4456 = AXIS2_PLACEMENT_3D('',#4457,#4458,#4459);
#4457 = CARTESIAN_POINT('',(31.,0.,3.49E+03));
#4458 = DIRECTION('',(1.,-0.,2.22044604925E-16));
#4459 = DIRECTION('',(2.22044604925E-16,0.,-1.));
#4460 = PCURVE('',#3987,#4461);
#4461 = DEFINITIONAL_REPRESENTATION('',(#4462),#4466);
#4462 = LINE('',#4463,#4464);
#4463 = CARTESIAN_POINT('',(0.,0.));
#4464 = VECTOR('',#4465,1.);
#4465 = DIRECTION('',(1.,0.));
#4466 = ( GEOMETRIC_REPRESENTATION_CONTEXT(2) 
PARAMETRIC_REPRESENTATION_CONTEXT() REPRESENTATION_CONTEXT('2D SPACE',''
  ) );
#4467 = PCURVE('',#4468,#4473);
#4468 = PLANE('',#4469);
#4469 = AXIS2_PLACEMENT_3D('',#4470,#4471,#4472);
#4470 = CARTESIAN_POINT('',(31.,0.,3.49E+03));
#4471 = DIRECTION('',(1.,0.,2.22044604925E-16));
#4472 = DIRECTION('',(2.22044604925E-16,0.,-1.));
#4473 = DEFINITIONAL_REPRESENTATION('',(#4474),#4478);
#4474 = CIRCLE('',#4475,15.);
#4475 = AXIS2_PLACEMENT_2D('',#4476,#4477);
#4476 = CARTESIAN_POINT('',(0.,0.));
#4477 = DIRECTION('',(1.,0.));
#4478 = ( GEOMETRIC_REPRESENTATION_CONTEXT(2) 
PARAMETRIC_REPRESENTATION_CONTEXT() REPRESENTATION_CONTEXT('2D SPACE',''
  ) );
#4479 = ORIENTED_EDGE('',*,*,#4430,.T.);
#4480 = ORIENTED_EDGE('',*,*,#4138,.F.);
#4481 = ADVANCED_FACE('',(#4482),#4126,.T.);
#4482 = FACE_BOUND('',#4483,.T.);
#4483 = EDGE_LOOP('',(#4484,#4485,#4508,#4535));
#4484 = ORIENTED_EDGE('',*,*,#4111,.F.);
#4485 = ORIENTED_EDGE('',*,*,#4486,.F.);
#4486 = EDGE_CURVE('',#4487,#4089,#4489,.T.);
#4487 = VERTEX_POINT('',#4488);
#4488 = CARTESIAN_POINT('',(12.,-2.939152317954E-15,3.37E+03));
#4489 = SEAM_CURVE('',#4490,(#4494,#4501),.PCURVE_S1.);
#4490 = LINE('',#4491,#4492);
#4491 = CARTESIAN_POINT('',(12.,-2.939152317954E-15,3.37E+03));
#4492 = VECTOR('',#4493,1.);
#4493 = DIRECTION('',(0.654930538418,-1.604117175075E-16,0.75568908279)
  );
#4494 = PCURVE('',#4126,#4495);
#4495 = DEFINITIONAL_REPRESENTATION('',(#4496),#4500);
#4496 = LINE('',#4497,#4498);
#4497 = CARTESIAN_POINT('',(6.28318530718,-0.));
#4498 = VECTOR('',#4499,1.);
#4499 = DIRECTION('',(0.,1.));
#4500 = ( GEOMETRIC_REPRESENTATION_CONTEXT(2) 
PARAMETRIC_REPRESENTATION_CONTEXT() REPRESENTATION_CONTEXT('2D SPACE',''
  ) );
#4501 = PCURVE('',#4126,#4502);
#4502 = DEFINITIONAL_REPRESENTATION('',(#4503),#4507);
#4503 = LINE('',#4504,#4505);
#4504 = CARTESIAN_POINT('',(0.,-0.));
#4505 = VECTOR('',#4506,1.);
#4506 = DIRECTION('',(0.,1.));
#4507 = ( GEOMETRIC_REPRESENTATION_CONTEXT(2) 
PARAMETRIC_REPRESENTATION_CONTEXT() REPRESENTATION_CONTEXT('2D SPACE',''
  ) );
#4508 = ORIENTED_EDGE('',*,*,#4509,.T.);
#4509 = EDGE_CURVE('',#4487,#4487,#4510,.T.);
#4510 = SURFACE_CURVE('',#4511,(#4516,#4523),.PCURVE_S1.);
#4511 = CIRCLE('',#4512,12.);
#4512 = AXIS2_PLACEMENT_3D('',#4513,#4514,#4515);
#4513 = CARTESIAN_POINT('',(0.,0.,3.37E+03));
#4514 = DIRECTION('',(0.,0.,1.));
#4515 = DIRECTION('',(1.,0.,-0.));
#4516 = PCURVE('',#4126,#4517);
#4517 = DEFINITIONAL_REPRESENTATION('',(#4518),#4522);
#4518 = LINE('',#4519,#4520);
#4519 = CARTESIAN_POINT('',(0.,0.));
#4520 = VECTOR('',#4521,1.);
#4521 = DIRECTION('',(1.,0.));
#4522 = ( GEOMETRIC_REPRESENTATION_CONTEXT(2) 
PARAMETRIC_REPRESENTATION_CONTEXT() REPRESENTATION_CONTEXT('2D SPACE',''
  ) );
#4523 = PCURVE('',#4524,#4529);
#4524 = PLANE('',#4525);
#4525 = AXIS2_PLACEMENT_3D('',#4526,#4527,#4528);
#4526 = CARTESIAN_POINT('',(0.,0.,3.37E+03));
#4527 = DIRECTION('',(0.,0.,1.));
#4528 = DIRECTION('',(1.,0.,-0.));
#4529 = DEFINITIONAL_REPRESENTATION('',(#4530),#4534);
#4530 = CIRCLE('',#4531,12.);
#4531 = AXIS2_PLACEMENT_2D('',#4532,#4533);
#4532 = CARTESIAN_POINT('',(0.,0.));
#4533 = DIRECTION('',(1.,0.));
#4534 = ( GEOMETRIC_REPRESENTATION_CONTEXT(2) 
PARAMETRIC_REPRESENTATION_CONTEXT() REPRESENTATION_CONTEXT('2D SPACE',''
  ) );
#4535 = ORIENTED_EDGE('',*,*,#4486,.T.);
#4536 = ADVANCED_FACE('',(#4537,#4540,#4571),#3780,.T.);
#4537 = FACE_BOUND('',#4538,.T.);
#4538 = EDGE_LOOP('',(#4539));
#4539 = ORIENTED_EDGE('',*,*,#3765,.T.);
#4540 = FACE_BOUND('',#4541,.T.);
#4541 = EDGE_LOOP('',(#4542));
#4542 = ORIENTED_EDGE('',*,*,#4543,.F.);
#4543 = EDGE_CURVE('',#4544,#4544,#4546,.T.);
#4544 = VERTEX_POINT('',#4545);
#4545 = CARTESIAN_POINT('',(14.,-3.429011037613E-15,3.54E+03));
#4546 = SURFACE_CURVE('',#4547,(#4552,#4559),.PCURVE_S1.);
#4547 = CIRCLE('',#4548,14.);
#4548 = AXIS2_PLACEMENT_3D('',#4549,#4550,#4551);
#4549 = CARTESIAN_POINT('',(0.,0.,3.54E+03));
#4550 = DIRECTION('',(0.,0.,1.));
#4551 = DIRECTION('',(1.,0.,-0.));
#4552 = PCURVE('',#3780,#4553);
#4553 = DEFINITIONAL_REPRESENTATION('',(#4554),#4558);
#4554 = CIRCLE('',#4555,14.);
#4555 = AXIS2_PLACEMENT_2D('',#4556,#4557);
#4556 = CARTESIAN_POINT('',(0.,0.));
#4557 = DIRECTION('',(1.,0.));
#4558 = ( GEOMETRIC_REPRESENTATION_CONTEXT(2) 
PARAMETRIC_REPRESENTATION_CONTEXT() REPRESENTATION_CONTEXT('2D SPACE',''
  ) );
#4559 = PCURVE('',#4560,#4565);
#4560 = CYLINDRICAL_SURFACE('',#4561,14.);
#4561 = AXIS2_PLACEMENT_3D('',#4562,#4563,#4564);
#4562 = CARTESIAN_POINT('',(0.,0.,3.54E+03));
#4563 = DIRECTION('',(0.,0.,1.));
#4564 = DIRECTION('',(1.,0.,-0.));
#4565 = DEFINITIONAL_REPRESENTATION('',(#4566),#4570);
#4566 = LINE('',#4567,#4568);
#4567 = CARTESIAN_POINT('',(0.,0.));
#4568 = VECTOR('',#4569,1.);
#4569 = DIRECTION('',(1.,0.));
#4570 = ( GEOMETRIC_REPRESENTATION_CONTEXT(2) 
PARAMETRIC_REPRESENTATION_CONTEXT() REPRESENTATION_CONTEXT('2D SPACE',''
  ) );
#4571 = FACE_BOUND('',#4572,.T.);
#4572 = EDGE_LOOP('',(#4573));
#4573 = ORIENTED_EDGE('',*,*,#4574,.F.);
#4574 = EDGE_CURVE('',#4575,#4575,#4577,.T.);
#4575 = VERTEX_POINT('',#4576);
#4576 = CARTESIAN_POINT('',(37.,-1.714505518806E-15,3.54E+03));
#4577 = SURFACE_CURVE('',#4578,(#4583,#4590),.PCURVE_S1.);
#4578 = CIRCLE('',#4579,7.);
#4579 = AXIS2_PLACEMENT_3D('',#4580,#4581,#4582);
#4580 = CARTESIAN_POINT('',(30.,0.,3.54E+03));
#4581 = DIRECTION('',(0.,0.,1.));
#4582 = DIRECTION('',(1.,0.,-0.));
#4583 = PCURVE('',#3780,#4584);
#4584 = DEFINITIONAL_REPRESENTATION('',(#4585),#4589);
#4585 = CIRCLE('',#4586,7.);
#4586 = AXIS2_PLACEMENT_2D('',#4587,#4588);
#4587 = CARTESIAN_POINT('',(30.,0.));
#4588 = DIRECTION('',(1.,0.));
#4589 = ( GEOMETRIC_REPRESENTATION_CONTEXT(2) 
PARAMETRIC_REPRESENTATION_CONTEXT() REPRESENTATION_CONTEXT('2D SPACE',''
  ) );
#4590 = PCURVE('',#4591,#4596);
#4591 = CYLINDRICAL_SURFACE('',#4592,7.);
#4592 = AXIS2_PLACEMENT_3D('',#4593,#4594,#4595);
#4593 = CARTESIAN_POINT('',(30.,0.,3.54E+03));
#4594 = DIRECTION('',(0.,0.,1.));
#4595 = DIRECTION('',(1.,0.,-0.));
#4596 = DEFINITIONAL_REPRESENTATION('',(#4597),#4601);
#4597 = LINE('',#4598,#4599);
#4598 = CARTESIAN_POINT('',(0.,0.));
#4599 = VECTOR('',#4600,1.);
#4600 = DIRECTION('',(1.,0.));
#4601 = ( GEOMETRIC_REPRESENTATION_CONTEXT(2) 
PARAMETRIC_REPRESENTATION_CONTEXT() REPRESENTATION_CONTEXT('2D SPACE',''
  ) );
#4602 = ADVANCED_FACE('',(#4603),#4468,.T.);
#4603 = FACE_BOUND('',#4604,.F.);
#4604 = EDGE_LOOP('',(#4605));
#4605 = ORIENTED_EDGE('',*,*,#4453,.F.);
#4606 = ADVANCED_FACE('',(#4607,#4610),#4524,.F.);
#4607 = FACE_BOUND('',#4608,.F.);
#4608 = EDGE_LOOP('',(#4609));
#4609 = ORIENTED_EDGE('',*,*,#4509,.T.);
#4610 = FACE_BOUND('',#4611,.F.);
#4611 = EDGE_LOOP('',(#4612));
#4612 = ORIENTED_EDGE('',*,*,#4613,.F.);
#4613 = EDGE_CURVE('',#4614,#4614,#4616,.T.);
#4614 = VERTEX_POINT('',#4615);
#4615 = CARTESIAN_POINT('',(4.,-9.797174393179E-16,3.37E+03));
#4616 = SURFACE_CURVE('',#4617,(#4622,#4629),.PCURVE_S1.);
#4617 = CIRCLE('',#4618,4.);
#4618 = AXIS2_PLACEMENT_3D('',#4619,#4620,#4621);
#4619 = CARTESIAN_POINT('',(0.,0.,3.37E+03));
#4620 = DIRECTION('',(0.,0.,1.));
#4621 = DIRECTION('',(1.,0.,-0.));
#4622 = PCURVE('',#4524,#4623);
#4623 = DEFINITIONAL_REPRESENTATION('',(#4624),#4628);
#4624 = CIRCLE('',#4625,4.);
#4625 = AXIS2_PLACEMENT_2D('',#4626,#4627);
#4626 = CARTESIAN_POINT('',(0.,0.));
#4627 = DIRECTION('',(1.,0.));
#4628 = ( GEOMETRIC_REPRESENTATION_CONTEXT(2) 
PARAMETRIC_REPRESENTATION_CONTEXT() REPRESENTATION_CONTEXT('2D SPACE',''
  ) );
#4629 = PCURVE('',#4630,#4635);
#4630 = CYLINDRICAL_SURFACE('',#4631,4.);
#4631 = AXIS2_PLACEMENT_3D('',#4632,#4633,#4634);
#4632 = CARTESIAN_POINT('',(0.,0.,3.3E+03));
#4633 = DIRECTION('',(0.,0.,1.));
#4634 = DIRECTION('',(1.,0.,-0.));
#4635 = DEFINITIONAL_REPRESENTATION('',(#4636),#4640);
#4636 = LINE('',#4637,#4638);
#4637 = CARTESIAN_POINT('',(0.,70.));
#4638 = VECTOR('',#4639,1.);
#4639 = DIRECTION('',(1.,0.));
#4640 = ( GEOMETRIC_REPRESENTATION_CONTEXT(2) 
PARAMETRIC_REPRESENTATION_CONTEXT() REPRESENTATION_CONTEXT('2D SPACE',''
  ) );
#4641 = ADVANCED_FACE('',(#4642),#4560,.T.);
#4642 = FACE_BOUND('',#4643,.T.);
#4643 = EDGE_LOOP('',(#4644,#4673,#4694,#4695));
#4644 = ORIENTED_EDGE('',*,*,#4645,.F.);
#4645 = EDGE_CURVE('',#4646,#4646,#4648,.T.);
#4646 = VERTEX_POINT('',#4647);
#4647 = CARTESIAN_POINT('',(14.,-3.429011037613E-15,3.56E+03));
#4648 = SURFACE_CURVE('',#4649,(#4654,#4661),.PCURVE_S1.);
#4649 = CIRCLE('',#4650,14.);
#4650 = AXIS2_PLACEMENT_3D('',#4651,#4652,#4653);
#4651 = CARTESIAN_POINT('',(0.,0.,3.56E+03));
#4652 = DIRECTION('',(0.,0.,1.));
#4653 = DIRECTION('',(1.,0.,-0.));
#4654 = PCURVE('',#4560,#4655);
#4655 = DEFINITIONAL_REPRESENTATION('',(#4656),#4660);
#4656 = LINE('',#4657,#4658);
#4657 = CARTESIAN_POINT('',(0.,20.));
#4658 = VECTOR('',#4659,1.);
#4659 = DIRECTION('',(1.,0.));
#4660 = ( GEOMETRIC_REPRESENTATION_CONTEXT(2) 
PARAMETRIC_REPRESENTATION_CONTEXT() REPRESENTATION_CONTEXT('2D SPACE',''
  ) );
#4661 = PCURVE('',#4662,#4667);
#4662 = PLANE('',#4663);
#4663 = AXIS2_PLACEMENT_3D('',#4664,#4665,#4666);
#4664 = CARTESIAN_POINT('',(0.,0.,3.56E+03));
#4665 = DIRECTION('',(0.,0.,1.));
#4666 = DIRECTION('',(1.,0.,-0.));
#4667 = DEFINITIONAL_REPRESENTATION('',(#4668),#4672);
#4668 = CIRCLE('',#4669,14.);
#4669 = AXIS2_PLACEMENT_2D('',#4670,#4671);
#4670 = CARTESIAN_POINT('',(0.,0.));
#4671 = DIRECTION('',(1.,0.));
#4672 = ( GEOMETRIC_REPRESENTATION_CONTEXT(2) 
PARAMETRIC_REPRESENTATION_CONTEXT() REPRESENTATION_CONTEXT('2D SPACE',''
  ) );
#4673 = ORIENTED_EDGE('',*,*,#4674,.F.);
#4674 = EDGE_CURVE('',#4544,#4646,#4675,.T.);
#4675 = SEAM_CURVE('',#4676,(#4680,#4687),.PCURVE_S1.);
#4676 = LINE('',#4677,#4678);
#4677 = CARTESIAN_POINT('',(14.,-3.429011037613E-15,3.54E+03));
#4678 = VECTOR('',#4679,1.);
#4679 = DIRECTION('',(0.,0.,1.));
#4680 = PCURVE('',#4560,#4681);
#4681 = DEFINITIONAL_REPRESENTATION('',(#4682),#4686);
#4682 = LINE('',#4683,#4684);
#4683 = CARTESIAN_POINT('',(6.28318530718,-0.));
#4684 = VECTOR('',#4685,1.);
#4685 = DIRECTION('',(0.,1.));
#4686 = ( GEOMETRIC_REPRESENTATION_CONTEXT(2) 
PARAMETRIC_REPRESENTATION_CONTEXT() REPRESENTATION_CONTEXT('2D SPACE',''
  ) );
#4687 = PCURVE('',#4560,#4688);
#4688 = DEFINITIONAL_REPRESENTATION('',(#4689),#4693);
#4689 = LINE('',#4690,#4691);
#4690 = CARTESIAN_POINT('',(0.,-0.));
#4691 = VECTOR('',#4692,1.);
#4692 = DIRECTION('',(0.,1.));
#4693 = ( GEOMETRIC_REPRESENTATION_CONTEXT(2) 
PARAMETRIC_REPRESENTATION_CONTEXT() REPRESENTATION_CONTEXT('2D SPACE',''
  ) );
#4694 = ORIENTED_EDGE('',*,*,#4543,.T.);
#4695 = ORIENTED_EDGE('',*,*,#4674,.T.);
#4696 = ADVANCED_FACE('',(#4697),#4591,.T.);
#4697 = FACE_BOUND('',#4698,.T.);
#4698 = EDGE_LOOP('',(#4699,#4728,#4749,#4750));
#4699 = ORIENTED_EDGE('',*,*,#4700,.F.);
#4700 = EDGE_CURVE('',#4701,#4701,#4703,.T.);
#4701 = VERTEX_POINT('',#4702);
#4702 = CARTESIAN_POINT('',(37.,-1.714505518806E-15,3.556E+03));
#4703 = SURFACE_CURVE('',#4704,(#4709,#4716),.PCURVE_S1.);
#4704 = CIRCLE('',#4705,7.);
#4705 = AXIS2_PLACEMENT_3D('',#4706,#4707,#4708);
#4706 = CARTESIAN_POINT('',(30.,0.,3.556E+03));
#4707 = DIRECTION('',(0.,0.,1.));
#4708 = DIRECTION('',(1.,0.,-0.));
#4709 = PCURVE('',#4591,#4710);
#4710 = DEFINITIONAL_REPRESENTATION('',(#4711),#4715);
#4711 = LINE('',#4712,#4713);
#4712 = CARTESIAN_POINT('',(0.,16.));
#4713 = VECTOR('',#4714,1.);
#4714 = DIRECTION('',(1.,0.));
#4715 = ( GEOMETRIC_REPRESENTATION_CONTEXT(2) 
PARAMETRIC_REPRESENTATION_CONTEXT() REPRESENTATION_CONTEXT('2D SPACE',''
  ) );
#4716 = PCURVE('',#4717,#4722);
#4717 = PLANE('',#4718);
#4718 = AXIS2_PLACEMENT_3D('',#4719,#4720,#4721);
#4719 = CARTESIAN_POINT('',(30.,0.,3.556E+03));
#4720 = DIRECTION('',(0.,0.,1.));
#4721 = DIRECTION('',(1.,0.,-0.));
#4722 = DEFINITIONAL_REPRESENTATION('',(#4723),#4727);
#4723 = CIRCLE('',#4724,7.);
#4724 = AXIS2_PLACEMENT_2D('',#4725,#4726);
#4725 = CARTESIAN_POINT('',(0.,0.));
#4726 = DIRECTION('',(1.,0.));
#4727 = ( GEOMETRIC_REPRESENTATION_CONTEXT(2) 
PARAMETRIC_REPRESENTATION_CONTEXT() REPRESENTATION_CONTEXT('2D SPACE',''
  ) );
#4728 = ORIENTED_EDGE('',*,*,#4729,.F.);
#4729 = EDGE_CURVE('',#4575,#4701,#4730,.T.);
#4730 = SEAM_CURVE('',#4731,(#4735,#4742),.PCURVE_S1.);
#4731 = LINE('',#4732,#4733);
#4732 = CARTESIAN_POINT('',(37.,-1.714505518806E-15,3.54E+03));
#4733 = VECTOR('',#4734,1.);
#4734 = DIRECTION('',(0.,0.,1.));
#4735 = PCURVE('',#4591,#4736);
#4736 = DEFINITIONAL_REPRESENTATION('',(#4737),#4741);
#4737 = LINE('',#4738,#4739);
#4738 = CARTESIAN_POINT('',(6.28318530718,-0.));
#4739 = VECTOR('',#4740,1.);
#4740 = DIRECTION('',(0.,1.));
#4741 = ( GEOMETRIC_REPRESENTATION_CONTEXT(2) 
PARAMETRIC_REPRESENTATION_CONTEXT() REPRESENTATION_CONTEXT('2D SPACE',''
  ) );
#4742 = PCURVE('',#4591,#4743);
#4743 = DEFINITIONAL_REPRESENTATION('',(#4744),#4748);
#4744 = LINE('',#4745,#4746);
#4745 = CARTESIAN_POINT('',(0.,-0.));
#4746 = VECTOR('',#4747,1.);
#4747 = DIRECTION('',(0.,1.));
#4748 = ( GEOMETRIC_REPRESENTATION_CONTEXT(2) 
PARAMETRIC_REPRESENTATION_CONTEXT() REPRESENTATION_CONTEXT('2D SPACE',''
  ) );
#4749 = ORIENTED_EDGE('',*,*,#4574,.T.);
#4750 = ORIENTED_EDGE('',*,*,#4729,.T.);
#4751 = ADVANCED_FACE('',(#4752),#4630,.F.);
#4752 = FACE_BOUND('',#4753,.F.);
#4753 = EDGE_LOOP('',(#4754,#4778,#4799,#4800));
#4754 = ORIENTED_EDGE('',*,*,#4755,.F.);
#4755 = EDGE_CURVE('',#4756,#4756,#4758,.T.);
#4756 = VERTEX_POINT('',#4757);
#4757 = CARTESIAN_POINT('',(4.,-9.797174393179E-16,3.56E+03));
#4758 = SURFACE_CURVE('',#4759,(#4764,#4771),.PCURVE_S1.);
#4759 = CIRCLE('',#4760,4.);
#4760 = AXIS2_PLACEMENT_3D('',#4761,#4762,#4763);
#4761 = CARTESIAN_POINT('',(0.,0.,3.56E+03));
#4762 = DIRECTION('',(0.,0.,1.));
#4763 = DIRECTION('',(1.,0.,-0.));
#4764 = PCURVE('',#4630,#4765);
#4765 = DEFINITIONAL_REPRESENTATION('',(#4766),#4770);
#4766 = LINE('',#4767,#4768);
#4767 = CARTESIAN_POINT('',(0.,260.));
#4768 = VECTOR('',#4769,1.);
#4769 = DIRECTION('',(1.,0.));
#4770 = ( GEOMETRIC_REPRESENTATION_CONTEXT(2) 
PARAMETRIC_REPRESENTATION_CONTEXT() REPRESENTATION_CONTEXT('2D SPACE',''
  ) );
#4771 = PCURVE('',#4662,#4772);
#4772 = DEFINITIONAL_REPRESENTATION('',(#4773),#4777);
#4773 = CIRCLE('',#4774,4.);
#4774 = AXIS2_PLACEMENT_2D('',#4775,#4776);
#4775 = CARTESIAN_POINT('',(0.,0.));
#4776 = DIRECTION('',(1.,0.));
#4777 = ( GEOMETRIC_REPRESENTATION_CONTEXT(2) 
PARAMETRIC_REPRESENTATION_CONTEXT() REPRESENTATION_CONTEXT('2D SPACE',''
  ) );
#4778 = ORIENTED_EDGE('',*,*,#4779,.F.);
#4779 = EDGE_CURVE('',#4614,#4756,#4780,.T.);
#4780 = SEAM_CURVE('',#4781,(#4785,#4792),.PCURVE_S1.);
#4781 = LINE('',#4782,#4783);
#4782 = CARTESIAN_POINT('',(4.,-9.797174393179E-16,3.3E+03));
#4783 = VECTOR('',#4784,1.);
#4784 = DIRECTION('',(0.,0.,1.));
#4785 = PCURVE('',#4630,#4786);
#4786 = DEFINITIONAL_REPRESENTATION('',(#4787),#4791);
#4787 = LINE('',#4788,#4789);
#4788 = CARTESIAN_POINT('',(6.28318530718,-0.));
#4789 = VECTOR('',#4790,1.);
#4790 = DIRECTION('',(0.,1.));
#4791 = ( GEOMETRIC_REPRESENTATION_CONTEXT(2) 
PARAMETRIC_REPRESENTATION_CONTEXT() REPRESENTATION_CONTEXT('2D SPACE',''
  ) );
#4792 = PCURVE('',#4630,#4793);
#4793 = DEFINITIONAL_REPRESENTATION('',(#4794),#4798);
#4794 = LINE('',#4795,#4796);
#4795 = CARTESIAN_POINT('',(0.,-0.));
#4796 = VECTOR('',#4797,1.);
#4797 = DIRECTION('',(0.,1.));
#4798 = ( GEOMETRIC_REPRESENTATION_CONTEXT(2) 
PARAMETRIC_REPRESENTATION_CONTEXT() REPRESENTATION_CONTEXT('2D SPACE',''
  ) );
#4799 = ORIENTED_EDGE('',*,*,#4613,.T.);
#4800 = ORIENTED_EDGE('',*,*,#4779,.T.);
#4801 = ADVANCED_FACE('',(#4802,#4805),#4662,.T.);
#4802 = FACE_BOUND('',#4803,.T.);
#4803 = EDGE_LOOP('',(#4804));
#4804 = ORIENTED_EDGE('',*,*,#4645,.T.);
#4805 = FACE_BOUND('',#4806,.T.);
#4806 = EDGE_LOOP('',(#4807));
#4807 = ORIENTED_EDGE('',*,*,#4755,.F.);
#4808 = ADVANCED_FACE('',(#4809),#4717,.T.);
#4809 = FACE_BOUND('',#4810,.T.);
#4810 = EDGE_LOOP('',(#4811));
#4811 = ORIENTED_EDGE('',*,*,#4700,.T.);
#4812 = MANIFOLD_SOLID_BREP('',#4813);
#4813 = CLOSED_SHELL('',(#4814,#5508,#5564,#5619,#5685,#5689,#5724,#5779
    ,#5834,#5884,#5891));
#4814 = ADVANCED_FACE('',(#4815),#4829,.T.);
#4815 = FACE_BOUND('',#4816,.T.);
#4816 = EDGE_LOOP('',(#4817,#4847,#4874,#4875,#5170,#5193,#5219,#5220));
#4817 = ORIENTED_EDGE('',*,*,#4818,.T.);
#4818 = EDGE_CURVE('',#4819,#4821,#4823,.T.);
#4819 = VERTEX_POINT('',#4820);
#4820 = CARTESIAN_POINT('',(38.,-9.30731567352E-15,4.445E+03));
#4821 = VERTEX_POINT('',#4822);
#4822 = CARTESIAN_POINT('',(38.,-9.30731567352E-15,4.48E+03));
#4823 = SEAM_CURVE('',#4824,(#4828,#4840),.PCURVE_S1.);
#4824 = LINE('',#4825,#4826);
#4825 = CARTESIAN_POINT('',(38.,-9.30731567352E-15,4.34E+03));
#4826 = VECTOR('',#4827,1.);
#4827 = DIRECTION('',(0.,0.,1.));
#4828 = PCURVE('',#4829,#4834);
#4829 = CYLINDRICAL_SURFACE('',#4830,38.);
#4830 = AXIS2_PLACEMENT_3D('',#4831,#4832,#4833);
#4831 = CARTESIAN_POINT('',(0.,0.,4.34E+03));
#4832 = DIRECTION('',(0.,0.,1.));
#4833 = DIRECTION('',(1.,0.,-0.));
#4834 = DEFINITIONAL_REPRESENTATION('',(#4835),#4839);
#4835 = LINE('',#4836,#4837);
#4836 = CARTESIAN_POINT('',(6.28318530718,-0.));
#4837 = VECTOR('',#4838,1.);
#4838 = DIRECTION('',(0.,1.));
#4839 = ( GEOMETRIC_REPRESENTATION_CONTEXT(2) 
PARAMETRIC_REPRESENTATION_CONTEXT() REPRESENTATION_CONTEXT('2D SPACE',''
  ) );
#4840 = PCURVE('',#4829,#4841);
#4841 = DEFINITIONAL_REPRESENTATION('',(#4842),#4846);
#4842 = LINE('',#4843,#4844);
#4843 = CARTESIAN_POINT('',(0.,-0.));
#4844 = VECTOR('',#4845,1.);
#4845 = DIRECTION('',(0.,1.));
#4846 = ( GEOMETRIC_REPRESENTATION_CONTEXT(2) 
PARAMETRIC_REPRESENTATION_CONTEXT() REPRESENTATION_CONTEXT('2D SPACE',''
  ) );
#4847 = ORIENTED_EDGE('',*,*,#4848,.F.);
#4848 = EDGE_CURVE('',#4821,#4821,#4849,.T.);
#4849 = SURFACE_CURVE('',#4850,(#4855,#4862),.PCURVE_S1.);
#4850 = CIRCLE('',#4851,38.);
#4851 = AXIS2_PLACEMENT_3D('',#4852,#4853,#4854);
#4852 = CARTESIAN_POINT('',(0.,0.,4.48E+03));
#4853 = DIRECTION('',(0.,0.,1.));
#4854 = DIRECTION('',(1.,0.,-0.));
#4855 = PCURVE('',#4829,#4856);
#4856 = DEFINITIONAL_REPRESENTATION('',(#4857),#4861);
#4857 = LINE('',#4858,#4859);
#4858 = CARTESIAN_POINT('',(0.,140.));
#4859 = VECTOR('',#4860,1.);
#4860 = DIRECTION('',(1.,0.));
#4861 = ( GEOMETRIC_REPRESENTATION_CONTEXT(2) 
PARAMETRIC_REPRESENTATION_CONTEXT() REPRESENTATION_CONTEXT('2D SPACE',''
  ) );
#4862 = PCURVE('',#4863,#4868);
#4863 = PLANE('',#4864);
#4864 = AXIS2_PLACEMENT_3D('',#4865,#4866,#4867);
#4865 = CARTESIAN_POINT('',(0.,0.,4.48E+03));
#4866 = DIRECTION('',(0.,0.,1.));
#4867 = DIRECTION('',(1.,0.,-0.));
#4868 = DEFINITIONAL_REPRESENTATION('',(#4869),#4873);
#4869 = CIRCLE('',#4870,38.);
#4870 = AXIS2_PLACEMENT_2D('',#4871,#4872);
#4871 = CARTESIAN_POINT('',(0.,0.));
#4872 = DIRECTION('',(1.,0.));
#4873 = ( GEOMETRIC_REPRESENTATION_CONTEXT(2) 
PARAMETRIC_REPRESENTATION_CONTEXT() REPRESENTATION_CONTEXT('2D SPACE',''
  ) );
#4874 = ORIENTED_EDGE('',*,*,#4818,.F.);
#4875 = ORIENTED_EDGE('',*,*,#4876,.F.);
#4876 = EDGE_CURVE('',#4877,#4819,#4879,.T.);
#4877 = VERTEX_POINT('',#4878);
#4878 = CARTESIAN_POINT('',(38.,-6.490628035481E-15,4.415E+03));
#4879 = SURFACE_CURVE('',#4880,(#4973,#5069),.PCURVE_S1.);
#4880 = B_SPLINE_CURVE_WITH_KNOTS('',6,(#4881,#4882,#4883,#4884,#4885,
    #4886,#4887,#4888,#4889,#4890,#4891,#4892,#4893,#4894,#4895,#4896,
    #4897,#4898,#4899,#4900,#4901,#4902,#4903,#4904,#4905,#4906,#4907,
    #4908,#4909,#4910,#4911,#4912,#4913,#4914,#4915,#4916,#4917,#4918,
    #4919,#4920,#4921,#4922,#4923,#4924,#4925,#4926,#4927,#4928,#4929,
    #4930,#4931,#4932,#4933,#4934,#4935,#4936,#4937,#4938,#4939,#4940,
    #4941,#4942,#4943,#4944,#4945,#4946,#4947,#4948,#4949,#4950,#4951,
    #4952,#4953,#4954,#4955,#4956,#4957,#4958,#4959,#4960,#4961,#4962,
    #4963,#4964,#4965,#4966,#4967,#4968,#4969,#4970,#4971,#4972),
  .UNSPECIFIED.,.F.,.F.,(7,5,5,5,5,5,5,5,5,5,5,5,5,5,5,5,5,5,7),(0.,
    7.737113598679E-02,0.125657874997,0.187572141763,0.237931229511,
    0.280470745465,0.315778351282,0.344748131672,0.369184848864,
    0.501219711383,0.630775610448,0.655138776849,0.683993399945,
    0.719200464523,0.761879752518,0.81215775185,0.874843306925,
    0.923007381319,1.),.UNSPECIFIED.);
#4881 = CARTESIAN_POINT('',(38.,-1.836970198721E-15,4.415E+03));
#4882 = CARTESIAN_POINT('',(38.,0.750507073978,4.415E+03));
#4883 = CARTESIAN_POINT('',(37.982212832065,1.499588430135,
    4.415045060982E+03));
#4884 = CARTESIAN_POINT('',(37.946765090637,2.240820885326,
    4.415134861194E+03));
#4885 = CARTESIAN_POINT('',(37.894735912703,2.967848171029,
    4.415267527308E+03));
#4886 = CARTESIAN_POINT('',(37.828126089802,3.674582185984,
    4.415439655597E+03));
#4887 = CARTESIAN_POINT('',(37.700554261788,4.780286994943,
    4.415775162205E+03));
#4888 = CARTESIAN_POINT('',(37.646821811784,5.19560039529,
    4.415917664163E+03));
#4889 = CARTESIAN_POINT('',(37.588893086774,5.600848011862,
    4.416072867197E+03));
#4890 = CARTESIAN_POINT('',(37.527302350529,5.995595619775,
    4.41623987828E+03));
#4891 = CARTESIAN_POINT('',(37.462592769008,6.379462843458,
    4.416417782942E+03));
#4892 = CARTESIAN_POINT('',(37.309027231493,7.22995537949,
    4.416846517932E+03));
#4893 = CARTESIAN_POINT('',(37.218494153783,7.689453769188,
    4.417103805083E+03));
#4894 = CARTESIAN_POINT('',(37.124711796754,8.130641071407,
    4.417375902271E+03));
#4895 = CARTESIAN_POINT('',(37.028618108299,8.553611542154,
    4.417661351352E+03));
#4896 = CARTESIAN_POINT('',(36.931074298438,8.958528967973,
    4.417958834229E+03));
#4897 = CARTESIAN_POINT('',(36.752968691677,9.660476480943,
    4.418517960913E+03));
#4898 = CARTESIAN_POINT('',(36.67262010737,9.963597142427,
    4.418775979043E+03));
#4899 = CARTESIAN_POINT('',(36.592209997635,10.255172660293,
    4.419040652057E+03));
#4900 = CARTESIAN_POINT('',(36.512103900763,10.535390161345,
    4.41931146912E+03));
#4901 = CARTESIAN_POINT('',(36.432634791153,10.804438396796,
    4.419587981293E+03));
#4902 = CARTESIAN_POINT('',(36.287768195146,11.28050543317,
    4.420107862071E+03));
#4903 = CARTESIAN_POINT('',(36.222101737152,11.490669677638,
    4.420349710976E+03));
#4904 = CARTESIAN_POINT('',(36.157289155852,11.693107011329,
    4.420595107005E+03));
#4905 = CARTESIAN_POINT('',(36.09350164761,11.887919012666,
    4.42084383152E+03));
#4906 = CARTESIAN_POINT('',(36.030897626731,12.075202516042,
    4.421095688646E+03));
#4907 = CARTESIAN_POINT('',(35.918764834578,12.404321887784,
    4.421562001923E+03));
#4908 = CARTESIAN_POINT('',(35.868823855075,12.548468040919,
    4.42177553247E+03));
#4909 = CARTESIAN_POINT('',(35.819884327582,12.687537396631,
    4.421990993423E+03));
#4910 = CARTESIAN_POINT('',(35.772026332925,12.82157488073,
    4.422208286353E+03));
#4911 = CARTESIAN_POINT('',(35.725325492124,12.950621019427,
    4.422427317896E+03));
#4912 = CARTESIAN_POINT('',(35.642542900939,13.176528151864,
    4.422829068519E+03));
#4913 = CARTESIAN_POINT('',(35.606059827855,13.275008405929,
    4.423011247921E+03));
#4914 = CARTESIAN_POINT('',(35.570443133356,13.370172606842,
    4.423194488912E+03));
#4915 = CARTESIAN_POINT('',(35.53573034504,13.462038846964,
    4.423378743744E+03));
#4916 = CARTESIAN_POINT('',(35.501957131894,13.550623405697,
    4.423563965963E+03));
#4917 = CARTESIAN_POINT('',(35.441489848744,13.707908012399,
    4.423907127798E+03));
#4918 = CARTESIAN_POINT('',(35.414514997093,13.77755055971,
    4.424064801274E+03));
#4919 = CARTESIAN_POINT('',(35.388253056602,13.844877077194,
    4.424223103663E+03));
#4920 = CARTESIAN_POINT('',(35.362723395245,13.909895468908,
    4.424382008147E+03));
#4921 = CARTESIAN_POINT('',(35.337944441704,13.9726128572,
    4.424541488267E+03));
#4922 = CARTESIAN_POINT('',(35.184200346508,14.35950767766,
    4.425566179622E+03));
#4923 = CARTESIAN_POINT('',(35.076836633787,14.619133471383,
    4.426447263202E+03));
#4924 = CARTESIAN_POINT('',(34.994712807906,14.812618398367,
    4.42734016344E+03));
#4925 = CARTESIAN_POINT('',(34.939754605144,14.940472137532,
    4.428240791052E+03));
#4926 = CARTESIAN_POINT('',(34.912920744475,15.002932242136,
    4.429145330646E+03));
#4927 = CARTESIAN_POINT('',(34.91548753557,14.996957708981,
    4.430937683943E+03));
#4928 = CARTESIAN_POINT('',(34.943841073276,14.930960395798,
    4.431824957892E+03));
#4929 = CARTESIAN_POINT('',(34.999220384495,14.801990082211,
    4.432708254233E+03));
#4930 = CARTESIAN_POINT('',(35.080686048348,14.609813613744,
    4.433583966226E+03));
#4931 = CARTESIAN_POINT('',(35.186404108371,14.353944087376,
    4.434448228076E+03));
#4932 = CARTESIAN_POINT('',(35.337597114813,13.973490235692,
    4.435456249168E+03));
#4933 = CARTESIAN_POINT('',(35.362292514793,13.910988999318,
    4.435615258305E+03));
#4934 = CARTESIAN_POINT('',(35.387734316804,13.846200599761,
    4.435773695524E+03));
#4935 = CARTESIAN_POINT('',(35.413904265354,13.779117985011,
    4.435931534605E+03));
#4936 = CARTESIAN_POINT('',(35.44078317681,13.709733331116,
    4.436088748976E+03));
#4937 = CARTESIAN_POINT('',(35.501000940043,13.553125411963,
    4.436430737472E+03));
#4938 = CARTESIAN_POINT('',(35.534617178712,13.464971641,
    4.436615249039E+03));
#4939 = CARTESIAN_POINT('',(35.569166267298,13.373562454214,
    4.436798801795E+03));
#4940 = CARTESIAN_POINT('',(35.604612988767,13.278881793562,
    4.436981349855E+03));
#4941 = CARTESIAN_POINT('',(35.640920297149,13.180911818038,
    4.437162846065E+03));
#4942 = CARTESIAN_POINT('',(35.72335241557,12.956057098643,
    4.437563352706E+03));
#4943 = CARTESIAN_POINT('',(35.769878752591,12.827555073644,
    4.437781824794E+03));
#4944 = CARTESIAN_POINT('',(35.817557850552,12.694091094878,
    4.437998570777E+03));
#4945 = CARTESIAN_POINT('',(35.866314827453,12.555625078566,
    4.438213498182E+03));
#4946 = CARTESIAN_POINT('',(35.916070397353,12.41211259095,
    4.438426509556E+03));
#4947 = CARTESIAN_POINT('',(36.028165466147,12.083357121609,
    4.438893275766E+03));
#4948 = CARTESIAN_POINT('',(36.090932625404,11.895726603534,
    4.439146075695E+03));
#4949 = CARTESIAN_POINT('',(36.15489552634,11.700520480788,
    4.439395727817E+03));
#4950 = CARTESIAN_POINT('',(36.21989441283,11.497641122515,
    4.439642034677E+03));
#4951 = CARTESIAN_POINT('',(36.285756594419,11.286986080282,
    4.439884775795E+03));
#4952 = CARTESIAN_POINT('',(36.430683195181,10.811001126303,
    4.440405179478E+03));
#4953 = CARTESIAN_POINT('',(36.51001045645,10.542613376615,
    4.440681365992E+03));
#4954 = CARTESIAN_POINT('',(36.589978115349,10.263095244754,
    4.440951882796E+03));
#4955 = CARTESIAN_POINT('',(36.670255203883,9.972258883068,
    4.441216283887E+03));
#4956 = CARTESIAN_POINT('',(36.750478433442,9.669917975698,
    4.441474061829E+03));
#4957 = CARTESIAN_POINT('',(36.929709150415,8.964360942503,
    4.442037073383E+03));
#4958 = CARTESIAN_POINT('',(37.028490628545,8.554568723011,
    4.44233839535E+03));
#4959 = CARTESIAN_POINT('',(37.125790874875,8.126270352059,
    4.442627389433E+03));
#4960 = CARTESIAN_POINT('',(37.220715795535,7.679296745763,
    4.442902687122E+03));
#4961 = CARTESIAN_POINT('',(37.312290762877,7.213552090162,
    4.443162772972E+03));
#4962 = CARTESIAN_POINT('',(37.46645345284,6.356725006701,
    4.443592849856E+03));
#4963 = CARTESIAN_POINT('',(37.530851698309,5.973286287052,
    4.443769781389E+03));
#4964 = CARTESIAN_POINT('',(37.592126522383,5.579030819666,
    4.443935840331E+03));
#4965 = CARTESIAN_POINT('',(37.649737939863,5.174343128413,
    4.444090116848E+03));
#4966 = CARTESIAN_POINT('',(37.703155441447,4.759661239075,
    4.444231723677E+03));
#4967 = CARTESIAN_POINT('',(37.829740910884,3.657397715457,
    4.444564516655E+03));
#4968 = CARTESIAN_POINT('',(37.895744855971,2.953715141954,
    4.44473504542E+03));
#4969 = CARTESIAN_POINT('',(37.947282248773,2.230000446288,
    4.444866448909E+03));
#4970 = CARTESIAN_POINT('',(37.982386866877,1.492276156939,
    4.444955379917E+03));
#4971 = CARTESIAN_POINT('',(38.,0.746826427754,4.445E+03));
#4972 = CARTESIAN_POINT('',(38.,2.755455298082E-15,4.445E+03));
#4973 = PCURVE('',#4829,#4974);
#4974 = DEFINITIONAL_REPRESENTATION('',(#4975),#5068);
#4975 = B_SPLINE_CURVE_WITH_KNOTS('',6,(#4976,#4977,#4978,#4979,#4980,
    #4981,#4982,#4983,#4984,#4985,#4986,#4987,#4988,#4989,#4990,#4991,
    #4992,#4993,#4994,#4995,#4996,#4997,#4998,#4999,#5000,#5001,#5002,
    #5003,#5004,#5005,#5006,#5007,#5008,#5009,#5010,#5011,#5012,#5013,
    #5014,#5015,#5016,#5017,#5018,#5019,#5020,#5021,#5022,#5023,#5024,
    #5025,#5026,#5027,#5028,#5029,#5030,#5031,#5032,#5033,#5034,#5035,
    #5036,#5037,#5038,#5039,#5040,#5041,#5042,#5043,#5044,#5045,#5046,
    #5047,#5048,#5049,#5050,#5051,#5052,#5053,#5054,#5055,#5056,#5057,
    #5058,#5059,#5060,#5061,#5062,#5063,#5064,#5065,#5066,#5067),
  .UNSPECIFIED.,.F.,.F.,(7,5,5,5,5,5,5,5,5,5,5,5,5,5,5,5,5,5,7),(0.,
    7.737113598679E-02,0.125657874997,0.187572141763,0.237931229511,
    0.280470745465,0.315778351282,0.344748131672,0.369184848864,
    0.501219711383,0.630775610448,0.655138776849,0.683993399945,
    0.719200464523,0.761879752518,0.81215775185,0.874843306925,
    0.923007381319,1.),.UNSPECIFIED.);
#4976 = CARTESIAN_POINT('',(0.,75.));
#4977 = CARTESIAN_POINT('',(1.975018615732E-02,75.));
#4978 = CARTESIAN_POINT('',(3.946285709243E-02,75.045060981898));
#4979 = CARTESIAN_POINT('',(5.898282321444E-02,75.134861193909));
#4980 = CARTESIAN_POINT('',(7.815650883462E-02,75.267527307706));
#4981 = CARTESIAN_POINT('',(9.683312039932E-02,75.439655597232));
#4982 = CARTESIAN_POINT('',(0.126123642628,75.775162205318));
#4983 = CARTESIAN_POINT('',(0.137142984349,75.917664163025));
#4984 = CARTESIAN_POINT('',(0.147914410377,76.072867197464));
#4985 = CARTESIAN_POINT('',(0.158426975195,76.239878279503));
#4986 = CARTESIAN_POINT('',(0.168670576598,76.417782941866));
#4987 = CARTESIAN_POINT('',(0.191413873807,76.846517932252));
#4988 = CARTESIAN_POINT('',(0.203736846974,77.103805083417));
#4989 = CARTESIAN_POINT('',(0.215604565492,77.375902271047));
#4990 = CARTESIAN_POINT('',(0.227017504731,77.661351351844));
#4991 = CARTESIAN_POINT('',(0.237977250452,77.958834228566));
#4992 = CARTESIAN_POINT('',(0.257034895877,78.51796091275));
#4993 = CARTESIAN_POINT('',(0.265286771254,78.775979042766));
#4994 = CARTESIAN_POINT('',(0.273245679623,79.040652057334));
#4995 = CARTESIAN_POINT('',(0.28091476692,79.311469120021));
#4996 = CARTESIAN_POINT('',(0.288297131713,79.587981292506));
#4997 = CARTESIAN_POINT('',(0.30139240781,80.107862070524));
#4998 = CARTESIAN_POINT('',(0.307186574371,80.349710975841));
#4999 = CARTESIAN_POINT('',(0.312780043818,80.59510700532));
#5000 = CARTESIAN_POINT('',(0.318174331028,80.843831520049));
#5001 = CARTESIAN_POINT('',(0.323370826962,81.095688646031));
#5002 = CARTESIAN_POINT('',(0.332520752561,81.562001922906));
#5003 = CARTESIAN_POINT('',(0.336535236152,81.775532469685));
#5004 = CARTESIAN_POINT('',(0.340414884283,81.990993422752));
#5005 = CARTESIAN_POINT('',(0.344160226602,82.208286353415));
#5006 = CARTESIAN_POINT('',(0.347771687562,82.427317896054));
#5007 = CARTESIAN_POINT('',(0.354103191581,82.829068519077));
#5008 = CARTESIAN_POINT('',(0.356866880891,83.011247921032));
#5009 = CARTESIAN_POINT('',(0.359540829913,83.194488911909));
#5010 = CARTESIAN_POINT('',(0.362125175583,83.378743743867));
#5011 = CARTESIAN_POINT('',(0.364620016216,83.563965963306));
#5012 = CARTESIAN_POINT('',(0.369054421166,83.907127797959));
#5013 = CARTESIAN_POINT('',(0.371019788336,84.064801274083));
#5014 = CARTESIAN_POINT('',(0.372921549112,84.223103663078));
#5015 = CARTESIAN_POINT('',(0.374759725429,84.382008147184));
#5016 = CARTESIAN_POINT('',(0.376534325062,84.541488267034));
#5017 = CARTESIAN_POINT('',(0.387490193755,85.566179622407));
#5018 = CARTESIAN_POINT('',(0.394882884961,86.447263201634));
#5019 = CARTESIAN_POINT('',(0.400414199361,87.340163439572));
#5020 = CARTESIAN_POINT('',(0.40407644631,88.240791052339));
#5021 = CARTESIAN_POINT('',(0.405865401042,89.145330646288));
#5022 = CARTESIAN_POINT('',(0.405694280685,90.937683942751));
#5023 = CARTESIAN_POINT('',(0.403804014338,91.8249578923));
#5024 = CARTESIAN_POINT('',(0.400110395814,92.708254233446));
#5025 = CARTESIAN_POINT('',(0.394617554642,93.583966226281));
#5026 = CARTESIAN_POINT('',(0.387332716106,94.448228076202));
#5027 = CARTESIAN_POINT('',(0.37655915729,95.456249167912));
#5028 = CARTESIAN_POINT('',(0.374790655844,95.615258304983));
#5029 = CARTESIAN_POINT('',(0.372958958193,95.773695523912));
#5030 = CARTESIAN_POINT('',(0.371064056744,95.931534605221));
#5031 = CARTESIAN_POINT('',(0.369105929932,96.088748976095));
#5032 = CARTESIAN_POINT('',(0.364690502797,96.430737472133));
#5033 = CARTESIAN_POINT('',(0.362207726409,96.615249038915));
#5034 = CARTESIAN_POINT('',(0.359636154452,96.798801794935));
#5035 = CARTESIAN_POINT('',(0.356975690375,96.981349855193));
#5036 = CARTESIAN_POINT('',(0.35422619967,97.162846065471));
#5037 = CARTESIAN_POINT('',(0.347923873066,97.563352706191));
#5038 = CARTESIAN_POINT('',(0.344327438657,97.781824794232));
#5039 = CARTESIAN_POINT('',(0.340597892049,97.998570776548));
#5040 = CARTESIAN_POINT('',(0.336734814715,98.213498181566));
#5041 = CARTESIAN_POINT('',(0.332737684197,98.426509556065));
#5042 = CARTESIAN_POINT('',(0.323597143203,98.89327576637));
#5043 = CARTESIAN_POINT('',(0.318390625552,99.146075694642));
#5044 = CARTESIAN_POINT('',(0.312985046297,99.395727817083));
#5045 = CARTESIAN_POINT('',(0.307379004949,99.642034677213));
#5046 = CARTESIAN_POINT('',(0.301570975393,99.884775794973));
#5047 = CARTESIAN_POINT('',(0.288477305927,100.40517947782));
#5048 = CARTESIAN_POINT('',(0.281112665941,100.68136599198));
#5049 = CARTESIAN_POINT('',(0.273462272121,100.95188279637));
#5050 = CARTESIAN_POINT('',(0.265523041467,101.21628388733));
#5051 = CARTESIAN_POINT('',(0.257291842359,101.47406182886));
#5052 = CARTESIAN_POINT('',(0.238134844531,102.03707338317));
#5053 = CARTESIAN_POINT('',(0.227042782051,102.33839535004));
#5054 = CARTESIAN_POINT('',(0.215486140621,102.62738943335));
#5055 = CARTESIAN_POINT('',(0.203463302288,102.90268712249));
#5056 = CARTESIAN_POINT('',(0.190973819612,103.16277297177));
#5057 = CARTESIAN_POINT('',(0.168063679816,103.59284985598));
#5058 = CARTESIAN_POINT('',(0.157832555758,103.76978138855));
#5059 = CARTESIAN_POINT('',(0.147334062412,103.93584033085));
#5060 = CARTESIAN_POINT('',(0.136578396616,104.0901168483));
#5061 = CARTESIAN_POINT('',(0.125576592425,104.23172367673));
#5062 = CARTESIAN_POINT('',(9.637900452964E-02,104.5645166552));
#5063 = CARTESIAN_POINT('',(7.778378536707E-02,104.7350454196));
#5064 = CARTESIAN_POINT('',(5.869787242372E-02,104.86644890933));
#5065 = CARTESIAN_POINT('',(3.927042864207E-02,104.95537991681));
#5066 = CARTESIAN_POINT('',(1.965332704615E-02,105.));
#5067 = CARTESIAN_POINT('',(0.,105.));
#5068 = ( GEOMETRIC_REPRESENTATION_CONTEXT(2) 
PARAMETRIC_REPRESENTATION_CONTEXT() REPRESENTATION_CONTEXT('2D SPACE',''
  ) );
#5069 = PCURVE('',#5070,#5075);
#5070 = CYLINDRICAL_SURFACE('',#5071,15.);
#5071 = AXIS2_PLACEMENT_3D('',#5072,#5073,#5074);
#5072 = CARTESIAN_POINT('',(31.,0.,4.43E+03));
#5073 = DIRECTION('',(1.,0.,2.22044604925E-16));
#5074 = DIRECTION('',(2.22044604925E-16,0.,-1.));
#5075 = DEFINITIONAL_REPRESENTATION('',(#5076),#5169);
#5076 = B_SPLINE_CURVE_WITH_KNOTS('',6,(#5077,#5078,#5079,#5080,#5081,
    #5082,#5083,#5084,#5085,#5086,#5087,#5088,#5089,#5090,#5091,#5092,
    #5093,#5094,#5095,#5096,#5097,#5098,#5099,#5100,#5101,#5102,#5103,
    #5104,#5105,#5106,#5107,#5108,#5109,#5110,#5111,#5112,#5113,#5114,
    #5115,#5116,#5117,#5118,#5119,#5120,#5121,#5122,#5123,#5124,#5125,
    #5126,#5127,#5128,#5129,#5130,#5131,#5132,#5133,#5134,#5135,#5136,
    #5137,#5138,#5139,#5140,#5141,#5142,#5143,#5144,#5145,#5146,#5147,
    #5148,#5149,#5150,#5151,#5152,#5153,#5154,#5155,#5156,#5157,#5158,
    #5159,#5160,#5161,#5162,#5163,#5164,#5165,#5166,#5167,#5168),
  .UNSPECIFIED.,.F.,.F.,(7,5,5,5,5,5,5,5,5,5,5,5,5,5,5,5,5,5,7),(0.,
    7.737113598679E-02,0.125657874997,0.187572141763,0.237931229511,
    0.280470745465,0.315778351282,0.344748131672,0.369184848864,
    0.501219711383,0.630775610448,0.655138776849,0.683993399945,
    0.719200464523,0.761879752518,0.81215775185,0.874843306925,
    0.923007381319,1.),.UNSPECIFIED.);
#5077 = CARTESIAN_POINT('',(0.,7.));
#5078 = CARTESIAN_POINT('',(5.003380493188E-02,7.));
#5079 = CARTESIAN_POINT('',(9.99725576716E-02,6.982212832065));
#5080 = CARTESIAN_POINT('',(0.14961353514,6.946765090637));
#5081 = CARTESIAN_POINT('',(0.19875403036,6.894735912703));
#5082 = CARTESIAN_POINT('',(0.247171713465,6.828126089802));
#5083 = CARTESIAN_POINT('',(0.324204110939,6.700554261788));
#5084 = CARTESIAN_POINT('',(0.353457283531,6.646821811784));
#5085 = CARTESIAN_POINT('',(0.382360843726,6.588893086774));
#5086 = CARTESIAN_POINT('',(0.41091104417,6.527302350529));
#5087 = CARTESIAN_POINT('',(0.439101659262,6.462592769008));
#5088 = CARTESIAN_POINT('',(0.502597984469,6.309027231493));
#5089 = CARTESIAN_POINT('',(0.53767320472,6.218494153783));
#5090 = CARTESIAN_POINT('',(0.572184447114,6.124711796754));
#5091 = CARTESIAN_POINT('',(0.606161765263,6.028618108299));
#5092 = CARTESIAN_POINT('',(0.639632815173,5.931074298438));
#5093 = CARTESIAN_POINT('',(0.699460455011,5.752968691677));
#5094 = CARTESIAN_POINT('',(0.725984030761,5.67262010737));
#5095 = CARTESIAN_POINT('',(0.752216763016,5.592209997635));
#5096 = CARTESIAN_POINT('',(0.778177976128,5.512103900763));
#5097 = CARTESIAN_POINT('',(0.803886550391,5.432634791153));
#5098 = CARTESIAN_POINT('',(0.850881389185,5.287768195146));
#5099 = CARTESIAN_POINT('',(0.872234606006,5.222101737152));
#5100 = CARTESIAN_POINT('',(0.893432155287,5.157289155852));
#5101 = CARTESIAN_POINT('',(0.914484533912,5.09350164761));
#5102 = CARTESIAN_POINT('',(0.935402053361,5.030897626731));
#5103 = CARTESIAN_POINT('',(0.973452758306,4.918764834578));
#5104 = CARTESIAN_POINT('',(0.990624414213,4.868823855075));
#5105 = CARTESIAN_POINT('',(1.007715268117,4.819884327582));
#5106 = CARTESIAN_POINT('',(1.024730512005,4.772026332925));
#5107 = CARTESIAN_POINT('',(1.041675069155,4.725325492124));
#5108 = CARTESIAN_POINT('',(1.072402371208,4.642542900939));
#5109 = CARTESIAN_POINT('',(1.086206687378,4.606059827855));
#5110 = CARTESIAN_POINT('',(1.099969109469,4.570443133356));
#5111 = CARTESIAN_POINT('',(1.113692091841,4.53573034504));
#5112 = CARTESIAN_POINT('',(1.127377976391,4.501957131894));
#5113 = CARTESIAN_POINT('',(1.152543958039,4.441489848744));
#5114 = CARTESIAN_POINT('',(1.164034112642,4.414514997093));
#5115 = CARTESIAN_POINT('',(1.175500793848,4.388253056602));
#5116 = CARTESIAN_POINT('',(1.186945288577,4.362723395245));
#5117 = CARTESIAN_POINT('',(1.198368833189,4.337944441704));
#5118 = CARTESIAN_POINT('',(1.27138876885,4.184200346508));
#5119 = CARTESIAN_POINT('',(1.33245500397,4.076836633787));
#5120 = CARTESIAN_POINT('',(1.393121684301,3.994712807906));
#5121 = CARTESIAN_POINT('',(1.453529602631,3.939754605144));
#5122 = CARTESIAN_POINT('',(1.513818040989,3.912920744475));
#5123 = CARTESIAN_POINT('',(1.633308924591,3.91548753557));
#5124 = CARTESIAN_POINT('',(1.692474870879,3.943841073276));
#5125 = CARTESIAN_POINT('',(1.751762629655,3.999220384495));
#5126 = CARTESIAN_POINT('',(1.811304312495,4.080686048348));
#5127 = CARTESIAN_POINT('',(1.871233494607,4.186404108371));
#5128 = CARTESIAN_POINT('',(1.943062045248,4.337597114813));
#5129 = CARTESIAN_POINT('',(1.954451105294,4.362292514793));
#5130 = CARTESIAN_POINT('',(1.965860977504,4.387734316804));
#5131 = CARTESIAN_POINT('',(1.97729288673,4.413904265354));
#5132 = CARTESIAN_POINT('',(1.988748107764,4.44078317681));
#5133 = CARTESIAN_POINT('',(2.013824185054,4.501000940043));
#5134 = CARTESIAN_POINT('',(2.027454961164,4.534617178712));
#5135 = CARTESIAN_POINT('',(2.041122495403,4.569166267298));
#5136 = CARTESIAN_POINT('',(2.054829100142,4.604612988767));
#5137 = CARTESIAN_POINT('',(2.068577198382,4.640920297149));
#5138 = CARTESIAN_POINT('',(2.099197831519,4.72335241557));
#5139 = CARTESIAN_POINT('',(2.116091875544,4.769878752591));
#5140 = CARTESIAN_POINT('',(2.133056065573,4.817557850552));
#5141 = CARTESIAN_POINT('',(2.150095277057,4.866314827453));
#5142 = CARTESIAN_POINT('',(2.167214651157,4.916070397353));
#5143 = CARTESIAN_POINT('',(2.205276054979,5.028165466147));
#5144 = CARTESIAN_POINT('',(2.226257766196,5.090932625404));
#5145 = CARTESIAN_POINT('',(2.247374945297,5.15489552634));
#5146 = CARTESIAN_POINT('',(2.268637996221,5.21989441283));
#5147 = CARTESIAN_POINT('',(2.290057509938,5.285756594419));
#5148 = CARTESIAN_POINT('',(2.337074370722,5.430683195181));
#5149 = CARTESIAN_POINT('',(2.362736745591,5.51001045645));
#5150 = CARTESIAN_POINT('',(2.388650628567,5.589978115349));
#5151 = CARTESIAN_POINT('',(2.414834807002,5.670255203883));
#5152 = CARTESIAN_POINT('',(2.441308508589,5.750478433442));
#5153 = CARTESIAN_POINT('',(2.501485755577,5.929709150415));
#5154 = CARTESIAN_POINT('',(2.535369307506,6.028490628545));
#5155 = CARTESIAN_POINT('',(2.569771695552,6.125790874875));
#5156 = CARTESIAN_POINT('',(2.60472152485,6.220715795535));
#5157 = CARTESIAN_POINT('',(2.640249926735,6.312290762877));
#5158 = CARTESIAN_POINT('',(2.704163715103,6.46645345284));
#5159 = CARTESIAN_POINT('',(2.732301255763,6.530851698309));
#5160 = CARTESIAN_POINT('',(2.760796682949,6.592126522383));
#5161 = CARTESIAN_POINT('',(2.789643483235,6.649737939863));
#5162 = CARTESIAN_POINT('',(2.818837616727,6.703155441447));
#5163 = CARTESIAN_POINT('',(2.895598024404,6.829740910884));
#5164 = CARTESIAN_POINT('',(2.943793838527,6.895744855971));
#5165 = CARTESIAN_POINT('',(2.992703782806,6.947282248773));
#5166 = CARTESIAN_POINT('',(3.042107580536,6.982386866877));
#5167 = CARTESIAN_POINT('',(3.091804225073,7.));
#5168 = CARTESIAN_POINT('',(3.14159265359,7.));
#5169 = ( GEOMETRIC_REPRESENTATION_CONTEXT(2) 
PARAMETRIC_REPRESENTATION_CONTEXT() REPRESENTATION_CONTEXT('2D SPACE',''
  ) );
#5170 = ORIENTED_EDGE('',*,*,#5171,.F.);
#5171 = EDGE_CURVE('',#5172,#4877,#5174,.T.);
#5172 = VERTEX_POINT('',#5173);
#5173 = CARTESIAN_POINT('',(38.,-9.30731567352E-15,4.34E+03));
#5174 = SEAM_CURVE('',#5175,(#5179,#5186),.PCURVE_S1.);
#5175 = LINE('',#5176,#5177);
#5176 = CARTESIAN_POINT('',(38.,-9.30731567352E-15,4.34E+03));
#5177 = VECTOR('',#5178,1.);
#5178 = DIRECTION('',(0.,0.,1.));
#5179 = PCURVE('',#4829,#5180);
#5180 = DEFINITIONAL_REPRESENTATION('',(#5181),#5185);
#5181 = LINE('',#5182,#5183);
#5182 = CARTESIAN_POINT('',(6.28318530718,-0.));
#5183 = VECTOR('',#5184,1.);
#5184 = DIRECTION('',(0.,1.));
#5185 = ( GEOMETRIC_REPRESENTATION_CONTEXT(2) 
PARAMETRIC_REPRESENTATION_CONTEXT() REPRESENTATION_CONTEXT('2D SPACE',''
  ) );
#5186 = PCURVE('',#4829,#5187);
#5187 = DEFINITIONAL_REPRESENTATION('',(#5188),#5192);
#5188 = LINE('',#5189,#5190);
#5189 = CARTESIAN_POINT('',(0.,-0.));
#5190 = VECTOR('',#5191,1.);
#5191 = DIRECTION('',(0.,1.));
#5192 = ( GEOMETRIC_REPRESENTATION_CONTEXT(2) 
PARAMETRIC_REPRESENTATION_CONTEXT() REPRESENTATION_CONTEXT('2D SPACE',''
  ) );
#5193 = ORIENTED_EDGE('',*,*,#5194,.T.);
#5194 = EDGE_CURVE('',#5172,#5172,#5195,.T.);
#5195 = SURFACE_CURVE('',#5196,(#5201,#5208),.PCURVE_S1.);
#5196 = CIRCLE('',#5197,38.);
#5197 = AXIS2_PLACEMENT_3D('',#5198,#5199,#5200);
#5198 = CARTESIAN_POINT('',(0.,0.,4.34E+03));
#5199 = DIRECTION('',(0.,0.,1.));
#5200 = DIRECTION('',(1.,0.,-0.));
#5201 = PCURVE('',#4829,#5202);
#5202 = DEFINITIONAL_REPRESENTATION('',(#5203),#5207);
#5203 = LINE('',#5204,#5205);
#5204 = CARTESIAN_POINT('',(0.,0.));
#5205 = VECTOR('',#5206,1.);
#5206 = DIRECTION('',(1.,0.));
#5207 = ( GEOMETRIC_REPRESENTATION_CONTEXT(2) 
PARAMETRIC_REPRESENTATION_CONTEXT() REPRESENTATION_CONTEXT('2D SPACE',''
  ) );
#5208 = PCURVE('',#5209,#5214);
#5209 = CONICAL_SURFACE('',#5210,12.,0.714090698612);
#5210 = AXIS2_PLACEMENT_3D('',#5211,#5212,#5213);
#5211 = CARTESIAN_POINT('',(0.,0.,4.31E+03));
#5212 = DIRECTION('',(0.,0.,1.));
#5213 = DIRECTION('',(1.,0.,-0.));
#5214 = DEFINITIONAL_REPRESENTATION('',(#5215),#5218);
#5215 = B_SPLINE_CURVE_WITH_KNOTS('',1,(#5216,#5217),.UNSPECIFIED.,.F.,
  .F.,(2,2),(0.,6.28318530718),.PIECEWISE_BEZIER_KNOTS.);
#5216 = CARTESIAN_POINT('',(0.,30.));
#5217 = CARTESIAN_POINT('',(6.28318530718,30.));
#5218 = ( GEOMETRIC_REPRESENTATION_CONTEXT(2) 
PARAMETRIC_REPRESENTATION_CONTEXT() REPRESENTATION_CONTEXT('2D SPACE',''
  ) );
#5219 = ORIENTED_EDGE('',*,*,#5171,.T.);
#5220 = ORIENTED_EDGE('',*,*,#5221,.F.);
#5221 = EDGE_CURVE('',#4819,#4877,#5222,.T.);
#5222 = SURFACE_CURVE('',#5223,(#5316,#5412),.PCURVE_S1.);
#5223 = B_SPLINE_CURVE_WITH_KNOTS('',6,(#5224,#5225,#5226,#5227,#5228,
    #5229,#5230,#5231,#5232,#5233,#5234,#5235,#5236,#5237,#5238,#5239,
    #5240,#5241,#5242,#5243,#5244,#5245,#5246,#5247,#5248,#5249,#5250,
    #5251,#5252,#5253,#5254,#5255,#5256,#5257,#5258,#5259,#5260,#5261,
    #5262,#5263,#5264,#5265,#5266,#5267,#5268,#5269,#5270,#5271,#5272,
    #5273,#5274,#5275,#5276,#5277,#5278,#5279,#5280,#5281,#5282,#5283,
    #5284,#5285,#5286,#5287,#5288,#5289,#5290,#5291,#5292,#5293,#5294,
    #5295,#5296,#5297,#5298,#5299,#5300,#5301,#5302,#5303,#5304,#5305,
    #5306,#5307,#5308,#5309,#5310,#5311,#5312,#5313,#5314,#5315),
  .UNSPECIFIED.,.F.,.F.,(7,5,5,5,5,5,5,5,5,5,5,5,5,5,5,5,5,5,7),(0.,
    7.737113599598E-02,0.125657875011,0.187572141786,0.237931229543,
    0.280470745504,0.315778351328,0.344748131723,0.369184848919,
    0.50121971146,0.630775610546,0.65513877695,0.68399340005,
    0.719200464633,0.761879752634,0.812157751973,0.874843307053,
    0.923007381441,1.),.UNSPECIFIED.);
#5224 = CARTESIAN_POINT('',(38.,-1.7763568394E-15,4.445E+03));
#5225 = CARTESIAN_POINT('',(38.,-0.750507073977,4.445E+03));
#5226 = CARTESIAN_POINT('',(37.982212832065,-1.499588430135,
    4.444954939018E+03));
#5227 = CARTESIAN_POINT('',(37.946765090638,-2.240820885327,
    4.444865138806E+03));
#5228 = CARTESIAN_POINT('',(37.894735912703,-2.967848171029,
    4.444732472692E+03));
#5229 = CARTESIAN_POINT('',(37.828126089802,-3.674582185984,
    4.444560344403E+03));
#5230 = CARTESIAN_POINT('',(37.700554261789,-4.780286994936,
    4.444224837795E+03));
#5231 = CARTESIAN_POINT('',(37.646821811784,-5.195600395292,
    4.444082335837E+03));
#5232 = CARTESIAN_POINT('',(37.588893086773,-5.600848011867,
    4.443927132803E+03));
#5233 = CARTESIAN_POINT('',(37.527302350529,-5.995595619776,
    4.44376012172E+03));
#5234 = CARTESIAN_POINT('',(37.462592769009,-6.379462843454,
    4.443582217058E+03));
#5235 = CARTESIAN_POINT('',(37.309027231489,-7.229955379512,
    4.443153482068E+03));
#5236 = CARTESIAN_POINT('',(37.218494153784,-7.689453769182,
    4.442896194917E+03));
#5237 = CARTESIAN_POINT('',(37.124711796758,-8.130641071388,
    4.442624097729E+03));
#5238 = CARTESIAN_POINT('',(37.0286181083,-8.55361154215,
    4.442338648648E+03));
#5239 = CARTESIAN_POINT('',(36.931074298434,-8.95852896799,
    4.442041165771E+03));
#5240 = CARTESIAN_POINT('',(36.752968691677,-9.660476480944,
    4.441482039087E+03));
#5241 = CARTESIAN_POINT('',(36.67262010737,-9.963597142426,
    4.441224020957E+03));
#5242 = CARTESIAN_POINT('',(36.592209997635,-10.25517266029,
    4.440959347943E+03));
#5243 = CARTESIAN_POINT('',(36.512103900763,-10.53539016134,
    4.44068853088E+03));
#5244 = CARTESIAN_POINT('',(36.432634791153,-10.80443839679,
    4.440412018707E+03));
#5245 = CARTESIAN_POINT('',(36.287768195146,-11.28050543317,
    4.439892137929E+03));
#5246 = CARTESIAN_POINT('',(36.222101737152,-11.49066967763,
    4.439650289024E+03));
#5247 = CARTESIAN_POINT('',(36.157289155852,-11.69310701133,
    4.439404892995E+03));
#5248 = CARTESIAN_POINT('',(36.09350164761,-11.88791901266,
    4.43915616848E+03));
#5249 = CARTESIAN_POINT('',(36.030897626731,-12.07520251604,
    4.438904311354E+03));
#5250 = CARTESIAN_POINT('',(35.918764834578,-12.40432188778,
    4.438437998077E+03));
#5251 = CARTESIAN_POINT('',(35.868823855075,-12.54846804091,
    4.43822446753E+03));
#5252 = CARTESIAN_POINT('',(35.819884327582,-12.68753739663,
    4.438009006577E+03));
#5253 = CARTESIAN_POINT('',(35.772026332924,-12.82157488073,
    4.437791713647E+03));
#5254 = CARTESIAN_POINT('',(35.725325492124,-12.95062101942,
    4.437572682104E+03));
#5255 = CARTESIAN_POINT('',(35.642542900939,-13.17652815186,
    4.437170931481E+03));
#5256 = CARTESIAN_POINT('',(35.606059827855,-13.27500840592,
    4.436988752079E+03));
#5257 = CARTESIAN_POINT('',(35.570443133356,-13.37017260684,
    4.436805511088E+03));
#5258 = CARTESIAN_POINT('',(35.53573034504,-13.46203884696,
    4.436621256256E+03));
#5259 = CARTESIAN_POINT('',(35.501957131894,-13.55062340569,
    4.436436034037E+03));
#5260 = CARTESIAN_POINT('',(35.441489848744,-13.70790801239,
    4.436092872202E+03));
#5261 = CARTESIAN_POINT('',(35.414514997093,-13.77755055971,
    4.435935198726E+03));
#5262 = CARTESIAN_POINT('',(35.388253056602,-13.84487707719,
    4.435776896337E+03));
#5263 = CARTESIAN_POINT('',(35.362723395245,-13.9098954689,
    4.435617991853E+03));
#5264 = CARTESIAN_POINT('',(35.337944441704,-13.9726128572,
    4.435458511733E+03));
#5265 = CARTESIAN_POINT('',(35.184200346511,-14.35950767765,
    4.434433820378E+03));
#5266 = CARTESIAN_POINT('',(35.076836633786,-14.61913347138,
    4.433552736798E+03));
#5267 = CARTESIAN_POINT('',(34.994712807905,-14.81261839837,
    4.43265983656E+03));
#5268 = CARTESIAN_POINT('',(34.939754605145,-14.94047213753,
    4.431759208948E+03));
#5269 = CARTESIAN_POINT('',(34.912920744475,-15.00293224213,
    4.430854669354E+03));
#5270 = CARTESIAN_POINT('',(34.91548753557,-14.99695770898,
    4.429062316057E+03));
#5271 = CARTESIAN_POINT('',(34.943841073277,-14.93096039579,
    4.428175042108E+03));
#5272 = CARTESIAN_POINT('',(34.999220384492,-14.80199008221,
    4.427291745767E+03));
#5273 = CARTESIAN_POINT('',(35.080686048353,-14.60981361373,
    4.426416033774E+03));
#5274 = CARTESIAN_POINT('',(35.186404108368,-14.35394408738,
    4.425551771924E+03));
#5275 = CARTESIAN_POINT('',(35.337597114813,-13.97349023569,
    4.424543750832E+03));
#5276 = CARTESIAN_POINT('',(35.362292514793,-13.91098899931,
    4.424384741695E+03));
#5277 = CARTESIAN_POINT('',(35.387734316804,-13.84620059976,
    4.424226304476E+03));
#5278 = CARTESIAN_POINT('',(35.413904265354,-13.77911798501,
    4.424068465395E+03));
#5279 = CARTESIAN_POINT('',(35.44078317681,-13.70973333111,
    4.423911251024E+03));
#5280 = CARTESIAN_POINT('',(35.501000940043,-13.55312541196,
    4.423569262528E+03));
#5281 = CARTESIAN_POINT('',(35.534617178712,-13.464971641,
    4.423384750961E+03));
#5282 = CARTESIAN_POINT('',(35.569166267298,-13.37356245421,
    4.423201198205E+03));
#5283 = CARTESIAN_POINT('',(35.604612988767,-13.27888179356,
    4.423018650145E+03));
#5284 = CARTESIAN_POINT('',(35.640920297149,-13.18091181803,
    4.422837153935E+03));
#5285 = CARTESIAN_POINT('',(35.723352415569,-12.95605709864,
    4.422436647294E+03));
#5286 = CARTESIAN_POINT('',(35.769878752591,-12.82755507364,
    4.422218175206E+03));
#5287 = CARTESIAN_POINT('',(35.817557850551,-12.69409109487,
    4.422001429223E+03));
#5288 = CARTESIAN_POINT('',(35.866314827453,-12.55562507856,
    4.421786501818E+03));
#5289 = CARTESIAN_POINT('',(35.916070397352,-12.41211259095,
    4.421573490444E+03));
#5290 = CARTESIAN_POINT('',(36.028165466147,-12.08335712161,
    4.421106724234E+03));
#5291 = CARTESIAN_POINT('',(36.090932625404,-11.89572660353,
    4.420853924305E+03));
#5292 = CARTESIAN_POINT('',(36.15489552634,-11.70052048078,
    4.420604272183E+03));
#5293 = CARTESIAN_POINT('',(36.21989441283,-11.49764112251,
    4.420357965323E+03));
#5294 = CARTESIAN_POINT('',(36.285756594419,-11.28698608028,
    4.420115224205E+03));
#5295 = CARTESIAN_POINT('',(36.43068319518,-10.8110011263,
    4.419594820522E+03));
#5296 = CARTESIAN_POINT('',(36.51001045645,-10.54261337661,
    4.419318634008E+03));
#5297 = CARTESIAN_POINT('',(36.589978115349,-10.26309524475,
    4.419048117204E+03));
#5298 = CARTESIAN_POINT('',(36.670255203883,-9.972258883069,
    4.418783716113E+03));
#5299 = CARTESIAN_POINT('',(36.750478433442,-9.669917975699,
    4.418525938171E+03));
#5300 = CARTESIAN_POINT('',(36.92970915041,-8.964360942522,
    4.417962926617E+03));
#5301 = CARTESIAN_POINT('',(37.028490628546,-8.554568723009,
    4.41766160465E+03));
#5302 = CARTESIAN_POINT('',(37.125790874879,-8.126270352039,
    4.417372610567E+03));
#5303 = CARTESIAN_POINT('',(37.220715795535,-7.679296745756,
    4.417097312878E+03));
#5304 = CARTESIAN_POINT('',(37.312290762873,-7.213552090188,
    4.416837227028E+03));
#5305 = CARTESIAN_POINT('',(37.466453452826,-6.356725006777,
    4.416407150144E+03));
#5306 = CARTESIAN_POINT('',(37.530851698315,-5.973286287033,
    4.416230218611E+03));
#5307 = CARTESIAN_POINT('',(37.592126522394,-5.579030819584,
    4.416064159669E+03));
#5308 = CARTESIAN_POINT('',(37.649737939863,-5.174343128392,
    4.415909883152E+03));
#5309 = CARTESIAN_POINT('',(37.703155441436,-4.759661239169,
    4.415768276323E+03));
#5310 = CARTESIAN_POINT('',(37.82974091079,-3.657397716277,
    4.415435483345E+03));
#5311 = CARTESIAN_POINT('',(37.895744856032,-2.953715141742,
    4.41526495458E+03));
#5312 = CARTESIAN_POINT('',(37.947282248823,-2.230000445471,
    4.415133551091E+03));
#5313 = CARTESIAN_POINT('',(37.982386866838,-1.492276156714,
    4.415044620083E+03));
#5314 = CARTESIAN_POINT('',(38.,-0.746826428577,4.415E+03));
#5315 = CARTESIAN_POINT('',(38.,-7.105427357601E-15,4.415E+03));
#5316 = PCURVE('',#4829,#5317);
#5317 = DEFINITIONAL_REPRESENTATION('',(#5318),#5411);
#5318 = B_SPLINE_CURVE_WITH_KNOTS('',6,(#5319,#5320,#5321,#5322,#5323,
    #5324,#5325,#5326,#5327,#5328,#5329,#5330,#5331,#5332,#5333,#5334,
    #5335,#5336,#5337,#5338,#5339,#5340,#5341,#5342,#5343,#5344,#5345,
    #5346,#5347,#5348,#5349,#5350,#5351,#5352,#5353,#5354,#5355,#5356,
    #5357,#5358,#5359,#5360,#5361,#5362,#5363,#5364,#5365,#5366,#5367,
    #5368,#5369,#5370,#5371,#5372,#5373,#5374,#5375,#5376,#5377,#5378,
    #5379,#5380,#5381,#5382,#5383,#5384,#5385,#5386,#5387,#5388,#5389,
    #5390,#5391,#5392,#5393,#5394,#5395,#5396,#5397,#5398,#5399,#5400,
    #5401,#5402,#5403,#5404,#5405,#5406,#5407,#5408,#5409,#5410),
  .UNSPECIFIED.,.F.,.F.,(7,5,5,5,5,5,5,5,5,5,5,5,5,5,5,5,5,5,7),(0.,
    7.737113599598E-02,0.125657875011,0.187572141786,0.237931229543,
    0.280470745504,0.315778351328,0.344748131723,0.369184848919,
    0.50121971146,0.630775610546,0.65513877695,0.68399340005,
    0.719200464633,0.761879752634,0.812157751973,0.874843307053,
    0.923007381441,1.),.UNSPECIFIED.);
#5319 = CARTESIAN_POINT('',(6.28318530718,105.));
#5320 = CARTESIAN_POINT('',(6.263435121022,105.));
#5321 = CARTESIAN_POINT('',(6.243722450087,104.9549390181));
#5322 = CARTESIAN_POINT('',(6.224202483965,104.86513880609));
#5323 = CARTESIAN_POINT('',(6.205028798345,104.73247269229));
#5324 = CARTESIAN_POINT('',(6.18635218678,104.56034440276));
#5325 = CARTESIAN_POINT('',(6.157061664552,104.22483779468));
#5326 = CARTESIAN_POINT('',(6.146042322831,104.08233583697));
#5327 = CARTESIAN_POINT('',(6.135270896802,103.92713280253));
#5328 = CARTESIAN_POINT('',(6.124758331985,103.76012172049));
#5329 = CARTESIAN_POINT('',(6.114514730582,103.58221705813));
#5330 = CARTESIAN_POINT('',(6.091771433372,103.15348206773));
#5331 = CARTESIAN_POINT('',(6.079448460205,102.89619491658));
#5332 = CARTESIAN_POINT('',(6.067580741688,102.62409772896));
#5333 = CARTESIAN_POINT('',(6.056167802449,102.33864864816));
#5334 = CARTESIAN_POINT('',(6.045208056727,102.04116577142));
#5335 = CARTESIAN_POINT('',(6.026150411303,101.48203908725));
#5336 = CARTESIAN_POINT('',(6.017898535926,101.22402095723));
#5337 = CARTESIAN_POINT('',(6.009939627556,100.95934794266));
#5338 = CARTESIAN_POINT('',(6.00227054026,100.68853087997));
#5339 = CARTESIAN_POINT('',(5.994888175467,100.41201870749));
#5340 = CARTESIAN_POINT('',(5.981792899369,99.892137929475));
#5341 = CARTESIAN_POINT('',(5.975998732808,99.650289024158));
#5342 = CARTESIAN_POINT('',(5.970405263361,99.40489299468));
#5343 = CARTESIAN_POINT('',(5.965010976151,99.156168479951));
#5344 = CARTESIAN_POINT('',(5.959814480217,98.904311353969));
#5345 = CARTESIAN_POINT('',(5.950664554619,98.437998077094));
#5346 = CARTESIAN_POINT('',(5.946650071028,98.224467530315));
#5347 = CARTESIAN_POINT('',(5.942770422897,98.009006577248));
#5348 = CARTESIAN_POINT('',(5.939025080577,97.791713646585));
#5349 = CARTESIAN_POINT('',(5.935413619617,97.572682103946));
#5350 = CARTESIAN_POINT('',(5.929082115599,97.170931480923));
#5351 = CARTESIAN_POINT('',(5.926318426288,96.988752078968));
#5352 = CARTESIAN_POINT('',(5.923644477266,96.805511088091));
#5353 = CARTESIAN_POINT('',(5.921060131596,96.621256256132));
#5354 = CARTESIAN_POINT('',(5.918565290963,96.436034036694));
#5355 = CARTESIAN_POINT('',(5.914130886014,96.092872202041));
#5356 = CARTESIAN_POINT('',(5.912165518844,95.935198725917));
#5357 = CARTESIAN_POINT('',(5.910263758068,95.776896336922));
#5358 = CARTESIAN_POINT('',(5.908425581751,95.617991852816));
#5359 = CARTESIAN_POINT('',(5.906650982117,95.458511732966));
#5360 = CARTESIAN_POINT('',(5.895695113425,94.43382037761));
#5361 = CARTESIAN_POINT('',(5.888302422219,93.552736798362));
#5362 = CARTESIAN_POINT('',(5.882771107818,92.65983656041));
#5363 = CARTESIAN_POINT('',(5.87910886087,91.759208947657));
#5364 = CARTESIAN_POINT('',(5.877319906138,90.854669353729));
#5365 = CARTESIAN_POINT('',(5.877491026495,89.062316057234));
#5366 = CARTESIAN_POINT('',(5.879381292842,88.175042107728));
#5367 = CARTESIAN_POINT('',(5.883074911366,87.291745766552));
#5368 = CARTESIAN_POINT('',(5.888567752538,86.416033773692));
#5369 = CARTESIAN_POINT('',(5.895852591073,85.551771923817));
#5370 = CARTESIAN_POINT('',(5.90662614989,84.543750832089));
#5371 = CARTESIAN_POINT('',(5.908394651335,84.384741695017));
#5372 = CARTESIAN_POINT('',(5.910226348987,84.226304476089));
#5373 = CARTESIAN_POINT('',(5.912121250436,84.06846539478));
#5374 = CARTESIAN_POINT('',(5.914079377248,83.911251023905));
#5375 = CARTESIAN_POINT('',(5.918494804382,83.569262527868));
#5376 = CARTESIAN_POINT('',(5.92097758077,83.384750961086));
#5377 = CARTESIAN_POINT('',(5.923549152727,83.201198205066));
#5378 = CARTESIAN_POINT('',(5.926209616805,83.018650144808));
#5379 = CARTESIAN_POINT('',(5.928959107509,82.83715393453));
#5380 = CARTESIAN_POINT('',(5.935261434113,82.43664729381));
#5381 = CARTESIAN_POINT('',(5.938857868523,82.218175205769));
#5382 = CARTESIAN_POINT('',(5.94258741513,82.001429223453));
#5383 = CARTESIAN_POINT('',(5.946450492465,81.786501818435));
#5384 = CARTESIAN_POINT('',(5.950447622982,81.573490443936));
#5385 = CARTESIAN_POINT('',(5.959588163976,81.106724233631));
#5386 = CARTESIAN_POINT('',(5.964794681628,80.853924305359));
#5387 = CARTESIAN_POINT('',(5.970200260883,80.604272182917));
#5388 = CARTESIAN_POINT('',(5.97580630223,80.357965322787));
#5389 = CARTESIAN_POINT('',(5.981614331787,80.115224205028));
#5390 = CARTESIAN_POINT('',(5.994708001253,79.59482052218));
#5391 = CARTESIAN_POINT('',(6.002072641239,79.318634008019));
#5392 = CARTESIAN_POINT('',(6.009723035058,79.048117203622));
#5393 = CARTESIAN_POINT('',(6.017662265712,78.783716112668));
#5394 = CARTESIAN_POINT('',(6.02589346482,78.525938171132));
#5395 = CARTESIAN_POINT('',(6.045050462648,77.962926616844));
#5396 = CARTESIAN_POINT('',(6.056142525129,77.661604649949));
#5397 = CARTESIAN_POINT('',(6.06769916656,77.372610566631));
#5398 = CARTESIAN_POINT('',(6.079722004892,77.097312877508));
#5399 = CARTESIAN_POINT('',(6.092211487567,76.83722702824));
#5400 = CARTESIAN_POINT('',(6.115121627362,76.407150144056));
#5401 = CARTESIAN_POINT('',(6.125352751422,76.230218611427));
#5402 = CARTESIAN_POINT('',(6.13585124477,76.064159669116));
#5403 = CARTESIAN_POINT('',(6.146606910564,75.909883151698));
#5404 = CARTESIAN_POINT('',(6.157608714752,75.768276323298));
#5405 = CARTESIAN_POINT('',(6.186806302628,75.43548334504));
#5406 = CARTESIAN_POINT('',(6.205401521818,75.264954580232));
#5407 = CARTESIAN_POINT('',(6.224487434777,75.133551090545));
#5408 = CARTESIAN_POINT('',(6.243914878543,75.044620083279));
#5409 = CARTESIAN_POINT('',(6.263531980112,75.));
#5410 = CARTESIAN_POINT('',(6.28318530718,75.));
#5411 = ( GEOMETRIC_REPRESENTATION_CONTEXT(2) 
PARAMETRIC_REPRESENTATION_CONTEXT() REPRESENTATION_CONTEXT('2D SPACE',''
  ) );
#5412 = PCURVE('',#5070,#5413);
#5413 = DEFINITIONAL_REPRESENTATION('',(#5414),#5507);
#5414 = B_SPLINE_CURVE_WITH_KNOTS('',6,(#5415,#5416,#5417,#5418,#5419,
    #5420,#5421,#5422,#5423,#5424,#5425,#5426,#5427,#5428,#5429,#5430,
    #5431,#5432,#5433,#5434,#5435,#5436,#5437,#5438,#5439,#5440,#5441,
    #5442,#5443,#5444,#5445,#5446,#5447,#5448,#5449,#5450,#5451,#5452,
    #5453,#5454,#5455,#5456,#5457,#5458,#5459,#5460,#5461,#5462,#5463,
    #5464,#5465,#5466,#5467,#5468,#5469,#5470,#5471,#5472,#5473,#5474,
    #5475,#5476,#5477,#5478,#5479,#5480,#5481,#5482,#5483,#5484,#5485,
    #5486,#5487,#5488,#5489,#5490,#5491,#5492,#5493,#5494,#5495,#5496,
    #5497,#5498,#5499,#5500,#5501,#5502,#5503,#5504,#5505,#5506),
  .UNSPECIFIED.,.F.,.F.,(7,5,5,5,5,5,5,5,5,5,5,5,5,5,5,5,5,5,7),(0.,
    7.737113599598E-02,0.125657875011,0.187572141786,0.237931229543,
    0.280470745504,0.315778351328,0.344748131723,0.369184848919,
    0.50121971146,0.630775610546,0.65513877695,0.68399340005,
    0.719200464633,0.761879752634,0.812157751973,0.874843307053,
    0.923007381441,1.),.UNSPECIFIED.);
#5415 = CARTESIAN_POINT('',(3.14159265359,7.));
#5416 = CARTESIAN_POINT('',(3.191626458522,7.));
#5417 = CARTESIAN_POINT('',(3.241565211261,6.982212832065));
#5418 = CARTESIAN_POINT('',(3.291206188729,6.946765090637));
#5419 = CARTESIAN_POINT('',(3.34034668395,6.894735912703));
#5420 = CARTESIAN_POINT('',(3.388764367055,6.828126089802));
#5421 = CARTESIAN_POINT('',(3.465796764529,6.700554261789));
#5422 = CARTESIAN_POINT('',(3.495049937121,6.646821811784));
#5423 = CARTESIAN_POINT('',(3.523953497316,6.588893086773));
#5424 = CARTESIAN_POINT('',(3.55250369776,6.527302350529));
#5425 = CARTESIAN_POINT('',(3.580694312851,6.462592769009));
#5426 = CARTESIAN_POINT('',(3.64419063806,6.309027231489));
#5427 = CARTESIAN_POINT('',(3.679265858309,6.218494153784));
#5428 = CARTESIAN_POINT('',(3.713777100702,6.124711796758));
#5429 = CARTESIAN_POINT('',(3.747754418852,6.0286181083));
#5430 = CARTESIAN_POINT('',(3.781225468764,5.931074298434));
#5431 = CARTESIAN_POINT('',(3.841053108601,5.752968691677));
#5432 = CARTESIAN_POINT('',(3.867576684351,5.67262010737));
#5433 = CARTESIAN_POINT('',(3.893809416606,5.592209997635));
#5434 = CARTESIAN_POINT('',(3.919770629718,5.512103900763));
#5435 = CARTESIAN_POINT('',(3.945479203981,5.432634791153));
#5436 = CARTESIAN_POINT('',(3.992474042775,5.287768195146));
#5437 = CARTESIAN_POINT('',(4.013827259596,5.222101737152));
#5438 = CARTESIAN_POINT('',(4.035024808876,5.157289155852));
#5439 = CARTESIAN_POINT('',(4.056077187502,5.09350164761));
#5440 = CARTESIAN_POINT('',(4.07699470695,5.030897626731));
#5441 = CARTESIAN_POINT('',(4.115045411896,4.918764834578));
#5442 = CARTESIAN_POINT('',(4.132217067803,4.868823855075));
#5443 = CARTESIAN_POINT('',(4.149307921707,4.819884327582));
#5444 = CARTESIAN_POINT('',(4.166323165595,4.772026332924));
#5445 = CARTESIAN_POINT('',(4.183267722744,4.725325492124));
#5446 = CARTESIAN_POINT('',(4.213995024798,4.642542900939));
#5447 = CARTESIAN_POINT('',(4.227799340968,4.606059827855));
#5448 = CARTESIAN_POINT('',(4.241561763059,4.570443133356));
#5449 = CARTESIAN_POINT('',(4.25528474543,4.53573034504));
#5450 = CARTESIAN_POINT('',(4.268970629981,4.501957131894));
#5451 = CARTESIAN_POINT('',(4.294136611629,4.441489848744));
#5452 = CARTESIAN_POINT('',(4.305626766232,4.414514997093));
#5453 = CARTESIAN_POINT('',(4.317093447437,4.388253056602));
#5454 = CARTESIAN_POINT('',(4.328537942167,4.362723395245));
#5455 = CARTESIAN_POINT('',(4.339961486779,4.337944441704));
#5456 = CARTESIAN_POINT('',(4.412981422438,4.184200346511));
#5457 = CARTESIAN_POINT('',(4.474047657561,4.076836633786));
#5458 = CARTESIAN_POINT('',(4.534714337892,3.994712807905));
#5459 = CARTESIAN_POINT('',(4.595122256222,3.939754605145));
#5460 = CARTESIAN_POINT('',(4.655410694578,3.912920744475));
#5461 = CARTESIAN_POINT('',(4.774901578182,3.91548753557));
#5462 = CARTESIAN_POINT('',(4.834067524467,3.943841073277));
#5463 = CARTESIAN_POINT('',(4.893355283245,3.999220384492));
#5464 = CARTESIAN_POINT('',(4.952896966087,4.080686048353));
#5465 = CARTESIAN_POINT('',(5.012826148196,4.186404108368));
#5466 = CARTESIAN_POINT('',(5.084654698837,4.337597114813));
#5467 = CARTESIAN_POINT('',(5.096043758884,4.362292514793));
#5468 = CARTESIAN_POINT('',(5.107453631094,4.387734316804));
#5469 = CARTESIAN_POINT('',(5.11888554032,4.413904265354));
#5470 = CARTESIAN_POINT('',(5.130340761354,4.44078317681));
#5471 = CARTESIAN_POINT('',(5.155416838644,4.501000940043));
#5472 = CARTESIAN_POINT('',(5.169047614754,4.534617178712));
#5473 = CARTESIAN_POINT('',(5.182715148993,4.569166267298));
#5474 = CARTESIAN_POINT('',(5.196421753731,4.604612988767));
#5475 = CARTESIAN_POINT('',(5.210169851971,4.640920297149));
#5476 = CARTESIAN_POINT('',(5.240790485109,4.723352415569));
#5477 = CARTESIAN_POINT('',(5.257684529134,4.769878752591));
#5478 = CARTESIAN_POINT('',(5.274648719163,4.817557850551));
#5479 = CARTESIAN_POINT('',(5.291687930647,4.866314827453));
#5480 = CARTESIAN_POINT('',(5.308807304747,4.916070397352));
#5481 = CARTESIAN_POINT('',(5.346868708569,5.028165466147));
#5482 = CARTESIAN_POINT('',(5.367850419786,5.090932625404));
#5483 = CARTESIAN_POINT('',(5.388967598887,5.15489552634));
#5484 = CARTESIAN_POINT('',(5.410230649811,5.21989441283));
#5485 = CARTESIAN_POINT('',(5.431650163528,5.285756594419));
#5486 = CARTESIAN_POINT('',(5.478667024311,5.43068319518));
#5487 = CARTESIAN_POINT('',(5.504329399181,5.51001045645));
#5488 = CARTESIAN_POINT('',(5.530243282156,5.589978115349));
#5489 = CARTESIAN_POINT('',(5.556427460592,5.670255203883));
#5490 = CARTESIAN_POINT('',(5.582901162179,5.750478433442));
#5491 = CARTESIAN_POINT('',(5.643078409165,5.92970915041));
#5492 = CARTESIAN_POINT('',(5.676961961096,6.028490628546));
#5493 = CARTESIAN_POINT('',(5.711364349143,6.125790874879));
#5494 = CARTESIAN_POINT('',(5.74631417844,6.220715795535));
#5495 = CARTESIAN_POINT('',(5.781842580323,6.312290762873));
#5496 = CARTESIAN_POINT('',(5.845756368687,6.466453452826));
#5497 = CARTESIAN_POINT('',(5.873893909355,6.530851698315));
#5498 = CARTESIAN_POINT('',(5.902389336545,6.592126522394));
#5499 = CARTESIAN_POINT('',(5.931236136826,6.649737939863));
#5500 = CARTESIAN_POINT('',(5.960430270311,6.703155441436));
#5501 = CARTESIAN_POINT('',(6.037190677937,6.82974091079));
#5502 = CARTESIAN_POINT('',(6.085386492134,6.895744856032));
#5503 = CARTESIAN_POINT('',(6.13429643645,6.947282248823));
#5504 = CARTESIAN_POINT('',(6.183700234141,6.982386866838));
#5505 = CARTESIAN_POINT('',(6.233396878608,7.));
#5506 = CARTESIAN_POINT('',(6.28318530718,7.));
#5507 = ( GEOMETRIC_REPRESENTATION_CONTEXT(2) 
PARAMETRIC_REPRESENTATION_CONTEXT() REPRESENTATION_CONTEXT('2D SPACE',''
  ) );
#5508 = ADVANCED_FACE('',(#5509),#5070,.F.);
#5509 = FACE_BOUND('',#5510,.F.);
#5510 = EDGE_LOOP('',(#5511,#5512,#5535,#5562,#5563));
#5511 = ORIENTED_EDGE('',*,*,#4876,.F.);
#5512 = ORIENTED_EDGE('',*,*,#5513,.F.);
#5513 = EDGE_CURVE('',#5514,#4877,#5516,.T.);
#5514 = VERTEX_POINT('',#5515);
#5515 = CARTESIAN_POINT('',(31.,-3.673940397442E-15,4.415E+03));
#5516 = SEAM_CURVE('',#5517,(#5521,#5528),.PCURVE_S1.);
#5517 = LINE('',#5518,#5519);
#5518 = CARTESIAN_POINT('',(31.,-3.673940397442E-15,4.415E+03));
#5519 = VECTOR('',#5520,1.);
#5520 = DIRECTION('',(1.,0.,2.22044604925E-16));
#5521 = PCURVE('',#5070,#5522);
#5522 = DEFINITIONAL_REPRESENTATION('',(#5523),#5527);
#5523 = LINE('',#5524,#5525);
#5524 = CARTESIAN_POINT('',(6.28318530718,-0.));
#5525 = VECTOR('',#5526,1.);
#5526 = DIRECTION('',(0.,1.));
#5527 = ( GEOMETRIC_REPRESENTATION_CONTEXT(2) 
PARAMETRIC_REPRESENTATION_CONTEXT() REPRESENTATION_CONTEXT('2D SPACE',''
  ) );
#5528 = PCURVE('',#5070,#5529);
#5529 = DEFINITIONAL_REPRESENTATION('',(#5530),#5534);
#5530 = LINE('',#5531,#5532);
#5531 = CARTESIAN_POINT('',(0.,-0.));
#5532 = VECTOR('',#5533,1.);
#5533 = DIRECTION('',(0.,1.));
#5534 = ( GEOMETRIC_REPRESENTATION_CONTEXT(2) 
PARAMETRIC_REPRESENTATION_CONTEXT() REPRESENTATION_CONTEXT('2D SPACE',''
  ) );
#5535 = ORIENTED_EDGE('',*,*,#5536,.T.);
#5536 = EDGE_CURVE('',#5514,#5514,#5537,.T.);
#5537 = SURFACE_CURVE('',#5538,(#5543,#5550),.PCURVE_S1.);
#5538 = CIRCLE('',#5539,15.);
#5539 = AXIS2_PLACEMENT_3D('',#5540,#5541,#5542);
#5540 = CARTESIAN_POINT('',(31.,0.,4.43E+03));
#5541 = DIRECTION('',(1.,-0.,2.22044604925E-16));
#5542 = DIRECTION('',(2.22044604925E-16,0.,-1.));
#5543 = PCURVE('',#5070,#5544);
#5544 = DEFINITIONAL_REPRESENTATION('',(#5545),#5549);
#5545 = LINE('',#5546,#5547);
#5546 = CARTESIAN_POINT('',(0.,0.));
#5547 = VECTOR('',#5548,1.);
#5548 = DIRECTION('',(1.,0.));
#5549 = ( GEOMETRIC_REPRESENTATION_CONTEXT(2) 
PARAMETRIC_REPRESENTATION_CONTEXT() REPRESENTATION_CONTEXT('2D SPACE',''
  ) );
#5550 = PCURVE('',#5551,#5556);
#5551 = PLANE('',#5552);
#5552 = AXIS2_PLACEMENT_3D('',#5553,#5554,#5555);
#5553 = CARTESIAN_POINT('',(31.,0.,4.43E+03));
#5554 = DIRECTION('',(1.,0.,2.22044604925E-16));
#5555 = DIRECTION('',(2.22044604925E-16,0.,-1.));
#5556 = DEFINITIONAL_REPRESENTATION('',(#5557),#5561);
#5557 = CIRCLE('',#5558,15.);
#5558 = AXIS2_PLACEMENT_2D('',#5559,#5560);
#5559 = CARTESIAN_POINT('',(0.,0.));
#5560 = DIRECTION('',(1.,0.));
#5561 = ( GEOMETRIC_REPRESENTATION_CONTEXT(2) 
PARAMETRIC_REPRESENTATION_CONTEXT() REPRESENTATION_CONTEXT('2D SPACE',''
  ) );
#5562 = ORIENTED_EDGE('',*,*,#5513,.T.);
#5563 = ORIENTED_EDGE('',*,*,#5221,.F.);
#5564 = ADVANCED_FACE('',(#5565),#5209,.T.);
#5565 = FACE_BOUND('',#5566,.T.);
#5566 = EDGE_LOOP('',(#5567,#5568,#5591,#5618));
#5567 = ORIENTED_EDGE('',*,*,#5194,.F.);
#5568 = ORIENTED_EDGE('',*,*,#5569,.F.);
#5569 = EDGE_CURVE('',#5570,#5172,#5572,.T.);
#5570 = VERTEX_POINT('',#5571);
#5571 = CARTESIAN_POINT('',(12.,-2.939152317954E-15,4.31E+03));
#5572 = SEAM_CURVE('',#5573,(#5577,#5584),.PCURVE_S1.);
#5573 = LINE('',#5574,#5575);
#5574 = CARTESIAN_POINT('',(12.,-2.939152317954E-15,4.31E+03));
#5575 = VECTOR('',#5576,1.);
#5576 = DIRECTION('',(0.654930538418,-1.604117175075E-16,0.75568908279)
  );
#5577 = PCURVE('',#5209,#5578);
#5578 = DEFINITIONAL_REPRESENTATION('',(#5579),#5583);
#5579 = LINE('',#5580,#5581);
#5580 = CARTESIAN_POINT('',(6.28318530718,-0.));
#5581 = VECTOR('',#5582,1.);
#5582 = DIRECTION('',(0.,1.));
#5583 = ( GEOMETRIC_REPRESENTATION_CONTEXT(2) 
PARAMETRIC_REPRESENTATION_CONTEXT() REPRESENTATION_CONTEXT('2D SPACE',''
  ) );
#5584 = PCURVE('',#5209,#5585);
#5585 = DEFINITIONAL_REPRESENTATION('',(#5586),#5590);
#5586 = LINE('',#5587,#5588);
#5587 = CARTESIAN_POINT('',(0.,-0.));
#5588 = VECTOR('',#5589,1.);
#5589 = DIRECTION('',(0.,1.));
#5590 = ( GEOMETRIC_REPRESENTATION_CONTEXT(2) 
PARAMETRIC_REPRESENTATION_CONTEXT() REPRESENTATION_CONTEXT('2D SPACE',''
  ) );
#5591 = ORIENTED_EDGE('',*,*,#5592,.T.);
#5592 = EDGE_CURVE('',#5570,#5570,#5593,.T.);
#5593 = SURFACE_CURVE('',#5594,(#5599,#5606),.PCURVE_S1.);
#5594 = CIRCLE('',#5595,12.);
#5595 = AXIS2_PLACEMENT_3D('',#5596,#5597,#5598);
#5596 = CARTESIAN_POINT('',(0.,0.,4.31E+03));
#5597 = DIRECTION('',(0.,0.,1.));
#5598 = DIRECTION('',(1.,0.,-0.));
#5599 = PCURVE('',#5209,#5600);
#5600 = DEFINITIONAL_REPRESENTATION('',(#5601),#5605);
#5601 = LINE('',#5602,#5603);
#5602 = CARTESIAN_POINT('',(0.,0.));
#5603 = VECTOR('',#5604,1.);
#5604 = DIRECTION('',(1.,0.));
#5605 = ( GEOMETRIC_REPRESENTATION_CONTEXT(2) 
PARAMETRIC_REPRESENTATION_CONTEXT() REPRESENTATION_CONTEXT('2D SPACE',''
  ) );
#5606 = PCURVE('',#5607,#5612);
#5607 = PLANE('',#5608);
#5608 = AXIS2_PLACEMENT_3D('',#5609,#5610,#5611);
#5609 = CARTESIAN_POINT('',(0.,0.,4.31E+03));
#5610 = DIRECTION('',(0.,0.,1.));
#5611 = DIRECTION('',(1.,0.,-0.));
#5612 = DEFINITIONAL_REPRESENTATION('',(#5613),#5617);
#5613 = CIRCLE('',#5614,12.);
#5614 = AXIS2_PLACEMENT_2D('',#5615,#5616);
#5615 = CARTESIAN_POINT('',(0.,0.));
#5616 = DIRECTION('',(1.,0.));
#5617 = ( GEOMETRIC_REPRESENTATION_CONTEXT(2) 
PARAMETRIC_REPRESENTATION_CONTEXT() REPRESENTATION_CONTEXT('2D SPACE',''
  ) );
#5618 = ORIENTED_EDGE('',*,*,#5569,.T.);
#5619 = ADVANCED_FACE('',(#5620,#5623,#5654),#4863,.T.);
#5620 = FACE_BOUND('',#5621,.T.);
#5621 = EDGE_LOOP('',(#5622));
#5622 = ORIENTED_EDGE('',*,*,#4848,.T.);
#5623 = FACE_BOUND('',#5624,.T.);
#5624 = EDGE_LOOP('',(#5625));
#5625 = ORIENTED_EDGE('',*,*,#5626,.F.);
#5626 = EDGE_CURVE('',#5627,#5627,#5629,.T.);
#5627 = VERTEX_POINT('',#5628);
#5628 = CARTESIAN_POINT('',(14.,-3.429011037613E-15,4.48E+03));
#5629 = SURFACE_CURVE('',#5630,(#5635,#5642),.PCURVE_S1.);
#5630 = CIRCLE('',#5631,14.);
#5631 = AXIS2_PLACEMENT_3D('',#5632,#5633,#5634);
#5632 = CARTESIAN_POINT('',(0.,0.,4.48E+03));
#5633 = DIRECTION('',(0.,0.,1.));
#5634 = DIRECTION('',(1.,0.,-0.));
#5635 = PCURVE('',#4863,#5636);
#5636 = DEFINITIONAL_REPRESENTATION('',(#5637),#5641);
#5637 = CIRCLE('',#5638,14.);
#5638 = AXIS2_PLACEMENT_2D('',#5639,#5640);
#5639 = CARTESIAN_POINT('',(0.,0.));
#5640 = DIRECTION('',(1.,0.));
#5641 = ( GEOMETRIC_REPRESENTATION_CONTEXT(2) 
PARAMETRIC_REPRESENTATION_CONTEXT() REPRESENTATION_CONTEXT('2D SPACE',''
  ) );
#5642 = PCURVE('',#5643,#5648);
#5643 = CYLINDRICAL_SURFACE('',#5644,14.);
#5644 = AXIS2_PLACEMENT_3D('',#5645,#5646,#5647);
#5645 = CARTESIAN_POINT('',(0.,0.,4.48E+03));
#5646 = DIRECTION('',(0.,0.,1.));
#5647 = DIRECTION('',(1.,0.,-0.));
#5648 = DEFINITIONAL_REPRESENTATION('',(#5649),#5653);
#5649 = LINE('',#5650,#5651);
#5650 = CARTESIAN_POINT('',(0.,0.));
#5651 = VECTOR('',#5652,1.);
#5652 = DIRECTION('',(1.,0.));
#5653 = ( GEOMETRIC_REPRESENTATION_CONTEXT(2) 
PARAMETRIC_REPRESENTATION_CONTEXT() REPRESENTATION_CONTEXT('2D SPACE',''
  ) );
#5654 = FACE_BOUND('',#5655,.T.);
#5655 = EDGE_LOOP('',(#5656));
#5656 = ORIENTED_EDGE('',*,*,#5657,.F.);
#5657 = EDGE_CURVE('',#5658,#5658,#5660,.T.);
#5658 = VERTEX_POINT('',#5659);
#5659 = CARTESIAN_POINT('',(37.,-1.714505518806E-15,4.48E+03));
#5660 = SURFACE_CURVE('',#5661,(#5666,#5673),.PCURVE_S1.);
#5661 = CIRCLE('',#5662,7.);
#5662 = AXIS2_PLACEMENT_3D('',#5663,#5664,#5665);
#5663 = CARTESIAN_POINT('',(30.,0.,4.48E+03));
#5664 = DIRECTION('',(0.,0.,1.));
#5665 = DIRECTION('',(1.,0.,-0.));
#5666 = PCURVE('',#4863,#5667);
#5667 = DEFINITIONAL_REPRESENTATION('',(#5668),#5672);
#5668 = CIRCLE('',#5669,7.);
#5669 = AXIS2_PLACEMENT_2D('',#5670,#5671);
#5670 = CARTESIAN_POINT('',(30.,0.));
#5671 = DIRECTION('',(1.,0.));
#5672 = ( GEOMETRIC_REPRESENTATION_CONTEXT(2) 
PARAMETRIC_REPRESENTATION_CONTEXT() REPRESENTATION_CONTEXT('2D SPACE',''
  ) );
#5673 = PCURVE('',#5674,#5679);
#5674 = CYLINDRICAL_SURFACE('',#5675,7.);
#5675 = AXIS2_PLACEMENT_3D('',#5676,#5677,#5678);
#5676 = CARTESIAN_POINT('',(30.,0.,4.48E+03));
#5677 = DIRECTION('',(0.,0.,1.));
#5678 = DIRECTION('',(1.,0.,-0.));
#5679 = DEFINITIONAL_REPRESENTATION('',(#5680),#5684);
#5680 = LINE('',#5681,#5682);
#5681 = CARTESIAN_POINT('',(0.,0.));
#5682 = VECTOR('',#5683,1.);
#5683 = DIRECTION('',(1.,0.));
#5684 = ( GEOMETRIC_REPRESENTATION_CONTEXT(2) 
PARAMETRIC_REPRESENTATION_CONTEXT() REPRESENTATION_CONTEXT('2D SPACE',''
  ) );
#5685 = ADVANCED_FACE('',(#5686),#5551,.T.);
#5686 = FACE_BOUND('',#5687,.F.);
#5687 = EDGE_LOOP('',(#5688));
#5688 = ORIENTED_EDGE('',*,*,#5536,.F.);
#5689 = ADVANCED_FACE('',(#5690,#5693),#5607,.F.);
#5690 = FACE_BOUND('',#5691,.F.);
#5691 = EDGE_LOOP('',(#5692));
#5692 = ORIENTED_EDGE('',*,*,#5592,.T.);
#5693 = FACE_BOUND('',#5694,.F.);
#5694 = EDGE_LOOP('',(#5695));
#5695 = ORIENTED_EDGE('',*,*,#5696,.F.);
#5696 = EDGE_CURVE('',#5697,#5697,#5699,.T.);
#5697 = VERTEX_POINT('',#5698);
#5698 = CARTESIAN_POINT('',(4.,-9.797174393179E-16,4.31E+03));
#5699 = SURFACE_CURVE('',#5700,(#5705,#5712),.PCURVE_S1.);
#5700 = CIRCLE('',#5701,4.);
#5701 = AXIS2_PLACEMENT_3D('',#5702,#5703,#5704);
#5702 = CARTESIAN_POINT('',(0.,0.,4.31E+03));
#5703 = DIRECTION('',(0.,0.,1.));
#5704 = DIRECTION('',(1.,0.,-0.));
#5705 = PCURVE('',#5607,#5706);
#5706 = DEFINITIONAL_REPRESENTATION('',(#5707),#5711);
#5707 = CIRCLE('',#5708,4.);
#5708 = AXIS2_PLACEMENT_2D('',#5709,#5710);
#5709 = CARTESIAN_POINT('',(0.,0.));
#5710 = DIRECTION('',(1.,0.));
#5711 = ( GEOMETRIC_REPRESENTATION_CONTEXT(2) 
PARAMETRIC_REPRESENTATION_CONTEXT() REPRESENTATION_CONTEXT('2D SPACE',''
  ) );
#5712 = PCURVE('',#5713,#5718);
#5713 = CYLINDRICAL_SURFACE('',#5714,4.);
#5714 = AXIS2_PLACEMENT_3D('',#5715,#5716,#5717);
#5715 = CARTESIAN_POINT('',(0.,0.,4.24E+03));
#5716 = DIRECTION('',(0.,0.,1.));
#5717 = DIRECTION('',(1.,0.,-0.));
#5718 = DEFINITIONAL_REPRESENTATION('',(#5719),#5723);
#5719 = LINE('',#5720,#5721);
#5720 = CARTESIAN_POINT('',(0.,70.));
#5721 = VECTOR('',#5722,1.);
#5722 = DIRECTION('',(1.,0.));
#5723 = ( GEOMETRIC_REPRESENTATION_CONTEXT(2) 
PARAMETRIC_REPRESENTATION_CONTEXT() REPRESENTATION_CONTEXT('2D SPACE',''
  ) );
#5724 = ADVANCED_FACE('',(#5725),#5643,.T.);
#5725 = FACE_BOUND('',#5726,.T.);
#5726 = EDGE_LOOP('',(#5727,#5756,#5777,#5778));
#5727 = ORIENTED_EDGE('',*,*,#5728,.F.);
#5728 = EDGE_CURVE('',#5729,#5729,#5731,.T.);
#5729 = VERTEX_POINT('',#5730);
#5730 = CARTESIAN_POINT('',(14.,-3.429011037613E-15,4.5E+03));
#5731 = SURFACE_CURVE('',#5732,(#5737,#5744),.PCURVE_S1.);
#5732 = CIRCLE('',#5733,14.);
#5733 = AXIS2_PLACEMENT_3D('',#5734,#5735,#5736);
#5734 = CARTESIAN_POINT('',(0.,0.,4.5E+03));
#5735 = DIRECTION('',(0.,0.,1.));
#5736 = DIRECTION('',(1.,0.,-0.));
#5737 = PCURVE('',#5643,#5738);
#5738 = DEFINITIONAL_REPRESENTATION('',(#5739),#5743);
#5739 = LINE('',#5740,#5741);
#5740 = CARTESIAN_POINT('',(0.,20.));
#5741 = VECTOR('',#5742,1.);
#5742 = DIRECTION('',(1.,0.));
#5743 = ( GEOMETRIC_REPRESENTATION_CONTEXT(2) 
PARAMETRIC_REPRESENTATION_CONTEXT() REPRESENTATION_CONTEXT('2D SPACE',''
  ) );
#5744 = PCURVE('',#5745,#5750);
#5745 = PLANE('',#5746);
#5746 = AXIS2_PLACEMENT_3D('',#5747,#5748,#5749);
#5747 = CARTESIAN_POINT('',(0.,0.,4.5E+03));
#5748 = DIRECTION('',(0.,0.,1.));
#5749 = DIRECTION('',(1.,0.,-0.));
#5750 = DEFINITIONAL_REPRESENTATION('',(#5751),#5755);
#5751 = CIRCLE('',#5752,14.);
#5752 = AXIS2_PLACEMENT_2D('',#5753,#5754);
#5753 = CARTESIAN_POINT('',(0.,0.));
#5754 = DIRECTION('',(1.,0.));
#5755 = ( GEOMETRIC_REPRESENTATION_CONTEXT(2) 
PARAMETRIC_REPRESENTATION_CONTEXT() REPRESENTATION_CONTEXT('2D SPACE',''
  ) );
#5756 = ORIENTED_EDGE('',*,*,#5757,.F.);
#5757 = EDGE_CURVE('',#5627,#5729,#5758,.T.);
#5758 = SEAM_CURVE('',#5759,(#5763,#5770),.PCURVE_S1.);
#5759 = LINE('',#5760,#5761);
#5760 = CARTESIAN_POINT('',(14.,-3.429011037613E-15,4.48E+03));
#5761 = VECTOR('',#5762,1.);
#5762 = DIRECTION('',(0.,0.,1.));
#5763 = PCURVE('',#5643,#5764);
#5764 = DEFINITIONAL_REPRESENTATION('',(#5765),#5769);
#5765 = LINE('',#5766,#5767);
#5766 = CARTESIAN_POINT('',(6.28318530718,-0.));
#5767 = VECTOR('',#5768,1.);
#5768 = DIRECTION('',(0.,1.));
#5769 = ( GEOMETRIC_REPRESENTATION_CONTEXT(2) 
PARAMETRIC_REPRESENTATION_CONTEXT() REPRESENTATION_CONTEXT('2D SPACE',''
  ) );
#5770 = PCURVE('',#5643,#5771);
#5771 = DEFINITIONAL_REPRESENTATION('',(#5772),#5776);
#5772 = LINE('',#5773,#5774);
#5773 = CARTESIAN_POINT('',(0.,-0.));
#5774 = VECTOR('',#5775,1.);
#5775 = DIRECTION('',(0.,1.));
#5776 = ( GEOMETRIC_REPRESENTATION_CONTEXT(2) 
PARAMETRIC_REPRESENTATION_CONTEXT() REPRESENTATION_CONTEXT('2D SPACE',''
  ) );
#5777 = ORIENTED_EDGE('',*,*,#5626,.T.);
#5778 = ORIENTED_EDGE('',*,*,#5757,.T.);
#5779 = ADVANCED_FACE('',(#5780),#5674,.T.);
#5780 = FACE_BOUND('',#5781,.T.);
#5781 = EDGE_LOOP('',(#5782,#5811,#5832,#5833));
#5782 = ORIENTED_EDGE('',*,*,#5783,.F.);
#5783 = EDGE_CURVE('',#5784,#5784,#5786,.T.);
#5784 = VERTEX_POINT('',#5785);
#5785 = CARTESIAN_POINT('',(37.,-1.714505518806E-15,4.496E+03));
#5786 = SURFACE_CURVE('',#5787,(#5792,#5799),.PCURVE_S1.);
#5787 = CIRCLE('',#5788,7.);
#5788 = AXIS2_PLACEMENT_3D('',#5789,#5790,#5791);
#5789 = CARTESIAN_POINT('',(30.,0.,4.496E+03));
#5790 = DIRECTION('',(0.,0.,1.));
#5791 = DIRECTION('',(1.,0.,-0.));
#5792 = PCURVE('',#5674,#5793);
#5793 = DEFINITIONAL_REPRESENTATION('',(#5794),#5798);
#5794 = LINE('',#5795,#5796);
#5795 = CARTESIAN_POINT('',(0.,16.));
#5796 = VECTOR('',#5797,1.);
#5797 = DIRECTION('',(1.,0.));
#5798 = ( GEOMETRIC_REPRESENTATION_CONTEXT(2) 
PARAMETRIC_REPRESENTATION_CONTEXT() REPRESENTATION_CONTEXT('2D SPACE',''
  ) );
#5799 = PCURVE('',#5800,#5805);
#5800 = PLANE('',#5801);
#5801 = AXIS2_PLACEMENT_3D('',#5802,#5803,#5804);
#5802 = CARTESIAN_POINT('',(30.,0.,4.496E+03));
#5803 = DIRECTION('',(0.,0.,1.));
#5804 = DIRECTION('',(1.,0.,-0.));
#5805 = DEFINITIONAL_REPRESENTATION('',(#5806),#5810);
#5806 = CIRCLE('',#5807,7.);
#5807 = AXIS2_PLACEMENT_2D('',#5808,#5809);
#5808 = CARTESIAN_POINT('',(0.,0.));
#5809 = DIRECTION('',(1.,0.));
#5810 = ( GEOMETRIC_REPRESENTATION_CONTEXT(2) 
PARAMETRIC_REPRESENTATION_CONTEXT() REPRESENTATION_CONTEXT('2D SPACE',''
  ) );
#5811 = ORIENTED_EDGE('',*,*,#5812,.F.);
#5812 = EDGE_CURVE('',#5658,#5784,#5813,.T.);
#5813 = SEAM_CURVE('',#5814,(#5818,#5825),.PCURVE_S1.);
#5814 = LINE('',#5815,#5816);
#5815 = CARTESIAN_POINT('',(37.,-1.714505518806E-15,4.48E+03));
#5816 = VECTOR('',#5817,1.);
#5817 = DIRECTION('',(0.,0.,1.));
#5818 = PCURVE('',#5674,#5819);
#5819 = DEFINITIONAL_REPRESENTATION('',(#5820),#5824);
#5820 = LINE('',#5821,#5822);
#5821 = CARTESIAN_POINT('',(6.28318530718,-0.));
#5822 = VECTOR('',#5823,1.);
#5823 = DIRECTION('',(0.,1.));
#5824 = ( GEOMETRIC_REPRESENTATION_CONTEXT(2) 
PARAMETRIC_REPRESENTATION_CONTEXT() REPRESENTATION_CONTEXT('2D SPACE',''
  ) );
#5825 = PCURVE('',#5674,#5826);
#5826 = DEFINITIONAL_REPRESENTATION('',(#5827),#5831);
#5827 = LINE('',#5828,#5829);
#5828 = CARTESIAN_POINT('',(0.,-0.));
#5829 = VECTOR('',#5830,1.);
#5830 = DIRECTION('',(0.,1.));
#5831 = ( GEOMETRIC_REPRESENTATION_CONTEXT(2) 
PARAMETRIC_REPRESENTATION_CONTEXT() REPRESENTATION_CONTEXT('2D SPACE',''
  ) );
#5832 = ORIENTED_EDGE('',*,*,#5657,.T.);
#5833 = ORIENTED_EDGE('',*,*,#5812,.T.);
#5834 = ADVANCED_FACE('',(#5835),#5713,.F.);
#5835 = FACE_BOUND('',#5836,.F.);
#5836 = EDGE_LOOP('',(#5837,#5861,#5882,#5883));
#5837 = ORIENTED_EDGE('',*,*,#5838,.F.);
#5838 = EDGE_CURVE('',#5839,#5839,#5841,.T.);
#5839 = VERTEX_POINT('',#5840);
#5840 = CARTESIAN_POINT('',(4.,-9.797174393179E-16,4.5E+03));
#5841 = SURFACE_CURVE('',#5842,(#5847,#5854),.PCURVE_S1.);
#5842 = CIRCLE('',#5843,4.);
#5843 = AXIS2_PLACEMENT_3D('',#5844,#5845,#5846);
#5844 = CARTESIAN_POINT('',(0.,0.,4.5E+03));
#5845 = DIRECTION('',(0.,0.,1.));
#5846 = DIRECTION('',(1.,0.,-0.));
#5847 = PCURVE('',#5713,#5848);
#5848 = DEFINITIONAL_REPRESENTATION('',(#5849),#5853);
#5849 = LINE('',#5850,#5851);
#5850 = CARTESIAN_POINT('',(0.,260.));
#5851 = VECTOR('',#5852,1.);
#5852 = DIRECTION('',(1.,0.));
#5853 = ( GEOMETRIC_REPRESENTATION_CONTEXT(2) 
PARAMETRIC_REPRESENTATION_CONTEXT() REPRESENTATION_CONTEXT('2D SPACE',''
  ) );
#5854 = PCURVE('',#5745,#5855);
#5855 = DEFINITIONAL_REPRESENTATION('',(#5856),#5860);
#5856 = CIRCLE('',#5857,4.);
#5857 = AXIS2_PLACEMENT_2D('',#5858,#5859);
#5858 = CARTESIAN_POINT('',(0.,0.));
#5859 = DIRECTION('',(1.,0.));
#5860 = ( GEOMETRIC_REPRESENTATION_CONTEXT(2) 
PARAMETRIC_REPRESENTATION_CONTEXT() REPRESENTATION_CONTEXT('2D SPACE',''
  ) );
#5861 = ORIENTED_EDGE('',*,*,#5862,.F.);
#5862 = EDGE_CURVE('',#5697,#5839,#5863,.T.);
#5863 = SEAM_CURVE('',#5864,(#5868,#5875),.PCURVE_S1.);
#5864 = LINE('',#5865,#5866);
#5865 = CARTESIAN_POINT('',(4.,-9.797174393179E-16,4.24E+03));
#5866 = VECTOR('',#5867,1.);
#5867 = DIRECTION('',(0.,0.,1.));
#5868 = PCURVE('',#5713,#5869);
#5869 = DEFINITIONAL_REPRESENTATION('',(#5870),#5874);
#5870 = LINE('',#5871,#5872);
#5871 = CARTESIAN_POINT('',(6.28318530718,-0.));
#5872 = VECTOR('',#5873,1.);
#5873 = DIRECTION('',(0.,1.));
#5874 = ( GEOMETRIC_REPRESENTATION_CONTEXT(2) 
PARAMETRIC_REPRESENTATION_CONTEXT() REPRESENTATION_CONTEXT('2D SPACE',''
  ) );
#5875 = PCURVE('',#5713,#5876);
#5876 = DEFINITIONAL_REPRESENTATION('',(#5877),#5881);
#5877 = LINE('',#5878,#5879);
#5878 = CARTESIAN_POINT('',(0.,-0.));
#5879 = VECTOR('',#5880,1.);
#5880 = DIRECTION('',(0.,1.));
#5881 = ( GEOMETRIC_REPRESENTATION_CONTEXT(2) 
PARAMETRIC_REPRESENTATION_CONTEXT() REPRESENTATION_CONTEXT('2D SPACE',''
  ) );
#5882 = ORIENTED_EDGE('',*,*,#5696,.T.);
#5883 = ORIENTED_EDGE('',*,*,#5862,.T.);
#5884 = ADVANCED_FACE('',(#5885,#5888),#5745,.T.);
#5885 = FACE_BOUND('',#5886,.T.);
#5886 = EDGE_LOOP('',(#5887));
#5887 = ORIENTED_EDGE('',*,*,#5728,.T.);
#5888 = FACE_BOUND('',#5889,.T.);
#5889 = EDGE_LOOP('',(#5890));
#5890 = ORIENTED_EDGE('',*,*,#5838,.F.);
#5891 = ADVANCED_FACE('',(#5892),#5800,.T.);
#5892 = FACE_BOUND('',#5893,.T.);
#5893 = EDGE_LOOP('',(#5894));
#5894 = ORIENTED_EDGE('',*,*,#5783,.T.);
#5895 = MANIFOLD_SOLID_BREP('',#5896);
#5896 = CLOSED_SHELL('',(#5897,#6591,#6647,#6702,#6768,#6772,#6807,#6862
    ,#6917,#6967,#6974));
#5897 = ADVANCED_FACE('',(#5898),#5912,.T.);
#5898 = FACE_BOUND('',#5899,.T.);
#5899 = EDGE_LOOP('',(#5900,#5930,#5957,#5958,#6253,#6276,#6302,#6303));
#5900 = ORIENTED_EDGE('',*,*,#5901,.T.);
#5901 = EDGE_CURVE('',#5902,#5904,#5906,.T.);
#5902 = VERTEX_POINT('',#5903);
#5903 = CARTESIAN_POINT('',(38.,-9.30731567352E-15,5.385E+03));
#5904 = VERTEX_POINT('',#5905);
#5905 = CARTESIAN_POINT('',(38.,-9.30731567352E-15,5.42E+03));
#5906 = SEAM_CURVE('',#5907,(#5911,#5923),.PCURVE_S1.);
#5907 = LINE('',#5908,#5909);
#5908 = CARTESIAN_POINT('',(38.,-9.30731567352E-15,5.28E+03));
#5909 = VECTOR('',#5910,1.);
#5910 = DIRECTION('',(0.,0.,1.));
#5911 = PCURVE('',#5912,#5917);
#5912 = CYLINDRICAL_SURFACE('',#5913,38.);
#5913 = AXIS2_PLACEMENT_3D('',#5914,#5915,#5916);
#5914 = CARTESIAN_POINT('',(0.,0.,5.28E+03));
#5915 = DIRECTION('',(0.,0.,1.));
#5916 = DIRECTION('',(1.,0.,-0.));
#5917 = DEFINITIONAL_REPRESENTATION('',(#5918),#5922);
#5918 = LINE('',#5919,#5920);
#5919 = CARTESIAN_POINT('',(6.28318530718,-0.));
#5920 = VECTOR('',#5921,1.);
#5921 = DIRECTION('',(0.,1.));
#5922 = ( GEOMETRIC_REPRESENTATION_CONTEXT(2) 
PARAMETRIC_REPRESENTATION_CONTEXT() REPRESENTATION_CONTEXT('2D SPACE',''
  ) );
#5923 = PCURVE('',#5912,#5924);
#5924 = DEFINITIONAL_REPRESENTATION('',(#5925),#5929);
#5925 = LINE('',#5926,#5927);
#5926 = CARTESIAN_POINT('',(0.,-0.));
#5927 = VECTOR('',#5928,1.);
#5928 = DIRECTION('',(0.,1.));
#5929 = ( GEOMETRIC_REPRESENTATION_CONTEXT(2) 
PARAMETRIC_REPRESENTATION_CONTEXT() REPRESENTATION_CONTEXT('2D SPACE',''
  ) );
#5930 = ORIENTED_EDGE('',*,*,#5931,.F.);
#5931 = EDGE_CURVE('',#5904,#5904,#5932,.T.);
#5932 = SURFACE_CURVE('',#5933,(#5938,#5945),.PCURVE_S1.);
#5933 = CIRCLE('',#5934,38.);
#5934 = AXIS2_PLACEMENT_3D('',#5935,#5936,#5937);
#5935 = CARTESIAN_POINT('',(0.,0.,5.42E+03));
#5936 = DIRECTION('',(0.,0.,1.));
#5937 = DIRECTION('',(1.,0.,-0.));
#5938 = PCURVE('',#5912,#5939);
#5939 = DEFINITIONAL_REPRESENTATION('',(#5940),#5944);
#5940 = LINE('',#5941,#5942);
#5941 = CARTESIAN_POINT('',(0.,140.));
#5942 = VECTOR('',#5943,1.);
#5943 = DIRECTION('',(1.,0.));
#5944 = ( GEOMETRIC_REPRESENTATION_CONTEXT(2) 
PARAMETRIC_REPRESENTATION_CONTEXT() REPRESENTATION_CONTEXT('2D SPACE',''
  ) );
#5945 = PCURVE('',#5946,#5951);
#5946 = PLANE('',#5947);
#5947 = AXIS2_PLACEMENT_3D('',#5948,#5949,#5950);
#5948 = CARTESIAN_POINT('',(0.,0.,5.42E+03));
#5949 = DIRECTION('',(0.,0.,1.));
#5950 = DIRECTION('',(1.,0.,-0.));
#5951 = DEFINITIONAL_REPRESENTATION('',(#5952),#5956);
#5952 = CIRCLE('',#5953,38.);
#5953 = AXIS2_PLACEMENT_2D('',#5954,#5955);
#5954 = CARTESIAN_POINT('',(0.,0.));
#5955 = DIRECTION('',(1.,0.));
#5956 = ( GEOMETRIC_REPRESENTATION_CONTEXT(2) 
PARAMETRIC_REPRESENTATION_CONTEXT() REPRESENTATION_CONTEXT('2D SPACE',''
  ) );
#5957 = ORIENTED_EDGE('',*,*,#5901,.F.);
#5958 = ORIENTED_EDGE('',*,*,#5959,.F.);
#5959 = EDGE_CURVE('',#5960,#5902,#5962,.T.);
#5960 = VERTEX_POINT('',#5961);
#5961 = CARTESIAN_POINT('',(38.,-6.490628035481E-15,5.355E+03));
#5962 = SURFACE_CURVE('',#5963,(#6056,#6152),.PCURVE_S1.);
#5963 = B_SPLINE_CURVE_WITH_KNOTS('',6,(#5964,#5965,#5966,#5967,#5968,
    #5969,#5970,#5971,#5972,#5973,#5974,#5975,#5976,#5977,#5978,#5979,
    #5980,#5981,#5982,#5983,#5984,#5985,#5986,#5987,#5988,#5989,#5990,
    #5991,#5992,#5993,#5994,#5995,#5996,#5997,#5998,#5999,#6000,#6001,
    #6002,#6003,#6004,#6005,#6006,#6007,#6008,#6009,#6010,#6011,#6012,
    #6013,#6014,#6015,#6016,#6017,#6018,#6019,#6020,#6021,#6022,#6023,
    #6024,#6025,#6026,#6027,#6028,#6029,#6030,#6031,#6032,#6033,#6034,
    #6035,#6036,#6037,#6038,#6039,#6040,#6041,#6042,#6043,#6044,#6045,
    #6046,#6047,#6048,#6049,#6050,#6051,#6052,#6053,#6054,#6055),
  .UNSPECIFIED.,.F.,.F.,(7,5,5,5,5,5,5,5,5,5,5,5,5,5,5,5,5,5,7),(0.,
    7.737113598679E-02,0.125657874997,0.187572141763,0.237931229511,
    0.280470745465,0.315778351282,0.344748131672,0.369184848864,
    0.501219711383,0.630775610448,0.655138776849,0.683993399945,
    0.719200464523,0.761879752518,0.81215775185,0.874843306925,
    0.923007381319,1.),.UNSPECIFIED.);
#5964 = CARTESIAN_POINT('',(38.,-1.836970198721E-15,5.355E+03));
#5965 = CARTESIAN_POINT('',(38.,0.750507073978,5.355E+03));
#5966 = CARTESIAN_POINT('',(37.982212832065,1.499588430135,
    5.355045060982E+03));
#5967 = CARTESIAN_POINT('',(37.946765090637,2.240820885326,
    5.355134861194E+03));
#5968 = CARTESIAN_POINT('',(37.894735912703,2.967848171029,
    5.355267527308E+03));
#5969 = CARTESIAN_POINT('',(37.828126089802,3.674582185984,
    5.355439655597E+03));
#5970 = CARTESIAN_POINT('',(37.700554261788,4.780286994943,
    5.355775162205E+03));
#5971 = CARTESIAN_POINT('',(37.646821811784,5.19560039529,
    5.355917664163E+03));
#5972 = CARTESIAN_POINT('',(37.588893086774,5.600848011862,
    5.356072867197E+03));
#5973 = CARTESIAN_POINT('',(37.527302350529,5.995595619775,
    5.35623987828E+03));
#5974 = CARTESIAN_POINT('',(37.462592769008,6.379462843458,
    5.356417782942E+03));
#5975 = CARTESIAN_POINT('',(37.309027231493,7.22995537949,
    5.356846517932E+03));
#5976 = CARTESIAN_POINT('',(37.218494153783,7.689453769188,
    5.357103805083E+03));
#5977 = CARTESIAN_POINT('',(37.124711796754,8.130641071407,
    5.357375902271E+03));
#5978 = CARTESIAN_POINT('',(37.028618108299,8.553611542154,
    5.357661351352E+03));
#5979 = CARTESIAN_POINT('',(36.931074298438,8.958528967973,
    5.357958834229E+03));
#5980 = CARTESIAN_POINT('',(36.752968691677,9.660476480943,
    5.358517960913E+03));
#5981 = CARTESIAN_POINT('',(36.67262010737,9.963597142427,
    5.358775979043E+03));
#5982 = CARTESIAN_POINT('',(36.592209997635,10.255172660293,
    5.359040652057E+03));
#5983 = CARTESIAN_POINT('',(36.512103900763,10.535390161345,
    5.35931146912E+03));
#5984 = CARTESIAN_POINT('',(36.432634791153,10.804438396796,
    5.359587981293E+03));
#5985 = CARTESIAN_POINT('',(36.287768195146,11.28050543317,
    5.360107862071E+03));
#5986 = CARTESIAN_POINT('',(36.222101737152,11.490669677638,
    5.360349710976E+03));
#5987 = CARTESIAN_POINT('',(36.157289155852,11.693107011329,
    5.360595107005E+03));
#5988 = CARTESIAN_POINT('',(36.09350164761,11.887919012666,
    5.36084383152E+03));
#5989 = CARTESIAN_POINT('',(36.030897626731,12.075202516042,
    5.361095688646E+03));
#5990 = CARTESIAN_POINT('',(35.918764834578,12.404321887784,
    5.361562001923E+03));
#5991 = CARTESIAN_POINT('',(35.868823855075,12.548468040919,
    5.36177553247E+03));
#5992 = CARTESIAN_POINT('',(35.819884327582,12.687537396631,
    5.361990993423E+03));
#5993 = CARTESIAN_POINT('',(35.772026332925,12.82157488073,
    5.362208286353E+03));
#5994 = CARTESIAN_POINT('',(35.725325492124,12.950621019427,
    5.362427317896E+03));
#5995 = CARTESIAN_POINT('',(35.642542900939,13.176528151864,
    5.362829068519E+03));
#5996 = CARTESIAN_POINT('',(35.606059827855,13.275008405929,
    5.363011247921E+03));
#5997 = CARTESIAN_POINT('',(35.570443133356,13.370172606842,
    5.363194488912E+03));
#5998 = CARTESIAN_POINT('',(35.53573034504,13.462038846964,
    5.363378743744E+03));
#5999 = CARTESIAN_POINT('',(35.501957131894,13.550623405697,
    5.363563965963E+03));
#6000 = CARTESIAN_POINT('',(35.441489848744,13.707908012399,
    5.363907127798E+03));
#6001 = CARTESIAN_POINT('',(35.414514997093,13.77755055971,
    5.364064801274E+03));
#6002 = CARTESIAN_POINT('',(35.388253056602,13.844877077194,
    5.364223103663E+03));
#6003 = CARTESIAN_POINT('',(35.362723395245,13.909895468908,
    5.364382008147E+03));
#6004 = CARTESIAN_POINT('',(35.337944441704,13.9726128572,
    5.364541488267E+03));
#6005 = CARTESIAN_POINT('',(35.184200346508,14.35950767766,
    5.365566179622E+03));
#6006 = CARTESIAN_POINT('',(35.076836633787,14.619133471383,
    5.366447263202E+03));
#6007 = CARTESIAN_POINT('',(34.994712807906,14.812618398367,
    5.36734016344E+03));
#6008 = CARTESIAN_POINT('',(34.939754605144,14.940472137532,
    5.368240791052E+03));
#6009 = CARTESIAN_POINT('',(34.912920744475,15.002932242136,
    5.369145330646E+03));
#6010 = CARTESIAN_POINT('',(34.91548753557,14.996957708981,
    5.370937683943E+03));
#6011 = CARTESIAN_POINT('',(34.943841073276,14.930960395798,
    5.371824957892E+03));
#6012 = CARTESIAN_POINT('',(34.999220384495,14.801990082211,
    5.372708254233E+03));
#6013 = CARTESIAN_POINT('',(35.080686048348,14.609813613744,
    5.373583966226E+03));
#6014 = CARTESIAN_POINT('',(35.186404108371,14.353944087376,
    5.374448228076E+03));
#6015 = CARTESIAN_POINT('',(35.337597114813,13.973490235692,
    5.375456249168E+03));
#6016 = CARTESIAN_POINT('',(35.362292514793,13.910988999318,
    5.375615258305E+03));
#6017 = CARTESIAN_POINT('',(35.387734316804,13.846200599761,
    5.375773695524E+03));
#6018 = CARTESIAN_POINT('',(35.413904265354,13.779117985011,
    5.375931534605E+03));
#6019 = CARTESIAN_POINT('',(35.44078317681,13.709733331116,
    5.376088748976E+03));
#6020 = CARTESIAN_POINT('',(35.501000940043,13.553125411963,
    5.376430737472E+03));
#6021 = CARTESIAN_POINT('',(35.534617178712,13.464971641,
    5.376615249039E+03));
#6022 = CARTESIAN_POINT('',(35.569166267298,13.373562454214,
    5.376798801795E+03));
#6023 = CARTESIAN_POINT('',(35.604612988767,13.278881793562,
    5.376981349855E+03));
#6024 = CARTESIAN_POINT('',(35.640920297149,13.180911818038,
    5.377162846065E+03));
#6025 = CARTESIAN_POINT('',(35.72335241557,12.956057098643,
    5.377563352706E+03));
#6026 = CARTESIAN_POINT('',(35.769878752591,12.827555073644,
    5.377781824794E+03));
#6027 = CARTESIAN_POINT('',(35.817557850552,12.694091094878,
    5.377998570777E+03));
#6028 = CARTESIAN_POINT('',(35.866314827453,12.555625078566,
    5.378213498182E+03));
#6029 = CARTESIAN_POINT('',(35.916070397353,12.41211259095,
    5.378426509556E+03));
#6030 = CARTESIAN_POINT('',(36.028165466147,12.083357121609,
    5.378893275766E+03));
#6031 = CARTESIAN_POINT('',(36.090932625404,11.895726603534,
    5.379146075695E+03));
#6032 = CARTESIAN_POINT('',(36.15489552634,11.700520480788,
    5.379395727817E+03));
#6033 = CARTESIAN_POINT('',(36.21989441283,11.497641122515,
    5.379642034677E+03));
#6034 = CARTESIAN_POINT('',(36.285756594419,11.286986080282,
    5.379884775795E+03));
#6035 = CARTESIAN_POINT('',(36.430683195181,10.811001126303,
    5.380405179478E+03));
#6036 = CARTESIAN_POINT('',(36.51001045645,10.542613376615,
    5.380681365992E+03));
#6037 = CARTESIAN_POINT('',(36.589978115349,10.263095244754,
    5.380951882796E+03));
#6038 = CARTESIAN_POINT('',(36.670255203883,9.972258883068,
    5.381216283887E+03));
#6039 = CARTESIAN_POINT('',(36.750478433442,9.669917975698,
    5.381474061829E+03));
#6040 = CARTESIAN_POINT('',(36.929709150415,8.964360942503,
    5.382037073383E+03));
#6041 = CARTESIAN_POINT('',(37.028490628545,8.554568723011,
    5.38233839535E+03));
#6042 = CARTESIAN_POINT('',(37.125790874875,8.126270352059,
    5.382627389433E+03));
#6043 = CARTESIAN_POINT('',(37.220715795535,7.679296745763,
    5.382902687122E+03));
#6044 = CARTESIAN_POINT('',(37.312290762877,7.213552090162,
    5.383162772972E+03));
#6045 = CARTESIAN_POINT('',(37.46645345284,6.356725006701,
    5.383592849856E+03));
#6046 = CARTESIAN_POINT('',(37.530851698309,5.973286287052,
    5.383769781389E+03));
#6047 = CARTESIAN_POINT('',(37.592126522383,5.579030819666,
    5.383935840331E+03));
#6048 = CARTESIAN_POINT('',(37.649737939863,5.174343128413,
    5.384090116848E+03));
#6049 = CARTESIAN_POINT('',(37.703155441447,4.759661239075,
    5.384231723677E+03));
#6050 = CARTESIAN_POINT('',(37.829740910884,3.657397715457,
    5.384564516655E+03));
#6051 = CARTESIAN_POINT('',(37.895744855971,2.953715141954,
    5.38473504542E+03));
#6052 = CARTESIAN_POINT('',(37.947282248773,2.230000446288,
    5.384866448909E+03));
#6053 = CARTESIAN_POINT('',(37.982386866877,1.492276156939,
    5.384955379917E+03));
#6054 = CARTESIAN_POINT('',(38.,0.746826427754,5.385E+03));
#6055 = CARTESIAN_POINT('',(38.,2.755455298082E-15,5.385E+03));
#6056 = PCURVE('',#5912,#6057);
#6057 = DEFINITIONAL_REPRESENTATION('',(#6058),#6151);
#6058 = B_SPLINE_CURVE_WITH_KNOTS('',6,(#6059,#6060,#6061,#6062,#6063,
    #6064,#6065,#6066,#6067,#6068,#6069,#6070,#6071,#6072,#6073,#6074,
    #6075,#6076,#6077,#6078,#6079,#6080,#6081,#6082,#6083,#6084,#6085,
    #6086,#6087,#6088,#6089,#6090,#6091,#6092,#6093,#6094,#6095,#6096,
    #6097,#6098,#6099,#6100,#6101,#6102,#6103,#6104,#6105,#6106,#6107,
    #6108,#6109,#6110,#6111,#6112,#6113,#6114,#6115,#6116,#6117,#6118,
    #6119,#6120,#6121,#6122,#6123,#6124,#6125,#6126,#6127,#6128,#6129,
    #6130,#6131,#6132,#6133,#6134,#6135,#6136,#6137,#6138,#6139,#6140,
    #6141,#6142,#6143,#6144,#6145,#6146,#6147,#6148,#6149,#6150),
  .UNSPECIFIED.,.F.,.F.,(7,5,5,5,5,5,5,5,5,5,5,5,5,5,5,5,5,5,7),(0.,
    7.737113598679E-02,0.125657874997,0.187572141763,0.237931229511,
    0.280470745465,0.315778351282,0.344748131672,0.369184848864,
    0.501219711383,0.630775610448,0.655138776849,0.683993399945,
    0.719200464523,0.761879752518,0.81215775185,0.874843306925,
    0.923007381319,1.),.UNSPECIFIED.);
#6059 = CARTESIAN_POINT('',(0.,75.));
#6060 = CARTESIAN_POINT('',(1.975018615732E-02,75.));
#6061 = CARTESIAN_POINT('',(3.946285709243E-02,75.045060981898));
#6062 = CARTESIAN_POINT('',(5.898282321444E-02,75.134861193909));
#6063 = CARTESIAN_POINT('',(7.815650883462E-02,75.267527307706));
#6064 = CARTESIAN_POINT('',(9.683312039932E-02,75.439655597232));
#6065 = CARTESIAN_POINT('',(0.126123642628,75.775162205318));
#6066 = CARTESIAN_POINT('',(0.137142984349,75.917664163025));
#6067 = CARTESIAN_POINT('',(0.147914410377,76.072867197464));
#6068 = CARTESIAN_POINT('',(0.158426975195,76.239878279503));
#6069 = CARTESIAN_POINT('',(0.168670576598,76.417782941866));
#6070 = CARTESIAN_POINT('',(0.191413873807,76.846517932252));
#6071 = CARTESIAN_POINT('',(0.203736846974,77.103805083417));
#6072 = CARTESIAN_POINT('',(0.215604565492,77.375902271047));
#6073 = CARTESIAN_POINT('',(0.227017504731,77.661351351844));
#6074 = CARTESIAN_POINT('',(0.237977250452,77.958834228566));
#6075 = CARTESIAN_POINT('',(0.257034895877,78.51796091275));
#6076 = CARTESIAN_POINT('',(0.265286771254,78.775979042766));
#6077 = CARTESIAN_POINT('',(0.273245679623,79.040652057334));
#6078 = CARTESIAN_POINT('',(0.28091476692,79.311469120021));
#6079 = CARTESIAN_POINT('',(0.288297131713,79.587981292506));
#6080 = CARTESIAN_POINT('',(0.30139240781,80.107862070524));
#6081 = CARTESIAN_POINT('',(0.307186574371,80.349710975841));
#6082 = CARTESIAN_POINT('',(0.312780043818,80.59510700532));
#6083 = CARTESIAN_POINT('',(0.318174331028,80.843831520049));
#6084 = CARTESIAN_POINT('',(0.323370826962,81.095688646031));
#6085 = CARTESIAN_POINT('',(0.332520752561,81.562001922906));
#6086 = CARTESIAN_POINT('',(0.336535236152,81.775532469685));
#6087 = CARTESIAN_POINT('',(0.340414884283,81.990993422752));
#6088 = CARTESIAN_POINT('',(0.344160226602,82.208286353415));
#6089 = CARTESIAN_POINT('',(0.347771687562,82.427317896054));
#6090 = CARTESIAN_POINT('',(0.354103191581,82.829068519077));
#6091 = CARTESIAN_POINT('',(0.356866880891,83.011247921032));
#6092 = CARTESIAN_POINT('',(0.359540829913,83.194488911909));
#6093 = CARTESIAN_POINT('',(0.362125175583,83.378743743867));
#6094 = CARTESIAN_POINT('',(0.364620016216,83.563965963306));
#6095 = CARTESIAN_POINT('',(0.369054421166,83.907127797959));
#6096 = CARTESIAN_POINT('',(0.371019788336,84.064801274083));
#6097 = CARTESIAN_POINT('',(0.372921549112,84.223103663078));
#6098 = CARTESIAN_POINT('',(0.374759725429,84.382008147184));
#6099 = CARTESIAN_POINT('',(0.376534325062,84.541488267034));
#6100 = CARTESIAN_POINT('',(0.387490193755,85.566179622407));
#6101 = CARTESIAN_POINT('',(0.394882884961,86.447263201634));
#6102 = CARTESIAN_POINT('',(0.400414199361,87.340163439572));
#6103 = CARTESIAN_POINT('',(0.40407644631,88.240791052339));
#6104 = CARTESIAN_POINT('',(0.405865401042,89.145330646288));
#6105 = CARTESIAN_POINT('',(0.405694280685,90.937683942751));
#6106 = CARTESIAN_POINT('',(0.403804014338,91.8249578923));
#6107 = CARTESIAN_POINT('',(0.400110395814,92.708254233446));
#6108 = CARTESIAN_POINT('',(0.394617554642,93.583966226281));
#6109 = CARTESIAN_POINT('',(0.387332716106,94.448228076202));
#6110 = CARTESIAN_POINT('',(0.37655915729,95.456249167912));
#6111 = CARTESIAN_POINT('',(0.374790655844,95.615258304983));
#6112 = CARTESIAN_POINT('',(0.372958958193,95.773695523912));
#6113 = CARTESIAN_POINT('',(0.371064056744,95.931534605221));
#6114 = CARTESIAN_POINT('',(0.369105929932,96.088748976095));
#6115 = CARTESIAN_POINT('',(0.364690502797,96.430737472133));
#6116 = CARTESIAN_POINT('',(0.362207726409,96.615249038915));
#6117 = CARTESIAN_POINT('',(0.359636154452,96.798801794935));
#6118 = CARTESIAN_POINT('',(0.356975690375,96.981349855193));
#6119 = CARTESIAN_POINT('',(0.35422619967,97.162846065471));
#6120 = CARTESIAN_POINT('',(0.347923873066,97.563352706191));
#6121 = CARTESIAN_POINT('',(0.344327438657,97.781824794232));
#6122 = CARTESIAN_POINT('',(0.340597892049,97.998570776548));
#6123 = CARTESIAN_POINT('',(0.336734814715,98.213498181566));
#6124 = CARTESIAN_POINT('',(0.332737684197,98.426509556065));
#6125 = CARTESIAN_POINT('',(0.323597143203,98.89327576637));
#6126 = CARTESIAN_POINT('',(0.318390625552,99.146075694642));
#6127 = CARTESIAN_POINT('',(0.312985046297,99.395727817083));
#6128 = CARTESIAN_POINT('',(0.307379004949,99.642034677213));
#6129 = CARTESIAN_POINT('',(0.301570975393,99.884775794973));
#6130 = CARTESIAN_POINT('',(0.288477305927,100.40517947782));
#6131 = CARTESIAN_POINT('',(0.281112665941,100.68136599198));
#6132 = CARTESIAN_POINT('',(0.273462272121,100.95188279637));
#6133 = CARTESIAN_POINT('',(0.265523041467,101.21628388733));
#6134 = CARTESIAN_POINT('',(0.257291842359,101.47406182886));
#6135 = CARTESIAN_POINT('',(0.238134844531,102.03707338317));
#6136 = CARTESIAN_POINT('',(0.227042782051,102.33839535004));
#6137 = CARTESIAN_POINT('',(0.215486140621,102.62738943335));
#6138 = CARTESIAN_POINT('',(0.203463302288,102.90268712249));
#6139 = CARTESIAN_POINT('',(0.190973819612,103.16277297177));
#6140 = CARTESIAN_POINT('',(0.168063679816,103.59284985598));
#6141 = CARTESIAN_POINT('',(0.157832555758,103.76978138855));
#6142 = CARTESIAN_POINT('',(0.147334062412,103.93584033085));
#6143 = CARTESIAN_POINT('',(0.136578396616,104.0901168483));
#6144 = CARTESIAN_POINT('',(0.125576592425,104.23172367673));
#6145 = CARTESIAN_POINT('',(9.637900452964E-02,104.5645166552));
#6146 = CARTESIAN_POINT('',(7.778378536707E-02,104.7350454196));
#6147 = CARTESIAN_POINT('',(5.869787242372E-02,104.86644890933));
#6148 = CARTESIAN_POINT('',(3.927042864207E-02,104.95537991681));
#6149 = CARTESIAN_POINT('',(1.965332704615E-02,105.));
#6150 = CARTESIAN_POINT('',(0.,105.));
#6151 = ( GEOMETRIC_REPRESENTATION_CONTEXT(2) 
PARAMETRIC_REPRESENTATION_CONTEXT() REPRESENTATION_CONTEXT('2D SPACE',''
  ) );
#6152 = PCURVE('',#6153,#6158);
#6153 = CYLINDRICAL_SURFACE('',#6154,15.);
#6154 = AXIS2_PLACEMENT_3D('',#6155,#6156,#6157);
#6155 = CARTESIAN_POINT('',(31.,0.,5.37E+03));
#6156 = DIRECTION('',(1.,0.,2.22044604925E-16));
#6157 = DIRECTION('',(2.22044604925E-16,0.,-1.));
#6158 = DEFINITIONAL_REPRESENTATION('',(#6159),#6252);
#6159 = B_SPLINE_CURVE_WITH_KNOTS('',6,(#6160,#6161,#6162,#6163,#6164,
    #6165,#6166,#6167,#6168,#6169,#6170,#6171,#6172,#6173,#6174,#6175,
    #6176,#6177,#6178,#6179,#6180,#6181,#6182,#6183,#6184,#6185,#6186,
    #6187,#6188,#6189,#6190,#6191,#6192,#6193,#6194,#6195,#6196,#6197,
    #6198,#6199,#6200,#6201,#6202,#6203,#6204,#6205,#6206,#6207,#6208,
    #6209,#6210,#6211,#6212,#6213,#6214,#6215,#6216,#6217,#6218,#6219,
    #6220,#6221,#6222,#6223,#6224,#6225,#6226,#6227,#6228,#6229,#6230,
    #6231,#6232,#6233,#6234,#6235,#6236,#6237,#6238,#6239,#6240,#6241,
    #6242,#6243,#6244,#6245,#6246,#6247,#6248,#6249,#6250,#6251),
  .UNSPECIFIED.,.F.,.F.,(7,5,5,5,5,5,5,5,5,5,5,5,5,5,5,5,5,5,7),(0.,
    7.737113598679E-02,0.125657874997,0.187572141763,0.237931229511,
    0.280470745465,0.315778351282,0.344748131672,0.369184848864,
    0.501219711383,0.630775610448,0.655138776849,0.683993399945,
    0.719200464523,0.761879752518,0.81215775185,0.874843306925,
    0.923007381319,1.),.UNSPECIFIED.);
#6160 = CARTESIAN_POINT('',(0.,7.));
#6161 = CARTESIAN_POINT('',(5.003380493188E-02,7.));
#6162 = CARTESIAN_POINT('',(9.99725576716E-02,6.982212832065));
#6163 = CARTESIAN_POINT('',(0.14961353514,6.946765090637));
#6164 = CARTESIAN_POINT('',(0.19875403036,6.894735912703));
#6165 = CARTESIAN_POINT('',(0.247171713465,6.828126089802));
#6166 = CARTESIAN_POINT('',(0.324204110939,6.700554261788));
#6167 = CARTESIAN_POINT('',(0.353457283531,6.646821811784));
#6168 = CARTESIAN_POINT('',(0.382360843726,6.588893086774));
#6169 = CARTESIAN_POINT('',(0.41091104417,6.527302350529));
#6170 = CARTESIAN_POINT('',(0.439101659262,6.462592769008));
#6171 = CARTESIAN_POINT('',(0.502597984469,6.309027231493));
#6172 = CARTESIAN_POINT('',(0.53767320472,6.218494153783));
#6173 = CARTESIAN_POINT('',(0.572184447114,6.124711796754));
#6174 = CARTESIAN_POINT('',(0.606161765263,6.028618108299));
#6175 = CARTESIAN_POINT('',(0.639632815173,5.931074298438));
#6176 = CARTESIAN_POINT('',(0.699460455011,5.752968691677));
#6177 = CARTESIAN_POINT('',(0.725984030761,5.67262010737));
#6178 = CARTESIAN_POINT('',(0.752216763016,5.592209997635));
#6179 = CARTESIAN_POINT('',(0.778177976128,5.512103900763));
#6180 = CARTESIAN_POINT('',(0.803886550391,5.432634791153));
#6181 = CARTESIAN_POINT('',(0.850881389185,5.287768195146));
#6182 = CARTESIAN_POINT('',(0.872234606006,5.222101737152));
#6183 = CARTESIAN_POINT('',(0.893432155287,5.157289155852));
#6184 = CARTESIAN_POINT('',(0.914484533912,5.09350164761));
#6185 = CARTESIAN_POINT('',(0.935402053361,5.030897626731));
#6186 = CARTESIAN_POINT('',(0.973452758306,4.918764834578));
#6187 = CARTESIAN_POINT('',(0.990624414213,4.868823855075));
#6188 = CARTESIAN_POINT('',(1.007715268117,4.819884327582));
#6189 = CARTESIAN_POINT('',(1.024730512005,4.772026332925));
#6190 = CARTESIAN_POINT('',(1.041675069155,4.725325492124));
#6191 = CARTESIAN_POINT('',(1.072402371208,4.642542900939));
#6192 = CARTESIAN_POINT('',(1.086206687378,4.606059827855));
#6193 = CARTESIAN_POINT('',(1.099969109469,4.570443133356));
#6194 = CARTESIAN_POINT('',(1.113692091841,4.53573034504));
#6195 = CARTESIAN_POINT('',(1.127377976391,4.501957131894));
#6196 = CARTESIAN_POINT('',(1.152543958039,4.441489848744));
#6197 = CARTESIAN_POINT('',(1.164034112642,4.414514997093));
#6198 = CARTESIAN_POINT('',(1.175500793848,4.388253056602));
#6199 = CARTESIAN_POINT('',(1.186945288577,4.362723395245));
#6200 = CARTESIAN_POINT('',(1.198368833189,4.337944441704));
#6201 = CARTESIAN_POINT('',(1.27138876885,4.184200346508));
#6202 = CARTESIAN_POINT('',(1.33245500397,4.076836633787));
#6203 = CARTESIAN_POINT('',(1.393121684301,3.994712807906));
#6204 = CARTESIAN_POINT('',(1.453529602631,3.939754605144));
#6205 = CARTESIAN_POINT('',(1.513818040989,3.912920744475));
#6206 = CARTESIAN_POINT('',(1.633308924591,3.91548753557));
#6207 = CARTESIAN_POINT('',(1.692474870879,3.943841073276));
#6208 = CARTESIAN_POINT('',(1.751762629655,3.999220384495));
#6209 = CARTESIAN_POINT('',(1.811304312495,4.080686048348));
#6210 = CARTESIAN_POINT('',(1.871233494607,4.186404108371));
#6211 = CARTESIAN_POINT('',(1.943062045248,4.337597114813));
#6212 = CARTESIAN_POINT('',(1.954451105294,4.362292514793));
#6213 = CARTESIAN_POINT('',(1.965860977504,4.387734316804));
#6214 = CARTESIAN_POINT('',(1.97729288673,4.413904265354));
#6215 = CARTESIAN_POINT('',(1.988748107764,4.44078317681));
#6216 = CARTESIAN_POINT('',(2.013824185054,4.501000940043));
#6217 = CARTESIAN_POINT('',(2.027454961164,4.534617178712));
#6218 = CARTESIAN_POINT('',(2.041122495403,4.569166267298));
#6219 = CARTESIAN_POINT('',(2.054829100142,4.604612988767));
#6220 = CARTESIAN_POINT('',(2.068577198382,4.640920297149));
#6221 = CARTESIAN_POINT('',(2.099197831519,4.72335241557));
#6222 = CARTESIAN_POINT('',(2.116091875544,4.769878752591));
#6223 = CARTESIAN_POINT('',(2.133056065573,4.817557850552));
#6224 = CARTESIAN_POINT('',(2.150095277057,4.866314827453));
#6225 = CARTESIAN_POINT('',(2.167214651157,4.916070397353));
#6226 = CARTESIAN_POINT('',(2.205276054979,5.028165466147));
#6227 = CARTESIAN_POINT('',(2.226257766196,5.090932625404));
#6228 = CARTESIAN_POINT('',(2.247374945297,5.15489552634));
#6229 = CARTESIAN_POINT('',(2.268637996221,5.21989441283));
#6230 = CARTESIAN_POINT('',(2.290057509938,5.285756594419));
#6231 = CARTESIAN_POINT('',(2.337074370722,5.430683195181));
#6232 = CARTESIAN_POINT('',(2.362736745591,5.51001045645));
#6233 = CARTESIAN_POINT('',(2.388650628567,5.589978115349));
#6234 = CARTESIAN_POINT('',(2.414834807002,5.670255203883));
#6235 = CARTESIAN_POINT('',(2.441308508589,5.750478433442));
#6236 = CARTESIAN_POINT('',(2.501485755577,5.929709150415));
#6237 = CARTESIAN_POINT('',(2.535369307506,6.028490628545));
#6238 = CARTESIAN_POINT('',(2.569771695552,6.125790874875));
#6239 = CARTESIAN_POINT('',(2.60472152485,6.220715795535));
#6240 = CARTESIAN_POINT('',(2.640249926735,6.312290762877));
#6241 = CARTESIAN_POINT('',(2.704163715103,6.46645345284));
#6242 = CARTESIAN_POINT('',(2.732301255763,6.530851698309));
#6243 = CARTESIAN_POINT('',(2.760796682949,6.592126522383));
#6244 = CARTESIAN_POINT('',(2.789643483235,6.649737939863));
#6245 = CARTESIAN_POINT('',(2.818837616727,6.703155441447));
#6246 = CARTESIAN_POINT('',(2.895598024404,6.829740910884));
#6247 = CARTESIAN_POINT('',(2.943793838527,6.895744855971));
#6248 = CARTESIAN_POINT('',(2.992703782806,6.947282248773));
#6249 = CARTESIAN_POINT('',(3.042107580536,6.982386866877));
#6250 = CARTESIAN_POINT('',(3.091804225073,7.));
#6251 = CARTESIAN_POINT('',(3.14159265359,7.));
#6252 = ( GEOMETRIC_REPRESENTATION_CONTEXT(2) 
PARAMETRIC_REPRESENTATION_CONTEXT() REPRESENTATION_CONTEXT('2D SPACE',''
  ) );
#6253 = ORIENTED_EDGE('',*,*,#6254,.F.);
#6254 = EDGE_CURVE('',#6255,#5960,#6257,.T.);
#6255 = VERTEX_POINT('',#6256);
#6256 = CARTESIAN_POINT('',(38.,-9.30731567352E-15,5.28E+03));
#6257 = SEAM_CURVE('',#6258,(#6262,#6269),.PCURVE_S1.);
#6258 = LINE('',#6259,#6260);
#6259 = CARTESIAN_POINT('',(38.,-9.30731567352E-15,5.28E+03));
#6260 = VECTOR('',#6261,1.);
#6261 = DIRECTION('',(0.,0.,1.));
#6262 = PCURVE('',#5912,#6263);
#6263 = DEFINITIONAL_REPRESENTATION('',(#6264),#6268);
#6264 = LINE('',#6265,#6266);
#6265 = CARTESIAN_POINT('',(6.28318530718,-0.));
#6266 = VECTOR('',#6267,1.);
#6267 = DIRECTION('',(0.,1.));
#6268 = ( GEOMETRIC_REPRESENTATION_CONTEXT(2) 
PARAMETRIC_REPRESENTATION_CONTEXT() REPRESENTATION_CONTEXT('2D SPACE',''
  ) );
#6269 = PCURVE('',#5912,#6270);
#6270 = DEFINITIONAL_REPRESENTATION('',(#6271),#6275);
#6271 = LINE('',#6272,#6273);
#6272 = CARTESIAN_POINT('',(0.,-0.));
#6273 = VECTOR('',#6274,1.);
#6274 = DIRECTION('',(0.,1.));
#6275 = ( GEOMETRIC_REPRESENTATION_CONTEXT(2) 
PARAMETRIC_REPRESENTATION_CONTEXT() REPRESENTATION_CONTEXT('2D SPACE',''
  ) );
#6276 = ORIENTED_EDGE('',*,*,#6277,.T.);
#6277 = EDGE_CURVE('',#6255,#6255,#6278,.T.);
#6278 = SURFACE_CURVE('',#6279,(#6284,#6291),.PCURVE_S1.);
#6279 = CIRCLE('',#6280,38.);
#6280 = AXIS2_PLACEMENT_3D('',#6281,#6282,#6283);
#6281 = CARTESIAN_POINT('',(0.,0.,5.28E+03));
#6282 = DIRECTION('',(0.,0.,1.));
#6283 = DIRECTION('',(1.,0.,-0.));
#6284 = PCURVE('',#5912,#6285);
#6285 = DEFINITIONAL_REPRESENTATION('',(#6286),#6290);
#6286 = LINE('',#6287,#6288);
#6287 = CARTESIAN_POINT('',(0.,0.));
#6288 = VECTOR('',#6289,1.);
#6289 = DIRECTION('',(1.,0.));
#6290 = ( GEOMETRIC_REPRESENTATION_CONTEXT(2) 
PARAMETRIC_REPRESENTATION_CONTEXT() REPRESENTATION_CONTEXT('2D SPACE',''
  ) );
#6291 = PCURVE('',#6292,#6297);
#6292 = CONICAL_SURFACE('',#6293,12.,0.714090698612);
#6293 = AXIS2_PLACEMENT_3D('',#6294,#6295,#6296);
#6294 = CARTESIAN_POINT('',(0.,0.,5.25E+03));
#6295 = DIRECTION('',(0.,0.,1.));
#6296 = DIRECTION('',(1.,0.,-0.));
#6297 = DEFINITIONAL_REPRESENTATION('',(#6298),#6301);
#6298 = B_SPLINE_CURVE_WITH_KNOTS('',1,(#6299,#6300),.UNSPECIFIED.,.F.,
  .F.,(2,2),(0.,6.28318530718),.PIECEWISE_BEZIER_KNOTS.);
#6299 = CARTESIAN_POINT('',(0.,30.));
#6300 = CARTESIAN_POINT('',(6.28318530718,30.));
#6301 = ( GEOMETRIC_REPRESENTATION_CONTEXT(2) 
PARAMETRIC_REPRESENTATION_CONTEXT() REPRESENTATION_CONTEXT('2D SPACE',''
  ) );
#6302 = ORIENTED_EDGE('',*,*,#6254,.T.);
#6303 = ORIENTED_EDGE('',*,*,#6304,.F.);
#6304 = EDGE_CURVE('',#5902,#5960,#6305,.T.);
#6305 = SURFACE_CURVE('',#6306,(#6399,#6495),.PCURVE_S1.);
#6306 = B_SPLINE_CURVE_WITH_KNOTS('',6,(#6307,#6308,#6309,#6310,#6311,
    #6312,#6313,#6314,#6315,#6316,#6317,#6318,#6319,#6320,#6321,#6322,
    #6323,#6324,#6325,#6326,#6327,#6328,#6329,#6330,#6331,#6332,#6333,
    #6334,#6335,#6336,#6337,#6338,#6339,#6340,#6341,#6342,#6343,#6344,
    #6345,#6346,#6347,#6348,#6349,#6350,#6351,#6352,#6353,#6354,#6355,
    #6356,#6357,#6358,#6359,#6360,#6361,#6362,#6363,#6364,#6365,#6366,
    #6367,#6368,#6369,#6370,#6371,#6372,#6373,#6374,#6375,#6376,#6377,
    #6378,#6379,#6380,#6381,#6382,#6383,#6384,#6385,#6386,#6387,#6388,
    #6389,#6390,#6391,#6392,#6393,#6394,#6395,#6396,#6397,#6398),
  .UNSPECIFIED.,.F.,.F.,(7,5,5,5,5,5,5,5,5,5,5,5,5,5,5,5,5,5,7),(0.,
    7.737113599598E-02,0.125657875011,0.187572141786,0.237931229543,
    0.280470745504,0.315778351328,0.344748131723,0.369184848919,
    0.50121971146,0.630775610546,0.65513877695,0.68399340005,
    0.719200464633,0.761879752634,0.812157751973,0.874843307053,
    0.923007381441,1.),.UNSPECIFIED.);
#6307 = CARTESIAN_POINT('',(38.,-1.7763568394E-15,5.385E+03));
#6308 = CARTESIAN_POINT('',(38.,-0.750507073977,5.385E+03));
#6309 = CARTESIAN_POINT('',(37.982212832065,-1.499588430135,
    5.384954939018E+03));
#6310 = CARTESIAN_POINT('',(37.946765090638,-2.240820885327,
    5.384865138806E+03));
#6311 = CARTESIAN_POINT('',(37.894735912703,-2.967848171029,
    5.384732472692E+03));
#6312 = CARTESIAN_POINT('',(37.828126089802,-3.674582185984,
    5.384560344403E+03));
#6313 = CARTESIAN_POINT('',(37.700554261789,-4.780286994936,
    5.384224837795E+03));
#6314 = CARTESIAN_POINT('',(37.646821811784,-5.195600395292,
    5.384082335837E+03));
#6315 = CARTESIAN_POINT('',(37.588893086773,-5.600848011867,
    5.383927132803E+03));
#6316 = CARTESIAN_POINT('',(37.527302350529,-5.995595619776,
    5.38376012172E+03));
#6317 = CARTESIAN_POINT('',(37.462592769009,-6.379462843454,
    5.383582217058E+03));
#6318 = CARTESIAN_POINT('',(37.309027231489,-7.229955379512,
    5.383153482068E+03));
#6319 = CARTESIAN_POINT('',(37.218494153784,-7.689453769182,
    5.382896194917E+03));
#6320 = CARTESIAN_POINT('',(37.124711796758,-8.130641071388,
    5.382624097729E+03));
#6321 = CARTESIAN_POINT('',(37.0286181083,-8.55361154215,
    5.382338648648E+03));
#6322 = CARTESIAN_POINT('',(36.931074298434,-8.95852896799,
    5.382041165771E+03));
#6323 = CARTESIAN_POINT('',(36.752968691677,-9.660476480944,
    5.381482039087E+03));
#6324 = CARTESIAN_POINT('',(36.67262010737,-9.963597142426,
    5.381224020957E+03));
#6325 = CARTESIAN_POINT('',(36.592209997635,-10.25517266029,
    5.380959347943E+03));
#6326 = CARTESIAN_POINT('',(36.512103900763,-10.53539016134,
    5.38068853088E+03));
#6327 = CARTESIAN_POINT('',(36.432634791153,-10.80443839679,
    5.380412018707E+03));
#6328 = CARTESIAN_POINT('',(36.287768195146,-11.28050543317,
    5.379892137929E+03));
#6329 = CARTESIAN_POINT('',(36.222101737152,-11.49066967763,
    5.379650289024E+03));
#6330 = CARTESIAN_POINT('',(36.157289155852,-11.69310701133,
    5.379404892995E+03));
#6331 = CARTESIAN_POINT('',(36.09350164761,-11.88791901266,
    5.37915616848E+03));
#6332 = CARTESIAN_POINT('',(36.030897626731,-12.07520251604,
    5.378904311354E+03));
#6333 = CARTESIAN_POINT('',(35.918764834578,-12.40432188778,
    5.378437998077E+03));
#6334 = CARTESIAN_POINT('',(35.868823855075,-12.54846804091,
    5.37822446753E+03));
#6335 = CARTESIAN_POINT('',(35.819884327582,-12.68753739663,
    5.378009006577E+03));
#6336 = CARTESIAN_POINT('',(35.772026332924,-12.82157488073,
    5.377791713647E+03));
#6337 = CARTESIAN_POINT('',(35.725325492124,-12.95062101942,
    5.377572682104E+03));
#6338 = CARTESIAN_POINT('',(35.642542900939,-13.17652815186,
    5.377170931481E+03));
#6339 = CARTESIAN_POINT('',(35.606059827855,-13.27500840592,
    5.376988752079E+03));
#6340 = CARTESIAN_POINT('',(35.570443133356,-13.37017260684,
    5.376805511088E+03));
#6341 = CARTESIAN_POINT('',(35.53573034504,-13.46203884696,
    5.376621256256E+03));
#6342 = CARTESIAN_POINT('',(35.501957131894,-13.55062340569,
    5.376436034037E+03));
#6343 = CARTESIAN_POINT('',(35.441489848744,-13.70790801239,
    5.376092872202E+03));
#6344 = CARTESIAN_POINT('',(35.414514997093,-13.77755055971,
    5.375935198726E+03));
#6345 = CARTESIAN_POINT('',(35.388253056602,-13.84487707719,
    5.375776896337E+03));
#6346 = CARTESIAN_POINT('',(35.362723395245,-13.9098954689,
    5.375617991853E+03));
#6347 = CARTESIAN_POINT('',(35.337944441704,-13.9726128572,
    5.375458511733E+03));
#6348 = CARTESIAN_POINT('',(35.184200346511,-14.35950767765,
    5.374433820378E+03));
#6349 = CARTESIAN_POINT('',(35.076836633786,-14.61913347138,
    5.373552736798E+03));
#6350 = CARTESIAN_POINT('',(34.994712807905,-14.81261839837,
    5.37265983656E+03));
#6351 = CARTESIAN_POINT('',(34.939754605145,-14.94047213753,
    5.371759208948E+03));
#6352 = CARTESIAN_POINT('',(34.912920744475,-15.00293224213,
    5.370854669354E+03));
#6353 = CARTESIAN_POINT('',(34.91548753557,-14.99695770898,
    5.369062316057E+03));
#6354 = CARTESIAN_POINT('',(34.943841073277,-14.93096039579,
    5.368175042108E+03));
#6355 = CARTESIAN_POINT('',(34.999220384492,-14.80199008221,
    5.367291745767E+03));
#6356 = CARTESIAN_POINT('',(35.080686048353,-14.60981361373,
    5.366416033774E+03));
#6357 = CARTESIAN_POINT('',(35.186404108368,-14.35394408738,
    5.365551771924E+03));
#6358 = CARTESIAN_POINT('',(35.337597114813,-13.97349023569,
    5.364543750832E+03));
#6359 = CARTESIAN_POINT('',(35.362292514793,-13.91098899931,
    5.364384741695E+03));
#6360 = CARTESIAN_POINT('',(35.387734316804,-13.84620059976,
    5.364226304476E+03));
#6361 = CARTESIAN_POINT('',(35.413904265354,-13.77911798501,
    5.364068465395E+03));
#6362 = CARTESIAN_POINT('',(35.44078317681,-13.70973333111,
    5.363911251024E+03));
#6363 = CARTESIAN_POINT('',(35.501000940043,-13.55312541196,
    5.363569262528E+03));
#6364 = CARTESIAN_POINT('',(35.534617178712,-13.464971641,
    5.363384750961E+03));
#6365 = CARTESIAN_POINT('',(35.569166267298,-13.37356245421,
    5.363201198205E+03));
#6366 = CARTESIAN_POINT('',(35.604612988767,-13.27888179356,
    5.363018650145E+03));
#6367 = CARTESIAN_POINT('',(35.640920297149,-13.18091181803,
    5.362837153935E+03));
#6368 = CARTESIAN_POINT('',(35.723352415569,-12.95605709864,
    5.362436647294E+03));
#6369 = CARTESIAN_POINT('',(35.769878752591,-12.82755507364,
    5.362218175206E+03));
#6370 = CARTESIAN_POINT('',(35.817557850551,-12.69409109487,
    5.362001429223E+03));
#6371 = CARTESIAN_POINT('',(35.866314827453,-12.55562507856,
    5.361786501818E+03));
#6372 = CARTESIAN_POINT('',(35.916070397352,-12.41211259095,
    5.361573490444E+03));
#6373 = CARTESIAN_POINT('',(36.028165466147,-12.08335712161,
    5.361106724234E+03));
#6374 = CARTESIAN_POINT('',(36.090932625404,-11.89572660353,
    5.360853924305E+03));
#6375 = CARTESIAN_POINT('',(36.15489552634,-11.70052048078,
    5.360604272183E+03));
#6376 = CARTESIAN_POINT('',(36.21989441283,-11.49764112251,
    5.360357965323E+03));
#6377 = CARTESIAN_POINT('',(36.285756594419,-11.28698608028,
    5.360115224205E+03));
#6378 = CARTESIAN_POINT('',(36.43068319518,-10.8110011263,
    5.359594820522E+03));
#6379 = CARTESIAN_POINT('',(36.51001045645,-10.54261337661,
    5.359318634008E+03));
#6380 = CARTESIAN_POINT('',(36.589978115349,-10.26309524475,
    5.359048117204E+03));
#6381 = CARTESIAN_POINT('',(36.670255203883,-9.972258883069,
    5.358783716113E+03));
#6382 = CARTESIAN_POINT('',(36.750478433442,-9.669917975699,
    5.358525938171E+03));
#6383 = CARTESIAN_POINT('',(36.92970915041,-8.964360942522,
    5.357962926617E+03));
#6384 = CARTESIAN_POINT('',(37.028490628546,-8.554568723009,
    5.35766160465E+03));
#6385 = CARTESIAN_POINT('',(37.125790874879,-8.126270352039,
    5.357372610567E+03));
#6386 = CARTESIAN_POINT('',(37.220715795535,-7.679296745756,
    5.357097312878E+03));
#6387 = CARTESIAN_POINT('',(37.312290762873,-7.213552090188,
    5.356837227028E+03));
#6388 = CARTESIAN_POINT('',(37.466453452826,-6.356725006777,
    5.356407150144E+03));
#6389 = CARTESIAN_POINT('',(37.530851698315,-5.973286287033,
    5.356230218611E+03));
#6390 = CARTESIAN_POINT('',(37.592126522394,-5.579030819584,
    5.356064159669E+03));
#6391 = CARTESIAN_POINT('',(37.649737939863,-5.174343128392,
    5.355909883152E+03));
#6392 = CARTESIAN_POINT('',(37.703155441436,-4.759661239169,
    5.355768276323E+03));
#6393 = CARTESIAN_POINT('',(37.82974091079,-3.657397716277,
    5.355435483345E+03));
#6394 = CARTESIAN_POINT('',(37.895744856032,-2.953715141742,
    5.35526495458E+03));
#6395 = CARTESIAN_POINT('',(37.947282248823,-2.230000445471,
    5.355133551091E+03));
#6396 = CARTESIAN_POINT('',(37.982386866838,-1.492276156714,
    5.355044620083E+03));
#6397 = CARTESIAN_POINT('',(38.,-0.746826428577,5.355E+03));
#6398 = CARTESIAN_POINT('',(38.,-7.105427357601E-15,5.355E+03));
#6399 = PCURVE('',#5912,#6400);
#6400 = DEFINITIONAL_REPRESENTATION('',(#6401),#6494);
#6401 = B_SPLINE_CURVE_WITH_KNOTS('',6,(#6402,#6403,#6404,#6405,#6406,
    #6407,#6408,#6409,#6410,#6411,#6412,#6413,#6414,#6415,#6416,#6417,
    #6418,#6419,#6420,#6421,#6422,#6423,#6424,#6425,#6426,#6427,#6428,
    #6429,#6430,#6431,#6432,#6433,#6434,#6435,#6436,#6437,#6438,#6439,
    #6440,#6441,#6442,#6443,#6444,#6445,#6446,#6447,#6448,#6449,#6450,
    #6451,#6452,#6453,#6454,#6455,#6456,#6457,#6458,#6459,#6460,#6461,
    #6462,#6463,#6464,#6465,#6466,#6467,#6468,#6469,#6470,#6471,#6472,
    #6473,#6474,#6475,#6476,#6477,#6478,#6479,#6480,#6481,#6482,#6483,
    #6484,#6485,#6486,#6487,#6488,#6489,#6490,#6491,#6492,#6493),
  .UNSPECIFIED.,.F.,.F.,(7,5,5,5,5,5,5,5,5,5,5,5,5,5,5,5,5,5,7),(0.,
    7.737113599598E-02,0.125657875011,0.187572141786,0.237931229543,
    0.280470745504,0.315778351328,0.344748131723,0.369184848919,
    0.50121971146,0.630775610546,0.65513877695,0.68399340005,
    0.719200464633,0.761879752634,0.812157751973,0.874843307053,
    0.923007381441,1.),.UNSPECIFIED.);
#6402 = CARTESIAN_POINT('',(6.28318530718,105.));
#6403 = CARTESIAN_POINT('',(6.263435121022,105.));
#6404 = CARTESIAN_POINT('',(6.243722450087,104.9549390181));
#6405 = CARTESIAN_POINT('',(6.224202483965,104.86513880609));
#6406 = CARTESIAN_POINT('',(6.205028798345,104.73247269229));
#6407 = CARTESIAN_POINT('',(6.18635218678,104.56034440276));
#6408 = CARTESIAN_POINT('',(6.157061664552,104.22483779468));
#6409 = CARTESIAN_POINT('',(6.146042322831,104.08233583697));
#6410 = CARTESIAN_POINT('',(6.135270896802,103.92713280253));
#6411 = CARTESIAN_POINT('',(6.124758331985,103.76012172049));
#6412 = CARTESIAN_POINT('',(6.114514730582,103.58221705813));
#6413 = CARTESIAN_POINT('',(6.091771433372,103.15348206773));
#6414 = CARTESIAN_POINT('',(6.079448460205,102.89619491658));
#6415 = CARTESIAN_POINT('',(6.067580741688,102.62409772896));
#6416 = CARTESIAN_POINT('',(6.056167802449,102.33864864816));
#6417 = CARTESIAN_POINT('',(6.045208056727,102.04116577142));
#6418 = CARTESIAN_POINT('',(6.026150411303,101.48203908725));
#6419 = CARTESIAN_POINT('',(6.017898535926,101.22402095723));
#6420 = CARTESIAN_POINT('',(6.009939627556,100.95934794266));
#6421 = CARTESIAN_POINT('',(6.00227054026,100.68853087997));
#6422 = CARTESIAN_POINT('',(5.994888175467,100.41201870749));
#6423 = CARTESIAN_POINT('',(5.981792899369,99.892137929475));
#6424 = CARTESIAN_POINT('',(5.975998732808,99.650289024158));
#6425 = CARTESIAN_POINT('',(5.970405263361,99.40489299468));
#6426 = CARTESIAN_POINT('',(5.965010976151,99.156168479951));
#6427 = CARTESIAN_POINT('',(5.959814480217,98.904311353969));
#6428 = CARTESIAN_POINT('',(5.950664554619,98.437998077094));
#6429 = CARTESIAN_POINT('',(5.946650071028,98.224467530315));
#6430 = CARTESIAN_POINT('',(5.942770422897,98.009006577248));
#6431 = CARTESIAN_POINT('',(5.939025080577,97.791713646585));
#6432 = CARTESIAN_POINT('',(5.935413619617,97.572682103946));
#6433 = CARTESIAN_POINT('',(5.929082115599,97.170931480923));
#6434 = CARTESIAN_POINT('',(5.926318426288,96.988752078968));
#6435 = CARTESIAN_POINT('',(5.923644477266,96.805511088091));
#6436 = CARTESIAN_POINT('',(5.921060131596,96.621256256132));
#6437 = CARTESIAN_POINT('',(5.918565290963,96.436034036694));
#6438 = CARTESIAN_POINT('',(5.914130886014,96.092872202041));
#6439 = CARTESIAN_POINT('',(5.912165518844,95.935198725917));
#6440 = CARTESIAN_POINT('',(5.910263758068,95.776896336922));
#6441 = CARTESIAN_POINT('',(5.908425581751,95.617991852816));
#6442 = CARTESIAN_POINT('',(5.906650982117,95.458511732966));
#6443 = CARTESIAN_POINT('',(5.895695113425,94.43382037761));
#6444 = CARTESIAN_POINT('',(5.888302422219,93.552736798362));
#6445 = CARTESIAN_POINT('',(5.882771107818,92.65983656041));
#6446 = CARTESIAN_POINT('',(5.87910886087,91.759208947657));
#6447 = CARTESIAN_POINT('',(5.877319906138,90.854669353729));
#6448 = CARTESIAN_POINT('',(5.877491026495,89.062316057234));
#6449 = CARTESIAN_POINT('',(5.879381292842,88.175042107728));
#6450 = CARTESIAN_POINT('',(5.883074911366,87.291745766552));
#6451 = CARTESIAN_POINT('',(5.888567752538,86.416033773692));
#6452 = CARTESIAN_POINT('',(5.895852591073,85.551771923817));
#6453 = CARTESIAN_POINT('',(5.90662614989,84.543750832089));
#6454 = CARTESIAN_POINT('',(5.908394651335,84.384741695017));
#6455 = CARTESIAN_POINT('',(5.910226348987,84.226304476089));
#6456 = CARTESIAN_POINT('',(5.912121250436,84.06846539478));
#6457 = CARTESIAN_POINT('',(5.914079377248,83.911251023905));
#6458 = CARTESIAN_POINT('',(5.918494804382,83.569262527868));
#6459 = CARTESIAN_POINT('',(5.92097758077,83.384750961086));
#6460 = CARTESIAN_POINT('',(5.923549152727,83.201198205066));
#6461 = CARTESIAN_POINT('',(5.926209616805,83.018650144808));
#6462 = CARTESIAN_POINT('',(5.928959107509,82.83715393453));
#6463 = CARTESIAN_POINT('',(5.935261434113,82.43664729381));
#6464 = CARTESIAN_POINT('',(5.938857868523,82.218175205769));
#6465 = CARTESIAN_POINT('',(5.94258741513,82.001429223453));
#6466 = CARTESIAN_POINT('',(5.946450492465,81.786501818435));
#6467 = CARTESIAN_POINT('',(5.950447622982,81.573490443936));
#6468 = CARTESIAN_POINT('',(5.959588163976,81.106724233631));
#6469 = CARTESIAN_POINT('',(5.964794681628,80.853924305359));
#6470 = CARTESIAN_POINT('',(5.970200260883,80.604272182917));
#6471 = CARTESIAN_POINT('',(5.97580630223,80.357965322787));
#6472 = CARTESIAN_POINT('',(5.981614331787,80.115224205028));
#6473 = CARTESIAN_POINT('',(5.994708001253,79.59482052218));
#6474 = CARTESIAN_POINT('',(6.002072641239,79.318634008019));
#6475 = CARTESIAN_POINT('',(6.009723035058,79.048117203622));
#6476 = CARTESIAN_POINT('',(6.017662265712,78.783716112668));
#6477 = CARTESIAN_POINT('',(6.02589346482,78.525938171132));
#6478 = CARTESIAN_POINT('',(6.045050462648,77.962926616844));
#6479 = CARTESIAN_POINT('',(6.056142525129,77.661604649949));
#6480 = CARTESIAN_POINT('',(6.06769916656,77.372610566631));
#6481 = CARTESIAN_POINT('',(6.079722004892,77.097312877508));
#6482 = CARTESIAN_POINT('',(6.092211487567,76.83722702824));
#6483 = CARTESIAN_POINT('',(6.115121627362,76.407150144056));
#6484 = CARTESIAN_POINT('',(6.125352751422,76.230218611427));
#6485 = CARTESIAN_POINT('',(6.13585124477,76.064159669116));
#6486 = CARTESIAN_POINT('',(6.146606910564,75.909883151698));
#6487 = CARTESIAN_POINT('',(6.157608714752,75.768276323298));
#6488 = CARTESIAN_POINT('',(6.186806302628,75.43548334504));
#6489 = CARTESIAN_POINT('',(6.205401521818,75.264954580232));
#6490 = CARTESIAN_POINT('',(6.224487434777,75.133551090545));
#6491 = CARTESIAN_POINT('',(6.243914878543,75.044620083279));
#6492 = CARTESIAN_POINT('',(6.263531980112,75.));
#6493 = CARTESIAN_POINT('',(6.28318530718,75.));
#6494 = ( GEOMETRIC_REPRESENTATION_CONTEXT(2) 
PARAMETRIC_REPRESENTATION_CONTEXT() REPRESENTATION_CONTEXT('2D SPACE',''
  ) );
#6495 = PCURVE('',#6153,#6496);
#6496 = DEFINITIONAL_REPRESENTATION('',(#6497),#6590);
#6497 = B_SPLINE_CURVE_WITH_KNOTS('',6,(#6498,#6499,#6500,#6501,#6502,
    #6503,#6504,#6505,#6506,#6507,#6508,#6509,#6510,#6511,#6512,#6513,
    #6514,#6515,#6516,#6517,#6518,#6519,#6520,#6521,#6522,#6523,#6524,
    #6525,#6526,#6527,#6528,#6529,#6530,#6531,#6532,#6533,#6534,#6535,
    #6536,#6537,#6538,#6539,#6540,#6541,#6542,#6543,#6544,#6545,#6546,
    #6547,#6548,#6549,#6550,#6551,#6552,#6553,#6554,#6555,#6556,#6557,
    #6558,#6559,#6560,#6561,#6562,#6563,#6564,#6565,#6566,#6567,#6568,
    #6569,#6570,#6571,#6572,#6573,#6574,#6575,#6576,#6577,#6578,#6579,
    #6580,#6581,#6582,#6583,#6584,#6585,#6586,#6587,#6588,#6589),
  .UNSPECIFIED.,.F.,.F.,(7,5,5,5,5,5,5,5,5,5,5,5,5,5,5,5,5,5,7),(0.,
    7.737113599598E-02,0.125657875011,0.187572141786,0.237931229543,
    0.280470745504,0.315778351328,0.344748131723,0.369184848919,
    0.50121971146,0.630775610546,0.65513877695,0.68399340005,
    0.719200464633,0.761879752634,0.812157751973,0.874843307053,
    0.923007381441,1.),.UNSPECIFIED.);
#6498 = CARTESIAN_POINT('',(3.14159265359,7.));
#6499 = CARTESIAN_POINT('',(3.191626458522,7.));
#6500 = CARTESIAN_POINT('',(3.241565211261,6.982212832065));
#6501 = CARTESIAN_POINT('',(3.291206188729,6.946765090637));
#6502 = CARTESIAN_POINT('',(3.34034668395,6.894735912703));
#6503 = CARTESIAN_POINT('',(3.388764367055,6.828126089802));
#6504 = CARTESIAN_POINT('',(3.465796764529,6.700554261789));
#6505 = CARTESIAN_POINT('',(3.495049937121,6.646821811784));
#6506 = CARTESIAN_POINT('',(3.523953497316,6.588893086773));
#6507 = CARTESIAN_POINT('',(3.55250369776,6.527302350529));
#6508 = CARTESIAN_POINT('',(3.580694312851,6.462592769009));
#6509 = CARTESIAN_POINT('',(3.64419063806,6.309027231489));
#6510 = CARTESIAN_POINT('',(3.679265858309,6.218494153784));
#6511 = CARTESIAN_POINT('',(3.713777100702,6.124711796758));
#6512 = CARTESIAN_POINT('',(3.747754418852,6.0286181083));
#6513 = CARTESIAN_POINT('',(3.781225468764,5.931074298434));
#6514 = CARTESIAN_POINT('',(3.841053108601,5.752968691677));
#6515 = CARTESIAN_POINT('',(3.867576684351,5.67262010737));
#6516 = CARTESIAN_POINT('',(3.893809416606,5.592209997635));
#6517 = CARTESIAN_POINT('',(3.919770629718,5.512103900763));
#6518 = CARTESIAN_POINT('',(3.945479203981,5.432634791153));
#6519 = CARTESIAN_POINT('',(3.992474042775,5.287768195146));
#6520 = CARTESIAN_POINT('',(4.013827259596,5.222101737152));
#6521 = CARTESIAN_POINT('',(4.035024808876,5.157289155852));
#6522 = CARTESIAN_POINT('',(4.056077187502,5.09350164761));
#6523 = CARTESIAN_POINT('',(4.07699470695,5.030897626731));
#6524 = CARTESIAN_POINT('',(4.115045411896,4.918764834578));
#6525 = CARTESIAN_POINT('',(4.132217067803,4.868823855075));
#6526 = CARTESIAN_POINT('',(4.149307921707,4.819884327582));
#6527 = CARTESIAN_POINT('',(4.166323165595,4.772026332924));
#6528 = CARTESIAN_POINT('',(4.183267722744,4.725325492124));
#6529 = CARTESIAN_POINT('',(4.213995024798,4.642542900939));
#6530 = CARTESIAN_POINT('',(4.227799340968,4.606059827855));
#6531 = CARTESIAN_POINT('',(4.241561763059,4.570443133356));
#6532 = CARTESIAN_POINT('',(4.25528474543,4.53573034504));
#6533 = CARTESIAN_POINT('',(4.268970629981,4.501957131894));
#6534 = CARTESIAN_POINT('',(4.294136611629,4.441489848744));
#6535 = CARTESIAN_POINT('',(4.305626766232,4.414514997093));
#6536 = CARTESIAN_POINT('',(4.317093447437,4.388253056602));
#6537 = CARTESIAN_POINT('',(4.328537942167,4.362723395245));
#6538 = CARTESIAN_POINT('',(4.339961486779,4.337944441704));
#6539 = CARTESIAN_POINT('',(4.412981422438,4.184200346511));
#6540 = CARTESIAN_POINT('',(4.474047657561,4.076836633786));
#6541 = CARTESIAN_POINT('',(4.534714337892,3.994712807905));
#6542 = CARTESIAN_POINT('',(4.595122256222,3.939754605145));
#6543 = CARTESIAN_POINT('',(4.655410694578,3.912920744475));
#6544 = CARTESIAN_POINT('',(4.774901578182,3.91548753557));
#6545 = CARTESIAN_POINT('',(4.834067524467,3.943841073277));
#6546 = CARTESIAN_POINT('',(4.893355283245,3.999220384492));
#6547 = CARTESIAN_POINT('',(4.952896966087,4.080686048353));
#6548 = CARTESIAN_POINT('',(5.012826148196,4.186404108368));
#6549 = CARTESIAN_POINT('',(5.084654698837,4.337597114813));
#6550 = CARTESIAN_POINT('',(5.096043758884,4.362292514793));
#6551 = CARTESIAN_POINT('',(5.107453631094,4.387734316804));
#6552 = CARTESIAN_POINT('',(5.11888554032,4.413904265354));
#6553 = CARTESIAN_POINT('',(5.130340761354,4.44078317681));
#6554 = CARTESIAN_POINT('',(5.155416838644,4.501000940043));
#6555 = CARTESIAN_POINT('',(5.169047614754,4.534617178712));
#6556 = CARTESIAN_POINT('',(5.182715148993,4.569166267298));
#6557 = CARTESIAN_POINT('',(5.196421753731,4.604612988767));
#6558 = CARTESIAN_POINT('',(5.210169851971,4.640920297149));
#6559 = CARTESIAN_POINT('',(5.240790485109,4.723352415569));
#6560 = CARTESIAN_POINT('',(5.257684529134,4.769878752591));
#6561 = CARTESIAN_POINT('',(5.274648719163,4.817557850551));
#6562 = CARTESIAN_POINT('',(5.291687930647,4.866314827453));
#6563 = CARTESIAN_POINT('',(5.308807304747,4.916070397352));
#6564 = CARTESIAN_POINT('',(5.346868708569,5.028165466147));
#6565 = CARTESIAN_POINT('',(5.367850419786,5.090932625404));
#6566 = CARTESIAN_POINT('',(5.388967598887,5.15489552634));
#6567 = CARTESIAN_POINT('',(5.410230649811,5.21989441283));
#6568 = CARTESIAN_POINT('',(5.431650163528,5.285756594419));
#6569 = CARTESIAN_POINT('',(5.478667024311,5.43068319518));
#6570 = CARTESIAN_POINT('',(5.504329399181,5.51001045645));
#6571 = CARTESIAN_POINT('',(5.530243282156,5.589978115349));
#6572 = CARTESIAN_POINT('',(5.556427460592,5.670255203883));
#6573 = CARTESIAN_POINT('',(5.582901162179,5.750478433442));
#6574 = CARTESIAN_POINT('',(5.643078409165,5.92970915041));
#6575 = CARTESIAN_POINT('',(5.676961961096,6.028490628546));
#6576 = CARTESIAN_POINT('',(5.711364349143,6.125790874879));
#6577 = CARTESIAN_POINT('',(5.74631417844,6.220715795535));
#6578 = CARTESIAN_POINT('',(5.781842580323,6.312290762873));
#6579 = CARTESIAN_POINT('',(5.845756368687,6.466453452826));
#6580 = CARTESIAN_POINT('',(5.873893909355,6.530851698315));
#6581 = CARTESIAN_POINT('',(5.902389336545,6.592126522394));
#6582 = CARTESIAN_POINT('',(5.931236136826,6.649737939863));
#6583 = CARTESIAN_POINT('',(5.960430270311,6.703155441436));
#6584 = CARTESIAN_POINT('',(6.037190677937,6.82974091079));
#6585 = CARTESIAN_POINT('',(6.085386492134,6.895744856032));
#6586 = CARTESIAN_POINT('',(6.13429643645,6.947282248823));
#6587 = CARTESIAN_POINT('',(6.183700234141,6.982386866838));
#6588 = CARTESIAN_POINT('',(6.233396878608,7.));
#6589 = CARTESIAN_POINT('',(6.28318530718,7.));
#6590 = ( GEOMETRIC_REPRESENTATION_CONTEXT(2) 
PARAMETRIC_REPRESENTATION_CONTEXT() REPRESENTATION_CONTEXT('2D SPACE',''
  ) );
#6591 = ADVANCED_FACE('',(#6592),#6153,.F.);
#6592 = FACE_BOUND('',#6593,.F.);
#6593 = EDGE_LOOP('',(#6594,#6595,#6618,#6645,#6646));
#6594 = ORIENTED_EDGE('',*,*,#5959,.F.);
#6595 = ORIENTED_EDGE('',*,*,#6596,.F.);
#6596 = EDGE_CURVE('',#6597,#5960,#6599,.T.);
#6597 = VERTEX_POINT('',#6598);
#6598 = CARTESIAN_POINT('',(31.,-3.673940397442E-15,5.355E+03));
#6599 = SEAM_CURVE('',#6600,(#6604,#6611),.PCURVE_S1.);
#6600 = LINE('',#6601,#6602);
#6601 = CARTESIAN_POINT('',(31.,-3.673940397442E-15,5.355E+03));
#6602 = VECTOR('',#6603,1.);
#6603 = DIRECTION('',(1.,0.,2.22044604925E-16));
#6604 = PCURVE('',#6153,#6605);
#6605 = DEFINITIONAL_REPRESENTATION('',(#6606),#6610);
#6606 = LINE('',#6607,#6608);
#6607 = CARTESIAN_POINT('',(6.28318530718,-0.));
#6608 = VECTOR('',#6609,1.);
#6609 = DIRECTION('',(0.,1.));
#6610 = ( GEOMETRIC_REPRESENTATION_CONTEXT(2) 
PARAMETRIC_REPRESENTATION_CONTEXT() REPRESENTATION_CONTEXT('2D SPACE',''
  ) );
#6611 = PCURVE('',#6153,#6612);
#6612 = DEFINITIONAL_REPRESENTATION('',(#6613),#6617);
#6613 = LINE('',#6614,#6615);
#6614 = CARTESIAN_POINT('',(0.,-0.));
#6615 = VECTOR('',#6616,1.);
#6616 = DIRECTION('',(0.,1.));
#6617 = ( GEOMETRIC_REPRESENTATION_CONTEXT(2) 
PARAMETRIC_REPRESENTATION_CONTEXT() REPRESENTATION_CONTEXT('2D SPACE',''
  ) );
#6618 = ORIENTED_EDGE('',*,*,#6619,.T.);
#6619 = EDGE_CURVE('',#6597,#6597,#6620,.T.);
#6620 = SURFACE_CURVE('',#6621,(#6626,#6633),.PCURVE_S1.);
#6621 = CIRCLE('',#6622,15.);
#6622 = AXIS2_PLACEMENT_3D('',#6623,#6624,#6625);
#6623 = CARTESIAN_POINT('',(31.,0.,5.37E+03));
#6624 = DIRECTION('',(1.,-0.,2.22044604925E-16));
#6625 = DIRECTION('',(2.22044604925E-16,0.,-1.));
#6626 = PCURVE('',#6153,#6627);
#6627 = DEFINITIONAL_REPRESENTATION('',(#6628),#6632);
#6628 = LINE('',#6629,#6630);
#6629 = CARTESIAN_POINT('',(0.,0.));
#6630 = VECTOR('',#6631,1.);
#6631 = DIRECTION('',(1.,0.));
#6632 = ( GEOMETRIC_REPRESENTATION_CONTEXT(2) 
PARAMETRIC_REPRESENTATION_CONTEXT() REPRESENTATION_CONTEXT('2D SPACE',''
  ) );
#6633 = PCURVE('',#6634,#6639);
#6634 = PLANE('',#6635);
#6635 = AXIS2_PLACEMENT_3D('',#6636,#6637,#6638);
#6636 = CARTESIAN_POINT('',(31.,0.,5.37E+03));
#6637 = DIRECTION('',(1.,0.,2.22044604925E-16));
#6638 = DIRECTION('',(2.22044604925E-16,0.,-1.));
#6639 = DEFINITIONAL_REPRESENTATION('',(#6640),#6644);
#6640 = CIRCLE('',#6641,15.);
#6641 = AXIS2_PLACEMENT_2D('',#6642,#6643);
#6642 = CARTESIAN_POINT('',(0.,0.));
#6643 = DIRECTION('',(1.,0.));
#6644 = ( GEOMETRIC_REPRESENTATION_CONTEXT(2) 
PARAMETRIC_REPRESENTATION_CONTEXT() REPRESENTATION_CONTEXT('2D SPACE',''
  ) );
#6645 = ORIENTED_EDGE('',*,*,#6596,.T.);
#6646 = ORIENTED_EDGE('',*,*,#6304,.F.);
#6647 = ADVANCED_FACE('',(#6648),#6292,.T.);
#6648 = FACE_BOUND('',#6649,.T.);
#6649 = EDGE_LOOP('',(#6650,#6651,#6674,#6701));
#6650 = ORIENTED_EDGE('',*,*,#6277,.F.);
#6651 = ORIENTED_EDGE('',*,*,#6652,.F.);
#6652 = EDGE_CURVE('',#6653,#6255,#6655,.T.);
#6653 = VERTEX_POINT('',#6654);
#6654 = CARTESIAN_POINT('',(12.,-2.939152317954E-15,5.25E+03));
#6655 = SEAM_CURVE('',#6656,(#6660,#6667),.PCURVE_S1.);
#6656 = LINE('',#6657,#6658);
#6657 = CARTESIAN_POINT('',(12.,-2.939152317954E-15,5.25E+03));
#6658 = VECTOR('',#6659,1.);
#6659 = DIRECTION('',(0.654930538418,-1.604117175075E-16,0.75568908279)
  );
#6660 = PCURVE('',#6292,#6661);
#6661 = DEFINITIONAL_REPRESENTATION('',(#6662),#6666);
#6662 = LINE('',#6663,#6664);
#6663 = CARTESIAN_POINT('',(6.28318530718,-0.));
#6664 = VECTOR('',#6665,1.);
#6665 = DIRECTION('',(0.,1.));
#6666 = ( GEOMETRIC_REPRESENTATION_CONTEXT(2) 
PARAMETRIC_REPRESENTATION_CONTEXT() REPRESENTATION_CONTEXT('2D SPACE',''
  ) );
#6667 = PCURVE('',#6292,#6668);
#6668 = DEFINITIONAL_REPRESENTATION('',(#6669),#6673);
#6669 = LINE('',#6670,#6671);
#6670 = CARTESIAN_POINT('',(0.,-0.));
#6671 = VECTOR('',#6672,1.);
#6672 = DIRECTION('',(0.,1.));
#6673 = ( GEOMETRIC_REPRESENTATION_CONTEXT(2) 
PARAMETRIC_REPRESENTATION_CONTEXT() REPRESENTATION_CONTEXT('2D SPACE',''
  ) );
#6674 = ORIENTED_EDGE('',*,*,#6675,.T.);
#6675 = EDGE_CURVE('',#6653,#6653,#6676,.T.);
#6676 = SURFACE_CURVE('',#6677,(#6682,#6689),.PCURVE_S1.);
#6677 = CIRCLE('',#6678,12.);
#6678 = AXIS2_PLACEMENT_3D('',#6679,#6680,#6681);
#6679 = CARTESIAN_POINT('',(0.,0.,5.25E+03));
#6680 = DIRECTION('',(0.,0.,1.));
#6681 = DIRECTION('',(1.,0.,-0.));
#6682 = PCURVE('',#6292,#6683);
#6683 = DEFINITIONAL_REPRESENTATION('',(#6684),#6688);
#6684 = LINE('',#6685,#6686);
#6685 = CARTESIAN_POINT('',(0.,0.));
#6686 = VECTOR('',#6687,1.);
#6687 = DIRECTION('',(1.,0.));
#6688 = ( GEOMETRIC_REPRESENTATION_CONTEXT(2) 
PARAMETRIC_REPRESENTATION_CONTEXT() REPRESENTATION_CONTEXT('2D SPACE',''
  ) );
#6689 = PCURVE('',#6690,#6695);
#6690 = PLANE('',#6691);
#6691 = AXIS2_PLACEMENT_3D('',#6692,#6693,#6694);
#6692 = CARTESIAN_POINT('',(0.,0.,5.25E+03));
#6693 = DIRECTION('',(0.,0.,1.));
#6694 = DIRECTION('',(1.,0.,-0.));
#6695 = DEFINITIONAL_REPRESENTATION('',(#6696),#6700);
#6696 = CIRCLE('',#6697,12.);
#6697 = AXIS2_PLACEMENT_2D('',#6698,#6699);
#6698 = CARTESIAN_POINT('',(0.,0.));
#6699 = DIRECTION('',(1.,0.));
#6700 = ( GEOMETRIC_REPRESENTATION_CONTEXT(2) 
PARAMETRIC_REPRESENTATION_CONTEXT() REPRESENTATION_CONTEXT('2D SPACE',''
  ) );
#6701 = ORIENTED_EDGE('',*,*,#6652,.T.);
#6702 = ADVANCED_FACE('',(#6703,#6706,#6737),#5946,.T.);
#6703 = FACE_BOUND('',#6704,.T.);
#6704 = EDGE_LOOP('',(#6705));
#6705 = ORIENTED_EDGE('',*,*,#5931,.T.);
#6706 = FACE_BOUND('',#6707,.T.);
#6707 = EDGE_LOOP('',(#6708));
#6708 = ORIENTED_EDGE('',*,*,#6709,.F.);
#6709 = EDGE_CURVE('',#6710,#6710,#6712,.T.);
#6710 = VERTEX_POINT('',#6711);
#6711 = CARTESIAN_POINT('',(14.,-3.429011037613E-15,5.42E+03));
#6712 = SURFACE_CURVE('',#6713,(#6718,#6725),.PCURVE_S1.);
#6713 = CIRCLE('',#6714,14.);
#6714 = AXIS2_PLACEMENT_3D('',#6715,#6716,#6717);
#6715 = CARTESIAN_POINT('',(0.,0.,5.42E+03));
#6716 = DIRECTION('',(0.,0.,1.));
#6717 = DIRECTION('',(1.,0.,-0.));
#6718 = PCURVE('',#5946,#6719);
#6719 = DEFINITIONAL_REPRESENTATION('',(#6720),#6724);
#6720 = CIRCLE('',#6721,14.);
#6721 = AXIS2_PLACEMENT_2D('',#6722,#6723);
#6722 = CARTESIAN_POINT('',(0.,0.));
#6723 = DIRECTION('',(1.,0.));
#6724 = ( GEOMETRIC_REPRESENTATION_CONTEXT(2) 
PARAMETRIC_REPRESENTATION_CONTEXT() REPRESENTATION_CONTEXT('2D SPACE',''
  ) );
#6725 = PCURVE('',#6726,#6731);
#6726 = CYLINDRICAL_SURFACE('',#6727,14.);
#6727 = AXIS2_PLACEMENT_3D('',#6728,#6729,#6730);
#6728 = CARTESIAN_POINT('',(0.,0.,5.42E+03));
#6729 = DIRECTION('',(0.,0.,1.));
#6730 = DIRECTION('',(1.,0.,-0.));
#6731 = DEFINITIONAL_REPRESENTATION('',(#6732),#6736);
#6732 = LINE('',#6733,#6734);
#6733 = CARTESIAN_POINT('',(0.,0.));
#6734 = VECTOR('',#6735,1.);
#6735 = DIRECTION('',(1.,0.));
#6736 = ( GEOMETRIC_REPRESENTATION_CONTEXT(2) 
PARAMETRIC_REPRESENTATION_CONTEXT() REPRESENTATION_CONTEXT('2D SPACE',''
  ) );
#6737 = FACE_BOUND('',#6738,.T.);
#6738 = EDGE_LOOP('',(#6739));
#6739 = ORIENTED_EDGE('',*,*,#6740,.F.);
#6740 = EDGE_CURVE('',#6741,#6741,#6743,.T.);
#6741 = VERTEX_POINT('',#6742);
#6742 = CARTESIAN_POINT('',(37.,-1.714505518806E-15,5.42E+03));
#6743 = SURFACE_CURVE('',#6744,(#6749,#6756),.PCURVE_S1.);
#6744 = CIRCLE('',#6745,7.);
#6745 = AXIS2_PLACEMENT_3D('',#6746,#6747,#6748);
#6746 = CARTESIAN_POINT('',(30.,0.,5.42E+03));
#6747 = DIRECTION('',(0.,0.,1.));
#6748 = DIRECTION('',(1.,0.,-0.));
#6749 = PCURVE('',#5946,#6750);
#6750 = DEFINITIONAL_REPRESENTATION('',(#6751),#6755);
#6751 = CIRCLE('',#6752,7.);
#6752 = AXIS2_PLACEMENT_2D('',#6753,#6754);
#6753 = CARTESIAN_POINT('',(30.,0.));
#6754 = DIRECTION('',(1.,0.));
#6755 = ( GEOMETRIC_REPRESENTATION_CONTEXT(2) 
PARAMETRIC_REPRESENTATION_CONTEXT() REPRESENTATION_CONTEXT('2D SPACE',''
  ) );
#6756 = PCURVE('',#6757,#6762);
#6757 = CYLINDRICAL_SURFACE('',#6758,7.);
#6758 = AXIS2_PLACEMENT_3D('',#6759,#6760,#6761);
#6759 = CARTESIAN_POINT('',(30.,0.,5.42E+03));
#6760 = DIRECTION('',(0.,0.,1.));
#6761 = DIRECTION('',(1.,0.,-0.));
#6762 = DEFINITIONAL_REPRESENTATION('',(#6763),#6767);
#6763 = LINE('',#6764,#6765);
#6764 = CARTESIAN_POINT('',(0.,0.));
#6765 = VECTOR('',#6766,1.);
#6766 = DIRECTION('',(1.,0.));
#6767 = ( GEOMETRIC_REPRESENTATION_CONTEXT(2) 
PARAMETRIC_REPRESENTATION_CONTEXT() REPRESENTATION_CONTEXT('2D SPACE',''
  ) );
#6768 = ADVANCED_FACE('',(#6769),#6634,.T.);
#6769 = FACE_BOUND('',#6770,.F.);
#6770 = EDGE_LOOP('',(#6771));
#6771 = ORIENTED_EDGE('',*,*,#6619,.F.);
#6772 = ADVANCED_FACE('',(#6773,#6776),#6690,.F.);
#6773 = FACE_BOUND('',#6774,.F.);
#6774 = EDGE_LOOP('',(#6775));
#6775 = ORIENTED_EDGE('',*,*,#6675,.T.);
#6776 = FACE_BOUND('',#6777,.F.);
#6777 = EDGE_LOOP('',(#6778));
#6778 = ORIENTED_EDGE('',*,*,#6779,.F.);
#6779 = EDGE_CURVE('',#6780,#6780,#6782,.T.);
#6780 = VERTEX_POINT('',#6781);
#6781 = CARTESIAN_POINT('',(4.,-9.797174393179E-16,5.25E+03));
#6782 = SURFACE_CURVE('',#6783,(#6788,#6795),.PCURVE_S1.);
#6783 = CIRCLE('',#6784,4.);
#6784 = AXIS2_PLACEMENT_3D('',#6785,#6786,#6787);
#6785 = CARTESIAN_POINT('',(0.,0.,5.25E+03));
#6786 = DIRECTION('',(0.,0.,1.));
#6787 = DIRECTION('',(1.,0.,-0.));
#6788 = PCURVE('',#6690,#6789);
#6789 = DEFINITIONAL_REPRESENTATION('',(#6790),#6794);
#6790 = CIRCLE('',#6791,4.);
#6791 = AXIS2_PLACEMENT_2D('',#6792,#6793);
#6792 = CARTESIAN_POINT('',(0.,0.));
#6793 = DIRECTION('',(1.,0.));
#6794 = ( GEOMETRIC_REPRESENTATION_CONTEXT(2) 
PARAMETRIC_REPRESENTATION_CONTEXT() REPRESENTATION_CONTEXT('2D SPACE',''
  ) );
#6795 = PCURVE('',#6796,#6801);
#6796 = CYLINDRICAL_SURFACE('',#6797,4.);
#6797 = AXIS2_PLACEMENT_3D('',#6798,#6799,#6800);
#6798 = CARTESIAN_POINT('',(0.,0.,5.18E+03));
#6799 = DIRECTION('',(0.,0.,1.));
#6800 = DIRECTION('',(1.,0.,-0.));
#6801 = DEFINITIONAL_REPRESENTATION('',(#6802),#6806);
#6802 = LINE('',#6803,#6804);
#6803 = CARTESIAN_POINT('',(0.,70.));
#6804 = VECTOR('',#6805,1.);
#6805 = DIRECTION('',(1.,0.));
#6806 = ( GEOMETRIC_REPRESENTATION_CONTEXT(2) 
PARAMETRIC_REPRESENTATION_CONTEXT() REPRESENTATION_CONTEXT('2D SPACE',''
  ) );
#6807 = ADVANCED_FACE('',(#6808),#6726,.T.);
#6808 = FACE_BOUND('',#6809,.T.);
#6809 = EDGE_LOOP('',(#6810,#6839,#6860,#6861));
#6810 = ORIENTED_EDGE('',*,*,#6811,.F.);
#6811 = EDGE_CURVE('',#6812,#6812,#6814,.T.);
#6812 = VERTEX_POINT('',#6813);
#6813 = CARTESIAN_POINT('',(14.,-3.429011037613E-15,5.44E+03));
#6814 = SURFACE_CURVE('',#6815,(#6820,#6827),.PCURVE_S1.);
#6815 = CIRCLE('',#6816,14.);
#6816 = AXIS2_PLACEMENT_3D('',#6817,#6818,#6819);
#6817 = CARTESIAN_POINT('',(0.,0.,5.44E+03));
#6818 = DIRECTION('',(0.,0.,1.));
#6819 = DIRECTION('',(1.,0.,-0.));
#6820 = PCURVE('',#6726,#6821);
#6821 = DEFINITIONAL_REPRESENTATION('',(#6822),#6826);
#6822 = LINE('',#6823,#6824);
#6823 = CARTESIAN_POINT('',(0.,20.));
#6824 = VECTOR('',#6825,1.);
#6825 = DIRECTION('',(1.,0.));
#6826 = ( GEOMETRIC_REPRESENTATION_CONTEXT(2) 
PARAMETRIC_REPRESENTATION_CONTEXT() REPRESENTATION_CONTEXT('2D SPACE',''
  ) );
#6827 = PCURVE('',#6828,#6833);
#6828 = PLANE('',#6829);
#6829 = AXIS2_PLACEMENT_3D('',#6830,#6831,#6832);
#6830 = CARTESIAN_POINT('',(0.,0.,5.44E+03));
#6831 = DIRECTION('',(0.,0.,1.));
#6832 = DIRECTION('',(1.,0.,-0.));
#6833 = DEFINITIONAL_REPRESENTATION('',(#6834),#6838);
#6834 = CIRCLE('',#6835,14.);
#6835 = AXIS2_PLACEMENT_2D('',#6836,#6837);
#6836 = CARTESIAN_POINT('',(0.,0.));
#6837 = DIRECTION('',(1.,0.));
#6838 = ( GEOMETRIC_REPRESENTATION_CONTEXT(2) 
PARAMETRIC_REPRESENTATION_CONTEXT() REPRESENTATION_CONTEXT('2D SPACE',''
  ) );
#6839 = ORIENTED_EDGE('',*,*,#6840,.F.);
#6840 = EDGE_CURVE('',#6710,#6812,#6841,.T.);
#6841 = SEAM_CURVE('',#6842,(#6846,#6853),.PCURVE_S1.);
#6842 = LINE('',#6843,#6844);
#6843 = CARTESIAN_POINT('',(14.,-3.429011037613E-15,5.42E+03));
#6844 = VECTOR('',#6845,1.);
#6845 = DIRECTION('',(0.,0.,1.));
#6846 = PCURVE('',#6726,#6847);
#6847 = DEFINITIONAL_REPRESENTATION('',(#6848),#6852);
#6848 = LINE('',#6849,#6850);
#6849 = CARTESIAN_POINT('',(6.28318530718,-0.));
#6850 = VECTOR('',#6851,1.);
#6851 = DIRECTION('',(0.,1.));
#6852 = ( GEOMETRIC_REPRESENTATION_CONTEXT(2) 
PARAMETRIC_REPRESENTATION_CONTEXT() REPRESENTATION_CONTEXT('2D SPACE',''
  ) );
#6853 = PCURVE('',#6726,#6854);
#6854 = DEFINITIONAL_REPRESENTATION('',(#6855),#6859);
#6855 = LINE('',#6856,#6857);
#6856 = CARTESIAN_POINT('',(0.,-0.));
#6857 = VECTOR('',#6858,1.);
#6858 = DIRECTION('',(0.,1.));
#6859 = ( GEOMETRIC_REPRESENTATION_CONTEXT(2) 
PARAMETRIC_REPRESENTATION_CONTEXT() REPRESENTATION_CONTEXT('2D SPACE',''
  ) );
#6860 = ORIENTED_EDGE('',*,*,#6709,.T.);
#6861 = ORIENTED_EDGE('',*,*,#6840,.T.);
#6862 = ADVANCED_FACE('',(#6863),#6757,.T.);
#6863 = FACE_BOUND('',#6864,.T.);
#6864 = EDGE_LOOP('',(#6865,#6894,#6915,#6916));
#6865 = ORIENTED_EDGE('',*,*,#6866,.F.);
#6866 = EDGE_CURVE('',#6867,#6867,#6869,.T.);
#6867 = VERTEX_POINT('',#6868);
#6868 = CARTESIAN_POINT('',(37.,-1.714505518806E-15,5.436E+03));
#6869 = SURFACE_CURVE('',#6870,(#6875,#6882),.PCURVE_S1.);
#6870 = CIRCLE('',#6871,7.);
#6871 = AXIS2_PLACEMENT_3D('',#6872,#6873,#6874);
#6872 = CARTESIAN_POINT('',(30.,0.,5.436E+03));
#6873 = DIRECTION('',(0.,0.,1.));
#6874 = DIRECTION('',(1.,0.,-0.));
#6875 = PCURVE('',#6757,#6876);
#6876 = DEFINITIONAL_REPRESENTATION('',(#6877),#6881);
#6877 = LINE('',#6878,#6879);
#6878 = CARTESIAN_POINT('',(0.,16.));
#6879 = VECTOR('',#6880,1.);
#6880 = DIRECTION('',(1.,0.));
#6881 = ( GEOMETRIC_REPRESENTATION_CONTEXT(2) 
PARAMETRIC_REPRESENTATION_CONTEXT() REPRESENTATION_CONTEXT('2D SPACE',''
  ) );
#6882 = PCURVE('',#6883,#6888);
#6883 = PLANE('',#6884);
#6884 = AXIS2_PLACEMENT_3D('',#6885,#6886,#6887);
#6885 = CARTESIAN_POINT('',(30.,0.,5.436E+03));
#6886 = DIRECTION('',(0.,0.,1.));
#6887 = DIRECTION('',(1.,0.,-0.));
#6888 = DEFINITIONAL_REPRESENTATION('',(#6889),#6893);
#6889 = CIRCLE('',#6890,7.);
#6890 = AXIS2_PLACEMENT_2D('',#6891,#6892);
#6891 = CARTESIAN_POINT('',(0.,0.));
#6892 = DIRECTION('',(1.,0.));
#6893 = ( GEOMETRIC_REPRESENTATION_CONTEXT(2) 
PARAMETRIC_REPRESENTATION_CONTEXT() REPRESENTATION_CONTEXT('2D SPACE',''
  ) );
#6894 = ORIENTED_EDGE('',*,*,#6895,.F.);
#6895 = EDGE_CURVE('',#6741,#6867,#6896,.T.);
#6896 = SEAM_CURVE('',#6897,(#6901,#6908),.PCURVE_S1.);
#6897 = LINE('',#6898,#6899);
#6898 = CARTESIAN_POINT('',(37.,-1.714505518806E-15,5.42E+03));
#6899 = VECTOR('',#6900,1.);
#6900 = DIRECTION('',(0.,0.,1.));
#6901 = PCURVE('',#6757,#6902);
#6902 = DEFINITIONAL_REPRESENTATION('',(#6903),#6907);
#6903 = LINE('',#6904,#6905);
#6904 = CARTESIAN_POINT('',(6.28318530718,-0.));
#6905 = VECTOR('',#6906,1.);
#6906 = DIRECTION('',(0.,1.));
#6907 = ( GEOMETRIC_REPRESENTATION_CONTEXT(2) 
PARAMETRIC_REPRESENTATION_CONTEXT() REPRESENTATION_CONTEXT('2D SPACE',''
  ) );
#6908 = PCURVE('',#6757,#6909);
#6909 = DEFINITIONAL_REPRESENTATION('',(#6910),#6914);
#6910 = LINE('',#6911,#6912);
#6911 = CARTESIAN_POINT('',(0.,-0.));
#6912 = VECTOR('',#6913,1.);
#6913 = DIRECTION('',(0.,1.));
#6914 = ( GEOMETRIC_REPRESENTATION_CONTEXT(2) 
PARAMETRIC_REPRESENTATION_CONTEXT() REPRESENTATION_CONTEXT('2D SPACE',''
  ) );
#6915 = ORIENTED_EDGE('',*,*,#6740,.T.);
#6916 = ORIENTED_EDGE('',*,*,#6895,.T.);
#6917 = ADVANCED_FACE('',(#6918),#6796,.F.);
#6918 = FACE_BOUND('',#6919,.F.);
#6919 = EDGE_LOOP('',(#6920,#6944,#6965,#6966));
#6920 = ORIENTED_EDGE('',*,*,#6921,.F.);
#6921 = EDGE_CURVE('',#6922,#6922,#6924,.T.);
#6922 = VERTEX_POINT('',#6923);
#6923 = CARTESIAN_POINT('',(4.,-9.797174393179E-16,5.44E+03));
#6924 = SURFACE_CURVE('',#6925,(#6930,#6937),.PCURVE_S1.);
#6925 = CIRCLE('',#6926,4.);
#6926 = AXIS2_PLACEMENT_3D('',#6927,#6928,#6929);
#6927 = CARTESIAN_POINT('',(0.,0.,5.44E+03));
#6928 = DIRECTION('',(0.,0.,1.));
#6929 = DIRECTION('',(1.,0.,-0.));
#6930 = PCURVE('',#6796,#6931);
#6931 = DEFINITIONAL_REPRESENTATION('',(#6932),#6936);
#6932 = LINE('',#6933,#6934);
#6933 = CARTESIAN_POINT('',(0.,260.));
#6934 = VECTOR('',#6935,1.);
#6935 = DIRECTION('',(1.,0.));
#6936 = ( GEOMETRIC_REPRESENTATION_CONTEXT(2) 
PARAMETRIC_REPRESENTATION_CONTEXT() REPRESENTATION_CONTEXT('2D SPACE',''
  ) );
#6937 = PCURVE('',#6828,#6938);
#6938 = DEFINITIONAL_REPRESENTATION('',(#6939),#6943);
#6939 = CIRCLE('',#6940,4.);
#6940 = AXIS2_PLACEMENT_2D('',#6941,#6942);
#6941 = CARTESIAN_POINT('',(0.,0.));
#6942 = DIRECTION('',(1.,0.));
#6943 = ( GEOMETRIC_REPRESENTATION_CONTEXT(2) 
PARAMETRIC_REPRESENTATION_CONTEXT() REPRESENTATION_CONTEXT('2D SPACE',''
  ) );
#6944 = ORIENTED_EDGE('',*,*,#6945,.F.);
#6945 = EDGE_CURVE('',#6780,#6922,#6946,.T.);
#6946 = SEAM_CURVE('',#6947,(#6951,#6958),.PCURVE_S1.);
#6947 = LINE('',#6948,#6949);
#6948 = CARTESIAN_POINT('',(4.,-9.797174393179E-16,5.18E+03));
#6949 = VECTOR('',#6950,1.);
#6950 = DIRECTION('',(0.,0.,1.));
#6951 = PCURVE('',#6796,#6952);
#6952 = DEFINITIONAL_REPRESENTATION('',(#6953),#6957);
#6953 = LINE('',#6954,#6955);
#6954 = CARTESIAN_POINT('',(6.28318530718,-0.));
#6955 = VECTOR('',#6956,1.);
#6956 = DIRECTION('',(0.,1.));
#6957 = ( GEOMETRIC_REPRESENTATION_CONTEXT(2) 
PARAMETRIC_REPRESENTATION_CONTEXT() REPRESENTATION_CONTEXT('2D SPACE',''
  ) );
#6958 = PCURVE('',#6796,#6959);
#6959 = DEFINITIONAL_REPRESENTATION('',(#6960),#6964);
#6960 = LINE('',#6961,#6962);
#6961 = CARTESIAN_POINT('',(0.,-0.));
#6962 = VECTOR('',#6963,1.);
#6963 = DIRECTION('',(0.,1.));
#6964 = ( GEOMETRIC_REPRESENTATION_CONTEXT(2) 
PARAMETRIC_REPRESENTATION_CONTEXT() REPRESENTATION_CONTEXT('2D SPACE',''
  ) );
#6965 = ORIENTED_EDGE('',*,*,#6779,.T.);
#6966 = ORIENTED_EDGE('',*,*,#6945,.T.);
#6967 = ADVANCED_FACE('',(#6968,#6971),#6828,.T.);
#6968 = FACE_BOUND('',#6969,.T.);
#6969 = EDGE_LOOP('',(#6970));
#6970 = ORIENTED_EDGE('',*,*,#6811,.T.);
#6971 = FACE_BOUND('',#6972,.T.);
#6972 = EDGE_LOOP('',(#6973));
#6973 = ORIENTED_EDGE('',*,*,#6921,.F.);
#6974 = ADVANCED_FACE('',(#6975),#6883,.T.);
#6975 = FACE_BOUND('',#6976,.T.);
#6976 = EDGE_LOOP('',(#6977));
#6977 = ORIENTED_EDGE('',*,*,#6866,.T.);
#6978 = ( GEOMETRIC_REPRESENTATION_CONTEXT(3) 
GLOBAL_UNCERTAINTY_ASSIGNED_CONTEXT((#6982)) 
GLOBAL_UNIT_ASSIGNED_CONTEXT((#6979,#6980,#6981)) REPRESENTATION_CONTEXT
('Context #1','3D Context with UNIT and UNCERTAINTY') );
#6979 = ( LENGTH_UNIT() NAMED_UNIT(*) SI_UNIT(.MILLI.,.METRE.) );
#6980 = ( NAMED_UNIT(*) PLANE_ANGLE_UNIT() SI_UNIT($,.RADIAN.) );
#6981 = ( NAMED_UNIT(*) SI_UNIT($,.STERADIAN.) SOLID_ANGLE_UNIT() );
#6982 = UNCERTAINTY_MEASURE_WITH_UNIT(LENGTH_MEASURE(1.E-07),#6979,
  'distance_accuracy_value','confusion accuracy');
#6983 = CONTEXT_DEPENDENT_SHAPE_REPRESENTATION(#6984,#6986);
#6984 = ( REPRESENTATION_RELATIONSHIP('','',#479,#10) 
REPRESENTATION_RELATIONSHIP_WITH_TRANSFORMATION(#6985) 
SHAPE_REPRESENTATION_RELATIONSHIP() );
#6985 = ITEM_DEFINED_TRANSFORMATION('','',#11,#19);
#6986 = PRODUCT_DEFINITION_SHAPE('Placement','Placement of an item',
  #6987);
#6987 = NEXT_ASSEMBLY_USAGE_OCCURRENCE('18','=>[0:1:1:3]','',#5,#474,$);
#6988 = PRODUCT_RELATED_PRODUCT_CATEGORY('part',$,(#476));
#6989 = SHAPE_DEFINITION_REPRESENTATION(#6990,#6996);
#6990 = PRODUCT_DEFINITION_SHAPE('','',#6991);
#6991 = PRODUCT_DEFINITION('design','',#6992,#6995);
#6992 = PRODUCT_DEFINITION_FORMATION('','',#6993);
#6993 = PRODUCT('SOLID','SOLID','',(#6994));
#6994 = PRODUCT_CONTEXT('',#2,'mechanical');
#6995 = PRODUCT_DEFINITION_CONTEXT('part definition',#2,'design');
#6996 = ADVANCED_BREP_SHAPE_REPRESENTATION('',(#11,#6997),#7917);
#6997 = MANIFOLD_SOLID_BREP('',#6998);
#6998 = CLOSED_SHELL('',(#6999,#7170,#7198,#7387,#7391,#7396,#7583,#7606
    ,#7611,#7639,#7797,#7802,#7831,#7908,#7913));
#6999 = ADVANCED_FACE('',(#7000),#7015,.T.);
#7000 = FACE_BOUND('',#7001,.T.);
#7001 = EDGE_LOOP('',(#7002,#7038,#7075,#7098,#7125,#7126));
#7002 = ORIENTED_EDGE('',*,*,#7003,.F.);
#7003 = EDGE_CURVE('',#7004,#7006,#7008,.T.);
#7004 = VERTEX_POINT('',#7005);
#7005 = CARTESIAN_POINT('',(32.716778128181,2.93583320409,
    7.104826488926E+03));
#7006 = VERTEX_POINT('',#7007);
#7007 = CARTESIAN_POINT('',(27.283221871819,-2.93583320409,
    7.104826488926E+03));
#7008 = SURFACE_CURVE('',#7009,(#7014,#7026),.PCURVE_S1.);
#7009 = CIRCLE('',#7010,4.);
#7010 = AXIS2_PLACEMENT_3D('',#7011,#7012,#7013);
#7011 = CARTESIAN_POINT('',(30.,0.,7.104826488926E+03));
#7012 = DIRECTION('',(0.,0.,1.));
#7013 = DIRECTION('',(1.,0.,-0.));
#7014 = PCURVE('',#7015,#7020);
#7015 = CYLINDRICAL_SURFACE('',#7016,4.);
#7016 = AXIS2_PLACEMENT_3D('',#7017,#7018,#7019);
#7017 = CARTESIAN_POINT('',(30.,0.,720.));
#7018 = DIRECTION('',(0.,0.,1.));
#7019 = DIRECTION('',(1.,0.,-0.));
#7020 = DEFINITIONAL_REPRESENTATION('',(#7021),#7025);
#7021 = LINE('',#7022,#7023);
#7022 = CARTESIAN_POINT('',(0.,6.384826488926E+03));
#7023 = VECTOR('',#7024,1.);
#7024 = DIRECTION('',(1.,0.));
#7025 = ( GEOMETRIC_REPRESENTATION_CONTEXT(2) 
PARAMETRIC_REPRESENTATION_CONTEXT() REPRESENTATION_CONTEXT('2D SPACE',''
  ) );
#7026 = PCURVE('',#7027,#7032);
#7027 = PLANE('',#7028);
#7028 = AXIS2_PLACEMENT_3D('',#7029,#7030,#7031);
#7029 = CARTESIAN_POINT('',(30.,0.,7.104826488926E+03));
#7030 = DIRECTION('',(0.,0.,1.));
#7031 = DIRECTION('',(1.,0.,-0.));
#7032 = DEFINITIONAL_REPRESENTATION('',(#7033),#7037);
#7033 = CIRCLE('',#7034,4.);
#7034 = AXIS2_PLACEMENT_2D('',#7035,#7036);
#7035 = CARTESIAN_POINT('',(0.,0.));
#7036 = DIRECTION('',(1.,0.));
#7037 = ( GEOMETRIC_REPRESENTATION_CONTEXT(2) 
PARAMETRIC_REPRESENTATION_CONTEXT() REPRESENTATION_CONTEXT('2D SPACE',''
  ) );
#7038 = ORIENTED_EDGE('',*,*,#7039,.F.);
#7039 = EDGE_CURVE('',#7040,#7004,#7042,.T.);
#7040 = VERTEX_POINT('',#7041);
#7041 = CARTESIAN_POINT('',(34.,-9.797174393179E-16,7.102034661545E+03)
  );
#7042 = SURFACE_CURVE('',#7043,(#7048,#7059),.PCURVE_S1.);
#7043 = ELLIPSE('',#7044,5.519860617301,4.);
#7044 = AXIS2_PLACEMENT_3D('',#7045,#7046,#7047);
#7045 = CARTESIAN_POINT('',(30.,0.,7.104826488926E+03));
#7046 = DIRECTION('',(0.505778601203,-0.468040295864,0.724655979077));
#7047 = DIRECTION('',(-0.531867271229,0.492182378603,0.68911081256));
#7048 = PCURVE('',#7015,#7049);
#7049 = DEFINITIONAL_REPRESENTATION('',(#7050),#7058);
#7050 = B_SPLINE_CURVE_WITH_KNOTS('',6,(#7051,#7052,#7053,#7054,#7055,
    #7056,#7057),.UNSPECIFIED.,.F.,.F.,(7,7),(3.888257300217,
    4.712388959453),.PIECEWISE_BEZIER_KNOTS.);
#7051 = CARTESIAN_POINT('',(1.312994712954E-10,6.382034661544E+03));
#7052 = CARTESIAN_POINT('',(0.137355276671,6.382389521263E+03));
#7053 = CARTESIAN_POINT('',(0.27471055321,6.382807586292E+03));
#7054 = CARTESIAN_POINT('',(0.412065829749,6.383276813048E+03));
#7055 = CARTESIAN_POINT('',(0.549421106289,6.383781547089E+03));
#7056 = CARTESIAN_POINT('',(0.686776382828,6.384304017445E+03));
#7057 = CARTESIAN_POINT('',(0.824131659367,6.384826488846E+03));
#7058 = ( GEOMETRIC_REPRESENTATION_CONTEXT(2) 
PARAMETRIC_REPRESENTATION_CONTEXT() REPRESENTATION_CONTEXT('2D SPACE',''
  ) );
#7059 = PCURVE('',#7060,#7065);
#7060 = CYLINDRICAL_SURFACE('',#7061,4.);
#7061 = AXIS2_PLACEMENT_3D('',#7062,#7063,#7064);
#7062 = CARTESIAN_POINT('',(30.,0.,7.104826488926E+03));
#7063 = DIRECTION('',(0.733030974902,-0.678336397694,5.025257602473E-02)
  );
#7064 = DIRECTION('',(0.679194532045,0.733958301023,3.469446951954E-18)
  );
#7065 = DEFINITIONAL_REPRESENTATION('',(#7066),#7074);
#7066 = B_SPLINE_CURVE_WITH_KNOTS('',6,(#7067,#7068,#7069,#7070,#7071,
    #7072,#7073),.UNSPECIFIED.,.F.,.F.,(7,7),(3.888257300217,
    4.712388959453),.PIECEWISE_BEZIER_KNOTS.);
#7067 = CARTESIAN_POINT('',(5.459053627011,2.791827381515));
#7068 = CARTESIAN_POINT('',(5.596408903551,2.436967662502));
#7069 = CARTESIAN_POINT('',(5.73376418009,2.018902633987));
#7070 = CARTESIAN_POINT('',(5.871119456627,1.549675877092));
#7071 = CARTESIAN_POINT('',(6.00847473317,1.044941836672));
#7072 = CARTESIAN_POINT('',(6.145830009708,0.522471480994));
#7073 = CARTESIAN_POINT('',(6.283185286247,7.962125891936E-08));
#7074 = ( GEOMETRIC_REPRESENTATION_CONTEXT(2) 
PARAMETRIC_REPRESENTATION_CONTEXT() REPRESENTATION_CONTEXT('2D SPACE',''
  ) );
#7075 = ORIENTED_EDGE('',*,*,#7076,.F.);
#7076 = EDGE_CURVE('',#7077,#7040,#7079,.T.);
#7077 = VERTEX_POINT('',#7078);
#7078 = CARTESIAN_POINT('',(34.,-9.797174393179E-16,720.));
#7079 = SEAM_CURVE('',#7080,(#7084,#7091),.PCURVE_S1.);
#7080 = LINE('',#7081,#7082);
#7081 = CARTESIAN_POINT('',(34.,-9.797174393179E-16,720.));
#7082 = VECTOR('',#7083,1.);
#7083 = DIRECTION('',(0.,0.,1.));
#7084 = PCURVE('',#7015,#7085);
#7085 = DEFINITIONAL_REPRESENTATION('',(#7086),#7090);
#7086 = LINE('',#7087,#7088);
#7087 = CARTESIAN_POINT('',(6.28318530718,-0.));
#7088 = VECTOR('',#7089,1.);
#7089 = DIRECTION('',(0.,1.));
#7090 = ( GEOMETRIC_REPRESENTATION_CONTEXT(2) 
PARAMETRIC_REPRESENTATION_CONTEXT() REPRESENTATION_CONTEXT('2D SPACE',''
  ) );
#7091 = PCURVE('',#7015,#7092);
#7092 = DEFINITIONAL_REPRESENTATION('',(#7093),#7097);
#7093 = LINE('',#7094,#7095);
#7094 = CARTESIAN_POINT('',(0.,-0.));
#7095 = VECTOR('',#7096,1.);
#7096 = DIRECTION('',(0.,1.));
#7097 = ( GEOMETRIC_REPRESENTATION_CONTEXT(2) 
PARAMETRIC_REPRESENTATION_CONTEXT() REPRESENTATION_CONTEXT('2D SPACE',''
  ) );
#7098 = ORIENTED_EDGE('',*,*,#7099,.T.);
#7099 = EDGE_CURVE('',#7077,#7077,#7100,.T.);
#7100 = SURFACE_CURVE('',#7101,(#7106,#7113),.PCURVE_S1.);
#7101 = CIRCLE('',#7102,4.);
#7102 = AXIS2_PLACEMENT_3D('',#7103,#7104,#7105);
#7103 = CARTESIAN_POINT('',(30.,0.,720.));
#7104 = DIRECTION('',(0.,0.,1.));
#7105 = DIRECTION('',(1.,0.,-0.));
#7106 = PCURVE('',#7015,#7107);
#7107 = DEFINITIONAL_REPRESENTATION('',(#7108),#7112);
#7108 = LINE('',#7109,#7110);
#7109 = CARTESIAN_POINT('',(0.,0.));
#7110 = VECTOR('',#7111,1.);
#7111 = DIRECTION('',(1.,0.));
#7112 = ( GEOMETRIC_REPRESENTATION_CONTEXT(2) 
PARAMETRIC_REPRESENTATION_CONTEXT() REPRESENTATION_CONTEXT('2D SPACE',''
  ) );
#7113 = PCURVE('',#7114,#7119);
#7114 = PLANE('',#7115);
#7115 = AXIS2_PLACEMENT_3D('',#7116,#7117,#7118);
#7116 = CARTESIAN_POINT('',(30.,0.,720.));
#7117 = DIRECTION('',(0.,0.,1.));
#7118 = DIRECTION('',(1.,0.,-0.));
#7119 = DEFINITIONAL_REPRESENTATION('',(#7120),#7124);
#7120 = CIRCLE('',#7121,4.);
#7121 = AXIS2_PLACEMENT_2D('',#7122,#7123);
#7122 = CARTESIAN_POINT('',(0.,0.));
#7123 = DIRECTION('',(1.,0.));
#7124 = ( GEOMETRIC_REPRESENTATION_CONTEXT(2) 
PARAMETRIC_REPRESENTATION_CONTEXT() REPRESENTATION_CONTEXT('2D SPACE',''
  ) );
#7125 = ORIENTED_EDGE('',*,*,#7076,.T.);
#7126 = ORIENTED_EDGE('',*,*,#7127,.F.);
#7127 = EDGE_CURVE('',#7006,#7040,#7128,.T.);
#7128 = SURFACE_CURVE('',#7129,(#7134,#7152),.PCURVE_S1.);
#7129 = ELLIPSE('',#7130,5.519860617301,4.);
#7130 = AXIS2_PLACEMENT_3D('',#7131,#7132,#7133);
#7131 = CARTESIAN_POINT('',(30.,0.,7.104826488926E+03));
#7132 = DIRECTION('',(0.505778601203,-0.468040295864,0.724655979077));
#7133 = DIRECTION('',(-0.531867271229,0.492182378603,0.68911081256));
#7134 = PCURVE('',#7015,#7135);
#7135 = DEFINITIONAL_REPRESENTATION('',(#7136),#7151);
#7136 = B_SPLINE_CURVE_WITH_KNOTS('',7,(#7137,#7138,#7139,#7140,#7141,
    #7142,#7143,#7144,#7145,#7146,#7147,#7148,#7149,#7150),
  .UNSPECIFIED.,.F.,.F.,(8,6,8),(1.570796171058,2.729526735637,
    3.888257300217),.UNSPECIFIED.);
#7137 = CARTESIAN_POINT('',(3.965724178152,6.384826489518E+03));
#7138 = CARTESIAN_POINT('',(4.13125711595,6.384196836052E+03));
#7139 = CARTESIAN_POINT('',(4.296790053747,6.383567182802E+03));
#7140 = CARTESIAN_POINT('',(4.462322991543,6.382965708174E+03));
#7141 = CARTESIAN_POINT('',(4.627855929341,6.382420599457E+03));
#7142 = CARTESIAN_POINT('',(4.793388867138,6.381956866601E+03));
#7143 = CARTESIAN_POINT('',(4.958921804935,6.381593266799E+03));
#7144 = CARTESIAN_POINT('',(5.289987680529,6.381088910378E+03));
#7145 = CARTESIAN_POINT('',(5.455520618326,6.380948153948E+03));
#7146 = CARTESIAN_POINT('',(5.621053556123,6.380930101838E+03));
#7147 = CARTESIAN_POINT('',(5.78658649392,6.381038575062E+03));
#7148 = CARTESIAN_POINT('',(5.952119431717,6.381268596785E+03));
#7149 = CARTESIAN_POINT('',(6.117652369514,6.381607004353E+03));
#7150 = CARTESIAN_POINT('',(6.283185307311,6.382034661544E+03));
#7151 = ( GEOMETRIC_REPRESENTATION_CONTEXT(2) 
PARAMETRIC_REPRESENTATION_CONTEXT() REPRESENTATION_CONTEXT('2D SPACE',''
  ) );
#7152 = PCURVE('',#7060,#7153);
#7153 = DEFINITIONAL_REPRESENTATION('',(#7154),#7169);
#7154 = B_SPLINE_CURVE_WITH_KNOTS('',7,(#7155,#7156,#7157,#7158,#7159,
    #7160,#7161,#7162,#7163,#7164,#7165,#7166,#7167,#7168),
  .UNSPECIFIED.,.F.,.F.,(8,6,8),(1.570796171058,2.729526735637,
    3.888257300217),.UNSPECIFIED.);
#7155 = CARTESIAN_POINT('',(3.141592497853,-5.923907338001E-07));
#7156 = CARTESIAN_POINT('',(3.30712543565,0.629652873885));
#7157 = CARTESIAN_POINT('',(3.472658373446,1.259306123161));
#7158 = CARTESIAN_POINT('',(3.638191311247,1.860780751437));
#7159 = CARTESIAN_POINT('',(3.803724249038,2.405889469198));
#7160 = CARTESIAN_POINT('',(3.969257186839,2.86962232414));
#7161 = CARTESIAN_POINT('',(4.134790124635,3.233222126189));
#7162 = CARTESIAN_POINT('',(4.465856000229,3.737578547667));
#7163 = CARTESIAN_POINT('',(4.631388938025,3.878334978111));
#7164 = CARTESIAN_POINT('',(4.796921875827,3.896387086283));
#7165 = CARTESIAN_POINT('',(4.962454813617,3.787913865539));
#7166 = CARTESIAN_POINT('',(5.127987751418,3.557892139737));
#7167 = CARTESIAN_POINT('',(5.293520689214,3.219484572954));
#7168 = CARTESIAN_POINT('',(5.459053627011,2.791827381515));
#7169 = ( GEOMETRIC_REPRESENTATION_CONTEXT(2) 
PARAMETRIC_REPRESENTATION_CONTEXT() REPRESENTATION_CONTEXT('2D SPACE',''
  ) );
#7170 = ADVANCED_FACE('',(#7171),#7027,.T.);
#7171 = FACE_BOUND('',#7172,.T.);
#7172 = EDGE_LOOP('',(#7173,#7197));
#7173 = ORIENTED_EDGE('',*,*,#7174,.T.);
#7174 = EDGE_CURVE('',#7006,#7004,#7175,.T.);
#7175 = SURFACE_CURVE('',#7176,(#7180,#7186),.PCURVE_S1.);
#7176 = LINE('',#7177,#7178);
#7177 = CARTESIAN_POINT('',(30.,0.,7.104826488926E+03));
#7178 = VECTOR('',#7179,1.);
#7179 = DIRECTION('',(0.679194532045,0.733958301023,-0.));
#7180 = PCURVE('',#7027,#7181);
#7181 = DEFINITIONAL_REPRESENTATION('',(#7182),#7185);
#7182 = B_SPLINE_CURVE_WITH_KNOTS('',1,(#7183,#7184),.UNSPECIFIED.,.F.,
  .F.,(2,2),(-4.,4.),.PIECEWISE_BEZIER_KNOTS.);
#7183 = CARTESIAN_POINT('',(-2.716778128181,-2.93583320409));
#7184 = CARTESIAN_POINT('',(2.716778128181,2.93583320409));
#7185 = ( GEOMETRIC_REPRESENTATION_CONTEXT(2) 
PARAMETRIC_REPRESENTATION_CONTEXT() REPRESENTATION_CONTEXT('2D SPACE',''
  ) );
#7186 = PCURVE('',#7187,#7192);
#7187 = PLANE('',#7188);
#7188 = AXIS2_PLACEMENT_3D('',#7189,#7190,#7191);
#7189 = CARTESIAN_POINT('',(30.,0.,7.104826488926E+03));
#7190 = DIRECTION('',(0.733030974902,-0.678336397694,5.025257602473E-02)
  );
#7191 = DIRECTION('',(0.679194532045,0.733958301023,3.469446951954E-18)
  );
#7192 = DEFINITIONAL_REPRESENTATION('',(#7193),#7196);
#7193 = B_SPLINE_CURVE_WITH_KNOTS('',1,(#7194,#7195),.UNSPECIFIED.,.F.,
  .F.,(2,2),(-4.,4.),.PIECEWISE_BEZIER_KNOTS.);
#7194 = CARTESIAN_POINT('',(-4.,1.387778780781E-17));
#7195 = CARTESIAN_POINT('',(4.,-1.387778780781E-17));
#7196 = ( GEOMETRIC_REPRESENTATION_CONTEXT(2) 
PARAMETRIC_REPRESENTATION_CONTEXT() REPRESENTATION_CONTEXT('2D SPACE',''
  ) );
#7197 = ORIENTED_EDGE('',*,*,#7003,.T.);
#7198 = ADVANCED_FACE('',(#7199),#7060,.T.);
#7199 = FACE_BOUND('',#7200,.T.);
#7200 = EDGE_LOOP('',(#7201,#7202,#7225,#7260,#7306,#7335,#7363,#7364,
    #7386));
#7201 = ORIENTED_EDGE('',*,*,#7039,.T.);
#7202 = ORIENTED_EDGE('',*,*,#7203,.T.);
#7203 = EDGE_CURVE('',#7004,#7204,#7206,.T.);
#7204 = VERTEX_POINT('',#7205);
#7205 = CARTESIAN_POINT('',(324.38918945454,-266.9736516335,
    7.124821946862E+03));
#7206 = SEAM_CURVE('',#7207,(#7211,#7218),.PCURVE_S1.);
#7207 = LINE('',#7208,#7209);
#7208 = CARTESIAN_POINT('',(32.716778128181,2.93583320409,
    7.104826488926E+03));
#7209 = VECTOR('',#7210,1.);
#7210 = DIRECTION('',(0.733030974902,-0.678336397694,5.025257602473E-02)
  );
#7211 = PCURVE('',#7060,#7212);
#7212 = DEFINITIONAL_REPRESENTATION('',(#7213),#7217);
#7213 = LINE('',#7214,#7215);
#7214 = CARTESIAN_POINT('',(0.,-0.));
#7215 = VECTOR('',#7216,1.);
#7216 = DIRECTION('',(0.,1.));
#7217 = ( GEOMETRIC_REPRESENTATION_CONTEXT(2) 
PARAMETRIC_REPRESENTATION_CONTEXT() REPRESENTATION_CONTEXT('2D SPACE',''
  ) );
#7218 = PCURVE('',#7060,#7219);
#7219 = DEFINITIONAL_REPRESENTATION('',(#7220),#7224);
#7220 = LINE('',#7221,#7222);
#7221 = CARTESIAN_POINT('',(6.28318530718,-0.));
#7222 = VECTOR('',#7223,1.);
#7223 = DIRECTION('',(0.,1.));
#7224 = ( GEOMETRIC_REPRESENTATION_CONTEXT(2) 
PARAMETRIC_REPRESENTATION_CONTEXT() REPRESENTATION_CONTEXT('2D SPACE',''
  ) );
#7225 = ORIENTED_EDGE('',*,*,#7226,.F.);
#7226 = EDGE_CURVE('',#7227,#7204,#7229,.T.);
#7227 = VERTEX_POINT('',#7228);
#7228 = CARTESIAN_POINT('',(324.37896775425,-266.9646430469,
    7.124769770169E+03));
#7229 = SURFACE_CURVE('',#7230,(#7235,#7245),.PCURVE_S1.);
#7230 = ELLIPSE('',#7231,4.195524159654,4.);
#7231 = AXIS2_PLACEMENT_3D('',#7232,#7233,#7234);
#7232 = CARTESIAN_POINT('',(321.73866610997,-269.9707960683,
    7.124826488926E+03));
#7233 = DIRECTION('',(0.72460145526,-0.641183874467,-0.252657812385));
#7234 = DIRECTION('',(0.139859194408,-0.222172567289,0.964924222975));
#7235 = PCURVE('',#7060,#7236);
#7236 = DEFINITIONAL_REPRESENTATION('',(#7237),#7244);
#7237 = B_SPLINE_CURVE_WITH_KNOTS('',5,(#7238,#7239,#7240,#7241,#7242,
    #7243),.UNSPECIFIED.,.F.,.F.,(6,6),(4.628069928954,4.6409268521),
  .PIECEWISE_BEZIER_KNOTS.);
#7238 = CARTESIAN_POINT('',(6.270328382495,397.88293724797));
#7239 = CARTESIAN_POINT('',(6.272899767124,397.88618071838));
#7240 = CARTESIAN_POINT('',(6.275471151754,397.88942506992));
#7241 = CARTESIAN_POINT('',(6.278042536383,397.89267025793));
#7242 = CARTESIAN_POINT('',(6.280613921012,397.89591623768));
#7243 = CARTESIAN_POINT('',(6.283185305642,397.89916296447));
#7244 = ( GEOMETRIC_REPRESENTATION_CONTEXT(2) 
PARAMETRIC_REPRESENTATION_CONTEXT() REPRESENTATION_CONTEXT('2D SPACE',''
  ) );
#7245 = PCURVE('',#7246,#7251);
#7246 = CYLINDRICAL_SURFACE('',#7247,4.);
#7247 = AXIS2_PLACEMENT_3D('',#7248,#7249,#7250);
#7248 = CARTESIAN_POINT('',(321.73866610997,-269.9707960683,
    7.124826488926E+03));
#7249 = DIRECTION('',(0.648634681519,-0.544269122031,-0.532018958999));
#7250 = DIRECTION('',(0.642787609687,0.766044443119,0.));
#7251 = DEFINITIONAL_REPRESENTATION('',(#7252),#7259);
#7252 = B_SPLINE_CURVE_WITH_KNOTS('',5,(#7253,#7254,#7255,#7256,#7257,
    #7258),.UNSPECIFIED.,.F.,.F.,(6,6),(4.628069928954,4.6409268521),
  .PIECEWISE_BEZIER_KNOTS.);
#7253 = CARTESIAN_POINT('',(-6.86895873514E-10,0.10661039543));
#7254 = CARTESIAN_POINT('',(2.571383942401E-03,0.103366925023));
#7255 = CARTESIAN_POINT('',(5.142768571106E-03,0.100122573476));
#7256 = CARTESIAN_POINT('',(7.714153201065E-03,9.687738547566E-02));
#7257 = CARTESIAN_POINT('',(1.028553783022E-02,9.363140571637E-02));
#7258 = CARTESIAN_POINT('',(1.285692245952E-02,9.038467892651E-02));
#7259 = ( GEOMETRIC_REPRESENTATION_CONTEXT(2) 
PARAMETRIC_REPRESENTATION_CONTEXT() REPRESENTATION_CONTEXT('2D SPACE',''
  ) );
#7260 = ORIENTED_EDGE('',*,*,#7261,.F.);
#7261 = EDGE_CURVE('',#7262,#7227,#7264,.T.);
#7262 = VERTEX_POINT('',#7263);
#7263 = CARTESIAN_POINT('',(319.03935616326,-272.9088841254,
    7.124541244504E+03));
#7264 = SURFACE_CURVE('',#7265,(#7270,#7288),.PCURVE_S1.);
#7265 = ELLIPSE('',#7266,4.195524159654,4.);
#7266 = AXIS2_PLACEMENT_3D('',#7267,#7268,#7269);
#7267 = CARTESIAN_POINT('',(321.73866610997,-269.9707960683,
    7.124826488926E+03));
#7268 = DIRECTION('',(0.72460145526,-0.641183874467,-0.252657812385));
#7269 = DIRECTION('',(0.139859194408,-0.222172567289,0.964924222975));
#7270 = PCURVE('',#7060,#7271);
#7271 = DEFINITIONAL_REPRESENTATION('',(#7272),#7287);
#7272 = B_SPLINE_CURVE_WITH_KNOTS('',7,(#7273,#7274,#7275,#7276,#7277,
    #7278,#7279,#7280,#7281,#7282,#7283,#7284,#7285,#7286),
  .UNSPECIFIED.,.F.,.F.,(8,6,8),(1.570796089802,3.099433009378,
    4.628069928954),.UNSPECIFIED.);
#7273 = CARTESIAN_POINT('',(3.213054543344,397.9895479434));
#7274 = CARTESIAN_POINT('',(3.43143124614,397.71311176153));
#7275 = CARTESIAN_POINT('',(3.649807948936,397.43667647134));
#7276 = CARTESIAN_POINT('',(3.868184651736,397.18176674476));
#7277 = CARTESIAN_POINT('',(4.08656135453,396.96994159388));
#7278 = CARTESIAN_POINT('',(4.304938057327,396.81847287781));
#7279 = CARTESIAN_POINT('',(4.523314760123,396.73645500908));
#7280 = CARTESIAN_POINT('',(4.960068165716,396.71315301133));
#7281 = CARTESIAN_POINT('',(5.178444868512,396.7718689589));
#7282 = CARTESIAN_POINT('',(5.396821571308,396.90185023774));
#7283 = CARTESIAN_POINT('',(5.615198274107,397.09581973723));
#7284 = CARTESIAN_POINT('',(5.833574976902,397.33796151763));
#7285 = CARTESIAN_POINT('',(6.051951679699,397.60748317352));
#7286 = CARTESIAN_POINT('',(6.270328382495,397.88293724797));
#7287 = ( GEOMETRIC_REPRESENTATION_CONTEXT(2) 
PARAMETRIC_REPRESENTATION_CONTEXT() REPRESENTATION_CONTEXT('2D SPACE',''
  ) );
#7288 = PCURVE('',#7246,#7289);
#7289 = DEFINITIONAL_REPRESENTATION('',(#7290),#7305);
#7290 = B_SPLINE_CURVE_WITH_KNOTS('',7,(#7291,#7292,#7293,#7294,#7295,
    #7296,#7297,#7298,#7299,#7300,#7301,#7302,#7303,#7304),
  .UNSPECIFIED.,.F.,.F.,(8,6,8),(1.570796089802,3.099433009378,
    4.628069928954),.UNSPECIFIED.);
#7291 = CARTESIAN_POINT('',(3.225911467341,-3.000013748533E-07));
#7292 = CARTESIAN_POINT('',(3.444288170138,0.276435881867));
#7293 = CARTESIAN_POINT('',(3.662664872934,0.552871172073));
#7294 = CARTESIAN_POINT('',(3.881041575731,0.807780898689));
#7295 = CARTESIAN_POINT('',(4.099418278528,1.019606049702));
#7296 = CARTESIAN_POINT('',(4.317794981324,1.171074765582));
#7297 = CARTESIAN_POINT('',(4.53617168412,1.253092634317));
#7298 = CARTESIAN_POINT('',(4.972925089713,1.276394632069));
#7299 = CARTESIAN_POINT('',(5.19130179251,1.21767868452));
#7300 = CARTESIAN_POINT('',(5.409678495307,1.087697405822));
#7301 = CARTESIAN_POINT('',(5.628055198104,0.893727906147));
#7302 = CARTESIAN_POINT('',(5.846431900899,0.651586125724));
#7303 = CARTESIAN_POINT('',(6.064808603696,0.382064469882));
#7304 = CARTESIAN_POINT('',(6.283185306493,0.10661039543));
#7305 = ( GEOMETRIC_REPRESENTATION_CONTEXT(2) 
PARAMETRIC_REPRESENTATION_CONTEXT() REPRESENTATION_CONTEXT('2D SPACE',''
  ) );
#7306 = ORIENTED_EDGE('',*,*,#7307,.F.);
#7307 = EDGE_CURVE('',#7308,#7262,#7310,.T.);
#7308 = VERTEX_POINT('',#7309);
#7309 = CARTESIAN_POINT('',(324.43797605667,-267.0327080112,
    7.125111733347E+03));
#7310 = SURFACE_CURVE('',#7311,(#7316,#7323),.PCURVE_S1.);
#7311 = CIRCLE('',#7312,4.);
#7312 = AXIS2_PLACEMENT_3D('',#7313,#7314,#7315);
#7313 = CARTESIAN_POINT('',(321.73866610997,-269.9707960683,
    7.124826488926E+03));
#7314 = DIRECTION('',(0.733030974902,-0.678336397694,5.025257602473E-02)
  );
#7315 = DIRECTION('',(0.679194532045,0.733958301023,3.469446951954E-18)
  );
#7316 = PCURVE('',#7060,#7317);
#7317 = DEFINITIONAL_REPRESENTATION('',(#7318),#7322);
#7318 = LINE('',#7319,#7320);
#7319 = CARTESIAN_POINT('',(0.,397.9895476434));
#7320 = VECTOR('',#7321,1.);
#7321 = DIRECTION('',(1.,0.));
#7322 = ( GEOMETRIC_REPRESENTATION_CONTEXT(2) 
PARAMETRIC_REPRESENTATION_CONTEXT() REPRESENTATION_CONTEXT('2D SPACE',''
  ) );
#7323 = PCURVE('',#7324,#7329);
#7324 = PLANE('',#7325);
#7325 = AXIS2_PLACEMENT_3D('',#7326,#7327,#7328);
#7326 = CARTESIAN_POINT('',(321.73866610997,-269.9707960683,
    7.124826488926E+03));
#7327 = DIRECTION('',(0.733030974902,-0.678336397694,5.025257602473E-02)
  );
#7328 = DIRECTION('',(0.679194532045,0.733958301023,3.469446951954E-18)
  );
#7329 = DEFINITIONAL_REPRESENTATION('',(#7330),#7334);
#7330 = CIRCLE('',#7331,4.);
#7331 = AXIS2_PLACEMENT_2D('',#7332,#7333);
#7332 = CARTESIAN_POINT('',(0.,0.));
#7333 = DIRECTION('',(1.,0.));
#7334 = ( GEOMETRIC_REPRESENTATION_CONTEXT(2) 
PARAMETRIC_REPRESENTATION_CONTEXT() REPRESENTATION_CONTEXT('2D SPACE',''
  ) );
#7335 = ORIENTED_EDGE('',*,*,#7336,.F.);
#7336 = EDGE_CURVE('',#7204,#7308,#7337,.T.);
#7337 = SURFACE_CURVE('',#7338,(#7343,#7353),.PCURVE_S1.);
#7338 = ELLIPSE('',#7339,4.195524159654,4.);
#7339 = AXIS2_PLACEMENT_3D('',#7340,#7341,#7342);
#7340 = CARTESIAN_POINT('',(321.73866610997,-269.9707960683,
    7.124826488926E+03));
#7341 = DIRECTION('',(0.72460145526,-0.641183874467,-0.252657812385));
#7342 = DIRECTION('',(0.139859194408,-0.222172567289,0.964924222975));
#7343 = PCURVE('',#7060,#7344);
#7344 = DEFINITIONAL_REPRESENTATION('',(#7345),#7352);
#7345 = B_SPLINE_CURVE_WITH_KNOTS('',5,(#7346,#7347,#7348,#7349,#7350,
    #7351),.UNSPECIFIED.,.F.,.F.,(6,6),(4.6409268521,4.712389217376),
  .PIECEWISE_BEZIER_KNOTS.);
#7346 = CARTESIAN_POINT('',(-1.537955540698E-09,397.89916296447));
#7347 = CARTESIAN_POINT('',(1.429247151723E-02,397.91720917764));
#7348 = CARTESIAN_POINT('',(2.858494457223E-02,397.93527846995));
#7349 = CARTESIAN_POINT('',(4.287741762737E-02,397.95336316143));
#7350 = CARTESIAN_POINT('',(5.716989068291E-02,397.97145555245));
#7351 = CARTESIAN_POINT('',(7.14623637381E-02,397.9895479434));
#7352 = ( GEOMETRIC_REPRESENTATION_CONTEXT(2) 
PARAMETRIC_REPRESENTATION_CONTEXT() REPRESENTATION_CONTEXT('2D SPACE',''
  ) );
#7353 = PCURVE('',#7246,#7354);
#7354 = DEFINITIONAL_REPRESENTATION('',(#7355),#7362);
#7355 = B_SPLINE_CURVE_WITH_KNOTS('',5,(#7356,#7357,#7358,#7359,#7360,
    #7361),.UNSPECIFIED.,.F.,.F.,(6,6),(4.6409268521,4.712389217376),
  .PIECEWISE_BEZIER_KNOTS.);
#7356 = CARTESIAN_POINT('',(1.285692245952E-02,9.038467892651E-02));
#7357 = CARTESIAN_POINT('',(2.71493955147E-02,7.233846575681E-02));
#7358 = CARTESIAN_POINT('',(4.144186857033E-02,5.426917344746E-02));
#7359 = CARTESIAN_POINT('',(5.573434162442E-02,3.61844819732E-02));
#7360 = CARTESIAN_POINT('',(7.002681468038E-02,1.809209094752E-02));
#7361 = CARTESIAN_POINT('',(8.431928773556E-02,-3.000000106113E-07));
#7362 = ( GEOMETRIC_REPRESENTATION_CONTEXT(2) 
PARAMETRIC_REPRESENTATION_CONTEXT() REPRESENTATION_CONTEXT('2D SPACE',''
  ) );
#7363 = ORIENTED_EDGE('',*,*,#7203,.F.);
#7364 = ORIENTED_EDGE('',*,*,#7365,.T.);
#7365 = EDGE_CURVE('',#7004,#7006,#7366,.T.);
#7366 = SURFACE_CURVE('',#7367,(#7372,#7379),.PCURVE_S1.);
#7367 = CIRCLE('',#7368,4.);
#7368 = AXIS2_PLACEMENT_3D('',#7369,#7370,#7371);
#7369 = CARTESIAN_POINT('',(30.,0.,7.104826488926E+03));
#7370 = DIRECTION('',(0.733030974902,-0.678336397694,5.025257602473E-02)
  );
#7371 = DIRECTION('',(0.679194532045,0.733958301023,3.469446951954E-18)
  );
#7372 = PCURVE('',#7060,#7373);
#7373 = DEFINITIONAL_REPRESENTATION('',(#7374),#7378);
#7374 = LINE('',#7375,#7376);
#7375 = CARTESIAN_POINT('',(0.,0.));
#7376 = VECTOR('',#7377,1.);
#7377 = DIRECTION('',(1.,0.));
#7378 = ( GEOMETRIC_REPRESENTATION_CONTEXT(2) 
PARAMETRIC_REPRESENTATION_CONTEXT() REPRESENTATION_CONTEXT('2D SPACE',''
  ) );
#7379 = PCURVE('',#7187,#7380);
#7380 = DEFINITIONAL_REPRESENTATION('',(#7381),#7385);
#7381 = CIRCLE('',#7382,4.);
#7382 = AXIS2_PLACEMENT_2D('',#7383,#7384);
#7383 = CARTESIAN_POINT('',(0.,0.));
#7384 = DIRECTION('',(1.,0.));
#7385 = ( GEOMETRIC_REPRESENTATION_CONTEXT(2) 
PARAMETRIC_REPRESENTATION_CONTEXT() REPRESENTATION_CONTEXT('2D SPACE',''
  ) );
#7386 = ORIENTED_EDGE('',*,*,#7127,.T.);
#7387 = ADVANCED_FACE('',(#7388),#7114,.F.);
#7388 = FACE_BOUND('',#7389,.T.);
#7389 = EDGE_LOOP('',(#7390));
#7390 = ORIENTED_EDGE('',*,*,#7099,.F.);
#7391 = ADVANCED_FACE('',(#7392),#7187,.F.);
#7392 = FACE_BOUND('',#7393,.F.);
#7393 = EDGE_LOOP('',(#7394,#7395));
#7394 = ORIENTED_EDGE('',*,*,#7174,.T.);
#7395 = ORIENTED_EDGE('',*,*,#7365,.T.);
#7396 = ADVANCED_FACE('',(#7397),#7246,.T.);
#7397 = FACE_BOUND('',#7398,.T.);
#7398 = EDGE_LOOP('',(#7399,#7400,#7423,#7458,#7494,#7526,#7553,#7554,
    #7555,#7556));
#7399 = ORIENTED_EDGE('',*,*,#7261,.T.);
#7400 = ORIENTED_EDGE('',*,*,#7401,.T.);
#7401 = EDGE_CURVE('',#7227,#7402,#7404,.T.);
#7402 = VERTEX_POINT('',#7403);
#7403 = CARTESIAN_POINT('',(2.158986257819E+03,-1.806382943495E+03,
    5.62E+03));
#7404 = SEAM_CURVE('',#7405,(#7409,#7416),.PCURVE_S1.);
#7405 = LINE('',#7406,#7407);
#7406 = CARTESIAN_POINT('',(324.30981654871,-266.9066182958,
    7.124826488926E+03));
#7407 = VECTOR('',#7408,1.);
#7408 = DIRECTION('',(0.648634681519,-0.544269122031,-0.532018958999));
#7409 = PCURVE('',#7246,#7410);
#7410 = DEFINITIONAL_REPRESENTATION('',(#7411),#7415);
#7411 = LINE('',#7412,#7413);
#7412 = CARTESIAN_POINT('',(0.,-0.));
#7413 = VECTOR('',#7414,1.);
#7414 = DIRECTION('',(0.,1.));
#7415 = ( GEOMETRIC_REPRESENTATION_CONTEXT(2) 
PARAMETRIC_REPRESENTATION_CONTEXT() REPRESENTATION_CONTEXT('2D SPACE',''
  ) );
#7416 = PCURVE('',#7246,#7417);
#7417 = DEFINITIONAL_REPRESENTATION('',(#7418),#7422);
#7418 = LINE('',#7419,#7420);
#7419 = CARTESIAN_POINT('',(6.28318530718,-0.));
#7420 = VECTOR('',#7421,1.);
#7421 = DIRECTION('',(0.,1.));
#7422 = ( GEOMETRIC_REPRESENTATION_CONTEXT(2) 
PARAMETRIC_REPRESENTATION_CONTEXT() REPRESENTATION_CONTEXT('2D SPACE',''
  ) );
#7423 = ORIENTED_EDGE('',*,*,#7424,.F.);
#7424 = EDGE_CURVE('',#7425,#7402,#7427,.T.);
#7425 = VERTEX_POINT('',#7426);
#7426 = CARTESIAN_POINT('',(2.158986228311E+03,-1.806382918736E+03,
    5.619999978711E+03));
#7427 = SURFACE_CURVE('',#7428,(#7433,#7443),.PCURVE_S1.);
#7428 = ELLIPSE('',#7429,4.570281169718,4.);
#7429 = AXIS2_PLACEMENT_3D('',#7430,#7431,#7432);
#7430 = CARTESIAN_POINT('',(2.15641510738E+03,-1.809447121268E+03,
    5.62E+03));
#7431 = DIRECTION('',(0.370555358871,-0.31093286496,-0.875219674996));
#7432 = DIRECTION('',(0.670457168539,-0.562580362841,0.483725666572));
#7433 = PCURVE('',#7246,#7434);
#7434 = DEFINITIONAL_REPRESENTATION('',(#7435),#7442);
#7435 = B_SPLINE_CURVE_WITH_KNOTS('',5,(#7436,#7437,#7438,#7439,#7440,
    #7441),.UNSPECIFIED.,.F.,.F.,(6,6),(4.712379350701,4.712388980385),
  .PIECEWISE_BEZIER_KNOTS.);
#7436 = CARTESIAN_POINT('',(6.283175677496,2.828520397901E+03));
#7437 = CARTESIAN_POINT('',(6.283177603432,2.828520402158E+03));
#7438 = CARTESIAN_POINT('',(6.283179529368,2.828520406416E+03));
#7439 = CARTESIAN_POINT('',(6.283181455306,2.828520410674E+03));
#7440 = CARTESIAN_POINT('',(6.283183381243,2.828520414932E+03));
#7441 = CARTESIAN_POINT('',(6.28318530718,2.828520419189E+03));
#7442 = ( GEOMETRIC_REPRESENTATION_CONTEXT(2) 
PARAMETRIC_REPRESENTATION_CONTEXT() REPRESENTATION_CONTEXT('2D SPACE',''
  ) );
#7443 = PCURVE('',#7444,#7449);
#7444 = CYLINDRICAL_SURFACE('',#7445,4.);
#7445 = AXIS2_PLACEMENT_3D('',#7446,#7447,#7448);
#7446 = CARTESIAN_POINT('',(2.15641510738E+03,-1.809447121268E+03,
    5.62E+03));
#7447 = DIRECTION('',(0.,0.,-1.));
#7448 = DIRECTION('',(-1.,0.,-0.));
#7449 = DEFINITIONAL_REPRESENTATION('',(#7450),#7457);
#7450 = B_SPLINE_CURVE_WITH_KNOTS('',5,(#7451,#7452,#7453,#7454,#7455,
    #7456),.UNSPECIFIED.,.F.,.F.,(6,6),(4.712379350701,4.712388980385),
  .PIECEWISE_BEZIER_KNOTS.);
#7451 = CARTESIAN_POINT('',(2.268918397908,2.128894266207E-05));
#7452 = CARTESIAN_POINT('',(2.268920323845,1.703115413484E-05));
#7453 = CARTESIAN_POINT('',(2.268922249782,1.277336694173E-05));
#7454 = CARTESIAN_POINT('',(2.268924175719,8.515575720156E-06));
#7455 = CARTESIAN_POINT('',(2.268926101656,4.257788527424E-06));
#7456 = CARTESIAN_POINT('',(2.268928027593,0.));
#7457 = ( GEOMETRIC_REPRESENTATION_CONTEXT(2) 
PARAMETRIC_REPRESENTATION_CONTEXT() REPRESENTATION_CONTEXT('2D SPACE',''
  ) );
#7458 = ORIENTED_EDGE('',*,*,#7459,.F.);
#7459 = EDGE_CURVE('',#7460,#7425,#7462,.T.);
#7460 = VERTEX_POINT('',#7461);
#7461 = CARTESIAN_POINT('',(2.15241510738E+03,-1.809447121268E+03,
    5.61830645782E+03));
#7462 = SURFACE_CURVE('',#7463,(#7468,#7481),.PCURVE_S1.);
#7463 = ELLIPSE('',#7464,4.570281169718,4.);
#7464 = AXIS2_PLACEMENT_3D('',#7465,#7466,#7467);
#7465 = CARTESIAN_POINT('',(2.15641510738E+03,-1.809447121268E+03,
    5.62E+03));
#7466 = DIRECTION('',(0.370555358871,-0.31093286496,-0.875219674996));
#7467 = DIRECTION('',(0.670457168539,-0.562580362841,0.483725666572));
#7468 = PCURVE('',#7246,#7469);
#7469 = DEFINITIONAL_REPRESENTATION('',(#7470),#7480);
#7470 = B_SPLINE_CURVE_WITH_KNOTS('',8,(#7471,#7472,#7473,#7474,#7475,
    #7476,#7477,#7478,#7479),.UNSPECIFIED.,.F.,.F.,(9,9),(2.443460952836
    ,4.712379350701),.PIECEWISE_BEZIER_KNOTS.);
#7471 = CARTESIAN_POINT('',(4.014257279631,2.82682687701E+03));
#7472 = CARTESIAN_POINT('',(4.297872079364,2.826423846024E+03));
#7473 = CARTESIAN_POINT('',(4.581486879102,2.826176500986E+03));
#7474 = CARTESIAN_POINT('',(4.86510167881,2.826134230668E+03));
#7475 = CARTESIAN_POINT('',(5.148716478601,2.826319762981E+03));
#7476 = CARTESIAN_POINT('',(5.432331278269,2.826716253443E+03));
#7477 = CARTESIAN_POINT('',(5.715946078034,2.82726638822E+03));
#7478 = CARTESIAN_POINT('',(5.999560877763,2.827893392992E+03));
#7479 = CARTESIAN_POINT('',(6.283175677496,2.828520397901E+03));
#7480 = ( GEOMETRIC_REPRESENTATION_CONTEXT(2) 
PARAMETRIC_REPRESENTATION_CONTEXT() REPRESENTATION_CONTEXT('2D SPACE',''
  ) );
#7481 = PCURVE('',#7444,#7482);
#7482 = DEFINITIONAL_REPRESENTATION('',(#7483),#7493);
#7483 = B_SPLINE_CURVE_WITH_KNOTS('',8,(#7484,#7485,#7486,#7487,#7488,
    #7489,#7490,#7491,#7492),.UNSPECIFIED.,.F.,.F.,(9,9),(2.443460952836
    ,4.712379350701),.PIECEWISE_BEZIER_KNOTS.);
#7484 = CARTESIAN_POINT('',(4.439471013029E-11,1.693542179051));
#7485 = CARTESIAN_POINT('',(0.283614799777,2.0965731654));
#7486 = CARTESIAN_POINT('',(0.56722959951,2.343918202591));
#7487 = CARTESIAN_POINT('',(0.850844399242,2.386188514367));
#7488 = CARTESIAN_POINT('',(1.134459198971,2.200656212583));
#7489 = CARTESIAN_POINT('',(1.418073998707,1.804165738355));
#7490 = CARTESIAN_POINT('',(1.701688798442,1.254030967668));
#7491 = CARTESIAN_POINT('',(1.985303598175,0.627026197372));
#7492 = CARTESIAN_POINT('',(2.268918397908,2.128894266207E-05));
#7493 = ( GEOMETRIC_REPRESENTATION_CONTEXT(2) 
PARAMETRIC_REPRESENTATION_CONTEXT() REPRESENTATION_CONTEXT('2D SPACE',''
  ) );
#7494 = ORIENTED_EDGE('',*,*,#7495,.F.);
#7495 = EDGE_CURVE('',#7496,#7460,#7498,.T.);
#7496 = VERTEX_POINT('',#7497);
#7497 = CARTESIAN_POINT('',(2.153843956941E+03,-1.81251129904E+03,
    5.62E+03));
#7498 = SURFACE_CURVE('',#7499,(#7504,#7515),.PCURVE_S1.);
#7499 = ELLIPSE('',#7500,4.570281169718,4.);
#7500 = AXIS2_PLACEMENT_3D('',#7501,#7502,#7503);
#7501 = CARTESIAN_POINT('',(2.15641510738E+03,-1.809447121268E+03,
    5.62E+03));
#7502 = DIRECTION('',(0.370555358871,-0.31093286496,-0.875219674996));
#7503 = DIRECTION('',(0.670457168539,-0.562580362841,0.483725666572));
#7504 = PCURVE('',#7246,#7505);
#7505 = DEFINITIONAL_REPRESENTATION('',(#7506),#7514);
#7506 = B_SPLINE_CURVE_WITH_KNOTS('',6,(#7507,#7508,#7509,#7510,#7511,
    #7512,#7513),.UNSPECIFIED.,.F.,.F.,(7,7),(1.570795907671,
    2.443460952836),.PIECEWISE_BEZIER_KNOTS.);
#7507 = CARTESIAN_POINT('',(3.141592234466,2.828520420116E+03));
#7508 = CARTESIAN_POINT('',(3.28703640866,2.828198877618E+03));
#7509 = CARTESIAN_POINT('',(3.432480582852,2.827877335994E+03));
#7510 = CARTESIAN_POINT('',(3.577924757052,2.827568032086E+03));
#7511 = CARTESIAN_POINT('',(3.723368931241,2.827283233459E+03));
#7512 = CARTESIAN_POINT('',(3.868813105437,2.827033560544E+03));
#7513 = CARTESIAN_POINT('',(4.014257279631,2.82682687701E+03));
#7514 = ( GEOMETRIC_REPRESENTATION_CONTEXT(2) 
PARAMETRIC_REPRESENTATION_CONTEXT() REPRESENTATION_CONTEXT('2D SPACE',''
  ) );
#7515 = PCURVE('',#7444,#7516);
#7516 = DEFINITIONAL_REPRESENTATION('',(#7517),#7525);
#7517 = B_SPLINE_CURVE_WITH_KNOTS('',6,(#7518,#7519,#7520,#7521,#7522,
    #7523,#7524),.UNSPECIFIED.,.F.,.F.,(7,7),(1.570795907671,
    2.443460952836),.PIECEWISE_BEZIER_KNOTS.);
#7518 = CARTESIAN_POINT('',(5.410520262058,-9.265831977245E-07));
#7519 = CARTESIAN_POINT('',(5.555964436253,0.321541571243));
#7520 = CARTESIAN_POINT('',(5.701408610447,0.643083195813));
#7521 = CARTESIAN_POINT('',(5.846852784642,0.952387103568));
#7522 = CARTESIAN_POINT('',(5.992296958835,1.237185730674));
#7523 = CARTESIAN_POINT('',(6.13774113303,1.486858645472));
#7524 = CARTESIAN_POINT('',(6.283185307224,1.693542179051));
#7525 = ( GEOMETRIC_REPRESENTATION_CONTEXT(2) 
PARAMETRIC_REPRESENTATION_CONTEXT() REPRESENTATION_CONTEXT('2D SPACE',''
  ) );
#7526 = ORIENTED_EDGE('',*,*,#7527,.F.);
#7527 = EDGE_CURVE('',#7402,#7496,#7528,.T.);
#7528 = SURFACE_CURVE('',#7529,(#7534,#7541),.PCURVE_S1.);
#7529 = CIRCLE('',#7530,4.);
#7530 = AXIS2_PLACEMENT_3D('',#7531,#7532,#7533);
#7531 = CARTESIAN_POINT('',(2.15641510738E+03,-1.809447121268E+03,
    5.62E+03));
#7532 = DIRECTION('',(0.648634681519,-0.544269122031,-0.532018958999));
#7533 = DIRECTION('',(0.642787609687,0.766044443119,0.));
#7534 = PCURVE('',#7246,#7535);
#7535 = DEFINITIONAL_REPRESENTATION('',(#7536),#7540);
#7536 = LINE('',#7537,#7538);
#7537 = CARTESIAN_POINT('',(0.,2.828520419189E+03));
#7538 = VECTOR('',#7539,1.);
#7539 = DIRECTION('',(1.,0.));
#7540 = ( GEOMETRIC_REPRESENTATION_CONTEXT(2) 
PARAMETRIC_REPRESENTATION_CONTEXT() REPRESENTATION_CONTEXT('2D SPACE',''
  ) );
#7541 = PCURVE('',#7542,#7547);
#7542 = PLANE('',#7543);
#7543 = AXIS2_PLACEMENT_3D('',#7544,#7545,#7546);
#7544 = CARTESIAN_POINT('',(2.15641510738E+03,-1.809447121268E+03,
    5.62E+03));
#7545 = DIRECTION('',(0.648634681519,-0.544269122031,-0.532018958999));
#7546 = DIRECTION('',(0.642787609687,0.766044443119,0.));
#7547 = DEFINITIONAL_REPRESENTATION('',(#7548),#7552);
#7548 = CIRCLE('',#7549,4.);
#7549 = AXIS2_PLACEMENT_2D('',#7550,#7551);
#7550 = CARTESIAN_POINT('',(0.,0.));
#7551 = DIRECTION('',(1.,0.));
#7552 = ( GEOMETRIC_REPRESENTATION_CONTEXT(2) 
PARAMETRIC_REPRESENTATION_CONTEXT() REPRESENTATION_CONTEXT('2D SPACE',''
  ) );
#7553 = ORIENTED_EDGE('',*,*,#7401,.F.);
#7554 = ORIENTED_EDGE('',*,*,#7226,.T.);
#7555 = ORIENTED_EDGE('',*,*,#7336,.T.);
#7556 = ORIENTED_EDGE('',*,*,#7557,.T.);
#7557 = EDGE_CURVE('',#7308,#7262,#7558,.T.);
#7558 = SURFACE_CURVE('',#7559,(#7564,#7571),.PCURVE_S1.);
#7559 = CIRCLE('',#7560,4.);
#7560 = AXIS2_PLACEMENT_3D('',#7561,#7562,#7563);
#7561 = CARTESIAN_POINT('',(321.73866610997,-269.9707960683,
    7.124826488926E+03));
#7562 = DIRECTION('',(0.648634681519,-0.544269122031,-0.532018958999));
#7563 = DIRECTION('',(0.642787609687,0.766044443119,0.));
#7564 = PCURVE('',#7246,#7565);
#7565 = DEFINITIONAL_REPRESENTATION('',(#7566),#7570);
#7566 = LINE('',#7567,#7568);
#7567 = CARTESIAN_POINT('',(0.,0.));
#7568 = VECTOR('',#7569,1.);
#7569 = DIRECTION('',(1.,0.));
#7570 = ( GEOMETRIC_REPRESENTATION_CONTEXT(2) 
PARAMETRIC_REPRESENTATION_CONTEXT() REPRESENTATION_CONTEXT('2D SPACE',''
  ) );
#7571 = PCURVE('',#7572,#7577);
#7572 = PLANE('',#7573);
#7573 = AXIS2_PLACEMENT_3D('',#7574,#7575,#7576);
#7574 = CARTESIAN_POINT('',(321.73866610997,-269.9707960683,
    7.124826488926E+03));
#7575 = DIRECTION('',(0.648634681519,-0.544269122031,-0.532018958999));
#7576 = DIRECTION('',(0.642787609687,0.766044443119,0.));
#7577 = DEFINITIONAL_REPRESENTATION('',(#7578),#7582);
#7578 = CIRCLE('',#7579,4.);
#7579 = AXIS2_PLACEMENT_2D('',#7580,#7581);
#7580 = CARTESIAN_POINT('',(0.,0.));
#7581 = DIRECTION('',(1.,0.));
#7582 = ( GEOMETRIC_REPRESENTATION_CONTEXT(2) 
PARAMETRIC_REPRESENTATION_CONTEXT() REPRESENTATION_CONTEXT('2D SPACE',''
  ) );
#7583 = ADVANCED_FACE('',(#7584),#7324,.T.);
#7584 = FACE_BOUND('',#7585,.T.);
#7585 = EDGE_LOOP('',(#7586,#7605));
#7586 = ORIENTED_EDGE('',*,*,#7587,.T.);
#7587 = EDGE_CURVE('',#7262,#7308,#7588,.T.);
#7588 = SURFACE_CURVE('',#7589,(#7593,#7599),.PCURVE_S1.);
#7589 = LINE('',#7590,#7591);
#7590 = CARTESIAN_POINT('',(321.73866610997,-269.9707960683,
    7.124826488926E+03));
#7591 = VECTOR('',#7592,1.);
#7592 = DIRECTION('',(0.674827486677,0.734522014284,7.131110542601E-02)
  );
#7593 = PCURVE('',#7324,#7594);
#7594 = DEFINITIONAL_REPRESENTATION('',(#7595),#7598);
#7595 = B_SPLINE_CURVE_WITH_KNOTS('',1,(#7596,#7597),.UNSPECIFIED.,.F.,
  .F.,(2,2),(-4.010235449488,4.010235449488),.PIECEWISE_BEZIER_KNOTS.);
#7596 = CARTESIAN_POINT('',(-4.,-0.286336096801));
#7597 = CARTESIAN_POINT('',(4.,0.286336096801));
#7598 = ( GEOMETRIC_REPRESENTATION_CONTEXT(2) 
PARAMETRIC_REPRESENTATION_CONTEXT() REPRESENTATION_CONTEXT('2D SPACE',''
  ) );
#7599 = PCURVE('',#7572,#7600);
#7600 = DEFINITIONAL_REPRESENTATION('',(#7601),#7604);
#7601 = B_SPLINE_CURVE_WITH_KNOTS('',1,(#7602,#7603),.UNSPECIFIED.,.F.,
  .F.,(2,2),(-4.010235449488,4.010235449488),.PIECEWISE_BEZIER_KNOTS.);
#7602 = CARTESIAN_POINT('',(-3.995988103552,-0.337738710542));
#7603 = CARTESIAN_POINT('',(3.995988103552,0.337738710542));
#7604 = ( GEOMETRIC_REPRESENTATION_CONTEXT(2) 
PARAMETRIC_REPRESENTATION_CONTEXT() REPRESENTATION_CONTEXT('2D SPACE',''
  ) );
#7605 = ORIENTED_EDGE('',*,*,#7307,.T.);
#7606 = ADVANCED_FACE('',(#7607),#7572,.F.);
#7607 = FACE_BOUND('',#7608,.F.);
#7608 = EDGE_LOOP('',(#7609,#7610));
#7609 = ORIENTED_EDGE('',*,*,#7587,.T.);
#7610 = ORIENTED_EDGE('',*,*,#7557,.T.);
#7611 = ADVANCED_FACE('',(#7612),#7542,.T.);
#7612 = FACE_BOUND('',#7613,.T.);
#7613 = EDGE_LOOP('',(#7614,#7638));
#7614 = ORIENTED_EDGE('',*,*,#7615,.T.);
#7615 = EDGE_CURVE('',#7496,#7402,#7616,.T.);
#7616 = SURFACE_CURVE('',#7617,(#7621,#7627),.PCURVE_S1.);
#7617 = LINE('',#7618,#7619);
#7618 = CARTESIAN_POINT('',(2.15641510738E+03,-1.809447121268E+03,
    5.62E+03));
#7619 = VECTOR('',#7620,1.);
#7620 = DIRECTION('',(0.642787609687,0.766044443119,0.));
#7621 = PCURVE('',#7542,#7622);
#7622 = DEFINITIONAL_REPRESENTATION('',(#7623),#7626);
#7623 = B_SPLINE_CURVE_WITH_KNOTS('',1,(#7624,#7625),.UNSPECIFIED.,.F.,
  .F.,(2,2),(-4.,4.),.PIECEWISE_BEZIER_KNOTS.);
#7624 = CARTESIAN_POINT('',(-4.,2.22044604925E-16));
#7625 = CARTESIAN_POINT('',(4.,-2.22044604925E-16));
#7626 = ( GEOMETRIC_REPRESENTATION_CONTEXT(2) 
PARAMETRIC_REPRESENTATION_CONTEXT() REPRESENTATION_CONTEXT('2D SPACE',''
  ) );
#7627 = PCURVE('',#7628,#7633);
#7628 = PLANE('',#7629);
#7629 = AXIS2_PLACEMENT_3D('',#7630,#7631,#7632);
#7630 = CARTESIAN_POINT('',(2.15641510738E+03,-1.809447121268E+03,
    5.62E+03));
#7631 = DIRECTION('',(0.,0.,-1.));
#7632 = DIRECTION('',(-1.,0.,-0.));
#7633 = DEFINITIONAL_REPRESENTATION('',(#7634),#7637);
#7634 = B_SPLINE_CURVE_WITH_KNOTS('',1,(#7635,#7636),.UNSPECIFIED.,.F.,
  .F.,(2,2),(-4.,4.),.PIECEWISE_BEZIER_KNOTS.);
#7635 = CARTESIAN_POINT('',(2.571150438746,-3.064177772476));
#7636 = CARTESIAN_POINT('',(-2.571150438746,3.064177772476));
#7637 = ( GEOMETRIC_REPRESENTATION_CONTEXT(2) 
PARAMETRIC_REPRESENTATION_CONTEXT() REPRESENTATION_CONTEXT('2D SPACE',''
  ) );
#7638 = ORIENTED_EDGE('',*,*,#7527,.T.);
#7639 = ADVANCED_FACE('',(#7640),#7444,.T.);
#7640 = FACE_BOUND('',#7641,.T.);
#7641 = EDGE_LOOP('',(#7642,#7643,#7666,#7695,#7750,#7772,#7773,#7774,
    #7775));
#7642 = ORIENTED_EDGE('',*,*,#7495,.T.);
#7643 = ORIENTED_EDGE('',*,*,#7644,.T.);
#7644 = EDGE_CURVE('',#7460,#7645,#7647,.T.);
#7645 = VERTEX_POINT('',#7646);
#7646 = CARTESIAN_POINT('',(2.15241510738E+03,-1.809447121268E+03,
    1.5E+03));
#7647 = SEAM_CURVE('',#7648,(#7652,#7659),.PCURVE_S1.);
#7648 = LINE('',#7649,#7650);
#7649 = CARTESIAN_POINT('',(2.15241510738E+03,-1.809447121268E+03,
    5.62E+03));
#7650 = VECTOR('',#7651,1.);
#7651 = DIRECTION('',(0.,0.,-1.));
#7652 = PCURVE('',#7444,#7653);
#7653 = DEFINITIONAL_REPRESENTATION('',(#7654),#7658);
#7654 = LINE('',#7655,#7656);
#7655 = CARTESIAN_POINT('',(0.,-0.));
#7656 = VECTOR('',#7657,1.);
#7657 = DIRECTION('',(0.,1.));
#7658 = ( GEOMETRIC_REPRESENTATION_CONTEXT(2) 
PARAMETRIC_REPRESENTATION_CONTEXT() REPRESENTATION_CONTEXT('2D SPACE',''
  ) );
#7659 = PCURVE('',#7444,#7660);
#7660 = DEFINITIONAL_REPRESENTATION('',(#7661),#7665);
#7661 = LINE('',#7662,#7663);
#7662 = CARTESIAN_POINT('',(6.28318530718,-0.));
#7663 = VECTOR('',#7664,1.);
#7664 = DIRECTION('',(0.,1.));
#7665 = ( GEOMETRIC_REPRESENTATION_CONTEXT(2) 
PARAMETRIC_REPRESENTATION_CONTEXT() REPRESENTATION_CONTEXT('2D SPACE',''
  ) );
#7666 = ORIENTED_EDGE('',*,*,#7667,.F.);
#7667 = EDGE_CURVE('',#7668,#7645,#7670,.T.);
#7668 = VERTEX_POINT('',#7669);
#7669 = CARTESIAN_POINT('',(2.153843956941E+03,-1.81251129904E+03,
    1.5E+03));
#7670 = SURFACE_CURVE('',#7671,(#7676,#7683),.PCURVE_S1.);
#7671 = CIRCLE('',#7672,4.);
#7672 = AXIS2_PLACEMENT_3D('',#7673,#7674,#7675);
#7673 = CARTESIAN_POINT('',(2.15641510738E+03,-1.809447121268E+03,
    1.5E+03));
#7674 = DIRECTION('',(0.,0.,-1.));
#7675 = DIRECTION('',(-1.,0.,-0.));
#7676 = PCURVE('',#7444,#7677);
#7677 = DEFINITIONAL_REPRESENTATION('',(#7678),#7682);
#7678 = LINE('',#7679,#7680);
#7679 = CARTESIAN_POINT('',(0.,4.12E+03));
#7680 = VECTOR('',#7681,1.);
#7681 = DIRECTION('',(1.,0.));
#7682 = ( GEOMETRIC_REPRESENTATION_CONTEXT(2) 
PARAMETRIC_REPRESENTATION_CONTEXT() REPRESENTATION_CONTEXT('2D SPACE',''
  ) );
#7683 = PCURVE('',#7684,#7689);
#7684 = PLANE('',#7685);
#7685 = AXIS2_PLACEMENT_3D('',#7686,#7687,#7688);
#7686 = CARTESIAN_POINT('',(2.15641510738E+03,-1.809447121268E+03,
    1.5E+03));
#7687 = DIRECTION('',(0.,0.,-1.));
#7688 = DIRECTION('',(-1.,0.,-0.));
#7689 = DEFINITIONAL_REPRESENTATION('',(#7690),#7694);
#7690 = CIRCLE('',#7691,4.);
#7691 = AXIS2_PLACEMENT_2D('',#7692,#7693);
#7692 = CARTESIAN_POINT('',(0.,0.));
#7693 = DIRECTION('',(1.,0.));
#7694 = ( GEOMETRIC_REPRESENTATION_CONTEXT(2) 
PARAMETRIC_REPRESENTATION_CONTEXT() REPRESENTATION_CONTEXT('2D SPACE',''
  ) );
#7695 = ORIENTED_EDGE('',*,*,#7696,.F.);
#7696 = EDGE_CURVE('',#7697,#7668,#7699,.T.);
#7697 = VERTEX_POINT('',#7698);
#7698 = CARTESIAN_POINT('',(2.158986257819E+03,-1.806382943495E+03,
    1.5E+03));
#7699 = SURFACE_CURVE('',#7700,(#7705,#7725),.PCURVE_S1.);
#7700 = ELLIPSE('',#7701,5.242326664942,4.);
#7701 = AXIS2_PLACEMENT_3D('',#7702,#7703,#7704);
#7702 = CARTESIAN_POINT('',(2.15641510738E+03,-1.809447121268E+03,
    1.5E+03));
#7703 = DIRECTION('',(0.495151897352,-0.415481774445,-0.763019982473));
#7704 = DIRECTION('',(-0.584507217562,0.490459790677,-0.64637489613));
#7705 = PCURVE('',#7444,#7706);
#7706 = DEFINITIONAL_REPRESENTATION('',(#7707),#7724);
#7707 = B_SPLINE_CURVE_WITH_KNOTS('',8,(#7708,#7709,#7710,#7711,#7712,
    #7713,#7714,#7715,#7716,#7717,#7718,#7719,#7720,#7721,#7722,#7723),
  .UNSPECIFIED.,.F.,.F.,(9,7,9),(1.570796231804,3.141592600385,
    4.712388968965),.UNSPECIFIED.);
#7708 = CARTESIAN_POINT('',(2.268927932602,4.120000000322E+03));
#7709 = CARTESIAN_POINT('',(2.465277478675,4.119334668245E+03));
#7710 = CARTESIAN_POINT('',(2.661627024749,4.118669335995E+03));
#7711 = CARTESIAN_POINT('',(2.857976570811,4.118043091696E+03));
#7712 = CARTESIAN_POINT('',(3.054326116891,4.117495015725E+03));
#7713 = CARTESIAN_POINT('',(3.250675662959,4.117059391417E+03));
#7714 = CARTESIAN_POINT('',(3.447025209037,4.116760792034E+03));
#7715 = CARTESIAN_POINT('',(3.64337475511,4.116611491682E+03));
#7716 = CARTESIAN_POINT('',(4.036073847255,4.116611491611E+03));
#7717 = CARTESIAN_POINT('',(4.232423393321,4.11676079189E+03));
#7718 = CARTESIAN_POINT('',(4.428772939409,4.117059391199E+03));
#7719 = CARTESIAN_POINT('',(4.625122485428,4.117495015472E+03));
#7720 = CARTESIAN_POINT('',(4.821472031555,4.118043091387E+03));
#7721 = CARTESIAN_POINT('',(5.01782157761,4.118669335652E+03));
#7722 = CARTESIAN_POINT('',(5.214171123691,4.119334667884E+03));
#7723 = CARTESIAN_POINT('',(5.410520669763,4.119999999961E+03));
#7724 = ( GEOMETRIC_REPRESENTATION_CONTEXT(2) 
PARAMETRIC_REPRESENTATION_CONTEXT() REPRESENTATION_CONTEXT('2D SPACE',''
  ) );
#7725 = PCURVE('',#7726,#7731);
#7726 = CYLINDRICAL_SURFACE('',#7727,4.);
#7727 = AXIS2_PLACEMENT_3D('',#7728,#7729,#7730);
#7728 = CARTESIAN_POINT('',(2.15641510738E+03,-1.809447121268E+03,
    1.5E+03));
#7729 = DIRECTION('',(0.755621584078,-0.634041792509,-0.164398987305));
#7730 = DIRECTION('',(0.642787609687,0.766044443119,0.));
#7731 = DEFINITIONAL_REPRESENTATION('',(#7732),#7749);
#7732 = B_SPLINE_CURVE_WITH_KNOTS('',8,(#7733,#7734,#7735,#7736,#7737,
    #7738,#7739,#7740,#7741,#7742,#7743,#7744,#7745,#7746,#7747,#7748),
  .UNSPECIFIED.,.F.,.F.,(9,7,9),(1.570796231804,3.141592600385,
    4.712388968965),.UNSPECIFIED.);
#7733 = CARTESIAN_POINT('',(-9.499046882411E-08,-3.218756319256E-07));
#7734 = CARTESIAN_POINT('',(0.196349451082,0.665331755203));
#7735 = CARTESIAN_POINT('',(0.392698997155,1.330664004436));
#7736 = CARTESIAN_POINT('',(0.589048543223,1.956908280529));
#7737 = CARTESIAN_POINT('',(0.785398089301,2.504984272136));
#7738 = CARTESIAN_POINT('',(0.981747635372,2.940608571416));
#7739 = CARTESIAN_POINT('',(1.178097181444,3.239207967298));
#7740 = CARTESIAN_POINT('',(1.374446727518,3.388508318134));
#7741 = CARTESIAN_POINT('',(1.767145819663,3.388508388931));
#7742 = CARTESIAN_POINT('',(1.963495365735,3.239208108888));
#7743 = CARTESIAN_POINT('',(2.159844911807,2.940608779668));
#7744 = CARTESIAN_POINT('',(2.356194457865,2.504984538658));
#7745 = CARTESIAN_POINT('',(2.552544003955,1.956908593454));
#7746 = CARTESIAN_POINT('',(2.748893550025,1.330664349115));
#7747 = CARTESIAN_POINT('',(2.945243096098,0.665332115774));
#7748 = CARTESIAN_POINT('',(3.14159264217,3.869445208693E-08));
#7749 = ( GEOMETRIC_REPRESENTATION_CONTEXT(2) 
PARAMETRIC_REPRESENTATION_CONTEXT() REPRESENTATION_CONTEXT('2D SPACE',''
  ) );
#7750 = ORIENTED_EDGE('',*,*,#7751,.F.);
#7751 = EDGE_CURVE('',#7645,#7697,#7752,.T.);
#7752 = SURFACE_CURVE('',#7753,(#7758,#7765),.PCURVE_S1.);
#7753 = CIRCLE('',#7754,4.);
#7754 = AXIS2_PLACEMENT_3D('',#7755,#7756,#7757);
#7755 = CARTESIAN_POINT('',(2.15641510738E+03,-1.809447121268E+03,
    1.5E+03));
#7756 = DIRECTION('',(0.,0.,-1.));
#7757 = DIRECTION('',(-1.,0.,-0.));
#7758 = PCURVE('',#7444,#7759);
#7759 = DEFINITIONAL_REPRESENTATION('',(#7760),#7764);
#7760 = LINE('',#7761,#7762);
#7761 = CARTESIAN_POINT('',(0.,4.12E+03));
#7762 = VECTOR('',#7763,1.);
#7763 = DIRECTION('',(1.,0.));
#7764 = ( GEOMETRIC_REPRESENTATION_CONTEXT(2) 
PARAMETRIC_REPRESENTATION_CONTEXT() REPRESENTATION_CONTEXT('2D SPACE',''
  ) );
#7765 = PCURVE('',#7684,#7766);
#7766 = DEFINITIONAL_REPRESENTATION('',(#7767),#7771);
#7767 = CIRCLE('',#7768,4.);
#7768 = AXIS2_PLACEMENT_2D('',#7769,#7770);
#7769 = CARTESIAN_POINT('',(0.,0.));
#7770 = DIRECTION('',(1.,0.));
#7771 = ( GEOMETRIC_REPRESENTATION_CONTEXT(2) 
PARAMETRIC_REPRESENTATION_CONTEXT() REPRESENTATION_CONTEXT('2D SPACE',''
  ) );
#7772 = ORIENTED_EDGE('',*,*,#7644,.F.);
#7773 = ORIENTED_EDGE('',*,*,#7459,.T.);
#7774 = ORIENTED_EDGE('',*,*,#7424,.T.);
#7775 = ORIENTED_EDGE('',*,*,#7776,.T.);
#7776 = EDGE_CURVE('',#7402,#7496,#7777,.T.);
#7777 = SURFACE_CURVE('',#7778,(#7783,#7790),.PCURVE_S1.);
#7778 = CIRCLE('',#7779,4.);
#7779 = AXIS2_PLACEMENT_3D('',#7780,#7781,#7782);
#7780 = CARTESIAN_POINT('',(2.15641510738E+03,-1.809447121268E+03,
    5.62E+03));
#7781 = DIRECTION('',(0.,0.,-1.));
#7782 = DIRECTION('',(-1.,0.,-0.));
#7783 = PCURVE('',#7444,#7784);
#7784 = DEFINITIONAL_REPRESENTATION('',(#7785),#7789);
#7785 = LINE('',#7786,#7787);
#7786 = CARTESIAN_POINT('',(0.,0.));
#7787 = VECTOR('',#7788,1.);
#7788 = DIRECTION('',(1.,0.));
#7789 = ( GEOMETRIC_REPRESENTATION_CONTEXT(2) 
PARAMETRIC_REPRESENTATION_CONTEXT() REPRESENTATION_CONTEXT('2D SPACE',''
  ) );
#7790 = PCURVE('',#7628,#7791);
#7791 = DEFINITIONAL_REPRESENTATION('',(#7792),#7796);
#7792 = CIRCLE('',#7793,4.);
#7793 = AXIS2_PLACEMENT_2D('',#7794,#7795);
#7794 = CARTESIAN_POINT('',(0.,0.));
#7795 = DIRECTION('',(1.,0.));
#7796 = ( GEOMETRIC_REPRESENTATION_CONTEXT(2) 
PARAMETRIC_REPRESENTATION_CONTEXT() REPRESENTATION_CONTEXT('2D SPACE',''
  ) );
#7797 = ADVANCED_FACE('',(#7798),#7628,.F.);
#7798 = FACE_BOUND('',#7799,.F.);
#7799 = EDGE_LOOP('',(#7800,#7801));
#7800 = ORIENTED_EDGE('',*,*,#7615,.T.);
#7801 = ORIENTED_EDGE('',*,*,#7776,.T.);
#7802 = ADVANCED_FACE('',(#7803),#7684,.T.);
#7803 = FACE_BOUND('',#7804,.T.);
#7804 = EDGE_LOOP('',(#7805,#7806,#7807));
#7805 = ORIENTED_EDGE('',*,*,#7667,.T.);
#7806 = ORIENTED_EDGE('',*,*,#7751,.T.);
#7807 = ORIENTED_EDGE('',*,*,#7808,.T.);
#7808 = EDGE_CURVE('',#7697,#7668,#7809,.T.);
#7809 = SURFACE_CURVE('',#7810,(#7814,#7820),.PCURVE_S1.);
#7810 = LINE('',#7811,#7812);
#7811 = CARTESIAN_POINT('',(2.15641510738E+03,-1.809447121268E+03,
    1.5E+03));
#7812 = VECTOR('',#7813,1.);
#7813 = DIRECTION('',(-0.642787609687,-0.766044443119,-0.));
#7814 = PCURVE('',#7684,#7815);
#7815 = DEFINITIONAL_REPRESENTATION('',(#7816),#7819);
#7816 = B_SPLINE_CURVE_WITH_KNOTS('',1,(#7817,#7818),.UNSPECIFIED.,.F.,
  .F.,(2,2),(-4.,4.),.PIECEWISE_BEZIER_KNOTS.);
#7817 = CARTESIAN_POINT('',(-2.571150438746,3.064177772476));
#7818 = CARTESIAN_POINT('',(2.571150438746,-3.064177772476));
#7819 = ( GEOMETRIC_REPRESENTATION_CONTEXT(2) 
PARAMETRIC_REPRESENTATION_CONTEXT() REPRESENTATION_CONTEXT('2D SPACE',''
  ) );
#7820 = PCURVE('',#7821,#7826);
#7821 = PLANE('',#7822);
#7822 = AXIS2_PLACEMENT_3D('',#7823,#7824,#7825);
#7823 = CARTESIAN_POINT('',(2.15641510738E+03,-1.809447121268E+03,
    1.5E+03));
#7824 = DIRECTION('',(0.755621584078,-0.634041792509,-0.164398987305));
#7825 = DIRECTION('',(0.642787609687,0.766044443119,0.));
#7826 = DEFINITIONAL_REPRESENTATION('',(#7827),#7830);
#7827 = B_SPLINE_CURVE_WITH_KNOTS('',1,(#7828,#7829),.UNSPECIFIED.,.F.,
  .F.,(2,2),(-4.,4.),.PIECEWISE_BEZIER_KNOTS.);
#7828 = CARTESIAN_POINT('',(4.,0.));
#7829 = CARTESIAN_POINT('',(-4.,0.));
#7830 = ( GEOMETRIC_REPRESENTATION_CONTEXT(2) 
PARAMETRIC_REPRESENTATION_CONTEXT() REPRESENTATION_CONTEXT('2D SPACE',''
  ) );
#7831 = ADVANCED_FACE('',(#7832),#7726,.T.);
#7832 = FACE_BOUND('',#7833,.T.);
#7833 = EDGE_LOOP('',(#7834,#7857,#7884,#7885,#7886));
#7834 = ORIENTED_EDGE('',*,*,#7835,.T.);
#7835 = EDGE_CURVE('',#7697,#7836,#7838,.T.);
#7836 = VERTEX_POINT('',#7837);
#7837 = CARTESIAN_POINT('',(2.61861292369E+03,-2.192055509307E+03,
    1.4E+03));
#7838 = SEAM_CURVE('',#7839,(#7843,#7850),.PCURVE_S1.);
#7839 = LINE('',#7840,#7841);
#7840 = CARTESIAN_POINT('',(2.158986257819E+03,-1.806382943495E+03,
    1.5E+03));
#7841 = VECTOR('',#7842,1.);
#7842 = DIRECTION('',(0.755621584078,-0.634041792509,-0.164398987305));
#7843 = PCURVE('',#7726,#7844);
#7844 = DEFINITIONAL_REPRESENTATION('',(#7845),#7849);
#7845 = LINE('',#7846,#7847);
#7846 = CARTESIAN_POINT('',(6.28318530718,-0.));
#7847 = VECTOR('',#7848,1.);
#7848 = DIRECTION('',(0.,1.));
#7849 = ( GEOMETRIC_REPRESENTATION_CONTEXT(2) 
PARAMETRIC_REPRESENTATION_CONTEXT() REPRESENTATION_CONTEXT('2D SPACE',''
  ) );
#7850 = PCURVE('',#7726,#7851);
#7851 = DEFINITIONAL_REPRESENTATION('',(#7852),#7856);
#7852 = LINE('',#7853,#7854);
#7853 = CARTESIAN_POINT('',(0.,-0.));
#7854 = VECTOR('',#7855,1.);
#7855 = DIRECTION('',(0.,1.));
#7856 = ( GEOMETRIC_REPRESENTATION_CONTEXT(2) 
PARAMETRIC_REPRESENTATION_CONTEXT() REPRESENTATION_CONTEXT('2D SPACE',''
  ) );
#7857 = ORIENTED_EDGE('',*,*,#7858,.F.);
#7858 = EDGE_CURVE('',#7836,#7836,#7859,.T.);
#7859 = SURFACE_CURVE('',#7860,(#7865,#7872),.PCURVE_S1.);
#7860 = CIRCLE('',#7861,4.);
#7861 = AXIS2_PLACEMENT_3D('',#7862,#7863,#7864);
#7862 = CARTESIAN_POINT('',(2.616041773251E+03,-2.19511968708E+03,
    1.4E+03));
#7863 = DIRECTION('',(0.755621584078,-0.634041792509,-0.164398987305));
#7864 = DIRECTION('',(0.642787609687,0.766044443119,0.));
#7865 = PCURVE('',#7726,#7866);
#7866 = DEFINITIONAL_REPRESENTATION('',(#7867),#7871);
#7867 = LINE('',#7868,#7869);
#7868 = CARTESIAN_POINT('',(0.,608.27625302982));
#7869 = VECTOR('',#7870,1.);
#7870 = DIRECTION('',(1.,0.));
#7871 = ( GEOMETRIC_REPRESENTATION_CONTEXT(2) 
PARAMETRIC_REPRESENTATION_CONTEXT() REPRESENTATION_CONTEXT('2D SPACE',''
  ) );
#7872 = PCURVE('',#7873,#7878);
#7873 = PLANE('',#7874);
#7874 = AXIS2_PLACEMENT_3D('',#7875,#7876,#7877);
#7875 = CARTESIAN_POINT('',(2.616041773251E+03,-2.19511968708E+03,
    1.4E+03));
#7876 = DIRECTION('',(0.755621584078,-0.634041792509,-0.164398987305));
#7877 = DIRECTION('',(0.642787609687,0.766044443119,0.));
#7878 = DEFINITIONAL_REPRESENTATION('',(#7879),#7883);
#7879 = CIRCLE('',#7880,4.);
#7880 = AXIS2_PLACEMENT_2D('',#7881,#7882);
#7881 = CARTESIAN_POINT('',(0.,0.));
#7882 = DIRECTION('',(1.,0.));
#7883 = ( GEOMETRIC_REPRESENTATION_CONTEXT(2) 
PARAMETRIC_REPRESENTATION_CONTEXT() REPRESENTATION_CONTEXT('2D SPACE',''
  ) );
#7884 = ORIENTED_EDGE('',*,*,#7835,.F.);
#7885 = ORIENTED_EDGE('',*,*,#7696,.T.);
#7886 = ORIENTED_EDGE('',*,*,#7887,.T.);
#7887 = EDGE_CURVE('',#7668,#7697,#7888,.T.);
#7888 = SURFACE_CURVE('',#7889,(#7894,#7901),.PCURVE_S1.);
#7889 = CIRCLE('',#7890,4.);
#7890 = AXIS2_PLACEMENT_3D('',#7891,#7892,#7893);
#7891 = CARTESIAN_POINT('',(2.15641510738E+03,-1.809447121268E+03,
    1.5E+03));
#7892 = DIRECTION('',(0.755621584078,-0.634041792509,-0.164398987305));
#7893 = DIRECTION('',(0.642787609687,0.766044443119,0.));
#7894 = PCURVE('',#7726,#7895);
#7895 = DEFINITIONAL_REPRESENTATION('',(#7896),#7900);
#7896 = LINE('',#7897,#7898);
#7897 = CARTESIAN_POINT('',(0.,0.));
#7898 = VECTOR('',#7899,1.);
#7899 = DIRECTION('',(1.,0.));
#7900 = ( GEOMETRIC_REPRESENTATION_CONTEXT(2) 
PARAMETRIC_REPRESENTATION_CONTEXT() REPRESENTATION_CONTEXT('2D SPACE',''
  ) );
#7901 = PCURVE('',#7821,#7902);
#7902 = DEFINITIONAL_REPRESENTATION('',(#7903),#7907);
#7903 = CIRCLE('',#7904,4.);
#7904 = AXIS2_PLACEMENT_2D('',#7905,#7906);
#7905 = CARTESIAN_POINT('',(0.,0.));
#7906 = DIRECTION('',(1.,0.));
#7907 = ( GEOMETRIC_REPRESENTATION_CONTEXT(2) 
PARAMETRIC_REPRESENTATION_CONTEXT() REPRESENTATION_CONTEXT('2D SPACE',''
  ) );
#7908 = ADVANCED_FACE('',(#7909),#7821,.F.);
#7909 = FACE_BOUND('',#7910,.F.);
#7910 = EDGE_LOOP('',(#7911,#7912));
#7911 = ORIENTED_EDGE('',*,*,#7887,.T.);
#7912 = ORIENTED_EDGE('',*,*,#7808,.T.);
#7913 = ADVANCED_FACE('',(#7914),#7873,.T.);
#7914 = FACE_BOUND('',#7915,.T.);
#7915 = EDGE_LOOP('',(#7916));
#7916 = ORIENTED_EDGE('',*,*,#7858,.T.);
#7917 = ( GEOMETRIC_REPRESENTATION_CONTEXT(3) 
GLOBAL_UNCERTAINTY_ASSIGNED_CONTEXT((#7921)) 
GLOBAL_UNIT_ASSIGNED_CONTEXT((#7918,#7919,#7920)) REPRESENTATION_CONTEXT
('Context #1','3D Context with UNIT and UNCERTAINTY') );
#7918 = ( LENGTH_UNIT() NAMED_UNIT(*) SI_UNIT(.MILLI.,.METRE.) );
#7919 = ( NAMED_UNIT(*) PLANE_ANGLE_UNIT() SI_UNIT($,.RADIAN.) );
#7920 = ( NAMED_UNIT(*) SI_UNIT($,.STERADIAN.) SOLID_ANGLE_UNIT() );
#7921 = UNCERTAINTY_MEASURE_WITH_UNIT(LENGTH_MEASURE(2.E-07),#7918,
  'distance_accuracy_value','confusion accuracy');
#7922 = CONTEXT_DEPENDENT_SHAPE_REPRESENTATION(#7923,#7925);
#7923 = ( REPRESENTATION_RELATIONSHIP('','',#6996,#10) 
REPRESENTATION_RELATIONSHIP_WITH_TRANSFORMATION(#7924) 
SHAPE_REPRESENTATION_RELATIONSHIP() );
#7924 = ITEM_DEFINED_TRANSFORMATION('','',#11,#23);
#7925 = PRODUCT_DEFINITION_SHAPE('Placement','Placement of an item',
  #7926);
#7926 = NEXT_ASSEMBLY_USAGE_OCCURRENCE('19','=>[0:1:1:4]','',#5,#6991,$
  );
#7927 = PRODUCT_RELATED_PRODUCT_CATEGORY('part',$,(#6993));
ENDSEC;
END-ISO-10303-21;
