ISO-10303-21;
HEADER;
FILE_DESCRIPTION(('Open CASCADE Model'),'2;1');
FILE_NAME('Open CASCADE Shape Model','2026-09-25T13:34:03',('Author'),(
    'Open CASCADE'),'Open CASCADE STEP processor 8.0','build123d',
  'Unknown');
FILE_SCHEMA(('AUTOMOTIVE_DESIGN { 1 0 10303 214 1 1 1 1 }'));
ENDSEC;
DATA;
#1 = APPLICATION_PROTOCOL_DEFINITION('international standard',
  'automotive_design',2000,#2);
#2 = APPLICATION_CONTEXT(
  'core data for automotive mechanical design processes');
#3 = SHAPE_DEFINITION_REPRESENTATION(#4,#10);
#4 = PRODUCT_DEFINITION_SHAPE('','',#5);
#5 = PRODUCT_DEFINITION('design','',#6,#9);
#6 = PRODUCT_DEFINITION_FORMATION('','',#7);
#7 = PRODUCT('COMPOUND','COMPOUND','',(#8));
#8 = PRODUCT_CONTEXT('',#2,'mechanical');
#9 = PRODUCT_DEFINITION_CONTEXT('part definition',#2,'design');
#10 = SHAPE_REPRESENTATION('',(#11,#15,#19,#23,#27,#31,#35,#39,#43,#47,
    #51,#55,#59,#63,#67,#71,#75),#79);
#11 = AXIS2_PLACEMENT_3D('',#12,#13,#14);
#12 = CARTESIAN_POINT('',(0.,0.,0.));
#13 = DIRECTION('',(0.,0.,1.));
#14 = DIRECTION('',(1.,0.,-0.));
#15 = AXIS2_PLACEMENT_3D('',#16,#17,#18);
#16 = CARTESIAN_POINT('',(0.,0.,0.));
#17 = DIRECTION('',(0.,0.,1.));
#18 = DIRECTION('',(1.,0.,-0.));
#19 = AXIS2_PLACEMENT_3D('',#20,#21,#22);
#20 = CARTESIAN_POINT('',(0.,0.,0.));
#21 = DIRECTION('',(0.,0.,1.));
#22 = DIRECTION('',(1.,0.,-0.));
#23 = AXIS2_PLACEMENT_3D('',#24,#25,#26);
#24 = CARTESIAN_POINT('',(0.,0.,0.));
#25 = DIRECTION('',(0.,0.,1.));
#26 = DIRECTION('',(1.,0.,-0.));
#27 = AXIS2_PLACEMENT_3D('',#28,#29,#30);
#28 = CARTESIAN_POINT('',(0.,0.,0.));
#29 = DIRECTION('',(0.,0.,1.));
#30 = DIRECTION('',(1.,0.,-0.));
#31 = AXIS2_PLACEMENT_3D('',#32,#33,#34);
#32 = CARTESIAN_POINT('',(2.709384288645E+03,-2.27344335732E+03,1.25E+03
    ));
#33 = DIRECTION('',(-0.,0.,1.));
#34 = DIRECTION('',(0.766044443119,-0.642787609687,0.));
#35 = AXIS2_PLACEMENT_3D('',#36,#37,#38);
#36 = CARTESIAN_POINT('',(2.670368390084E+03,-2.281825460841E+03,
    1.167E+03));
#37 = DIRECTION('',(-0.,0.,1.));
#38 = DIRECTION('',(0.766044443119,-0.642787609687,0.));
#39 = AXIS2_PLACEMENT_3D('',#40,#41,#42);
#40 = CARTESIAN_POINT('',(2.717692789723E+03,-2.20209058015E+03,
    1.157E+03));
#41 = DIRECTION('',(-0.,0.,1.));
#42 = DIRECTION('',(0.766044443119,-0.642787609687,0.));
#43 = AXIS2_PLACEMENT_3D('',#44,#45,#46);
#44 = CARTESIAN_POINT('',(2.675295310927E+03,-2.244839308689E+03,
    1.33E+03));
#45 = DIRECTION('',(-0.,0.,1.));
#46 = DIRECTION('',(0.766044443119,-0.642787609687,0.));
#47 = AXIS2_PLACEMENT_3D('',#48,#49,#50);
#48 = CARTESIAN_POINT('',(2.707967106426E+03,-2.272254200242E+03,
    2.35E+03));
#49 = DIRECTION('',(-0.54167522042,0.454519477672,0.707106781187));
#50 = DIRECTION('',(0.54167522042,-0.454519477672,0.707106781187));
#51 = AXIS2_PLACEMENT_3D('',#52,#53,#54);
#52 = CARTESIAN_POINT('',(2.639023106545E+03,-2.21440331537E+03,1.8E+03)
  );
#53 = DIRECTION('',(-0.,0.,1.));
#54 = DIRECTION('',(0.766044443119,-0.642787609687,0.));
#55 = AXIS2_PLACEMENT_3D('',#56,#57,#58);
#56 = CARTESIAN_POINT('',(0.,0.,0.));
#57 = DIRECTION('',(0.,0.,1.));
#58 = DIRECTION('',(1.,0.,-0.));
#59 = AXIS2_PLACEMENT_3D('',#60,#61,#62);
#60 = CARTESIAN_POINT('',(0.,0.,0.));
#61 = DIRECTION('',(0.,0.,1.));
#62 = DIRECTION('',(1.,0.,-0.));
#63 = AXIS2_PLACEMENT_3D('',#64,#65,#66);
#64 = CARTESIAN_POINT('',(0.,0.,0.));
#65 = DIRECTION('',(0.,0.,1.));
#66 = DIRECTION('',(1.,0.,-0.));
#67 = AXIS2_PLACEMENT_3D('',#68,#69,#70);
#68 = CARTESIAN_POINT('',(0.,0.,385.));
#69 = DIRECTION('',(0.,0.,1.));
#70 = DIRECTION('',(1.,0.,-0.));
#71 = AXIS2_PLACEMENT_3D('',#72,#73,#74);
#72 = CARTESIAN_POINT('',(0.,0.,0.));
#73 = DIRECTION('',(0.,0.,1.));
#74 = DIRECTION('',(1.,0.,-0.));
#75 = AXIS2_PLACEMENT_3D('',#76,#77,#78);
#76 = CARTESIAN_POINT('',(0.,0.,0.));
#77 = DIRECTION('',(0.,0.,1.));
#78 = DIRECTION('',(1.,0.,-0.));
#79 = ( GEOMETRIC_REPRESENTATION_CONTEXT(3) 
GLOBAL_UNCERTAINTY_ASSIGNED_CONTEXT((#83)) GLOBAL_UNIT_ASSIGNED_CONTEXT(
(#80,#81,#82)) REPRESENTATION_CONTEXT('Context #1',
  '3D Context with UNIT and UNCERTAINTY') );
#80 = ( LENGTH_UNIT() NAMED_UNIT(*) SI_UNIT(.MILLI.,.METRE.) );
#81 = ( NAMED_UNIT(*) PLANE_ANGLE_UNIT() SI_UNIT($,.RADIAN.) );
#82 = ( NAMED_UNIT(*) SI_UNIT($,.STERADIAN.) SOLID_ANGLE_UNIT() );
#83 = UNCERTAINTY_MEASURE_WITH_UNIT(LENGTH_MEASURE(2.E-07),#80,
  'distance_accuracy_value','confusion accuracy');
#84 = PRODUCT_RELATED_PRODUCT_CATEGORY('part',$,(#7));
#85 = SHAPE_DEFINITION_REPRESENTATION(#86,#92);
#86 = PRODUCT_DEFINITION_SHAPE('','',#87);
#87 = PRODUCT_DEFINITION('design','',#88,#91);
#88 = PRODUCT_DEFINITION_FORMATION('','',#89);
#89 = PRODUCT('SOLID','SOLID','',(#90));
#90 = PRODUCT_CONTEXT('',#2,'mechanical');
#91 = PRODUCT_DEFINITION_CONTEXT('part definition',#2,'design');
#92 = ADVANCED_BREP_SHAPE_REPRESENTATION('',(#11,#93),#513);
#93 = MANIFOLD_SOLID_BREP('',#94);
#94 = CLOSED_SHELL('',(#95,#183,#301,#305,#381,#430,#479,#506));
#95 = ADVANCED_FACE('',(#96),#109,.T.);
#96 = FACE_BOUND('',#97,.T.);
#97 = EDGE_LOOP('',(#98,#132,#155,#182));
#98 = ORIENTED_EDGE('',*,*,#99,.F.);
#99 = EDGE_CURVE('',#100,#100,#102,.T.);
#100 = VERTEX_POINT('',#101);
#101 = CARTESIAN_POINT('',(3.,-7.347880794884E-16,7.094826488926E+03));
#102 = SURFACE_CURVE('',#103,(#108,#120),.PCURVE_S1.);
#103 = CIRCLE('',#104,3.);
#104 = AXIS2_PLACEMENT_3D('',#105,#106,#107);
#105 = CARTESIAN_POINT('',(0.,0.,7.094826488926E+03));
#106 = DIRECTION('',(0.,0.,1.));
#107 = DIRECTION('',(1.,0.,-0.));
#108 = PCURVE('',#109,#114);
#109 = CYLINDRICAL_SURFACE('',#110,3.);
#110 = AXIS2_PLACEMENT_3D('',#111,#112,#113);
#111 = CARTESIAN_POINT('',(0.,0.,500.));
#112 = DIRECTION('',(0.,0.,1.));
#113 = DIRECTION('',(1.,0.,-0.));
#114 = DEFINITIONAL_REPRESENTATION('',(#115),#119);
#115 = LINE('',#116,#117);
#116 = CARTESIAN_POINT('',(0.,6.594826488926E+03));
#117 = VECTOR('',#118,1.);
#118 = DIRECTION('',(1.,0.));
#119 = ( GEOMETRIC_REPRESENTATION_CONTEXT(2) 
PARAMETRIC_REPRESENTATION_CONTEXT() REPRESENTATION_CONTEXT('2D SPACE',''
  ) );
#120 = PCURVE('',#121,#126);
#121 = PLANE('',#122);
#122 = AXIS2_PLACEMENT_3D('',#123,#124,#125);
#123 = CARTESIAN_POINT('',(-45.,-45.,7.094826488926E+03));
#124 = DIRECTION('',(0.,0.,1.));
#125 = DIRECTION('',(1.,0.,-0.));
#126 = DEFINITIONAL_REPRESENTATION('',(#127),#131);
#127 = CIRCLE('',#128,3.);
#128 = AXIS2_PLACEMENT_2D('',#129,#130);
#129 = CARTESIAN_POINT('',(45.,45.));
#130 = DIRECTION('',(1.,0.));
#131 = ( GEOMETRIC_REPRESENTATION_CONTEXT(2) 
PARAMETRIC_REPRESENTATION_CONTEXT() REPRESENTATION_CONTEXT('2D SPACE',''
  ) );
#132 = ORIENTED_EDGE('',*,*,#133,.F.);
#133 = EDGE_CURVE('',#134,#100,#136,.T.);
#134 = VERTEX_POINT('',#135);
#135 = CARTESIAN_POINT('',(3.,-7.347880794884E-16,500.));
#136 = SEAM_CURVE('',#137,(#141,#148),.PCURVE_S1.);
#137 = LINE('',#138,#139);
#138 = CARTESIAN_POINT('',(3.,-7.347880794884E-16,500.));
#139 = VECTOR('',#140,1.);
#140 = DIRECTION('',(0.,0.,1.));
#141 = PCURVE('',#109,#142);
#142 = DEFINITIONAL_REPRESENTATION('',(#143),#147);
#143 = LINE('',#144,#145);
#144 = CARTESIAN_POINT('',(6.28318530718,-0.));
#145 = VECTOR('',#146,1.);
#146 = DIRECTION('',(0.,1.));
#147 = ( GEOMETRIC_REPRESENTATION_CONTEXT(2) 
PARAMETRIC_REPRESENTATION_CONTEXT() REPRESENTATION_CONTEXT('2D SPACE',''
  ) );
#148 = PCURVE('',#109,#149);
#149 = DEFINITIONAL_REPRESENTATION('',(#150),#154);
#150 = LINE('',#151,#152);
#151 = CARTESIAN_POINT('',(0.,-0.));
#152 = VECTOR('',#153,1.);
#153 = DIRECTION('',(0.,1.));
#154 = ( GEOMETRIC_REPRESENTATION_CONTEXT(2) 
PARAMETRIC_REPRESENTATION_CONTEXT() REPRESENTATION_CONTEXT('2D SPACE',''
  ) );
#155 = ORIENTED_EDGE('',*,*,#156,.T.);
#156 = EDGE_CURVE('',#134,#134,#157,.T.);
#157 = SURFACE_CURVE('',#158,(#163,#170),.PCURVE_S1.);
#158 = CIRCLE('',#159,3.);
#159 = AXIS2_PLACEMENT_3D('',#160,#161,#162);
#160 = CARTESIAN_POINT('',(0.,0.,500.));
#161 = DIRECTION('',(0.,0.,1.));
#162 = DIRECTION('',(1.,0.,-0.));
#163 = PCURVE('',#109,#164);
#164 = DEFINITIONAL_REPRESENTATION('',(#165),#169);
#165 = LINE('',#166,#167);
#166 = CARTESIAN_POINT('',(0.,0.));
#167 = VECTOR('',#168,1.);
#168 = DIRECTION('',(1.,0.));
#169 = ( GEOMETRIC_REPRESENTATION_CONTEXT(2) 
PARAMETRIC_REPRESENTATION_CONTEXT() REPRESENTATION_CONTEXT('2D SPACE',''
  ) );
#170 = PCURVE('',#171,#176);
#171 = PLANE('',#172);
#172 = AXIS2_PLACEMENT_3D('',#173,#174,#175);
#173 = CARTESIAN_POINT('',(0.,0.,500.));
#174 = DIRECTION('',(0.,0.,1.));
#175 = DIRECTION('',(1.,0.,-0.));
#176 = DEFINITIONAL_REPRESENTATION('',(#177),#181);
#177 = CIRCLE('',#178,3.);
#178 = AXIS2_PLACEMENT_2D('',#179,#180);
#179 = CARTESIAN_POINT('',(0.,0.));
#180 = DIRECTION('',(1.,0.));
#181 = ( GEOMETRIC_REPRESENTATION_CONTEXT(2) 
PARAMETRIC_REPRESENTATION_CONTEXT() REPRESENTATION_CONTEXT('2D SPACE',''
  ) );
#182 = ORIENTED_EDGE('',*,*,#133,.T.);
#183 = ADVANCED_FACE('',(#184,#298),#121,.F.);
#184 = FACE_BOUND('',#185,.F.);
#185 = EDGE_LOOP('',(#186,#216,#244,#272));
#186 = ORIENTED_EDGE('',*,*,#187,.F.);
#187 = EDGE_CURVE('',#188,#190,#192,.T.);
#188 = VERTEX_POINT('',#189);
#189 = CARTESIAN_POINT('',(-45.,-45.,7.094826488926E+03));
#190 = VERTEX_POINT('',#191);
#191 = CARTESIAN_POINT('',(-45.,45.,7.094826488926E+03));
#192 = SURFACE_CURVE('',#193,(#197,#204),.PCURVE_S1.);
#193 = LINE('',#194,#195);
#194 = CARTESIAN_POINT('',(-45.,-45.,7.094826488926E+03));
#195 = VECTOR('',#196,1.);
#196 = DIRECTION('',(-0.,1.,0.));
#197 = PCURVE('',#121,#198);
#198 = DEFINITIONAL_REPRESENTATION('',(#199),#203);
#199 = LINE('',#200,#201);
#200 = CARTESIAN_POINT('',(0.,0.));
#201 = VECTOR('',#202,1.);
#202 = DIRECTION('',(0.,1.));
#203 = ( GEOMETRIC_REPRESENTATION_CONTEXT(2) 
PARAMETRIC_REPRESENTATION_CONTEXT() REPRESENTATION_CONTEXT('2D SPACE',''
  ) );
#204 = PCURVE('',#205,#210);
#205 = PLANE('',#206);
#206 = AXIS2_PLACEMENT_3D('',#207,#208,#209);
#207 = CARTESIAN_POINT('',(-45.,-45.,7.094826488926E+03));
#208 = DIRECTION('',(1.,0.,-0.));
#209 = DIRECTION('',(0.,0.,1.));
#210 = DEFINITIONAL_REPRESENTATION('',(#211),#215);
#211 = LINE('',#212,#213);
#212 = CARTESIAN_POINT('',(0.,0.));
#213 = VECTOR('',#214,1.);
#214 = DIRECTION('',(0.,-1.));
#215 = ( GEOMETRIC_REPRESENTATION_CONTEXT(2) 
PARAMETRIC_REPRESENTATION_CONTEXT() REPRESENTATION_CONTEXT('2D SPACE',''
  ) );
#216 = ORIENTED_EDGE('',*,*,#217,.T.);
#217 = EDGE_CURVE('',#188,#218,#220,.T.);
#218 = VERTEX_POINT('',#219);
#219 = CARTESIAN_POINT('',(45.,-45.,7.094826488926E+03));
#220 = SURFACE_CURVE('',#221,(#225,#232),.PCURVE_S1.);
#221 = LINE('',#222,#223);
#222 = CARTESIAN_POINT('',(-45.,-45.,7.094826488926E+03));
#223 = VECTOR('',#224,1.);
#224 = DIRECTION('',(1.,0.,-0.));
#225 = PCURVE('',#121,#226);
#226 = DEFINITIONAL_REPRESENTATION('',(#227),#231);
#227 = LINE('',#228,#229);
#228 = CARTESIAN_POINT('',(0.,0.));
#229 = VECTOR('',#230,1.);
#230 = DIRECTION('',(1.,0.));
#231 = ( GEOMETRIC_REPRESENTATION_CONTEXT(2) 
PARAMETRIC_REPRESENTATION_CONTEXT() REPRESENTATION_CONTEXT('2D SPACE',''
  ) );
#232 = PCURVE('',#233,#238);
#233 = PLANE('',#234);
#234 = AXIS2_PLACEMENT_3D('',#235,#236,#237);
#235 = CARTESIAN_POINT('',(-45.,-45.,7.094826488926E+03));
#236 = DIRECTION('',(-0.,1.,0.));
#237 = DIRECTION('',(0.,0.,1.));
#238 = DEFINITIONAL_REPRESENTATION('',(#239),#243);
#239 = LINE('',#240,#241);
#240 = CARTESIAN_POINT('',(0.,0.));
#241 = VECTOR('',#242,1.);
#242 = DIRECTION('',(0.,1.));
#243 = ( GEOMETRIC_REPRESENTATION_CONTEXT(2) 
PARAMETRIC_REPRESENTATION_CONTEXT() REPRESENTATION_CONTEXT('2D SPACE',''
  ) );
#244 = ORIENTED_EDGE('',*,*,#245,.T.);
#245 = EDGE_CURVE('',#218,#246,#248,.T.);
#246 = VERTEX_POINT('',#247);
#247 = CARTESIAN_POINT('',(45.,45.,7.094826488926E+03));
#248 = SURFACE_CURVE('',#249,(#253,#260),.PCURVE_S1.);
#249 = LINE('',#250,#251);
#250 = CARTESIAN_POINT('',(45.,-45.,7.094826488926E+03));
#251 = VECTOR('',#252,1.);
#252 = DIRECTION('',(-0.,1.,0.));
#253 = PCURVE('',#121,#254);
#254 = DEFINITIONAL_REPRESENTATION('',(#255),#259);
#255 = LINE('',#256,#257);
#256 = CARTESIAN_POINT('',(90.,0.));
#257 = VECTOR('',#258,1.);
#258 = DIRECTION('',(0.,1.));
#259 = ( GEOMETRIC_REPRESENTATION_CONTEXT(2) 
PARAMETRIC_REPRESENTATION_CONTEXT() REPRESENTATION_CONTEXT('2D SPACE',''
  ) );
#260 = PCURVE('',#261,#266);
#261 = PLANE('',#262);
#262 = AXIS2_PLACEMENT_3D('',#263,#264,#265);
#263 = CARTESIAN_POINT('',(45.,-45.,7.094826488926E+03));
#264 = DIRECTION('',(1.,0.,-0.));
#265 = DIRECTION('',(0.,0.,1.));
#266 = DEFINITIONAL_REPRESENTATION('',(#267),#271);
#267 = LINE('',#268,#269);
#268 = CARTESIAN_POINT('',(0.,0.));
#269 = VECTOR('',#270,1.);
#270 = DIRECTION('',(0.,-1.));
#271 = ( GEOMETRIC_REPRESENTATION_CONTEXT(2) 
PARAMETRIC_REPRESENTATION_CONTEXT() REPRESENTATION_CONTEXT('2D SPACE',''
  ) );
#272 = ORIENTED_EDGE('',*,*,#273,.F.);
#273 = EDGE_CURVE('',#190,#246,#274,.T.);
#274 = SURFACE_CURVE('',#275,(#279,#286),.PCURVE_S1.);
#275 = LINE('',#276,#277);
#276 = CARTESIAN_POINT('',(-45.,45.,7.094826488926E+03));
#277 = VECTOR('',#278,1.);
#278 = DIRECTION('',(1.,0.,-0.));
#279 = PCURVE('',#121,#280);
#280 = DEFINITIONAL_REPRESENTATION('',(#281),#285);
#281 = LINE('',#282,#283);
#282 = CARTESIAN_POINT('',(0.,90.));
#283 = VECTOR('',#284,1.);
#284 = DIRECTION('',(1.,0.));
#285 = ( GEOMETRIC_REPRESENTATION_CONTEXT(2) 
PARAMETRIC_REPRESENTATION_CONTEXT() REPRESENTATION_CONTEXT('2D SPACE',''
  ) );
#286 = PCURVE('',#287,#292);
#287 = PLANE('',#288);
#288 = AXIS2_PLACEMENT_3D('',#289,#290,#291);
#289 = CARTESIAN_POINT('',(-45.,45.,7.094826488926E+03));
#290 = DIRECTION('',(-0.,1.,0.));
#291 = DIRECTION('',(0.,0.,1.));
#292 = DEFINITIONAL_REPRESENTATION('',(#293),#297);
#293 = LINE('',#294,#295);
#294 = CARTESIAN_POINT('',(0.,0.));
#295 = VECTOR('',#296,1.);
#296 = DIRECTION('',(0.,1.));
#297 = ( GEOMETRIC_REPRESENTATION_CONTEXT(2) 
PARAMETRIC_REPRESENTATION_CONTEXT() REPRESENTATION_CONTEXT('2D SPACE',''
  ) );
#298 = FACE_BOUND('',#299,.F.);
#299 = EDGE_LOOP('',(#300));
#300 = ORIENTED_EDGE('',*,*,#99,.F.);
#301 = ADVANCED_FACE('',(#302),#171,.F.);
#302 = FACE_BOUND('',#303,.T.);
#303 = EDGE_LOOP('',(#304));
#304 = ORIENTED_EDGE('',*,*,#156,.F.);
#305 = ADVANCED_FACE('',(#306),#205,.F.);
#306 = FACE_BOUND('',#307,.F.);
#307 = EDGE_LOOP('',(#308,#331,#332,#355));
#308 = ORIENTED_EDGE('',*,*,#309,.F.);
#309 = EDGE_CURVE('',#188,#310,#312,.T.);
#310 = VERTEX_POINT('',#311);
#311 = CARTESIAN_POINT('',(-45.,-45.,7.154826488926E+03));
#312 = SURFACE_CURVE('',#313,(#317,#324),.PCURVE_S1.);
#313 = LINE('',#314,#315);
#314 = CARTESIAN_POINT('',(-45.,-45.,7.094826488926E+03));
#315 = VECTOR('',#316,1.);
#316 = DIRECTION('',(0.,0.,1.));
#317 = PCURVE('',#205,#318);
#318 = DEFINITIONAL_REPRESENTATION('',(#319),#323);
#319 = LINE('',#320,#321);
#320 = CARTESIAN_POINT('',(0.,0.));
#321 = VECTOR('',#322,1.);
#322 = DIRECTION('',(1.,0.));
#323 = ( GEOMETRIC_REPRESENTATION_CONTEXT(2) 
PARAMETRIC_REPRESENTATION_CONTEXT() REPRESENTATION_CONTEXT('2D SPACE',''
  ) );
#324 = PCURVE('',#233,#325);
#325 = DEFINITIONAL_REPRESENTATION('',(#326),#330);
#326 = LINE('',#327,#328);
#327 = CARTESIAN_POINT('',(0.,0.));
#328 = VECTOR('',#329,1.);
#329 = DIRECTION('',(1.,0.));
#330 = ( GEOMETRIC_REPRESENTATION_CONTEXT(2) 
PARAMETRIC_REPRESENTATION_CONTEXT() REPRESENTATION_CONTEXT('2D SPACE',''
  ) );
#331 = ORIENTED_EDGE('',*,*,#187,.T.);
#332 = ORIENTED_EDGE('',*,*,#333,.T.);
#333 = EDGE_CURVE('',#190,#334,#336,.T.);
#334 = VERTEX_POINT('',#335);
#335 = CARTESIAN_POINT('',(-45.,45.,7.154826488926E+03));
#336 = SURFACE_CURVE('',#337,(#341,#348),.PCURVE_S1.);
#337 = LINE('',#338,#339);
#338 = CARTESIAN_POINT('',(-45.,45.,7.094826488926E+03));
#339 = VECTOR('',#340,1.);
#340 = DIRECTION('',(0.,0.,1.));
#341 = PCURVE('',#205,#342);
#342 = DEFINITIONAL_REPRESENTATION('',(#343),#347);
#343 = LINE('',#344,#345);
#344 = CARTESIAN_POINT('',(0.,-90.));
#345 = VECTOR('',#346,1.);
#346 = DIRECTION('',(1.,0.));
#347 = ( GEOMETRIC_REPRESENTATION_CONTEXT(2) 
PARAMETRIC_REPRESENTATION_CONTEXT() REPRESENTATION_CONTEXT('2D SPACE',''
  ) );
#348 = PCURVE('',#287,#349);
#349 = DEFINITIONAL_REPRESENTATION('',(#350),#354);
#350 = LINE('',#351,#352);
#351 = CARTESIAN_POINT('',(0.,0.));
#352 = VECTOR('',#353,1.);
#353 = DIRECTION('',(1.,0.));
#354 = ( GEOMETRIC_REPRESENTATION_CONTEXT(2) 
PARAMETRIC_REPRESENTATION_CONTEXT() REPRESENTATION_CONTEXT('2D SPACE',''
  ) );
#355 = ORIENTED_EDGE('',*,*,#356,.F.);
#356 = EDGE_CURVE('',#310,#334,#357,.T.);
#357 = SURFACE_CURVE('',#358,(#362,#369),.PCURVE_S1.);
#358 = LINE('',#359,#360);
#359 = CARTESIAN_POINT('',(-45.,-45.,7.154826488926E+03));
#360 = VECTOR('',#361,1.);
#361 = DIRECTION('',(-0.,1.,0.));
#362 = PCURVE('',#205,#363);
#363 = DEFINITIONAL_REPRESENTATION('',(#364),#368);
#364 = LINE('',#365,#366);
#365 = CARTESIAN_POINT('',(60.,0.));
#366 = VECTOR('',#367,1.);
#367 = DIRECTION('',(0.,-1.));
#368 = ( GEOMETRIC_REPRESENTATION_CONTEXT(2) 
PARAMETRIC_REPRESENTATION_CONTEXT() REPRESENTATION_CONTEXT('2D SPACE',''
  ) );
#369 = PCURVE('',#370,#375);
#370 = PLANE('',#371);
#371 = AXIS2_PLACEMENT_3D('',#372,#373,#374);
#372 = CARTESIAN_POINT('',(-45.,-45.,7.154826488926E+03));
#373 = DIRECTION('',(0.,0.,1.));
#374 = DIRECTION('',(1.,0.,-0.));
#375 = DEFINITIONAL_REPRESENTATION('',(#376),#380);
#376 = LINE('',#377,#378);
#377 = CARTESIAN_POINT('',(0.,0.));
#378 = VECTOR('',#379,1.);
#379 = DIRECTION('',(0.,1.));
#380 = ( GEOMETRIC_REPRESENTATION_CONTEXT(2) 
PARAMETRIC_REPRESENTATION_CONTEXT() REPRESENTATION_CONTEXT('2D SPACE',''
  ) );
#381 = ADVANCED_FACE('',(#382),#287,.T.);
#382 = FACE_BOUND('',#383,.T.);
#383 = EDGE_LOOP('',(#384,#385,#386,#409));
#384 = ORIENTED_EDGE('',*,*,#273,.F.);
#385 = ORIENTED_EDGE('',*,*,#333,.T.);
#386 = ORIENTED_EDGE('',*,*,#387,.T.);
#387 = EDGE_CURVE('',#334,#388,#390,.T.);
#388 = VERTEX_POINT('',#389);
#389 = CARTESIAN_POINT('',(45.,45.,7.154826488926E+03));
#390 = SURFACE_CURVE('',#391,(#395,#402),.PCURVE_S1.);
#391 = LINE('',#392,#393);
#392 = CARTESIAN_POINT('',(-45.,45.,7.154826488926E+03));
#393 = VECTOR('',#394,1.);
#394 = DIRECTION('',(1.,0.,-0.));
#395 = PCURVE('',#287,#396);
#396 = DEFINITIONAL_REPRESENTATION('',(#397),#401);
#397 = LINE('',#398,#399);
#398 = CARTESIAN_POINT('',(60.,0.));
#399 = VECTOR('',#400,1.);
#400 = DIRECTION('',(0.,1.));
#401 = ( GEOMETRIC_REPRESENTATION_CONTEXT(2) 
PARAMETRIC_REPRESENTATION_CONTEXT() REPRESENTATION_CONTEXT('2D SPACE',''
  ) );
#402 = PCURVE('',#370,#403);
#403 = DEFINITIONAL_REPRESENTATION('',(#404),#408);
#404 = LINE('',#405,#406);
#405 = CARTESIAN_POINT('',(0.,90.));
#406 = VECTOR('',#407,1.);
#407 = DIRECTION('',(1.,0.));
#408 = ( GEOMETRIC_REPRESENTATION_CONTEXT(2) 
PARAMETRIC_REPRESENTATION_CONTEXT() REPRESENTATION_CONTEXT('2D SPACE',''
  ) );
#409 = ORIENTED_EDGE('',*,*,#410,.F.);
#410 = EDGE_CURVE('',#246,#388,#411,.T.);
#411 = SURFACE_CURVE('',#412,(#416,#423),.PCURVE_S1.);
#412 = LINE('',#413,#414);
#413 = CARTESIAN_POINT('',(45.,45.,7.094826488926E+03));
#414 = VECTOR('',#415,1.);
#415 = DIRECTION('',(0.,0.,1.));
#416 = PCURVE('',#287,#417);
#417 = DEFINITIONAL_REPRESENTATION('',(#418),#422);
#418 = LINE('',#419,#420);
#419 = CARTESIAN_POINT('',(0.,90.));
#420 = VECTOR('',#421,1.);
#421 = DIRECTION('',(1.,0.));
#422 = ( GEOMETRIC_REPRESENTATION_CONTEXT(2) 
PARAMETRIC_REPRESENTATION_CONTEXT() REPRESENTATION_CONTEXT('2D SPACE',''
  ) );
#423 = PCURVE('',#261,#424);
#424 = DEFINITIONAL_REPRESENTATION('',(#425),#429);
#425 = LINE('',#426,#427);
#426 = CARTESIAN_POINT('',(0.,-90.));
#427 = VECTOR('',#428,1.);
#428 = DIRECTION('',(1.,0.));
#429 = ( GEOMETRIC_REPRESENTATION_CONTEXT(2) 
PARAMETRIC_REPRESENTATION_CONTEXT() REPRESENTATION_CONTEXT('2D SPACE',''
  ) );
#430 = ADVANCED_FACE('',(#431),#233,.F.);
#431 = FACE_BOUND('',#432,.F.);
#432 = EDGE_LOOP('',(#433,#434,#435,#458));
#433 = ORIENTED_EDGE('',*,*,#217,.F.);
#434 = ORIENTED_EDGE('',*,*,#309,.T.);
#435 = ORIENTED_EDGE('',*,*,#436,.T.);
#436 = EDGE_CURVE('',#310,#437,#439,.T.);
#437 = VERTEX_POINT('',#438);
#438 = CARTESIAN_POINT('',(45.,-45.,7.154826488926E+03));
#439 = SURFACE_CURVE('',#440,(#444,#451),.PCURVE_S1.);
#440 = LINE('',#441,#442);
#441 = CARTESIAN_POINT('',(-45.,-45.,7.154826488926E+03));
#442 = VECTOR('',#443,1.);
#443 = DIRECTION('',(1.,0.,-0.));
#444 = PCURVE('',#233,#445);
#445 = DEFINITIONAL_REPRESENTATION('',(#446),#450);
#446 = LINE('',#447,#448);
#447 = CARTESIAN_POINT('',(60.,0.));
#448 = VECTOR('',#449,1.);
#449 = DIRECTION('',(0.,1.));
#450 = ( GEOMETRIC_REPRESENTATION_CONTEXT(2) 
PARAMETRIC_REPRESENTATION_CONTEXT() REPRESENTATION_CONTEXT('2D SPACE',''
  ) );
#451 = PCURVE('',#370,#452);
#452 = DEFINITIONAL_REPRESENTATION('',(#453),#457);
#453 = LINE('',#454,#455);
#454 = CARTESIAN_POINT('',(0.,0.));
#455 = VECTOR('',#456,1.);
#456 = DIRECTION('',(1.,0.));
#457 = ( GEOMETRIC_REPRESENTATION_CONTEXT(2) 
PARAMETRIC_REPRESENTATION_CONTEXT() REPRESENTATION_CONTEXT('2D SPACE',''
  ) );
#458 = ORIENTED_EDGE('',*,*,#459,.F.);
#459 = EDGE_CURVE('',#218,#437,#460,.T.);
#460 = SURFACE_CURVE('',#461,(#465,#472),.PCURVE_S1.);
#461 = LINE('',#462,#463);
#462 = CARTESIAN_POINT('',(45.,-45.,7.094826488926E+03));
#463 = VECTOR('',#464,1.);
#464 = DIRECTION('',(0.,0.,1.));
#465 = PCURVE('',#233,#466);
#466 = DEFINITIONAL_REPRESENTATION('',(#467),#471);
#467 = LINE('',#468,#469);
#468 = CARTESIAN_POINT('',(0.,90.));
#469 = VECTOR('',#470,1.);
#470 = DIRECTION('',(1.,0.));
#471 = ( GEOMETRIC_REPRESENTATION_CONTEXT(2) 
PARAMETRIC_REPRESENTATION_CONTEXT() REPRESENTATION_CONTEXT('2D SPACE',''
  ) );
#472 = PCURVE('',#261,#473);
#473 = DEFINITIONAL_REPRESENTATION('',(#474),#478);
#474 = LINE('',#475,#476);
#475 = CARTESIAN_POINT('',(0.,0.));
#476 = VECTOR('',#477,1.);
#477 = DIRECTION('',(1.,0.));
#478 = ( GEOMETRIC_REPRESENTATION_CONTEXT(2) 
PARAMETRIC_REPRESENTATION_CONTEXT() REPRESENTATION_CONTEXT('2D SPACE',''
  ) );
#479 = ADVANCED_FACE('',(#480),#261,.T.);
#480 = FACE_BOUND('',#481,.T.);
#481 = EDGE_LOOP('',(#482,#483,#484,#485));
#482 = ORIENTED_EDGE('',*,*,#459,.F.);
#483 = ORIENTED_EDGE('',*,*,#245,.T.);
#484 = ORIENTED_EDGE('',*,*,#410,.T.);
#485 = ORIENTED_EDGE('',*,*,#486,.F.);
#486 = EDGE_CURVE('',#437,#388,#487,.T.);
#487 = SURFACE_CURVE('',#488,(#492,#499),.PCURVE_S1.);
#488 = LINE('',#489,#490);
#489 = CARTESIAN_POINT('',(45.,-45.,7.154826488926E+03));
#490 = VECTOR('',#491,1.);
#491 = DIRECTION('',(-0.,1.,0.));
#492 = PCURVE('',#261,#493);
#493 = DEFINITIONAL_REPRESENTATION('',(#494),#498);
#494 = LINE('',#495,#496);
#495 = CARTESIAN_POINT('',(60.,0.));
#496 = VECTOR('',#497,1.);
#497 = DIRECTION('',(0.,-1.));
#498 = ( GEOMETRIC_REPRESENTATION_CONTEXT(2) 
PARAMETRIC_REPRESENTATION_CONTEXT() REPRESENTATION_CONTEXT('2D SPACE',''
  ) );
#499 = PCURVE('',#370,#500);
#500 = DEFINITIONAL_REPRESENTATION('',(#501),#505);
#501 = LINE('',#502,#503);
#502 = CARTESIAN_POINT('',(90.,0.));
#503 = VECTOR('',#504,1.);
#504 = DIRECTION('',(0.,1.));
#505 = ( GEOMETRIC_REPRESENTATION_CONTEXT(2) 
PARAMETRIC_REPRESENTATION_CONTEXT() REPRESENTATION_CONTEXT('2D SPACE',''
  ) );
#506 = ADVANCED_FACE('',(#507),#370,.T.);
#507 = FACE_BOUND('',#508,.T.);
#508 = EDGE_LOOP('',(#509,#510,#511,#512));
#509 = ORIENTED_EDGE('',*,*,#356,.F.);
#510 = ORIENTED_EDGE('',*,*,#436,.T.);
#511 = ORIENTED_EDGE('',*,*,#486,.T.);
#512 = ORIENTED_EDGE('',*,*,#387,.F.);
#513 = ( GEOMETRIC_REPRESENTATION_CONTEXT(3) 
GLOBAL_UNCERTAINTY_ASSIGNED_CONTEXT((#517)) GLOBAL_UNIT_ASSIGNED_CONTEXT
((#514,#515,#516)) REPRESENTATION_CONTEXT('Context #1',
  '3D Context with UNIT and UNCERTAINTY') );
#514 = ( LENGTH_UNIT() NAMED_UNIT(*) SI_UNIT(.MILLI.,.METRE.) );
#515 = ( NAMED_UNIT(*) PLANE_ANGLE_UNIT() SI_UNIT($,.RADIAN.) );
#516 = ( NAMED_UNIT(*) SI_UNIT($,.STERADIAN.) SOLID_ANGLE_UNIT() );
#517 = UNCERTAINTY_MEASURE_WITH_UNIT(LENGTH_MEASURE(1.E-07),#514,
  'distance_accuracy_value','confusion accuracy');
#518 = CONTEXT_DEPENDENT_SHAPE_REPRESENTATION(#519,#521);
#519 = ( REPRESENTATION_RELATIONSHIP('','',#92,#10) 
REPRESENTATION_RELATIONSHIP_WITH_TRANSFORMATION(#520) 
SHAPE_REPRESENTATION_RELATIONSHIP() );
#520 = ITEM_DEFINED_TRANSFORMATION('','',#11,#15);
#521 = PRODUCT_DEFINITION_SHAPE('Placement','Placement of an item',#522
  );
#522 = NEXT_ASSEMBLY_USAGE_OCCURRENCE('1','=>[0:1:1:2]','',#5,#87,$);
#523 = PRODUCT_RELATED_PRODUCT_CATEGORY('part',$,(#89));
#524 = SHAPE_DEFINITION_REPRESENTATION(#525,#531);
#525 = PRODUCT_DEFINITION_SHAPE('','',#526);
#526 = PRODUCT_DEFINITION('design','',#527,#530);
#527 = PRODUCT_DEFINITION_FORMATION('','',#528);
#528 = PRODUCT('COMPOUND','COMPOUND','',(#529));
#529 = PRODUCT_CONTEXT('',#2,'mechanical');
#530 = PRODUCT_DEFINITION_CONTEXT('part definition',#2,'design');
#531 = SHAPE_REPRESENTATION('',(#11,#532,#1615,#2698,#3781,#4864,#5947),
  #7030);
#532 = MANIFOLD_SOLID_BREP('',#533);
#533 = CLOSED_SHELL('',(#534,#1228,#1284,#1339,#1405,#1409,#1444,#1499,
    #1554,#1604,#1611));
#534 = ADVANCED_FACE('',(#535),#549,.T.);
#535 = FACE_BOUND('',#536,.T.);
#536 = EDGE_LOOP('',(#537,#567,#594,#595,#890,#913,#939,#940));
#537 = ORIENTED_EDGE('',*,*,#538,.T.);
#538 = EDGE_CURVE('',#539,#541,#543,.T.);
#539 = VERTEX_POINT('',#540);
#540 = CARTESIAN_POINT('',(38.,-9.30731567352E-15,685.));
#541 = VERTEX_POINT('',#542);
#542 = CARTESIAN_POINT('',(38.,-9.30731567352E-15,720.));
#543 = SEAM_CURVE('',#544,(#548,#560),.PCURVE_S1.);
#544 = LINE('',#545,#546);
#545 = CARTESIAN_POINT('',(38.,-9.30731567352E-15,580.));
#546 = VECTOR('',#547,1.);
#547 = DIRECTION('',(0.,0.,1.));
#548 = PCURVE('',#549,#554);
#549 = CYLINDRICAL_SURFACE('',#550,38.);
#550 = AXIS2_PLACEMENT_3D('',#551,#552,#553);
#551 = CARTESIAN_POINT('',(0.,0.,580.));
#552 = DIRECTION('',(0.,0.,1.));
#553 = DIRECTION('',(1.,0.,-0.));
#554 = DEFINITIONAL_REPRESENTATION('',(#555),#559);
#555 = LINE('',#556,#557);
#556 = CARTESIAN_POINT('',(6.28318530718,-0.));
#557 = VECTOR('',#558,1.);
#558 = DIRECTION('',(0.,1.));
#559 = ( GEOMETRIC_REPRESENTATION_CONTEXT(2) 
PARAMETRIC_REPRESENTATION_CONTEXT() REPRESENTATION_CONTEXT('2D SPACE',''
  ) );
#560 = PCURVE('',#549,#561);
#561 = DEFINITIONAL_REPRESENTATION('',(#562),#566);
#562 = LINE('',#563,#564);
#563 = CARTESIAN_POINT('',(0.,-0.));
#564 = VECTOR('',#565,1.);
#565 = DIRECTION('',(0.,1.));
#566 = ( GEOMETRIC_REPRESENTATION_CONTEXT(2) 
PARAMETRIC_REPRESENTATION_CONTEXT() REPRESENTATION_CONTEXT('2D SPACE',''
  ) );
#567 = ORIENTED_EDGE('',*,*,#568,.F.);
#568 = EDGE_CURVE('',#541,#541,#569,.T.);
#569 = SURFACE_CURVE('',#570,(#575,#582),.PCURVE_S1.);
#570 = CIRCLE('',#571,38.);
#571 = AXIS2_PLACEMENT_3D('',#572,#573,#574);
#572 = CARTESIAN_POINT('',(0.,0.,720.));
#573 = DIRECTION('',(0.,0.,1.));
#574 = DIRECTION('',(1.,0.,-0.));
#575 = PCURVE('',#549,#576);
#576 = DEFINITIONAL_REPRESENTATION('',(#577),#581);
#577 = LINE('',#578,#579);
#578 = CARTESIAN_POINT('',(0.,140.));
#579 = VECTOR('',#580,1.);
#580 = DIRECTION('',(1.,0.));
#581 = ( GEOMETRIC_REPRESENTATION_CONTEXT(2) 
PARAMETRIC_REPRESENTATION_CONTEXT() REPRESENTATION_CONTEXT('2D SPACE',''
  ) );
#582 = PCURVE('',#583,#588);
#583 = PLANE('',#584);
#584 = AXIS2_PLACEMENT_3D('',#585,#586,#587);
#585 = CARTESIAN_POINT('',(0.,0.,720.));
#586 = DIRECTION('',(0.,0.,1.));
#587 = DIRECTION('',(1.,0.,-0.));
#588 = DEFINITIONAL_REPRESENTATION('',(#589),#593);
#589 = CIRCLE('',#590,38.);
#590 = AXIS2_PLACEMENT_2D('',#591,#592);
#591 = CARTESIAN_POINT('',(0.,0.));
#592 = DIRECTION('',(1.,0.));
#593 = ( GEOMETRIC_REPRESENTATION_CONTEXT(2) 
PARAMETRIC_REPRESENTATION_CONTEXT() REPRESENTATION_CONTEXT('2D SPACE',''
  ) );
#594 = ORIENTED_EDGE('',*,*,#538,.F.);
#595 = ORIENTED_EDGE('',*,*,#596,.F.);
#596 = EDGE_CURVE('',#597,#539,#599,.T.);
#597 = VERTEX_POINT('',#598);
#598 = CARTESIAN_POINT('',(38.,-6.490628035481E-15,655.));
#599 = SURFACE_CURVE('',#600,(#693,#789),.PCURVE_S1.);
#600 = B_SPLINE_CURVE_WITH_KNOTS('',6,(#601,#602,#603,#604,#605,#606,
    #607,#608,#609,#610,#611,#612,#613,#614,#615,#616,#617,#618,#619,
    #620,#621,#622,#623,#624,#625,#626,#627,#628,#629,#630,#631,#632,
    #633,#634,#635,#636,#637,#638,#639,#640,#641,#642,#643,#644,#645,
    #646,#647,#648,#649,#650,#651,#652,#653,#654,#655,#656,#657,#658,
    #659,#660,#661,#662,#663,#664,#665,#666,#667,#668,#669,#670,#671,
    #672,#673,#674,#675,#676,#677,#678,#679,#680,#681,#682,#683,#684,
    #685,#686,#687,#688,#689,#690,#691,#692),.UNSPECIFIED.,.F.,.F.,(7,5,
    5,5,5,5,5,5,5,5,5,5,5,5,5,5,5,5,7),(0.,7.737113598679E-02,
    0.125657874997,0.187572141763,0.237931229511,0.280470745465,
    0.315778351282,0.344748131672,0.369184848864,0.501219711383,
    0.630775610448,0.655138776849,0.683993399945,0.719200464523,
    0.761879752518,0.81215775185,0.874843306925,0.923007381319,1.),
  .UNSPECIFIED.);
#601 = CARTESIAN_POINT('',(38.,-1.836970198721E-15,655.));
#602 = CARTESIAN_POINT('',(38.,0.750507073978,655.));
#603 = CARTESIAN_POINT('',(37.982212832065,1.499588430135,
    655.04506098189));
#604 = CARTESIAN_POINT('',(37.946765090637,2.240820885326,655.1348611939
    ));
#605 = CARTESIAN_POINT('',(37.894735912703,2.967848171029,655.2675273077
    ));
#606 = CARTESIAN_POINT('',(37.828126089802,3.674582185984,
    655.43965559723));
#607 = CARTESIAN_POINT('',(37.700554261788,4.780286994943,
    655.77516220531));
#608 = CARTESIAN_POINT('',(37.646821811784,5.19560039529,655.91766416302
    ));
#609 = CARTESIAN_POINT('',(37.588893086774,5.600848011862,
    656.07286719746));
#610 = CARTESIAN_POINT('',(37.527302350529,5.995595619775,656.2398782795
    ));
#611 = CARTESIAN_POINT('',(37.462592769008,6.379462843458,
    656.41778294186));
#612 = CARTESIAN_POINT('',(37.309027231493,7.22995537949,656.84651793225
    ));
#613 = CARTESIAN_POINT('',(37.218494153783,7.689453769188,
    657.10380508341));
#614 = CARTESIAN_POINT('',(37.124711796754,8.130641071407,
    657.37590227104));
#615 = CARTESIAN_POINT('',(37.028618108299,8.553611542154,
    657.66135135184));
#616 = CARTESIAN_POINT('',(36.931074298438,8.958528967973,
    657.95883422856));
#617 = CARTESIAN_POINT('',(36.752968691677,9.660476480943,
    658.51796091275));
#618 = CARTESIAN_POINT('',(36.67262010737,9.963597142427,658.77597904276
    ));
#619 = CARTESIAN_POINT('',(36.592209997635,10.255172660293,
    659.04065205733));
#620 = CARTESIAN_POINT('',(36.512103900763,10.535390161345,
    659.31146912002));
#621 = CARTESIAN_POINT('',(36.432634791153,10.804438396796,
    659.5879812925));
#622 = CARTESIAN_POINT('',(36.287768195146,11.28050543317,
    660.10786207052));
#623 = CARTESIAN_POINT('',(36.222101737152,11.490669677638,
    660.34971097584));
#624 = CARTESIAN_POINT('',(36.157289155852,11.693107011329,
    660.59510700532));
#625 = CARTESIAN_POINT('',(36.09350164761,11.887919012666,
    660.84383152004));
#626 = CARTESIAN_POINT('',(36.030897626731,12.075202516042,
    661.09568864603));
#627 = CARTESIAN_POINT('',(35.918764834578,12.404321887784,
    661.5620019229));
#628 = CARTESIAN_POINT('',(35.868823855075,12.548468040919,
    661.77553246968));
#629 = CARTESIAN_POINT('',(35.819884327582,12.687537396631,
    661.99099342275));
#630 = CARTESIAN_POINT('',(35.772026332925,12.82157488073,
    662.20828635341));
#631 = CARTESIAN_POINT('',(35.725325492124,12.950621019427,
    662.42731789605));
#632 = CARTESIAN_POINT('',(35.642542900939,13.176528151864,
    662.82906851907));
#633 = CARTESIAN_POINT('',(35.606059827855,13.275008405929,
    663.01124792103));
#634 = CARTESIAN_POINT('',(35.570443133356,13.370172606842,
    663.1944889119));
#635 = CARTESIAN_POINT('',(35.53573034504,13.462038846964,
    663.37874374386));
#636 = CARTESIAN_POINT('',(35.501957131894,13.550623405697,
    663.5639659633));
#637 = CARTESIAN_POINT('',(35.441489848744,13.707908012399,
    663.90712779795));
#638 = CARTESIAN_POINT('',(35.414514997093,13.77755055971,
    664.06480127408));
#639 = CARTESIAN_POINT('',(35.388253056602,13.844877077194,
    664.22310366307));
#640 = CARTESIAN_POINT('',(35.362723395245,13.909895468908,
    664.38200814718));
#641 = CARTESIAN_POINT('',(35.337944441704,13.9726128572,664.54148826703
    ));
#642 = CARTESIAN_POINT('',(35.184200346508,14.35950767766,665.5661796224
    ));
#643 = CARTESIAN_POINT('',(35.076836633787,14.619133471383,
    666.44726320163));
#644 = CARTESIAN_POINT('',(34.994712807906,14.812618398367,
    667.34016343957));
#645 = CARTESIAN_POINT('',(34.939754605144,14.940472137532,
    668.24079105233));
#646 = CARTESIAN_POINT('',(34.912920744475,15.002932242136,
    669.14533064628));
#647 = CARTESIAN_POINT('',(34.91548753557,14.996957708981,
    670.93768394275));
#648 = CARTESIAN_POINT('',(34.943841073276,14.930960395798,
    671.8249578923));
#649 = CARTESIAN_POINT('',(34.999220384495,14.801990082211,
    672.70825423344));
#650 = CARTESIAN_POINT('',(35.080686048348,14.609813613744,
    673.58396622628));
#651 = CARTESIAN_POINT('',(35.186404108371,14.353944087376,
    674.4482280762));
#652 = CARTESIAN_POINT('',(35.337597114813,13.973490235692,
    675.45624916791));
#653 = CARTESIAN_POINT('',(35.362292514793,13.910988999318,
    675.61525830498));
#654 = CARTESIAN_POINT('',(35.387734316804,13.846200599761,
    675.77369552391));
#655 = CARTESIAN_POINT('',(35.413904265354,13.779117985011,
    675.93153460522));
#656 = CARTESIAN_POINT('',(35.44078317681,13.709733331116,
    676.08874897609));
#657 = CARTESIAN_POINT('',(35.501000940043,13.553125411963,
    676.43073747213));
#658 = CARTESIAN_POINT('',(35.534617178712,13.464971641,676.61524903891)
  );
#659 = CARTESIAN_POINT('',(35.569166267298,13.373562454214,
    676.79880179493));
#660 = CARTESIAN_POINT('',(35.604612988767,13.278881793562,
    676.98134985519));
#661 = CARTESIAN_POINT('',(35.640920297149,13.180911818038,
    677.16284606547));
#662 = CARTESIAN_POINT('',(35.72335241557,12.956057098643,
    677.56335270619));
#663 = CARTESIAN_POINT('',(35.769878752591,12.827555073644,
    677.78182479423));
#664 = CARTESIAN_POINT('',(35.817557850552,12.694091094878,
    677.99857077654));
#665 = CARTESIAN_POINT('',(35.866314827453,12.555625078566,
    678.21349818156));
#666 = CARTESIAN_POINT('',(35.916070397353,12.41211259095,
    678.42650955606));
#667 = CARTESIAN_POINT('',(36.028165466147,12.083357121609,
    678.89327576637));
#668 = CARTESIAN_POINT('',(36.090932625404,11.895726603534,
    679.14607569464));
#669 = CARTESIAN_POINT('',(36.15489552634,11.700520480788,
    679.39572781708));
#670 = CARTESIAN_POINT('',(36.21989441283,11.497641122515,
    679.64203467721));
#671 = CARTESIAN_POINT('',(36.285756594419,11.286986080282,
    679.88477579497));
#672 = CARTESIAN_POINT('',(36.430683195181,10.811001126303,
    680.40517947782));
#673 = CARTESIAN_POINT('',(36.51001045645,10.542613376615,
    680.68136599198));
#674 = CARTESIAN_POINT('',(36.589978115349,10.263095244754,
    680.95188279637));
#675 = CARTESIAN_POINT('',(36.670255203883,9.972258883068,
    681.21628388733));
#676 = CARTESIAN_POINT('',(36.750478433442,9.669917975698,
    681.47406182886));
#677 = CARTESIAN_POINT('',(36.929709150415,8.964360942503,
    682.03707338317));
#678 = CARTESIAN_POINT('',(37.028490628545,8.554568723011,
    682.33839535004));
#679 = CARTESIAN_POINT('',(37.125790874875,8.126270352059,
    682.62738943335));
#680 = CARTESIAN_POINT('',(37.220715795535,7.679296745763,
    682.90268712249));
#681 = CARTESIAN_POINT('',(37.312290762877,7.213552090162,
    683.16277297177));
#682 = CARTESIAN_POINT('',(37.46645345284,6.356725006701,683.59284985598
    ));
#683 = CARTESIAN_POINT('',(37.530851698309,5.973286287052,
    683.76978138855));
#684 = CARTESIAN_POINT('',(37.592126522383,5.579030819666,
    683.93584033085));
#685 = CARTESIAN_POINT('',(37.649737939863,5.174343128413,684.0901168483
    ));
#686 = CARTESIAN_POINT('',(37.703155441447,4.759661239075,
    684.23172367673));
#687 = CARTESIAN_POINT('',(37.829740910884,3.657397715457,684.5645166552
    ));
#688 = CARTESIAN_POINT('',(37.895744855971,2.953715141954,684.7350454196
    ));
#689 = CARTESIAN_POINT('',(37.947282248773,2.230000446288,
    684.86644890933));
#690 = CARTESIAN_POINT('',(37.982386866877,1.492276156939,
    684.95537991681));
#691 = CARTESIAN_POINT('',(38.,0.746826427754,685.));
#692 = CARTESIAN_POINT('',(38.,2.755455298082E-15,685.));
#693 = PCURVE('',#549,#694);
#694 = DEFINITIONAL_REPRESENTATION('',(#695),#788);
#695 = B_SPLINE_CURVE_WITH_KNOTS('',6,(#696,#697,#698,#699,#700,#701,
    #702,#703,#704,#705,#706,#707,#708,#709,#710,#711,#712,#713,#714,
    #715,#716,#717,#718,#719,#720,#721,#722,#723,#724,#725,#726,#727,
    #728,#729,#730,#731,#732,#733,#734,#735,#736,#737,#738,#739,#740,
    #741,#742,#743,#744,#745,#746,#747,#748,#749,#750,#751,#752,#753,
    #754,#755,#756,#757,#758,#759,#760,#761,#762,#763,#764,#765,#766,
    #767,#768,#769,#770,#771,#772,#773,#774,#775,#776,#777,#778,#779,
    #780,#781,#782,#783,#784,#785,#786,#787),.UNSPECIFIED.,.F.,.F.,(7,5,
    5,5,5,5,5,5,5,5,5,5,5,5,5,5,5,5,7),(0.,7.737113598679E-02,
    0.125657874997,0.187572141763,0.237931229511,0.280470745465,
    0.315778351282,0.344748131672,0.369184848864,0.501219711383,
    0.630775610448,0.655138776849,0.683993399945,0.719200464523,
    0.761879752518,0.81215775185,0.874843306925,0.923007381319,1.),
  .UNSPECIFIED.);
#696 = CARTESIAN_POINT('',(0.,75.));
#697 = CARTESIAN_POINT('',(1.975018615732E-02,75.));
#698 = CARTESIAN_POINT('',(3.946285709243E-02,75.045060981898));
#699 = CARTESIAN_POINT('',(5.898282321444E-02,75.134861193909));
#700 = CARTESIAN_POINT('',(7.815650883462E-02,75.267527307706));
#701 = CARTESIAN_POINT('',(9.683312039932E-02,75.439655597232));
#702 = CARTESIAN_POINT('',(0.126123642628,75.775162205318));
#703 = CARTESIAN_POINT('',(0.137142984349,75.917664163025));
#704 = CARTESIAN_POINT('',(0.147914410377,76.072867197464));
#705 = CARTESIAN_POINT('',(0.158426975195,76.239878279503));
#706 = CARTESIAN_POINT('',(0.168670576598,76.417782941866));
#707 = CARTESIAN_POINT('',(0.191413873807,76.846517932252));
#708 = CARTESIAN_POINT('',(0.203736846974,77.103805083417));
#709 = CARTESIAN_POINT('',(0.215604565492,77.375902271047));
#710 = CARTESIAN_POINT('',(0.227017504731,77.661351351844));
#711 = CARTESIAN_POINT('',(0.237977250452,77.958834228566));
#712 = CARTESIAN_POINT('',(0.257034895877,78.51796091275));
#713 = CARTESIAN_POINT('',(0.265286771254,78.775979042766));
#714 = CARTESIAN_POINT('',(0.273245679623,79.040652057334));
#715 = CARTESIAN_POINT('',(0.28091476692,79.311469120021));
#716 = CARTESIAN_POINT('',(0.288297131713,79.587981292506));
#717 = CARTESIAN_POINT('',(0.30139240781,80.107862070524));
#718 = CARTESIAN_POINT('',(0.307186574371,80.349710975841));
#719 = CARTESIAN_POINT('',(0.312780043818,80.59510700532));
#720 = CARTESIAN_POINT('',(0.318174331028,80.843831520049));
#721 = CARTESIAN_POINT('',(0.323370826962,81.095688646031));
#722 = CARTESIAN_POINT('',(0.332520752561,81.562001922906));
#723 = CARTESIAN_POINT('',(0.336535236152,81.775532469685));
#724 = CARTESIAN_POINT('',(0.340414884283,81.990993422752));
#725 = CARTESIAN_POINT('',(0.344160226602,82.208286353415));
#726 = CARTESIAN_POINT('',(0.347771687562,82.427317896054));
#727 = CARTESIAN_POINT('',(0.354103191581,82.829068519077));
#728 = CARTESIAN_POINT('',(0.356866880891,83.011247921032));
#729 = CARTESIAN_POINT('',(0.359540829913,83.194488911909));
#730 = CARTESIAN_POINT('',(0.362125175583,83.378743743867));
#731 = CARTESIAN_POINT('',(0.364620016216,83.563965963306));
#732 = CARTESIAN_POINT('',(0.369054421166,83.907127797959));
#733 = CARTESIAN_POINT('',(0.371019788336,84.064801274083));
#734 = CARTESIAN_POINT('',(0.372921549112,84.223103663078));
#735 = CARTESIAN_POINT('',(0.374759725429,84.382008147184));
#736 = CARTESIAN_POINT('',(0.376534325062,84.541488267034));
#737 = CARTESIAN_POINT('',(0.387490193755,85.566179622407));
#738 = CARTESIAN_POINT('',(0.394882884961,86.447263201634));
#739 = CARTESIAN_POINT('',(0.400414199361,87.340163439572));
#740 = CARTESIAN_POINT('',(0.40407644631,88.240791052339));
#741 = CARTESIAN_POINT('',(0.405865401042,89.145330646288));
#742 = CARTESIAN_POINT('',(0.405694280685,90.937683942751));
#743 = CARTESIAN_POINT('',(0.403804014338,91.8249578923));
#744 = CARTESIAN_POINT('',(0.400110395814,92.708254233446));
#745 = CARTESIAN_POINT('',(0.394617554642,93.583966226281));
#746 = CARTESIAN_POINT('',(0.387332716106,94.448228076202));
#747 = CARTESIAN_POINT('',(0.37655915729,95.456249167912));
#748 = CARTESIAN_POINT('',(0.374790655844,95.615258304983));
#749 = CARTESIAN_POINT('',(0.372958958193,95.773695523912));
#750 = CARTESIAN_POINT('',(0.371064056744,95.931534605221));
#751 = CARTESIAN_POINT('',(0.369105929932,96.088748976095));
#752 = CARTESIAN_POINT('',(0.364690502797,96.430737472133));
#753 = CARTESIAN_POINT('',(0.362207726409,96.615249038915));
#754 = CARTESIAN_POINT('',(0.359636154452,96.798801794935));
#755 = CARTESIAN_POINT('',(0.356975690375,96.981349855193));
#756 = CARTESIAN_POINT('',(0.35422619967,97.162846065471));
#757 = CARTESIAN_POINT('',(0.347923873066,97.563352706191));
#758 = CARTESIAN_POINT('',(0.344327438657,97.781824794232));
#759 = CARTESIAN_POINT('',(0.340597892049,97.998570776548));
#760 = CARTESIAN_POINT('',(0.336734814715,98.213498181566));
#761 = CARTESIAN_POINT('',(0.332737684197,98.426509556065));
#762 = CARTESIAN_POINT('',(0.323597143203,98.89327576637));
#763 = CARTESIAN_POINT('',(0.318390625552,99.146075694642));
#764 = CARTESIAN_POINT('',(0.312985046297,99.395727817083));
#765 = CARTESIAN_POINT('',(0.307379004949,99.642034677213));
#766 = CARTESIAN_POINT('',(0.301570975393,99.884775794973));
#767 = CARTESIAN_POINT('',(0.288477305927,100.40517947782));
#768 = CARTESIAN_POINT('',(0.281112665941,100.68136599198));
#769 = CARTESIAN_POINT('',(0.273462272121,100.95188279637));
#770 = CARTESIAN_POINT('',(0.265523041467,101.21628388733));
#771 = CARTESIAN_POINT('',(0.257291842359,101.47406182886));
#772 = CARTESIAN_POINT('',(0.238134844531,102.03707338317));
#773 = CARTESIAN_POINT('',(0.227042782051,102.33839535004));
#774 = CARTESIAN_POINT('',(0.215486140621,102.62738943335));
#775 = CARTESIAN_POINT('',(0.203463302288,102.90268712249));
#776 = CARTESIAN_POINT('',(0.190973819612,103.16277297177));
#777 = CARTESIAN_POINT('',(0.168063679816,103.59284985598));
#778 = CARTESIAN_POINT('',(0.157832555758,103.76978138855));
#779 = CARTESIAN_POINT('',(0.147334062412,103.93584033085));
#780 = CARTESIAN_POINT('',(0.136578396616,104.0901168483));
#781 = CARTESIAN_POINT('',(0.125576592425,104.23172367673));
#782 = CARTESIAN_POINT('',(9.637900452964E-02,104.5645166552));
#783 = CARTESIAN_POINT('',(7.778378536707E-02,104.7350454196));
#784 = CARTESIAN_POINT('',(5.869787242372E-02,104.86644890933));
#785 = CARTESIAN_POINT('',(3.927042864207E-02,104.95537991681));
#786 = CARTESIAN_POINT('',(1.965332704615E-02,105.));
#787 = CARTESIAN_POINT('',(0.,105.));
#788 = ( GEOMETRIC_REPRESENTATION_CONTEXT(2) 
PARAMETRIC_REPRESENTATION_CONTEXT() REPRESENTATION_CONTEXT('2D SPACE',''
  ) );
#789 = PCURVE('',#790,#795);
#790 = CYLINDRICAL_SURFACE('',#791,15.);
#791 = AXIS2_PLACEMENT_3D('',#792,#793,#794);
#792 = CARTESIAN_POINT('',(31.,0.,670.));
#793 = DIRECTION('',(1.,0.,2.22044604925E-16));
#794 = DIRECTION('',(2.22044604925E-16,0.,-1.));
#795 = DEFINITIONAL_REPRESENTATION('',(#796),#889);
#796 = B_SPLINE_CURVE_WITH_KNOTS('',6,(#797,#798,#799,#800,#801,#802,
    #803,#804,#805,#806,#807,#808,#809,#810,#811,#812,#813,#814,#815,
    #816,#817,#818,#819,#820,#821,#822,#823,#824,#825,#826,#827,#828,
    #829,#830,#831,#832,#833,#834,#835,#836,#837,#838,#839,#840,#841,
    #842,#843,#844,#845,#846,#847,#848,#849,#850,#851,#852,#853,#854,
    #855,#856,#857,#858,#859,#860,#861,#862,#863,#864,#865,#866,#867,
    #868,#869,#870,#871,#872,#873,#874,#875,#876,#877,#878,#879,#880,
    #881,#882,#883,#884,#885,#886,#887,#888),.UNSPECIFIED.,.F.,.F.,(7,5,
    5,5,5,5,5,5,5,5,5,5,5,5,5,5,5,5,7),(0.,7.737113598679E-02,
    0.125657874997,0.187572141763,0.237931229511,0.280470745465,
    0.315778351282,0.344748131672,0.369184848864,0.501219711383,
    0.630775610448,0.655138776849,0.683993399945,0.719200464523,
    0.761879752518,0.81215775185,0.874843306925,0.923007381319,1.),
  .UNSPECIFIED.);
#797 = CARTESIAN_POINT('',(0.,7.));
#798 = CARTESIAN_POINT('',(5.003380493188E-02,7.));
#799 = CARTESIAN_POINT('',(9.99725576716E-02,6.982212832065));
#800 = CARTESIAN_POINT('',(0.14961353514,6.946765090637));
#801 = CARTESIAN_POINT('',(0.19875403036,6.894735912703));
#802 = CARTESIAN_POINT('',(0.247171713465,6.828126089802));
#803 = CARTESIAN_POINT('',(0.324204110939,6.700554261788));
#804 = CARTESIAN_POINT('',(0.353457283531,6.646821811784));
#805 = CARTESIAN_POINT('',(0.382360843726,6.588893086774));
#806 = CARTESIAN_POINT('',(0.41091104417,6.527302350529));
#807 = CARTESIAN_POINT('',(0.439101659262,6.462592769008));
#808 = CARTESIAN_POINT('',(0.502597984469,6.309027231493));
#809 = CARTESIAN_POINT('',(0.53767320472,6.218494153783));
#810 = CARTESIAN_POINT('',(0.572184447114,6.124711796754));
#811 = CARTESIAN_POINT('',(0.606161765263,6.028618108299));
#812 = CARTESIAN_POINT('',(0.639632815173,5.931074298438));
#813 = CARTESIAN_POINT('',(0.699460455011,5.752968691677));
#814 = CARTESIAN_POINT('',(0.725984030761,5.67262010737));
#815 = CARTESIAN_POINT('',(0.752216763016,5.592209997635));
#816 = CARTESIAN_POINT('',(0.778177976128,5.512103900763));
#817 = CARTESIAN_POINT('',(0.803886550391,5.432634791153));
#818 = CARTESIAN_POINT('',(0.850881389185,5.287768195146));
#819 = CARTESIAN_POINT('',(0.872234606006,5.222101737152));
#820 = CARTESIAN_POINT('',(0.893432155287,5.157289155852));
#821 = CARTESIAN_POINT('',(0.914484533912,5.09350164761));
#822 = CARTESIAN_POINT('',(0.935402053361,5.030897626731));
#823 = CARTESIAN_POINT('',(0.973452758306,4.918764834578));
#824 = CARTESIAN_POINT('',(0.990624414213,4.868823855075));
#825 = CARTESIAN_POINT('',(1.007715268117,4.819884327582));
#826 = CARTESIAN_POINT('',(1.024730512005,4.772026332925));
#827 = CARTESIAN_POINT('',(1.041675069155,4.725325492124));
#828 = CARTESIAN_POINT('',(1.072402371208,4.642542900939));
#829 = CARTESIAN_POINT('',(1.086206687378,4.606059827855));
#830 = CARTESIAN_POINT('',(1.099969109469,4.570443133356));
#831 = CARTESIAN_POINT('',(1.113692091841,4.53573034504));
#832 = CARTESIAN_POINT('',(1.127377976391,4.501957131894));
#833 = CARTESIAN_POINT('',(1.152543958039,4.441489848744));
#834 = CARTESIAN_POINT('',(1.164034112642,4.414514997093));
#835 = CARTESIAN_POINT('',(1.175500793848,4.388253056602));
#836 = CARTESIAN_POINT('',(1.186945288577,4.362723395245));
#837 = CARTESIAN_POINT('',(1.198368833189,4.337944441704));
#838 = CARTESIAN_POINT('',(1.27138876885,4.184200346508));
#839 = CARTESIAN_POINT('',(1.33245500397,4.076836633787));
#840 = CARTESIAN_POINT('',(1.393121684301,3.994712807906));
#841 = CARTESIAN_POINT('',(1.453529602631,3.939754605144));
#842 = CARTESIAN_POINT('',(1.513818040989,3.912920744475));
#843 = CARTESIAN_POINT('',(1.633308924591,3.91548753557));
#844 = CARTESIAN_POINT('',(1.692474870879,3.943841073276));
#845 = CARTESIAN_POINT('',(1.751762629655,3.999220384495));
#846 = CARTESIAN_POINT('',(1.811304312495,4.080686048348));
#847 = CARTESIAN_POINT('',(1.871233494607,4.186404108371));
#848 = CARTESIAN_POINT('',(1.943062045248,4.337597114813));
#849 = CARTESIAN_POINT('',(1.954451105294,4.362292514793));
#850 = CARTESIAN_POINT('',(1.965860977504,4.387734316804));
#851 = CARTESIAN_POINT('',(1.97729288673,4.413904265354));
#852 = CARTESIAN_POINT('',(1.988748107764,4.44078317681));
#853 = CARTESIAN_POINT('',(2.013824185054,4.501000940043));
#854 = CARTESIAN_POINT('',(2.027454961164,4.534617178712));
#855 = CARTESIAN_POINT('',(2.041122495403,4.569166267298));
#856 = CARTESIAN_POINT('',(2.054829100142,4.604612988767));
#857 = CARTESIAN_POINT('',(2.068577198382,4.640920297149));
#858 = CARTESIAN_POINT('',(2.099197831519,4.72335241557));
#859 = CARTESIAN_POINT('',(2.116091875544,4.769878752591));
#860 = CARTESIAN_POINT('',(2.133056065573,4.817557850552));
#861 = CARTESIAN_POINT('',(2.150095277057,4.866314827453));
#862 = CARTESIAN_POINT('',(2.167214651157,4.916070397353));
#863 = CARTESIAN_POINT('',(2.205276054979,5.028165466147));
#864 = CARTESIAN_POINT('',(2.226257766196,5.090932625404));
#865 = CARTESIAN_POINT('',(2.247374945297,5.15489552634));
#866 = CARTESIAN_POINT('',(2.268637996221,5.21989441283));
#867 = CARTESIAN_POINT('',(2.290057509938,5.285756594419));
#868 = CARTESIAN_POINT('',(2.337074370722,5.430683195181));
#869 = CARTESIAN_POINT('',(2.362736745591,5.51001045645));
#870 = CARTESIAN_POINT('',(2.388650628567,5.589978115349));
#871 = CARTESIAN_POINT('',(2.414834807002,5.670255203883));
#872 = CARTESIAN_POINT('',(2.441308508589,5.750478433442));
#873 = CARTESIAN_POINT('',(2.501485755577,5.929709150415));
#874 = CARTESIAN_POINT('',(2.535369307506,6.028490628545));
#875 = CARTESIAN_POINT('',(2.569771695552,6.125790874875));
#876 = CARTESIAN_POINT('',(2.60472152485,6.220715795535));
#877 = CARTESIAN_POINT('',(2.640249926735,6.312290762877));
#878 = CARTESIAN_POINT('',(2.704163715103,6.46645345284));
#879 = CARTESIAN_POINT('',(2.732301255763,6.530851698309));
#880 = CARTESIAN_POINT('',(2.760796682949,6.592126522383));
#881 = CARTESIAN_POINT('',(2.789643483235,6.649737939863));
#882 = CARTESIAN_POINT('',(2.818837616727,6.703155441447));
#883 = CARTESIAN_POINT('',(2.895598024404,6.829740910884));
#884 = CARTESIAN_POINT('',(2.943793838527,6.895744855971));
#885 = CARTESIAN_POINT('',(2.992703782806,6.947282248773));
#886 = CARTESIAN_POINT('',(3.042107580536,6.982386866877));
#887 = CARTESIAN_POINT('',(3.091804225073,7.));
#888 = CARTESIAN_POINT('',(3.14159265359,7.));
#889 = ( GEOMETRIC_REPRESENTATION_CONTEXT(2) 
PARAMETRIC_REPRESENTATION_CONTEXT() REPRESENTATION_CONTEXT('2D SPACE',''
  ) );
#890 = ORIENTED_EDGE('',*,*,#891,.F.);
#891 = EDGE_CURVE('',#892,#597,#894,.T.);
#892 = VERTEX_POINT('',#893);
#893 = CARTESIAN_POINT('',(38.,-9.30731567352E-15,580.));
#894 = SEAM_CURVE('',#895,(#899,#906),.PCURVE_S1.);
#895 = LINE('',#896,#897);
#896 = CARTESIAN_POINT('',(38.,-9.30731567352E-15,580.));
#897 = VECTOR('',#898,1.);
#898 = DIRECTION('',(0.,0.,1.));
#899 = PCURVE('',#549,#900);
#900 = DEFINITIONAL_REPRESENTATION('',(#901),#905);
#901 = LINE('',#902,#903);
#902 = CARTESIAN_POINT('',(6.28318530718,-0.));
#903 = VECTOR('',#904,1.);
#904 = DIRECTION('',(0.,1.));
#905 = ( GEOMETRIC_REPRESENTATION_CONTEXT(2) 
PARAMETRIC_REPRESENTATION_CONTEXT() REPRESENTATION_CONTEXT('2D SPACE',''
  ) );
#906 = PCURVE('',#549,#907);
#907 = DEFINITIONAL_REPRESENTATION('',(#908),#912);
#908 = LINE('',#909,#910);
#909 = CARTESIAN_POINT('',(0.,-0.));
#910 = VECTOR('',#911,1.);
#911 = DIRECTION('',(0.,1.));
#912 = ( GEOMETRIC_REPRESENTATION_CONTEXT(2) 
PARAMETRIC_REPRESENTATION_CONTEXT() REPRESENTATION_CONTEXT('2D SPACE',''
  ) );
#913 = ORIENTED_EDGE('',*,*,#914,.T.);
#914 = EDGE_CURVE('',#892,#892,#915,.T.);
#915 = SURFACE_CURVE('',#916,(#921,#928),.PCURVE_S1.);
#916 = CIRCLE('',#917,38.);
#917 = AXIS2_PLACEMENT_3D('',#918,#919,#920);
#918 = CARTESIAN_POINT('',(0.,0.,580.));
#919 = DIRECTION('',(0.,0.,1.));
#920 = DIRECTION('',(1.,0.,-0.));
#921 = PCURVE('',#549,#922);
#922 = DEFINITIONAL_REPRESENTATION('',(#923),#927);
#923 = LINE('',#924,#925);
#924 = CARTESIAN_POINT('',(0.,0.));
#925 = VECTOR('',#926,1.);
#926 = DIRECTION('',(1.,0.));
#927 = ( GEOMETRIC_REPRESENTATION_CONTEXT(2) 
PARAMETRIC_REPRESENTATION_CONTEXT() REPRESENTATION_CONTEXT('2D SPACE',''
  ) );
#928 = PCURVE('',#929,#934);
#929 = CONICAL_SURFACE('',#930,12.,0.714090698612);
#930 = AXIS2_PLACEMENT_3D('',#931,#932,#933);
#931 = CARTESIAN_POINT('',(0.,0.,550.));
#932 = DIRECTION('',(0.,0.,1.));
#933 = DIRECTION('',(1.,0.,-0.));
#934 = DEFINITIONAL_REPRESENTATION('',(#935),#938);
#935 = B_SPLINE_CURVE_WITH_KNOTS('',1,(#936,#937),.UNSPECIFIED.,.F.,.F.,
  (2,2),(0.,6.28318530718),.PIECEWISE_BEZIER_KNOTS.);
#936 = CARTESIAN_POINT('',(0.,30.));
#937 = CARTESIAN_POINT('',(6.28318530718,30.));
#938 = ( GEOMETRIC_REPRESENTATION_CONTEXT(2) 
PARAMETRIC_REPRESENTATION_CONTEXT() REPRESENTATION_CONTEXT('2D SPACE',''
  ) );
#939 = ORIENTED_EDGE('',*,*,#891,.T.);
#940 = ORIENTED_EDGE('',*,*,#941,.F.);
#941 = EDGE_CURVE('',#539,#597,#942,.T.);
#942 = SURFACE_CURVE('',#943,(#1036,#1132),.PCURVE_S1.);
#943 = B_SPLINE_CURVE_WITH_KNOTS('',6,(#944,#945,#946,#947,#948,#949,
    #950,#951,#952,#953,#954,#955,#956,#957,#958,#959,#960,#961,#962,
    #963,#964,#965,#966,#967,#968,#969,#970,#971,#972,#973,#974,#975,
    #976,#977,#978,#979,#980,#981,#982,#983,#984,#985,#986,#987,#988,
    #989,#990,#991,#992,#993,#994,#995,#996,#997,#998,#999,#1000,#1001,
    #1002,#1003,#1004,#1005,#1006,#1007,#1008,#1009,#1010,#1011,#1012,
    #1013,#1014,#1015,#1016,#1017,#1018,#1019,#1020,#1021,#1022,#1023,
    #1024,#1025,#1026,#1027,#1028,#1029,#1030,#1031,#1032,#1033,#1034,
    #1035),.UNSPECIFIED.,.F.,.F.,(7,5,5,5,5,5,5,5,5,5,5,5,5,5,5,5,5,5,7)
  ,(0.,7.737113599598E-02,0.125657875011,0.187572141786,0.237931229543,
    0.280470745504,0.315778351328,0.344748131723,0.369184848919,
    0.50121971146,0.630775610546,0.65513877695,0.68399340005,
    0.719200464633,0.761879752634,0.812157751973,0.874843307053,
    0.923007381441,1.),.UNSPECIFIED.);
#944 = CARTESIAN_POINT('',(38.,-1.7763568394E-15,685.));
#945 = CARTESIAN_POINT('',(38.,-0.750507073977,685.));
#946 = CARTESIAN_POINT('',(37.982212832065,-1.499588430135,
    684.9549390181));
#947 = CARTESIAN_POINT('',(37.946765090638,-2.240820885327,
    684.86513880609));
#948 = CARTESIAN_POINT('',(37.894735912703,-2.967848171029,
    684.73247269229));
#949 = CARTESIAN_POINT('',(37.828126089802,-3.674582185984,
    684.56034440276));
#950 = CARTESIAN_POINT('',(37.700554261789,-4.780286994936,
    684.22483779468));
#951 = CARTESIAN_POINT('',(37.646821811784,-5.195600395292,
    684.08233583697));
#952 = CARTESIAN_POINT('',(37.588893086773,-5.600848011867,
    683.92713280253));
#953 = CARTESIAN_POINT('',(37.527302350529,-5.995595619776,
    683.76012172049));
#954 = CARTESIAN_POINT('',(37.462592769009,-6.379462843454,
    683.58221705813));
#955 = CARTESIAN_POINT('',(37.309027231489,-7.229955379512,
    683.15348206773));
#956 = CARTESIAN_POINT('',(37.218494153784,-7.689453769182,
    682.89619491658));
#957 = CARTESIAN_POINT('',(37.124711796758,-8.130641071388,
    682.62409772896));
#958 = CARTESIAN_POINT('',(37.0286181083,-8.55361154215,682.33864864816)
  );
#959 = CARTESIAN_POINT('',(36.931074298434,-8.95852896799,
    682.04116577142));
#960 = CARTESIAN_POINT('',(36.752968691677,-9.660476480944,
    681.48203908725));
#961 = CARTESIAN_POINT('',(36.67262010737,-9.963597142426,
    681.22402095723));
#962 = CARTESIAN_POINT('',(36.592209997635,-10.25517266029,
    680.95934794266));
#963 = CARTESIAN_POINT('',(36.512103900763,-10.53539016134,
    680.68853087997));
#964 = CARTESIAN_POINT('',(36.432634791153,-10.80443839679,
    680.41201870749));
#965 = CARTESIAN_POINT('',(36.287768195146,-11.28050543317,
    679.89213792947));
#966 = CARTESIAN_POINT('',(36.222101737152,-11.49066967763,
    679.65028902415));
#967 = CARTESIAN_POINT('',(36.157289155852,-11.69310701133,
    679.40489299468));
#968 = CARTESIAN_POINT('',(36.09350164761,-11.88791901266,
    679.15616847995));
#969 = CARTESIAN_POINT('',(36.030897626731,-12.07520251604,
    678.90431135396));
#970 = CARTESIAN_POINT('',(35.918764834578,-12.40432188778,
    678.43799807709));
#971 = CARTESIAN_POINT('',(35.868823855075,-12.54846804091,
    678.22446753031));
#972 = CARTESIAN_POINT('',(35.819884327582,-12.68753739663,
    678.00900657724));
#973 = CARTESIAN_POINT('',(35.772026332924,-12.82157488073,
    677.79171364658));
#974 = CARTESIAN_POINT('',(35.725325492124,-12.95062101942,
    677.57268210394));
#975 = CARTESIAN_POINT('',(35.642542900939,-13.17652815186,
    677.17093148092));
#976 = CARTESIAN_POINT('',(35.606059827855,-13.27500840592,
    676.98875207896));
#977 = CARTESIAN_POINT('',(35.570443133356,-13.37017260684,
    676.80551108809));
#978 = CARTESIAN_POINT('',(35.53573034504,-13.46203884696,
    676.62125625613));
#979 = CARTESIAN_POINT('',(35.501957131894,-13.55062340569,
    676.43603403669));
#980 = CARTESIAN_POINT('',(35.441489848744,-13.70790801239,
    676.09287220204));
#981 = CARTESIAN_POINT('',(35.414514997093,-13.77755055971,
    675.93519872591));
#982 = CARTESIAN_POINT('',(35.388253056602,-13.84487707719,
    675.77689633692));
#983 = CARTESIAN_POINT('',(35.362723395245,-13.9098954689,
    675.61799185281));
#984 = CARTESIAN_POINT('',(35.337944441704,-13.9726128572,
    675.45851173296));
#985 = CARTESIAN_POINT('',(35.184200346511,-14.35950767765,
    674.43382037761));
#986 = CARTESIAN_POINT('',(35.076836633786,-14.61913347138,
    673.55273679836));
#987 = CARTESIAN_POINT('',(34.994712807905,-14.81261839837,
    672.6598365604));
#988 = CARTESIAN_POINT('',(34.939754605145,-14.94047213753,
    671.75920894765));
#989 = CARTESIAN_POINT('',(34.912920744475,-15.00293224213,
    670.85466935372));
#990 = CARTESIAN_POINT('',(34.91548753557,-14.99695770898,
    669.06231605723));
#991 = CARTESIAN_POINT('',(34.943841073277,-14.93096039579,
    668.17504210772));
#992 = CARTESIAN_POINT('',(34.999220384492,-14.80199008221,
    667.29174576655));
#993 = CARTESIAN_POINT('',(35.080686048353,-14.60981361373,
    666.41603377369));
#994 = CARTESIAN_POINT('',(35.186404108368,-14.35394408738,
    665.55177192381));
#995 = CARTESIAN_POINT('',(35.337597114813,-13.97349023569,
    664.54375083208));
#996 = CARTESIAN_POINT('',(35.362292514793,-13.91098899931,
    664.38474169501));
#997 = CARTESIAN_POINT('',(35.387734316804,-13.84620059976,
    664.22630447608));
#998 = CARTESIAN_POINT('',(35.413904265354,-13.77911798501,
    664.06846539478));
#999 = CARTESIAN_POINT('',(35.44078317681,-13.70973333111,663.9112510239
    ));
#1000 = CARTESIAN_POINT('',(35.501000940043,-13.55312541196,
    663.56926252786));
#1001 = CARTESIAN_POINT('',(35.534617178712,-13.464971641,
    663.38475096108));
#1002 = CARTESIAN_POINT('',(35.569166267298,-13.37356245421,
    663.20119820506));
#1003 = CARTESIAN_POINT('',(35.604612988767,-13.27888179356,
    663.0186501448));
#1004 = CARTESIAN_POINT('',(35.640920297149,-13.18091181803,
    662.83715393453));
#1005 = CARTESIAN_POINT('',(35.723352415569,-12.95605709864,
    662.43664729381));
#1006 = CARTESIAN_POINT('',(35.769878752591,-12.82755507364,
    662.21817520576));
#1007 = CARTESIAN_POINT('',(35.817557850551,-12.69409109487,
    662.00142922345));
#1008 = CARTESIAN_POINT('',(35.866314827453,-12.55562507856,
    661.78650181843));
#1009 = CARTESIAN_POINT('',(35.916070397352,-12.41211259095,
    661.57349044393));
#1010 = CARTESIAN_POINT('',(36.028165466147,-12.08335712161,
    661.10672423363));
#1011 = CARTESIAN_POINT('',(36.090932625404,-11.89572660353,
    660.85392430535));
#1012 = CARTESIAN_POINT('',(36.15489552634,-11.70052048078,
    660.60427218291));
#1013 = CARTESIAN_POINT('',(36.21989441283,-11.49764112251,
    660.35796532278));
#1014 = CARTESIAN_POINT('',(36.285756594419,-11.28698608028,
    660.11522420502));
#1015 = CARTESIAN_POINT('',(36.43068319518,-10.8110011263,
    659.59482052218));
#1016 = CARTESIAN_POINT('',(36.51001045645,-10.54261337661,
    659.31863400801));
#1017 = CARTESIAN_POINT('',(36.589978115349,-10.26309524475,
    659.04811720362));
#1018 = CARTESIAN_POINT('',(36.670255203883,-9.972258883069,
    658.78371611266));
#1019 = CARTESIAN_POINT('',(36.750478433442,-9.669917975699,
    658.52593817113));
#1020 = CARTESIAN_POINT('',(36.92970915041,-8.964360942522,
    657.96292661684));
#1021 = CARTESIAN_POINT('',(37.028490628546,-8.554568723009,
    657.66160464994));
#1022 = CARTESIAN_POINT('',(37.125790874879,-8.126270352039,
    657.37261056663));
#1023 = CARTESIAN_POINT('',(37.220715795535,-7.679296745756,
    657.0973128775));
#1024 = CARTESIAN_POINT('',(37.312290762873,-7.213552090188,
    656.83722702824));
#1025 = CARTESIAN_POINT('',(37.466453452826,-6.356725006777,
    656.40715014405));
#1026 = CARTESIAN_POINT('',(37.530851698315,-5.973286287033,
    656.23021861142));
#1027 = CARTESIAN_POINT('',(37.592126522394,-5.579030819584,
    656.06415966911));
#1028 = CARTESIAN_POINT('',(37.649737939863,-5.174343128392,
    655.90988315169));
#1029 = CARTESIAN_POINT('',(37.703155441436,-4.759661239169,
    655.76827632329));
#1030 = CARTESIAN_POINT('',(37.82974091079,-3.657397716277,
    655.43548334504));
#1031 = CARTESIAN_POINT('',(37.895744856032,-2.953715141742,
    655.26495458023));
#1032 = CARTESIAN_POINT('',(37.947282248823,-2.230000445471,
    655.13355109054));
#1033 = CARTESIAN_POINT('',(37.982386866838,-1.492276156714,
    655.04462008327));
#1034 = CARTESIAN_POINT('',(38.,-0.746826428577,655.));
#1035 = CARTESIAN_POINT('',(38.,-7.105427357601E-15,655.));
#1036 = PCURVE('',#549,#1037);
#1037 = DEFINITIONAL_REPRESENTATION('',(#1038),#1131);
#1038 = B_SPLINE_CURVE_WITH_KNOTS('',6,(#1039,#1040,#1041,#1042,#1043,
    #1044,#1045,#1046,#1047,#1048,#1049,#1050,#1051,#1052,#1053,#1054,
    #1055,#1056,#1057,#1058,#1059,#1060,#1061,#1062,#1063,#1064,#1065,
    #1066,#1067,#1068,#1069,#1070,#1071,#1072,#1073,#1074,#1075,#1076,
    #1077,#1078,#1079,#1080,#1081,#1082,#1083,#1084,#1085,#1086,#1087,
    #1088,#1089,#1090,#1091,#1092,#1093,#1094,#1095,#1096,#1097,#1098,
    #1099,#1100,#1101,#1102,#1103,#1104,#1105,#1106,#1107,#1108,#1109,
    #1110,#1111,#1112,#1113,#1114,#1115,#1116,#1117,#1118,#1119,#1120,
    #1121,#1122,#1123,#1124,#1125,#1126,#1127,#1128,#1129,#1130),
  .UNSPECIFIED.,.F.,.F.,(7,5,5,5,5,5,5,5,5,5,5,5,5,5,5,5,5,5,7),(0.,
    7.737113599598E-02,0.125657875011,0.187572141786,0.237931229543,
    0.280470745504,0.315778351328,0.344748131723,0.369184848919,
    0.50121971146,0.630775610546,0.65513877695,0.68399340005,
    0.719200464633,0.761879752634,0.812157751973,0.874843307053,
    0.923007381441,1.),.UNSPECIFIED.);
#1039 = CARTESIAN_POINT('',(6.28318530718,105.));
#1040 = CARTESIAN_POINT('',(6.263435121022,105.));
#1041 = CARTESIAN_POINT('',(6.243722450087,104.9549390181));
#1042 = CARTESIAN_POINT('',(6.224202483965,104.86513880609));
#1043 = CARTESIAN_POINT('',(6.205028798345,104.73247269229));
#1044 = CARTESIAN_POINT('',(6.18635218678,104.56034440276));
#1045 = CARTESIAN_POINT('',(6.157061664552,104.22483779468));
#1046 = CARTESIAN_POINT('',(6.146042322831,104.08233583697));
#1047 = CARTESIAN_POINT('',(6.135270896802,103.92713280253));
#1048 = CARTESIAN_POINT('',(6.124758331985,103.76012172049));
#1049 = CARTESIAN_POINT('',(6.114514730582,103.58221705813));
#1050 = CARTESIAN_POINT('',(6.091771433372,103.15348206773));
#1051 = CARTESIAN_POINT('',(6.079448460205,102.89619491658));
#1052 = CARTESIAN_POINT('',(6.067580741688,102.62409772896));
#1053 = CARTESIAN_POINT('',(6.056167802449,102.33864864816));
#1054 = CARTESIAN_POINT('',(6.045208056727,102.04116577142));
#1055 = CARTESIAN_POINT('',(6.026150411303,101.48203908725));
#1056 = CARTESIAN_POINT('',(6.017898535926,101.22402095723));
#1057 = CARTESIAN_POINT('',(6.009939627556,100.95934794266));
#1058 = CARTESIAN_POINT('',(6.00227054026,100.68853087997));
#1059 = CARTESIAN_POINT('',(5.994888175467,100.41201870749));
#1060 = CARTESIAN_POINT('',(5.981792899369,99.892137929475));
#1061 = CARTESIAN_POINT('',(5.975998732808,99.650289024158));
#1062 = CARTESIAN_POINT('',(5.970405263361,99.40489299468));
#1063 = CARTESIAN_POINT('',(5.965010976151,99.156168479951));
#1064 = CARTESIAN_POINT('',(5.959814480217,98.904311353969));
#1065 = CARTESIAN_POINT('',(5.950664554619,98.437998077094));
#1066 = CARTESIAN_POINT('',(5.946650071028,98.224467530315));
#1067 = CARTESIAN_POINT('',(5.942770422897,98.009006577248));
#1068 = CARTESIAN_POINT('',(5.939025080577,97.791713646585));
#1069 = CARTESIAN_POINT('',(5.935413619617,97.572682103946));
#1070 = CARTESIAN_POINT('',(5.929082115599,97.170931480923));
#1071 = CARTESIAN_POINT('',(5.926318426288,96.988752078968));
#1072 = CARTESIAN_POINT('',(5.923644477266,96.805511088091));
#1073 = CARTESIAN_POINT('',(5.921060131596,96.621256256132));
#1074 = CARTESIAN_POINT('',(5.918565290963,96.436034036694));
#1075 = CARTESIAN_POINT('',(5.914130886014,96.092872202041));
#1076 = CARTESIAN_POINT('',(5.912165518844,95.935198725917));
#1077 = CARTESIAN_POINT('',(5.910263758068,95.776896336922));
#1078 = CARTESIAN_POINT('',(5.908425581751,95.617991852816));
#1079 = CARTESIAN_POINT('',(5.906650982117,95.458511732966));
#1080 = CARTESIAN_POINT('',(5.895695113425,94.43382037761));
#1081 = CARTESIAN_POINT('',(5.888302422219,93.552736798362));
#1082 = CARTESIAN_POINT('',(5.882771107818,92.65983656041));
#1083 = CARTESIAN_POINT('',(5.87910886087,91.759208947657));
#1084 = CARTESIAN_POINT('',(5.877319906138,90.854669353729));
#1085 = CARTESIAN_POINT('',(5.877491026495,89.062316057234));
#1086 = CARTESIAN_POINT('',(5.879381292842,88.175042107728));
#1087 = CARTESIAN_POINT('',(5.883074911366,87.291745766552));
#1088 = CARTESIAN_POINT('',(5.888567752538,86.416033773692));
#1089 = CARTESIAN_POINT('',(5.895852591073,85.551771923817));
#1090 = CARTESIAN_POINT('',(5.90662614989,84.543750832089));
#1091 = CARTESIAN_POINT('',(5.908394651335,84.384741695017));
#1092 = CARTESIAN_POINT('',(5.910226348987,84.226304476089));
#1093 = CARTESIAN_POINT('',(5.912121250436,84.06846539478));
#1094 = CARTESIAN_POINT('',(5.914079377248,83.911251023905));
#1095 = CARTESIAN_POINT('',(5.918494804382,83.569262527868));
#1096 = CARTESIAN_POINT('',(5.92097758077,83.384750961086));
#1097 = CARTESIAN_POINT('',(5.923549152727,83.201198205066));
#1098 = CARTESIAN_POINT('',(5.926209616805,83.018650144808));
#1099 = CARTESIAN_POINT('',(5.928959107509,82.83715393453));
#1100 = CARTESIAN_POINT('',(5.935261434113,82.43664729381));
#1101 = CARTESIAN_POINT('',(5.938857868523,82.218175205769));
#1102 = CARTESIAN_POINT('',(5.94258741513,82.001429223453));
#1103 = CARTESIAN_POINT('',(5.946450492465,81.786501818435));
#1104 = CARTESIAN_POINT('',(5.950447622982,81.573490443936));
#1105 = CARTESIAN_POINT('',(5.959588163976,81.106724233631));
#1106 = CARTESIAN_POINT('',(5.964794681628,80.853924305359));
#1107 = CARTESIAN_POINT('',(5.970200260883,80.604272182917));
#1108 = CARTESIAN_POINT('',(5.97580630223,80.357965322787));
#1109 = CARTESIAN_POINT('',(5.981614331787,80.115224205028));
#1110 = CARTESIAN_POINT('',(5.994708001253,79.59482052218));
#1111 = CARTESIAN_POINT('',(6.002072641239,79.318634008019));
#1112 = CARTESIAN_POINT('',(6.009723035058,79.048117203622));
#1113 = CARTESIAN_POINT('',(6.017662265712,78.783716112668));
#1114 = CARTESIAN_POINT('',(6.02589346482,78.525938171132));
#1115 = CARTESIAN_POINT('',(6.045050462648,77.962926616844));
#1116 = CARTESIAN_POINT('',(6.056142525129,77.661604649949));
#1117 = CARTESIAN_POINT('',(6.06769916656,77.372610566631));
#1118 = CARTESIAN_POINT('',(6.079722004892,77.097312877508));
#1119 = CARTESIAN_POINT('',(6.092211487567,76.83722702824));
#1120 = CARTESIAN_POINT('',(6.115121627362,76.407150144056));
#1121 = CARTESIAN_POINT('',(6.125352751422,76.230218611427));
#1122 = CARTESIAN_POINT('',(6.13585124477,76.064159669116));
#1123 = CARTESIAN_POINT('',(6.146606910564,75.909883151698));
#1124 = CARTESIAN_POINT('',(6.157608714752,75.768276323298));
#1125 = CARTESIAN_POINT('',(6.186806302628,75.43548334504));
#1126 = CARTESIAN_POINT('',(6.205401521818,75.264954580232));
#1127 = CARTESIAN_POINT('',(6.224487434777,75.133551090545));
#1128 = CARTESIAN_POINT('',(6.243914878543,75.044620083279));
#1129 = CARTESIAN_POINT('',(6.263531980112,75.));
#1130 = CARTESIAN_POINT('',(6.28318530718,75.));
#1131 = ( GEOMETRIC_REPRESENTATION_CONTEXT(2) 
PARAMETRIC_REPRESENTATION_CONTEXT() REPRESENTATION_CONTEXT('2D SPACE',''
  ) );
#1132 = PCURVE('',#790,#1133);
#1133 = DEFINITIONAL_REPRESENTATION('',(#1134),#1227);
#1134 = B_SPLINE_CURVE_WITH_KNOTS('',6,(#1135,#1136,#1137,#1138,#1139,
    #1140,#1141,#1142,#1143,#1144,#1145,#1146,#1147,#1148,#1149,#1150,
    #1151,#1152,#1153,#1154,#1155,#1156,#1157,#1158,#1159,#1160,#1161,
    #1162,#1163,#1164,#1165,#1166,#1167,#1168,#1169,#1170,#1171,#1172,
    #1173,#1174,#1175,#1176,#1177,#1178,#1179,#1180,#1181,#1182,#1183,
    #1184,#1185,#1186,#1187,#1188,#1189,#1190,#1191,#1192,#1193,#1194,
    #1195,#1196,#1197,#1198,#1199,#1200,#1201,#1202,#1203,#1204,#1205,
    #1206,#1207,#1208,#1209,#1210,#1211,#1212,#1213,#1214,#1215,#1216,
    #1217,#1218,#1219,#1220,#1221,#1222,#1223,#1224,#1225,#1226),
  .UNSPECIFIED.,.F.,.F.,(7,5,5,5,5,5,5,5,5,5,5,5,5,5,5,5,5,5,7),(0.,
    7.737113599598E-02,0.125657875011,0.187572141786,0.237931229543,
    0.280470745504,0.315778351328,0.344748131723,0.369184848919,
    0.50121971146,0.630775610546,0.65513877695,0.68399340005,
    0.719200464633,0.761879752634,0.812157751973,0.874843307053,
    0.923007381441,1.),.UNSPECIFIED.);
#1135 = CARTESIAN_POINT('',(3.14159265359,7.));
#1136 = CARTESIAN_POINT('',(3.191626458522,7.));
#1137 = CARTESIAN_POINT('',(3.241565211261,6.982212832065));
#1138 = CARTESIAN_POINT('',(3.291206188729,6.946765090637));
#1139 = CARTESIAN_POINT('',(3.34034668395,6.894735912703));
#1140 = CARTESIAN_POINT('',(3.388764367055,6.828126089802));
#1141 = CARTESIAN_POINT('',(3.465796764529,6.700554261789));
#1142 = CARTESIAN_POINT('',(3.495049937121,6.646821811784));
#1143 = CARTESIAN_POINT('',(3.523953497316,6.588893086773));
#1144 = CARTESIAN_POINT('',(3.55250369776,6.527302350529));
#1145 = CARTESIAN_POINT('',(3.580694312851,6.462592769009));
#1146 = CARTESIAN_POINT('',(3.64419063806,6.309027231489));
#1147 = CARTESIAN_POINT('',(3.679265858309,6.218494153784));
#1148 = CARTESIAN_POINT('',(3.713777100702,6.124711796758));
#1149 = CARTESIAN_POINT('',(3.747754418852,6.0286181083));
#1150 = CARTESIAN_POINT('',(3.781225468764,5.931074298434));
#1151 = CARTESIAN_POINT('',(3.841053108601,5.752968691677));
#1152 = CARTESIAN_POINT('',(3.867576684351,5.67262010737));
#1153 = CARTESIAN_POINT('',(3.893809416606,5.592209997635));
#1154 = CARTESIAN_POINT('',(3.919770629718,5.512103900763));
#1155 = CARTESIAN_POINT('',(3.945479203981,5.432634791153));
#1156 = CARTESIAN_POINT('',(3.992474042775,5.287768195146));
#1157 = CARTESIAN_POINT('',(4.013827259596,5.222101737152));
#1158 = CARTESIAN_POINT('',(4.035024808876,5.157289155852));
#1159 = CARTESIAN_POINT('',(4.056077187502,5.09350164761));
#1160 = CARTESIAN_POINT('',(4.07699470695,5.030897626731));
#1161 = CARTESIAN_POINT('',(4.115045411896,4.918764834578));
#1162 = CARTESIAN_POINT('',(4.132217067803,4.868823855075));
#1163 = CARTESIAN_POINT('',(4.149307921707,4.819884327582));
#1164 = CARTESIAN_POINT('',(4.166323165595,4.772026332924));
#1165 = CARTESIAN_POINT('',(4.183267722744,4.725325492124));
#1166 = CARTESIAN_POINT('',(4.213995024798,4.642542900939));
#1167 = CARTESIAN_POINT('',(4.227799340968,4.606059827855));
#1168 = CARTESIAN_POINT('',(4.241561763059,4.570443133356));
#1169 = CARTESIAN_POINT('',(4.25528474543,4.53573034504));
#1170 = CARTESIAN_POINT('',(4.268970629981,4.501957131894));
#1171 = CARTESIAN_POINT('',(4.294136611629,4.441489848744));
#1172 = CARTESIAN_POINT('',(4.305626766232,4.414514997093));
#1173 = CARTESIAN_POINT('',(4.317093447437,4.388253056602));
#1174 = CARTESIAN_POINT('',(4.328537942167,4.362723395245));
#1175 = CARTESIAN_POINT('',(4.339961486779,4.337944441704));
#1176 = CARTESIAN_POINT('',(4.412981422438,4.184200346511));
#1177 = CARTESIAN_POINT('',(4.474047657561,4.076836633786));
#1178 = CARTESIAN_POINT('',(4.534714337892,3.994712807905));
#1179 = CARTESIAN_POINT('',(4.595122256222,3.939754605145));
#1180 = CARTESIAN_POINT('',(4.655410694578,3.912920744475));
#1181 = CARTESIAN_POINT('',(4.774901578182,3.91548753557));
#1182 = CARTESIAN_POINT('',(4.834067524467,3.943841073277));
#1183 = CARTESIAN_POINT('',(4.893355283245,3.999220384492));
#1184 = CARTESIAN_POINT('',(4.952896966087,4.080686048353));
#1185 = CARTESIAN_POINT('',(5.012826148196,4.186404108368));
#1186 = CARTESIAN_POINT('',(5.084654698837,4.337597114813));
#1187 = CARTESIAN_POINT('',(5.096043758884,4.362292514793));
#1188 = CARTESIAN_POINT('',(5.107453631094,4.387734316804));
#1189 = CARTESIAN_POINT('',(5.11888554032,4.413904265354));
#1190 = CARTESIAN_POINT('',(5.130340761354,4.44078317681));
#1191 = CARTESIAN_POINT('',(5.155416838644,4.501000940043));
#1192 = CARTESIAN_POINT('',(5.169047614754,4.534617178712));
#1193 = CARTESIAN_POINT('',(5.182715148993,4.569166267298));
#1194 = CARTESIAN_POINT('',(5.196421753731,4.604612988767));
#1195 = CARTESIAN_POINT('',(5.210169851971,4.640920297149));
#1196 = CARTESIAN_POINT('',(5.240790485109,4.723352415569));
#1197 = CARTESIAN_POINT('',(5.257684529134,4.769878752591));
#1198 = CARTESIAN_POINT('',(5.274648719163,4.817557850551));
#1199 = CARTESIAN_POINT('',(5.291687930647,4.866314827453));
#1200 = CARTESIAN_POINT('',(5.308807304747,4.916070397352));
#1201 = CARTESIAN_POINT('',(5.346868708569,5.028165466147));
#1202 = CARTESIAN_POINT('',(5.367850419786,5.090932625404));
#1203 = CARTESIAN_POINT('',(5.388967598887,5.15489552634));
#1204 = CARTESIAN_POINT('',(5.410230649811,5.21989441283));
#1205 = CARTESIAN_POINT('',(5.431650163528,5.285756594419));
#1206 = CARTESIAN_POINT('',(5.478667024311,5.43068319518));
#1207 = CARTESIAN_POINT('',(5.504329399181,5.51001045645));
#1208 = CARTESIAN_POINT('',(5.530243282156,5.589978115349));
#1209 = CARTESIAN_POINT('',(5.556427460592,5.670255203883));
#1210 = CARTESIAN_POINT('',(5.582901162179,5.750478433442));
#1211 = CARTESIAN_POINT('',(5.643078409165,5.92970915041));
#1212 = CARTESIAN_POINT('',(5.676961961096,6.028490628546));
#1213 = CARTESIAN_POINT('',(5.711364349143,6.125790874879));
#1214 = CARTESIAN_POINT('',(5.74631417844,6.220715795535));
#1215 = CARTESIAN_POINT('',(5.781842580323,6.312290762873));
#1216 = CARTESIAN_POINT('',(5.845756368687,6.466453452826));
#1217 = CARTESIAN_POINT('',(5.873893909355,6.530851698315));
#1218 = CARTESIAN_POINT('',(5.902389336545,6.592126522394));
#1219 = CARTESIAN_POINT('',(5.931236136826,6.649737939863));
#1220 = CARTESIAN_POINT('',(5.960430270311,6.703155441436));
#1221 = CARTESIAN_POINT('',(6.037190677937,6.82974091079));
#1222 = CARTESIAN_POINT('',(6.085386492134,6.895744856032));
#1223 = CARTESIAN_POINT('',(6.13429643645,6.947282248823));
#1224 = CARTESIAN_POINT('',(6.183700234141,6.982386866838));
#1225 = CARTESIAN_POINT('',(6.233396878608,7.));
#1226 = CARTESIAN_POINT('',(6.28318530718,7.));
#1227 = ( GEOMETRIC_REPRESENTATION_CONTEXT(2) 
PARAMETRIC_REPRESENTATION_CONTEXT() REPRESENTATION_CONTEXT('2D SPACE',''
  ) );
#1228 = ADVANCED_FACE('',(#1229),#790,.F.);
#1229 = FACE_BOUND('',#1230,.F.);
#1230 = EDGE_LOOP('',(#1231,#1232,#1255,#1282,#1283));
#1231 = ORIENTED_EDGE('',*,*,#596,.F.);
#1232 = ORIENTED_EDGE('',*,*,#1233,.F.);
#1233 = EDGE_CURVE('',#1234,#597,#1236,.T.);
#1234 = VERTEX_POINT('',#1235);
#1235 = CARTESIAN_POINT('',(31.,-3.673940397442E-15,655.));
#1236 = SEAM_CURVE('',#1237,(#1241,#1248),.PCURVE_S1.);
#1237 = LINE('',#1238,#1239);
#1238 = CARTESIAN_POINT('',(31.,-3.673940397442E-15,655.));
#1239 = VECTOR('',#1240,1.);
#1240 = DIRECTION('',(1.,0.,2.22044604925E-16));
#1241 = PCURVE('',#790,#1242);
#1242 = DEFINITIONAL_REPRESENTATION('',(#1243),#1247);
#1243 = LINE('',#1244,#1245);
#1244 = CARTESIAN_POINT('',(6.28318530718,-0.));
#1245 = VECTOR('',#1246,1.);
#1246 = DIRECTION('',(0.,1.));
#1247 = ( GEOMETRIC_REPRESENTATION_CONTEXT(2) 
PARAMETRIC_REPRESENTATION_CONTEXT() REPRESENTATION_CONTEXT('2D SPACE',''
  ) );
#1248 = PCURVE('',#790,#1249);
#1249 = DEFINITIONAL_REPRESENTATION('',(#1250),#1254);
#1250 = LINE('',#1251,#1252);
#1251 = CARTESIAN_POINT('',(0.,-0.));
#1252 = VECTOR('',#1253,1.);
#1253 = DIRECTION('',(0.,1.));
#1254 = ( GEOMETRIC_REPRESENTATION_CONTEXT(2) 
PARAMETRIC_REPRESENTATION_CONTEXT() REPRESENTATION_CONTEXT('2D SPACE',''
  ) );
#1255 = ORIENTED_EDGE('',*,*,#1256,.T.);
#1256 = EDGE_CURVE('',#1234,#1234,#1257,.T.);
#1257 = SURFACE_CURVE('',#1258,(#1263,#1270),.PCURVE_S1.);
#1258 = CIRCLE('',#1259,15.);
#1259 = AXIS2_PLACEMENT_3D('',#1260,#1261,#1262);
#1260 = CARTESIAN_POINT('',(31.,0.,670.));
#1261 = DIRECTION('',(1.,-0.,2.22044604925E-16));
#1262 = DIRECTION('',(2.22044604925E-16,0.,-1.));
#1263 = PCURVE('',#790,#1264);
#1264 = DEFINITIONAL_REPRESENTATION('',(#1265),#1269);
#1265 = LINE('',#1266,#1267);
#1266 = CARTESIAN_POINT('',(0.,0.));
#1267 = VECTOR('',#1268,1.);
#1268 = DIRECTION('',(1.,0.));
#1269 = ( GEOMETRIC_REPRESENTATION_CONTEXT(2) 
PARAMETRIC_REPRESENTATION_CONTEXT() REPRESENTATION_CONTEXT('2D SPACE',''
  ) );
#1270 = PCURVE('',#1271,#1276);
#1271 = PLANE('',#1272);
#1272 = AXIS2_PLACEMENT_3D('',#1273,#1274,#1275);
#1273 = CARTESIAN_POINT('',(31.,0.,670.));
#1274 = DIRECTION('',(1.,0.,2.22044604925E-16));
#1275 = DIRECTION('',(2.22044604925E-16,0.,-1.));
#1276 = DEFINITIONAL_REPRESENTATION('',(#1277),#1281);
#1277 = CIRCLE('',#1278,15.);
#1278 = AXIS2_PLACEMENT_2D('',#1279,#1280);
#1279 = CARTESIAN_POINT('',(0.,0.));
#1280 = DIRECTION('',(1.,0.));
#1281 = ( GEOMETRIC_REPRESENTATION_CONTEXT(2) 
PARAMETRIC_REPRESENTATION_CONTEXT() REPRESENTATION_CONTEXT('2D SPACE',''
  ) );
#1282 = ORIENTED_EDGE('',*,*,#1233,.T.);
#1283 = ORIENTED_EDGE('',*,*,#941,.F.);
#1284 = ADVANCED_FACE('',(#1285),#929,.T.);
#1285 = FACE_BOUND('',#1286,.T.);
#1286 = EDGE_LOOP('',(#1287,#1288,#1311,#1338));
#1287 = ORIENTED_EDGE('',*,*,#914,.F.);
#1288 = ORIENTED_EDGE('',*,*,#1289,.F.);
#1289 = EDGE_CURVE('',#1290,#892,#1292,.T.);
#1290 = VERTEX_POINT('',#1291);
#1291 = CARTESIAN_POINT('',(12.,-2.939152317954E-15,550.));
#1292 = SEAM_CURVE('',#1293,(#1297,#1304),.PCURVE_S1.);
#1293 = LINE('',#1294,#1295);
#1294 = CARTESIAN_POINT('',(12.,-2.939152317954E-15,550.));
#1295 = VECTOR('',#1296,1.);
#1296 = DIRECTION('',(0.654930538418,-1.604117175075E-16,0.75568908279)
  );
#1297 = PCURVE('',#929,#1298);
#1298 = DEFINITIONAL_REPRESENTATION('',(#1299),#1303);
#1299 = LINE('',#1300,#1301);
#1300 = CARTESIAN_POINT('',(6.28318530718,-0.));
#1301 = VECTOR('',#1302,1.);
#1302 = DIRECTION('',(0.,1.));
#1303 = ( GEOMETRIC_REPRESENTATION_CONTEXT(2) 
PARAMETRIC_REPRESENTATION_CONTEXT() REPRESENTATION_CONTEXT('2D SPACE',''
  ) );
#1304 = PCURVE('',#929,#1305);
#1305 = DEFINITIONAL_REPRESENTATION('',(#1306),#1310);
#1306 = LINE('',#1307,#1308);
#1307 = CARTESIAN_POINT('',(0.,-0.));
#1308 = VECTOR('',#1309,1.);
#1309 = DIRECTION('',(0.,1.));
#1310 = ( GEOMETRIC_REPRESENTATION_CONTEXT(2) 
PARAMETRIC_REPRESENTATION_CONTEXT() REPRESENTATION_CONTEXT('2D SPACE',''
  ) );
#1311 = ORIENTED_EDGE('',*,*,#1312,.T.);
#1312 = EDGE_CURVE('',#1290,#1290,#1313,.T.);
#1313 = SURFACE_CURVE('',#1314,(#1319,#1326),.PCURVE_S1.);
#1314 = CIRCLE('',#1315,12.);
#1315 = AXIS2_PLACEMENT_3D('',#1316,#1317,#1318);
#1316 = CARTESIAN_POINT('',(0.,0.,550.));
#1317 = DIRECTION('',(0.,0.,1.));
#1318 = DIRECTION('',(1.,0.,-0.));
#1319 = PCURVE('',#929,#1320);
#1320 = DEFINITIONAL_REPRESENTATION('',(#1321),#1325);
#1321 = LINE('',#1322,#1323);
#1322 = CARTESIAN_POINT('',(0.,0.));
#1323 = VECTOR('',#1324,1.);
#1324 = DIRECTION('',(1.,0.));
#1325 = ( GEOMETRIC_REPRESENTATION_CONTEXT(2) 
PARAMETRIC_REPRESENTATION_CONTEXT() REPRESENTATION_CONTEXT('2D SPACE',''
  ) );
#1326 = PCURVE('',#1327,#1332);
#1327 = PLANE('',#1328);
#1328 = AXIS2_PLACEMENT_3D('',#1329,#1330,#1331);
#1329 = CARTESIAN_POINT('',(0.,0.,550.));
#1330 = DIRECTION('',(0.,0.,1.));
#1331 = DIRECTION('',(1.,0.,-0.));
#1332 = DEFINITIONAL_REPRESENTATION('',(#1333),#1337);
#1333 = CIRCLE('',#1334,12.);
#1334 = AXIS2_PLACEMENT_2D('',#1335,#1336);
#1335 = CARTESIAN_POINT('',(0.,0.));
#1336 = DIRECTION('',(1.,0.));
#1337 = ( GEOMETRIC_REPRESENTATION_CONTEXT(2) 
PARAMETRIC_REPRESENTATION_CONTEXT() REPRESENTATION_CONTEXT('2D SPACE',''
  ) );
#1338 = ORIENTED_EDGE('',*,*,#1289,.T.);
#1339 = ADVANCED_FACE('',(#1340,#1343,#1374),#583,.T.);
#1340 = FACE_BOUND('',#1341,.T.);
#1341 = EDGE_LOOP('',(#1342));
#1342 = ORIENTED_EDGE('',*,*,#568,.T.);
#1343 = FACE_BOUND('',#1344,.T.);
#1344 = EDGE_LOOP('',(#1345));
#1345 = ORIENTED_EDGE('',*,*,#1346,.F.);
#1346 = EDGE_CURVE('',#1347,#1347,#1349,.T.);
#1347 = VERTEX_POINT('',#1348);
#1348 = CARTESIAN_POINT('',(14.,-3.429011037613E-15,720.));
#1349 = SURFACE_CURVE('',#1350,(#1355,#1362),.PCURVE_S1.);
#1350 = CIRCLE('',#1351,14.);
#1351 = AXIS2_PLACEMENT_3D('',#1352,#1353,#1354);
#1352 = CARTESIAN_POINT('',(0.,0.,720.));
#1353 = DIRECTION('',(0.,0.,1.));
#1354 = DIRECTION('',(1.,0.,-0.));
#1355 = PCURVE('',#583,#1356);
#1356 = DEFINITIONAL_REPRESENTATION('',(#1357),#1361);
#1357 = CIRCLE('',#1358,14.);
#1358 = AXIS2_PLACEMENT_2D('',#1359,#1360);
#1359 = CARTESIAN_POINT('',(0.,0.));
#1360 = DIRECTION('',(1.,0.));
#1361 = ( GEOMETRIC_REPRESENTATION_CONTEXT(2) 
PARAMETRIC_REPRESENTATION_CONTEXT() REPRESENTATION_CONTEXT('2D SPACE',''
  ) );
#1362 = PCURVE('',#1363,#1368);
#1363 = CYLINDRICAL_SURFACE('',#1364,14.);
#1364 = AXIS2_PLACEMENT_3D('',#1365,#1366,#1367);
#1365 = CARTESIAN_POINT('',(0.,0.,720.));
#1366 = DIRECTION('',(0.,0.,1.));
#1367 = DIRECTION('',(1.,0.,-0.));
#1368 = DEFINITIONAL_REPRESENTATION('',(#1369),#1373);
#1369 = LINE('',#1370,#1371);
#1370 = CARTESIAN_POINT('',(0.,0.));
#1371 = VECTOR('',#1372,1.);
#1372 = DIRECTION('',(1.,0.));
#1373 = ( GEOMETRIC_REPRESENTATION_CONTEXT(2) 
PARAMETRIC_REPRESENTATION_CONTEXT() REPRESENTATION_CONTEXT('2D SPACE',''
  ) );
#1374 = FACE_BOUND('',#1375,.T.);
#1375 = EDGE_LOOP('',(#1376));
#1376 = ORIENTED_EDGE('',*,*,#1377,.F.);
#1377 = EDGE_CURVE('',#1378,#1378,#1380,.T.);
#1378 = VERTEX_POINT('',#1379);
#1379 = CARTESIAN_POINT('',(37.,-1.714505518806E-15,720.));
#1380 = SURFACE_CURVE('',#1381,(#1386,#1393),.PCURVE_S1.);
#1381 = CIRCLE('',#1382,7.);
#1382 = AXIS2_PLACEMENT_3D('',#1383,#1384,#1385);
#1383 = CARTESIAN_POINT('',(30.,0.,720.));
#1384 = DIRECTION('',(0.,0.,1.));
#1385 = DIRECTION('',(1.,0.,-0.));
#1386 = PCURVE('',#583,#1387);
#1387 = DEFINITIONAL_REPRESENTATION('',(#1388),#1392);
#1388 = CIRCLE('',#1389,7.);
#1389 = AXIS2_PLACEMENT_2D('',#1390,#1391);
#1390 = CARTESIAN_POINT('',(30.,0.));
#1391 = DIRECTION('',(1.,0.));
#1392 = ( GEOMETRIC_REPRESENTATION_CONTEXT(2) 
PARAMETRIC_REPRESENTATION_CONTEXT() REPRESENTATION_CONTEXT('2D SPACE',''
  ) );
#1393 = PCURVE('',#1394,#1399);
#1394 = CYLINDRICAL_SURFACE('',#1395,7.);
#1395 = AXIS2_PLACEMENT_3D('',#1396,#1397,#1398);
#1396 = CARTESIAN_POINT('',(30.,0.,720.));
#1397 = DIRECTION('',(0.,0.,1.));
#1398 = DIRECTION('',(1.,0.,-0.));
#1399 = DEFINITIONAL_REPRESENTATION('',(#1400),#1404);
#1400 = LINE('',#1401,#1402);
#1401 = CARTESIAN_POINT('',(0.,0.));
#1402 = VECTOR('',#1403,1.);
#1403 = DIRECTION('',(1.,0.));
#1404 = ( GEOMETRIC_REPRESENTATION_CONTEXT(2) 
PARAMETRIC_REPRESENTATION_CONTEXT() REPRESENTATION_CONTEXT('2D SPACE',''
  ) );
#1405 = ADVANCED_FACE('',(#1406),#1271,.T.);
#1406 = FACE_BOUND('',#1407,.F.);
#1407 = EDGE_LOOP('',(#1408));
#1408 = ORIENTED_EDGE('',*,*,#1256,.F.);
#1409 = ADVANCED_FACE('',(#1410,#1413),#1327,.F.);
#1410 = FACE_BOUND('',#1411,.F.);
#1411 = EDGE_LOOP('',(#1412));
#1412 = ORIENTED_EDGE('',*,*,#1312,.T.);
#1413 = FACE_BOUND('',#1414,.F.);
#1414 = EDGE_LOOP('',(#1415));
#1415 = ORIENTED_EDGE('',*,*,#1416,.F.);
#1416 = EDGE_CURVE('',#1417,#1417,#1419,.T.);
#1417 = VERTEX_POINT('',#1418);
#1418 = CARTESIAN_POINT('',(4.,-9.797174393179E-16,550.));
#1419 = SURFACE_CURVE('',#1420,(#1425,#1432),.PCURVE_S1.);
#1420 = CIRCLE('',#1421,4.);
#1421 = AXIS2_PLACEMENT_3D('',#1422,#1423,#1424);
#1422 = CARTESIAN_POINT('',(0.,0.,550.));
#1423 = DIRECTION('',(0.,0.,1.));
#1424 = DIRECTION('',(1.,0.,-0.));
#1425 = PCURVE('',#1327,#1426);
#1426 = DEFINITIONAL_REPRESENTATION('',(#1427),#1431);
#1427 = CIRCLE('',#1428,4.);
#1428 = AXIS2_PLACEMENT_2D('',#1429,#1430);
#1429 = CARTESIAN_POINT('',(0.,0.));
#1430 = DIRECTION('',(1.,0.));
#1431 = ( GEOMETRIC_REPRESENTATION_CONTEXT(2) 
PARAMETRIC_REPRESENTATION_CONTEXT() REPRESENTATION_CONTEXT('2D SPACE',''
  ) );
#1432 = PCURVE('',#1433,#1438);
#1433 = CYLINDRICAL_SURFACE('',#1434,4.);
#1434 = AXIS2_PLACEMENT_3D('',#1435,#1436,#1437);
#1435 = CARTESIAN_POINT('',(0.,0.,480.));
#1436 = DIRECTION('',(0.,0.,1.));
#1437 = DIRECTION('',(1.,0.,-0.));
#1438 = DEFINITIONAL_REPRESENTATION('',(#1439),#1443);
#1439 = LINE('',#1440,#1441);
#1440 = CARTESIAN_POINT('',(0.,70.));
#1441 = VECTOR('',#1442,1.);
#1442 = DIRECTION('',(1.,0.));
#1443 = ( GEOMETRIC_REPRESENTATION_CONTEXT(2) 
PARAMETRIC_REPRESENTATION_CONTEXT() REPRESENTATION_CONTEXT('2D SPACE',''
  ) );
#1444 = ADVANCED_FACE('',(#1445),#1363,.T.);
#1445 = FACE_BOUND('',#1446,.T.);
#1446 = EDGE_LOOP('',(#1447,#1476,#1497,#1498));
#1447 = ORIENTED_EDGE('',*,*,#1448,.F.);
#1448 = EDGE_CURVE('',#1449,#1449,#1451,.T.);
#1449 = VERTEX_POINT('',#1450);
#1450 = CARTESIAN_POINT('',(14.,-3.429011037613E-15,740.));
#1451 = SURFACE_CURVE('',#1452,(#1457,#1464),.PCURVE_S1.);
#1452 = CIRCLE('',#1453,14.);
#1453 = AXIS2_PLACEMENT_3D('',#1454,#1455,#1456);
#1454 = CARTESIAN_POINT('',(0.,0.,740.));
#1455 = DIRECTION('',(0.,0.,1.));
#1456 = DIRECTION('',(1.,0.,-0.));
#1457 = PCURVE('',#1363,#1458);
#1458 = DEFINITIONAL_REPRESENTATION('',(#1459),#1463);
#1459 = LINE('',#1460,#1461);
#1460 = CARTESIAN_POINT('',(0.,20.));
#1461 = VECTOR('',#1462,1.);
#1462 = DIRECTION('',(1.,0.));
#1463 = ( GEOMETRIC_REPRESENTATION_CONTEXT(2) 
PARAMETRIC_REPRESENTATION_CONTEXT() REPRESENTATION_CONTEXT('2D SPACE',''
  ) );
#1464 = PCURVE('',#1465,#1470);
#1465 = PLANE('',#1466);
#1466 = AXIS2_PLACEMENT_3D('',#1467,#1468,#1469);
#1467 = CARTESIAN_POINT('',(0.,0.,740.));
#1468 = DIRECTION('',(0.,0.,1.));
#1469 = DIRECTION('',(1.,0.,-0.));
#1470 = DEFINITIONAL_REPRESENTATION('',(#1471),#1475);
#1471 = CIRCLE('',#1472,14.);
#1472 = AXIS2_PLACEMENT_2D('',#1473,#1474);
#1473 = CARTESIAN_POINT('',(0.,0.));
#1474 = DIRECTION('',(1.,0.));
#1475 = ( GEOMETRIC_REPRESENTATION_CONTEXT(2) 
PARAMETRIC_REPRESENTATION_CONTEXT() REPRESENTATION_CONTEXT('2D SPACE',''
  ) );
#1476 = ORIENTED_EDGE('',*,*,#1477,.F.);
#1477 = EDGE_CURVE('',#1347,#1449,#1478,.T.);
#1478 = SEAM_CURVE('',#1479,(#1483,#1490),.PCURVE_S1.);
#1479 = LINE('',#1480,#1481);
#1480 = CARTESIAN_POINT('',(14.,-3.429011037613E-15,720.));
#1481 = VECTOR('',#1482,1.);
#1482 = DIRECTION('',(0.,0.,1.));
#1483 = PCURVE('',#1363,#1484);
#1484 = DEFINITIONAL_REPRESENTATION('',(#1485),#1489);
#1485 = LINE('',#1486,#1487);
#1486 = CARTESIAN_POINT('',(6.28318530718,-0.));
#1487 = VECTOR('',#1488,1.);
#1488 = DIRECTION('',(0.,1.));
#1489 = ( GEOMETRIC_REPRESENTATION_CONTEXT(2) 
PARAMETRIC_REPRESENTATION_CONTEXT() REPRESENTATION_CONTEXT('2D SPACE',''
  ) );
#1490 = PCURVE('',#1363,#1491);
#1491 = DEFINITIONAL_REPRESENTATION('',(#1492),#1496);
#1492 = LINE('',#1493,#1494);
#1493 = CARTESIAN_POINT('',(0.,-0.));
#1494 = VECTOR('',#1495,1.);
#1495 = DIRECTION('',(0.,1.));
#1496 = ( GEOMETRIC_REPRESENTATION_CONTEXT(2) 
PARAMETRIC_REPRESENTATION_CONTEXT() REPRESENTATION_CONTEXT('2D SPACE',''
  ) );
#1497 = ORIENTED_EDGE('',*,*,#1346,.T.);
#1498 = ORIENTED_EDGE('',*,*,#1477,.T.);
#1499 = ADVANCED_FACE('',(#1500),#1394,.T.);
#1500 = FACE_BOUND('',#1501,.T.);
#1501 = EDGE_LOOP('',(#1502,#1531,#1552,#1553));
#1502 = ORIENTED_EDGE('',*,*,#1503,.F.);
#1503 = EDGE_CURVE('',#1504,#1504,#1506,.T.);
#1504 = VERTEX_POINT('',#1505);
#1505 = CARTESIAN_POINT('',(37.,-1.714505518806E-15,736.));
#1506 = SURFACE_CURVE('',#1507,(#1512,#1519),.PCURVE_S1.);
#1507 = CIRCLE('',#1508,7.);
#1508 = AXIS2_PLACEMENT_3D('',#1509,#1510,#1511);
#1509 = CARTESIAN_POINT('',(30.,0.,736.));
#1510 = DIRECTION('',(0.,0.,1.));
#1511 = DIRECTION('',(1.,0.,-0.));
#1512 = PCURVE('',#1394,#1513);
#1513 = DEFINITIONAL_REPRESENTATION('',(#1514),#1518);
#1514 = LINE('',#1515,#1516);
#1515 = CARTESIAN_POINT('',(0.,16.));
#1516 = VECTOR('',#1517,1.);
#1517 = DIRECTION('',(1.,0.));
#1518 = ( GEOMETRIC_REPRESENTATION_CONTEXT(2) 
PARAMETRIC_REPRESENTATION_CONTEXT() REPRESENTATION_CONTEXT('2D SPACE',''
  ) );
#1519 = PCURVE('',#1520,#1525);
#1520 = PLANE('',#1521);
#1521 = AXIS2_PLACEMENT_3D('',#1522,#1523,#1524);
#1522 = CARTESIAN_POINT('',(30.,0.,736.));
#1523 = DIRECTION('',(0.,0.,1.));
#1524 = DIRECTION('',(1.,0.,-0.));
#1525 = DEFINITIONAL_REPRESENTATION('',(#1526),#1530);
#1526 = CIRCLE('',#1527,7.);
#1527 = AXIS2_PLACEMENT_2D('',#1528,#1529);
#1528 = CARTESIAN_POINT('',(0.,0.));
#1529 = DIRECTION('',(1.,0.));
#1530 = ( GEOMETRIC_REPRESENTATION_CONTEXT(2) 
PARAMETRIC_REPRESENTATION_CONTEXT() REPRESENTATION_CONTEXT('2D SPACE',''
  ) );
#1531 = ORIENTED_EDGE('',*,*,#1532,.F.);
#1532 = EDGE_CURVE('',#1378,#1504,#1533,.T.);
#1533 = SEAM_CURVE('',#1534,(#1538,#1545),.PCURVE_S1.);
#1534 = LINE('',#1535,#1536);
#1535 = CARTESIAN_POINT('',(37.,-1.714505518806E-15,720.));
#1536 = VECTOR('',#1537,1.);
#1537 = DIRECTION('',(0.,0.,1.));
#1538 = PCURVE('',#1394,#1539);
#1539 = DEFINITIONAL_REPRESENTATION('',(#1540),#1544);
#1540 = LINE('',#1541,#1542);
#1541 = CARTESIAN_POINT('',(6.28318530718,-0.));
#1542 = VECTOR('',#1543,1.);
#1543 = DIRECTION('',(0.,1.));
#1544 = ( GEOMETRIC_REPRESENTATION_CONTEXT(2) 
PARAMETRIC_REPRESENTATION_CONTEXT() REPRESENTATION_CONTEXT('2D SPACE',''
  ) );
#1545 = PCURVE('',#1394,#1546);
#1546 = DEFINITIONAL_REPRESENTATION('',(#1547),#1551);
#1547 = LINE('',#1548,#1549);
#1548 = CARTESIAN_POINT('',(0.,-0.));
#1549 = VECTOR('',#1550,1.);
#1550 = DIRECTION('',(0.,1.));
#1551 = ( GEOMETRIC_REPRESENTATION_CONTEXT(2) 
PARAMETRIC_REPRESENTATION_CONTEXT() REPRESENTATION_CONTEXT('2D SPACE',''
  ) );
#1552 = ORIENTED_EDGE('',*,*,#1377,.T.);
#1553 = ORIENTED_EDGE('',*,*,#1532,.T.);
#1554 = ADVANCED_FACE('',(#1555),#1433,.F.);
#1555 = FACE_BOUND('',#1556,.F.);
#1556 = EDGE_LOOP('',(#1557,#1581,#1602,#1603));
#1557 = ORIENTED_EDGE('',*,*,#1558,.F.);
#1558 = EDGE_CURVE('',#1559,#1559,#1561,.T.);
#1559 = VERTEX_POINT('',#1560);
#1560 = CARTESIAN_POINT('',(4.,-9.797174393179E-16,740.));
#1561 = SURFACE_CURVE('',#1562,(#1567,#1574),.PCURVE_S1.);
#1562 = CIRCLE('',#1563,4.);
#1563 = AXIS2_PLACEMENT_3D('',#1564,#1565,#1566);
#1564 = CARTESIAN_POINT('',(0.,0.,740.));
#1565 = DIRECTION('',(0.,0.,1.));
#1566 = DIRECTION('',(1.,0.,-0.));
#1567 = PCURVE('',#1433,#1568);
#1568 = DEFINITIONAL_REPRESENTATION('',(#1569),#1573);
#1569 = LINE('',#1570,#1571);
#1570 = CARTESIAN_POINT('',(0.,260.));
#1571 = VECTOR('',#1572,1.);
#1572 = DIRECTION('',(1.,0.));
#1573 = ( GEOMETRIC_REPRESENTATION_CONTEXT(2) 
PARAMETRIC_REPRESENTATION_CONTEXT() REPRESENTATION_CONTEXT('2D SPACE',''
  ) );
#1574 = PCURVE('',#1465,#1575);
#1575 = DEFINITIONAL_REPRESENTATION('',(#1576),#1580);
#1576 = CIRCLE('',#1577,4.);
#1577 = AXIS2_PLACEMENT_2D('',#1578,#1579);
#1578 = CARTESIAN_POINT('',(0.,0.));
#1579 = DIRECTION('',(1.,0.));
#1580 = ( GEOMETRIC_REPRESENTATION_CONTEXT(2) 
PARAMETRIC_REPRESENTATION_CONTEXT() REPRESENTATION_CONTEXT('2D SPACE',''
  ) );
#1581 = ORIENTED_EDGE('',*,*,#1582,.F.);
#1582 = EDGE_CURVE('',#1417,#1559,#1583,.T.);
#1583 = SEAM_CURVE('',#1584,(#1588,#1595),.PCURVE_S1.);
#1584 = LINE('',#1585,#1586);
#1585 = CARTESIAN_POINT('',(4.,-9.797174393179E-16,480.));
#1586 = VECTOR('',#1587,1.);
#1587 = DIRECTION('',(0.,0.,1.));
#1588 = PCURVE('',#1433,#1589);
#1589 = DEFINITIONAL_REPRESENTATION('',(#1590),#1594);
#1590 = LINE('',#1591,#1592);
#1591 = CARTESIAN_POINT('',(6.28318530718,-0.));
#1592 = VECTOR('',#1593,1.);
#1593 = DIRECTION('',(0.,1.));
#1594 = ( GEOMETRIC_REPRESENTATION_CONTEXT(2) 
PARAMETRIC_REPRESENTATION_CONTEXT() REPRESENTATION_CONTEXT('2D SPACE',''
  ) );
#1595 = PCURVE('',#1433,#1596);
#1596 = DEFINITIONAL_REPRESENTATION('',(#1597),#1601);
#1597 = LINE('',#1598,#1599);
#1598 = CARTESIAN_POINT('',(0.,-0.));
#1599 = VECTOR('',#1600,1.);
#1600 = DIRECTION('',(0.,1.));
#1601 = ( GEOMETRIC_REPRESENTATION_CONTEXT(2) 
PARAMETRIC_REPRESENTATION_CONTEXT() REPRESENTATION_CONTEXT('2D SPACE',''
  ) );
#1602 = ORIENTED_EDGE('',*,*,#1416,.T.);
#1603 = ORIENTED_EDGE('',*,*,#1582,.T.);
#1604 = ADVANCED_FACE('',(#1605,#1608),#1465,.T.);
#1605 = FACE_BOUND('',#1606,.T.);
#1606 = EDGE_LOOP('',(#1607));
#1607 = ORIENTED_EDGE('',*,*,#1448,.T.);
#1608 = FACE_BOUND('',#1609,.T.);
#1609 = EDGE_LOOP('',(#1610));
#1610 = ORIENTED_EDGE('',*,*,#1558,.F.);
#1611 = ADVANCED_FACE('',(#1612),#1520,.T.);
#1612 = FACE_BOUND('',#1613,.T.);
#1613 = EDGE_LOOP('',(#1614));
#1614 = ORIENTED_EDGE('',*,*,#1503,.T.);
#1615 = MANIFOLD_SOLID_BREP('',#1616);
#1616 = CLOSED_SHELL('',(#1617,#2311,#2367,#2422,#2488,#2492,#2527,#2582
    ,#2637,#2687,#2694));
#1617 = ADVANCED_FACE('',(#1618),#1632,.T.);
#1618 = FACE_BOUND('',#1619,.T.);
#1619 = EDGE_LOOP('',(#1620,#1650,#1677,#1678,#1973,#1996,#2022,#2023));
#1620 = ORIENTED_EDGE('',*,*,#1621,.T.);
#1621 = EDGE_CURVE('',#1622,#1624,#1626,.T.);
#1622 = VERTEX_POINT('',#1623);
#1623 = CARTESIAN_POINT('',(38.,-9.30731567352E-15,1.625E+03));
#1624 = VERTEX_POINT('',#1625);
#1625 = CARTESIAN_POINT('',(38.,-9.30731567352E-15,1.66E+03));
#1626 = SEAM_CURVE('',#1627,(#1631,#1643),.PCURVE_S1.);
#1627 = LINE('',#1628,#1629);
#1628 = CARTESIAN_POINT('',(38.,-9.30731567352E-15,1.52E+03));
#1629 = VECTOR('',#1630,1.);
#1630 = DIRECTION('',(0.,0.,1.));
#1631 = PCURVE('',#1632,#1637);
#1632 = CYLINDRICAL_SURFACE('',#1633,38.);
#1633 = AXIS2_PLACEMENT_3D('',#1634,#1635,#1636);
#1634 = CARTESIAN_POINT('',(0.,0.,1.52E+03));
#1635 = DIRECTION('',(0.,0.,1.));
#1636 = DIRECTION('',(1.,0.,-0.));
#1637 = DEFINITIONAL_REPRESENTATION('',(#1638),#1642);
#1638 = LINE('',#1639,#1640);
#1639 = CARTESIAN_POINT('',(6.28318530718,-0.));
#1640 = VECTOR('',#1641,1.);
#1641 = DIRECTION('',(0.,1.));
#1642 = ( GEOMETRIC_REPRESENTATION_CONTEXT(2) 
PARAMETRIC_REPRESENTATION_CONTEXT() REPRESENTATION_CONTEXT('2D SPACE',''
  ) );
#1643 = PCURVE('',#1632,#1644);
#1644 = DEFINITIONAL_REPRESENTATION('',(#1645),#1649);
#1645 = LINE('',#1646,#1647);
#1646 = CARTESIAN_POINT('',(0.,-0.));
#1647 = VECTOR('',#1648,1.);
#1648 = DIRECTION('',(0.,1.));
#1649 = ( GEOMETRIC_REPRESENTATION_CONTEXT(2) 
PARAMETRIC_REPRESENTATION_CONTEXT() REPRESENTATION_CONTEXT('2D SPACE',''
  ) );
#1650 = ORIENTED_EDGE('',*,*,#1651,.F.);
#1651 = EDGE_CURVE('',#1624,#1624,#1652,.T.);
#1652 = SURFACE_CURVE('',#1653,(#1658,#1665),.PCURVE_S1.);
#1653 = CIRCLE('',#1654,38.);
#1654 = AXIS2_PLACEMENT_3D('',#1655,#1656,#1657);
#1655 = CARTESIAN_POINT('',(0.,0.,1.66E+03));
#1656 = DIRECTION('',(0.,0.,1.));
#1657 = DIRECTION('',(1.,0.,-0.));
#1658 = PCURVE('',#1632,#1659);
#1659 = DEFINITIONAL_REPRESENTATION('',(#1660),#1664);
#1660 = LINE('',#1661,#1662);
#1661 = CARTESIAN_POINT('',(0.,140.));
#1662 = VECTOR('',#1663,1.);
#1663 = DIRECTION('',(1.,0.));
#1664 = ( GEOMETRIC_REPRESENTATION_CONTEXT(2) 
PARAMETRIC_REPRESENTATION_CONTEXT() REPRESENTATION_CONTEXT('2D SPACE',''
  ) );
#1665 = PCURVE('',#1666,#1671);
#1666 = PLANE('',#1667);
#1667 = AXIS2_PLACEMENT_3D('',#1668,#1669,#1670);
#1668 = CARTESIAN_POINT('',(0.,0.,1.66E+03));
#1669 = DIRECTION('',(0.,0.,1.));
#1670 = DIRECTION('',(1.,0.,-0.));
#1671 = DEFINITIONAL_REPRESENTATION('',(#1672),#1676);
#1672 = CIRCLE('',#1673,38.);
#1673 = AXIS2_PLACEMENT_2D('',#1674,#1675);
#1674 = CARTESIAN_POINT('',(0.,0.));
#1675 = DIRECTION('',(1.,0.));
#1676 = ( GEOMETRIC_REPRESENTATION_CONTEXT(2) 
PARAMETRIC_REPRESENTATION_CONTEXT() REPRESENTATION_CONTEXT('2D SPACE',''
  ) );
#1677 = ORIENTED_EDGE('',*,*,#1621,.F.);
#1678 = ORIENTED_EDGE('',*,*,#1679,.F.);
#1679 = EDGE_CURVE('',#1680,#1622,#1682,.T.);
#1680 = VERTEX_POINT('',#1681);
#1681 = CARTESIAN_POINT('',(38.,-6.490628035481E-15,1.595E+03));
#1682 = SURFACE_CURVE('',#1683,(#1776,#1872),.PCURVE_S1.);
#1683 = B_SPLINE_CURVE_WITH_KNOTS('',6,(#1684,#1685,#1686,#1687,#1688,
    #1689,#1690,#1691,#1692,#1693,#1694,#1695,#1696,#1697,#1698,#1699,
    #1700,#1701,#1702,#1703,#1704,#1705,#1706,#1707,#1708,#1709,#1710,
    #1711,#1712,#1713,#1714,#1715,#1716,#1717,#1718,#1719,#1720,#1721,
    #1722,#1723,#1724,#1725,#1726,#1727,#1728,#1729,#1730,#1731,#1732,
    #1733,#1734,#1735,#1736,#1737,#1738,#1739,#1740,#1741,#1742,#1743,
    #1744,#1745,#1746,#1747,#1748,#1749,#1750,#1751,#1752,#1753,#1754,
    #1755,#1756,#1757,#1758,#1759,#1760,#1761,#1762,#1763,#1764,#1765,
    #1766,#1767,#1768,#1769,#1770,#1771,#1772,#1773,#1774,#1775),
  .UNSPECIFIED.,.F.,.F.,(7,5,5,5,5,5,5,5,5,5,5,5,5,5,5,5,5,5,7),(0.,
    7.737113598679E-02,0.125657874997,0.187572141763,0.237931229511,
    0.280470745465,0.315778351282,0.344748131672,0.369184848864,
    0.501219711383,0.630775610448,0.655138776849,0.683993399945,
    0.719200464523,0.761879752518,0.81215775185,0.874843306925,
    0.923007381319,1.),.UNSPECIFIED.);
#1684 = CARTESIAN_POINT('',(38.,-1.836970198721E-15,1.595E+03));
#1685 = CARTESIAN_POINT('',(38.,0.750507073978,1.595E+03));
#1686 = CARTESIAN_POINT('',(37.982212832065,1.499588430135,
    1.595045060982E+03));
#1687 = CARTESIAN_POINT('',(37.946765090637,2.240820885326,
    1.595134861194E+03));
#1688 = CARTESIAN_POINT('',(37.894735912703,2.967848171029,
    1.595267527308E+03));
#1689 = CARTESIAN_POINT('',(37.828126089802,3.674582185984,
    1.595439655597E+03));
#1690 = CARTESIAN_POINT('',(37.700554261788,4.780286994943,
    1.595775162205E+03));
#1691 = CARTESIAN_POINT('',(37.646821811784,5.19560039529,
    1.595917664163E+03));
#1692 = CARTESIAN_POINT('',(37.588893086774,5.600848011862,
    1.596072867197E+03));
#1693 = CARTESIAN_POINT('',(37.527302350529,5.995595619775,
    1.59623987828E+03));
#1694 = CARTESIAN_POINT('',(37.462592769008,6.379462843458,
    1.596417782942E+03));
#1695 = CARTESIAN_POINT('',(37.309027231493,7.22995537949,
    1.596846517932E+03));
#1696 = CARTESIAN_POINT('',(37.218494153783,7.689453769188,
    1.597103805083E+03));
#1697 = CARTESIAN_POINT('',(37.124711796754,8.130641071407,
    1.597375902271E+03));
#1698 = CARTESIAN_POINT('',(37.028618108299,8.553611542154,
    1.597661351352E+03));
#1699 = CARTESIAN_POINT('',(36.931074298438,8.958528967973,
    1.597958834229E+03));
#1700 = CARTESIAN_POINT('',(36.752968691677,9.660476480943,
    1.598517960913E+03));
#1701 = CARTESIAN_POINT('',(36.67262010737,9.963597142427,
    1.598775979043E+03));
#1702 = CARTESIAN_POINT('',(36.592209997635,10.255172660293,
    1.599040652057E+03));
#1703 = CARTESIAN_POINT('',(36.512103900763,10.535390161345,
    1.59931146912E+03));
#1704 = CARTESIAN_POINT('',(36.432634791153,10.804438396796,
    1.599587981293E+03));
#1705 = CARTESIAN_POINT('',(36.287768195146,11.28050543317,
    1.600107862071E+03));
#1706 = CARTESIAN_POINT('',(36.222101737152,11.490669677638,
    1.600349710976E+03));
#1707 = CARTESIAN_POINT('',(36.157289155852,11.693107011329,
    1.600595107005E+03));
#1708 = CARTESIAN_POINT('',(36.09350164761,11.887919012666,
    1.60084383152E+03));
#1709 = CARTESIAN_POINT('',(36.030897626731,12.075202516042,
    1.601095688646E+03));
#1710 = CARTESIAN_POINT('',(35.918764834578,12.404321887784,
    1.601562001923E+03));
#1711 = CARTESIAN_POINT('',(35.868823855075,12.548468040919,
    1.60177553247E+03));
#1712 = CARTESIAN_POINT('',(35.819884327582,12.687537396631,
    1.601990993423E+03));
#1713 = CARTESIAN_POINT('',(35.772026332925,12.82157488073,
    1.602208286353E+03));
#1714 = CARTESIAN_POINT('',(35.725325492124,12.950621019427,
    1.602427317896E+03));
#1715 = CARTESIAN_POINT('',(35.642542900939,13.176528151864,
    1.602829068519E+03));
#1716 = CARTESIAN_POINT('',(35.606059827855,13.275008405929,
    1.603011247921E+03));
#1717 = CARTESIAN_POINT('',(35.570443133356,13.370172606842,
    1.603194488912E+03));
#1718 = CARTESIAN_POINT('',(35.53573034504,13.462038846964,
    1.603378743744E+03));
#1719 = CARTESIAN_POINT('',(35.501957131894,13.550623405697,
    1.603563965963E+03));
#1720 = CARTESIAN_POINT('',(35.441489848744,13.707908012399,
    1.603907127798E+03));
#1721 = CARTESIAN_POINT('',(35.414514997093,13.77755055971,
    1.604064801274E+03));
#1722 = CARTESIAN_POINT('',(35.388253056602,13.844877077194,
    1.604223103663E+03));
#1723 = CARTESIAN_POINT('',(35.362723395245,13.909895468908,
    1.604382008147E+03));
#1724 = CARTESIAN_POINT('',(35.337944441704,13.9726128572,
    1.604541488267E+03));
#1725 = CARTESIAN_POINT('',(35.184200346508,14.35950767766,
    1.605566179622E+03));
#1726 = CARTESIAN_POINT('',(35.076836633787,14.619133471383,
    1.606447263202E+03));
#1727 = CARTESIAN_POINT('',(34.994712807906,14.812618398367,
    1.60734016344E+03));
#1728 = CARTESIAN_POINT('',(34.939754605144,14.940472137532,
    1.608240791052E+03));
#1729 = CARTESIAN_POINT('',(34.912920744475,15.002932242136,
    1.609145330646E+03));
#1730 = CARTESIAN_POINT('',(34.91548753557,14.996957708981,
    1.610937683943E+03));
#1731 = CARTESIAN_POINT('',(34.943841073276,14.930960395798,
    1.611824957892E+03));
#1732 = CARTESIAN_POINT('',(34.999220384495,14.801990082211,
    1.612708254233E+03));
#1733 = CARTESIAN_POINT('',(35.080686048348,14.609813613744,
    1.613583966226E+03));
#1734 = CARTESIAN_POINT('',(35.186404108371,14.353944087376,
    1.614448228076E+03));
#1735 = CARTESIAN_POINT('',(35.337597114813,13.973490235692,
    1.615456249168E+03));
#1736 = CARTESIAN_POINT('',(35.362292514793,13.910988999318,
    1.615615258305E+03));
#1737 = CARTESIAN_POINT('',(35.387734316804,13.846200599761,
    1.615773695524E+03));
#1738 = CARTESIAN_POINT('',(35.413904265354,13.779117985011,
    1.615931534605E+03));
#1739 = CARTESIAN_POINT('',(35.44078317681,13.709733331116,
    1.616088748976E+03));
#1740 = CARTESIAN_POINT('',(35.501000940043,13.553125411963,
    1.616430737472E+03));
#1741 = CARTESIAN_POINT('',(35.534617178712,13.464971641,
    1.616615249039E+03));
#1742 = CARTESIAN_POINT('',(35.569166267298,13.373562454214,
    1.616798801795E+03));
#1743 = CARTESIAN_POINT('',(35.604612988767,13.278881793562,
    1.616981349855E+03));
#1744 = CARTESIAN_POINT('',(35.640920297149,13.180911818038,
    1.617162846065E+03));
#1745 = CARTESIAN_POINT('',(35.72335241557,12.956057098643,
    1.617563352706E+03));
#1746 = CARTESIAN_POINT('',(35.769878752591,12.827555073644,
    1.617781824794E+03));
#1747 = CARTESIAN_POINT('',(35.817557850552,12.694091094878,
    1.617998570777E+03));
#1748 = CARTESIAN_POINT('',(35.866314827453,12.555625078566,
    1.618213498182E+03));
#1749 = CARTESIAN_POINT('',(35.916070397353,12.41211259095,
    1.618426509556E+03));
#1750 = CARTESIAN_POINT('',(36.028165466147,12.083357121609,
    1.618893275766E+03));
#1751 = CARTESIAN_POINT('',(36.090932625404,11.895726603534,
    1.619146075695E+03));
#1752 = CARTESIAN_POINT('',(36.15489552634,11.700520480788,
    1.619395727817E+03));
#1753 = CARTESIAN_POINT('',(36.21989441283,11.497641122515,
    1.619642034677E+03));
#1754 = CARTESIAN_POINT('',(36.285756594419,11.286986080282,
    1.619884775795E+03));
#1755 = CARTESIAN_POINT('',(36.430683195181,10.811001126303,
    1.620405179478E+03));
#1756 = CARTESIAN_POINT('',(36.51001045645,10.542613376615,
    1.620681365992E+03));
#1757 = CARTESIAN_POINT('',(36.589978115349,10.263095244754,
    1.620951882796E+03));
#1758 = CARTESIAN_POINT('',(36.670255203883,9.972258883068,
    1.621216283887E+03));
#1759 = CARTESIAN_POINT('',(36.750478433442,9.669917975698,
    1.621474061829E+03));
#1760 = CARTESIAN_POINT('',(36.929709150415,8.964360942503,
    1.622037073383E+03));
#1761 = CARTESIAN_POINT('',(37.028490628545,8.554568723011,
    1.62233839535E+03));
#1762 = CARTESIAN_POINT('',(37.125790874875,8.126270352059,
    1.622627389433E+03));
#1763 = CARTESIAN_POINT('',(37.220715795535,7.679296745763,
    1.622902687122E+03));
#1764 = CARTESIAN_POINT('',(37.312290762877,7.213552090162,
    1.623162772972E+03));
#1765 = CARTESIAN_POINT('',(37.46645345284,6.356725006701,
    1.623592849856E+03));
#1766 = CARTESIAN_POINT('',(37.530851698309,5.973286287052,
    1.623769781389E+03));
#1767 = CARTESIAN_POINT('',(37.592126522383,5.579030819666,
    1.623935840331E+03));
#1768 = CARTESIAN_POINT('',(37.649737939863,5.174343128413,
    1.624090116848E+03));
#1769 = CARTESIAN_POINT('',(37.703155441447,4.759661239075,
    1.624231723677E+03));
#1770 = CARTESIAN_POINT('',(37.829740910884,3.657397715457,
    1.624564516655E+03));
#1771 = CARTESIAN_POINT('',(37.895744855971,2.953715141954,
    1.62473504542E+03));
#1772 = CARTESIAN_POINT('',(37.947282248773,2.230000446288,
    1.624866448909E+03));
#1773 = CARTESIAN_POINT('',(37.982386866877,1.492276156939,
    1.624955379917E+03));
#1774 = CARTESIAN_POINT('',(38.,0.746826427754,1.625E+03));
#1775 = CARTESIAN_POINT('',(38.,2.755455298082E-15,1.625E+03));
#1776 = PCURVE('',#1632,#1777);
#1777 = DEFINITIONAL_REPRESENTATION('',(#1778),#1871);
#1778 = B_SPLINE_CURVE_WITH_KNOTS('',6,(#1779,#1780,#1781,#1782,#1783,
    #1784,#1785,#1786,#1787,#1788,#1789,#1790,#1791,#1792,#1793,#1794,
    #1795,#1796,#1797,#1798,#1799,#1800,#1801,#1802,#1803,#1804,#1805,
    #1806,#1807,#1808,#1809,#1810,#1811,#1812,#1813,#1814,#1815,#1816,
    #1817,#1818,#1819,#1820,#1821,#1822,#1823,#1824,#1825,#1826,#1827,
    #1828,#1829,#1830,#1831,#1832,#1833,#1834,#1835,#1836,#1837,#1838,
    #1839,#1840,#1841,#1842,#1843,#1844,#1845,#1846,#1847,#1848,#1849,
    #1850,#1851,#1852,#1853,#1854,#1855,#1856,#1857,#1858,#1859,#1860,
    #1861,#1862,#1863,#1864,#1865,#1866,#1867,#1868,#1869,#1870),
  .UNSPECIFIED.,.F.,.F.,(7,5,5,5,5,5,5,5,5,5,5,5,5,5,5,5,5,5,7),(0.,
    7.737113598679E-02,0.125657874997,0.187572141763,0.237931229511,
    0.280470745465,0.315778351282,0.344748131672,0.369184848864,
    0.501219711383,0.630775610448,0.655138776849,0.683993399945,
    0.719200464523,0.761879752518,0.81215775185,0.874843306925,
    0.923007381319,1.),.UNSPECIFIED.);
#1779 = CARTESIAN_POINT('',(0.,75.));
#1780 = CARTESIAN_POINT('',(1.975018615732E-02,75.));
#1781 = CARTESIAN_POINT('',(3.946285709243E-02,75.045060981898));
#1782 = CARTESIAN_POINT('',(5.898282321444E-02,75.134861193909));
#1783 = CARTESIAN_POINT('',(7.815650883462E-02,75.267527307706));
#1784 = CARTESIAN_POINT('',(9.683312039932E-02,75.439655597232));
#1785 = CARTESIAN_POINT('',(0.126123642628,75.775162205318));
#1786 = CARTESIAN_POINT('',(0.137142984349,75.917664163025));
#1787 = CARTESIAN_POINT('',(0.147914410377,76.072867197464));
#1788 = CARTESIAN_POINT('',(0.158426975195,76.239878279503));
#1789 = CARTESIAN_POINT('',(0.168670576598,76.417782941866));
#1790 = CARTESIAN_POINT('',(0.191413873807,76.846517932252));
#1791 = CARTESIAN_POINT('',(0.203736846974,77.103805083417));
#1792 = CARTESIAN_POINT('',(0.215604565492,77.375902271047));
#1793 = CARTESIAN_POINT('',(0.227017504731,77.661351351844));
#1794 = CARTESIAN_POINT('',(0.237977250452,77.958834228566));
#1795 = CARTESIAN_POINT('',(0.257034895877,78.51796091275));
#1796 = CARTESIAN_POINT('',(0.265286771254,78.775979042766));
#1797 = CARTESIAN_POINT('',(0.273245679623,79.040652057334));
#1798 = CARTESIAN_POINT('',(0.28091476692,79.311469120021));
#1799 = CARTESIAN_POINT('',(0.288297131713,79.587981292506));
#1800 = CARTESIAN_POINT('',(0.30139240781,80.107862070524));
#1801 = CARTESIAN_POINT('',(0.307186574371,80.349710975841));
#1802 = CARTESIAN_POINT('',(0.312780043818,80.59510700532));
#1803 = CARTESIAN_POINT('',(0.318174331028,80.843831520049));
#1804 = CARTESIAN_POINT('',(0.323370826962,81.095688646031));
#1805 = CARTESIAN_POINT('',(0.332520752561,81.562001922906));
#1806 = CARTESIAN_POINT('',(0.336535236152,81.775532469685));
#1807 = CARTESIAN_POINT('',(0.340414884283,81.990993422752));
#1808 = CARTESIAN_POINT('',(0.344160226602,82.208286353415));
#1809 = CARTESIAN_POINT('',(0.347771687562,82.427317896054));
#1810 = CARTESIAN_POINT('',(0.354103191581,82.829068519077));
#1811 = CARTESIAN_POINT('',(0.356866880891,83.011247921032));
#1812 = CARTESIAN_POINT('',(0.359540829913,83.194488911909));
#1813 = CARTESIAN_POINT('',(0.362125175583,83.378743743867));
#1814 = CARTESIAN_POINT('',(0.364620016216,83.563965963306));
#1815 = CARTESIAN_POINT('',(0.369054421166,83.907127797959));
#1816 = CARTESIAN_POINT('',(0.371019788336,84.064801274083));
#1817 = CARTESIAN_POINT('',(0.372921549112,84.223103663078));
#1818 = CARTESIAN_POINT('',(0.374759725429,84.382008147184));
#1819 = CARTESIAN_POINT('',(0.376534325062,84.541488267034));
#1820 = CARTESIAN_POINT('',(0.387490193755,85.566179622407));
#1821 = CARTESIAN_POINT('',(0.394882884961,86.447263201634));
#1822 = CARTESIAN_POINT('',(0.400414199361,87.340163439572));
#1823 = CARTESIAN_POINT('',(0.40407644631,88.240791052339));
#1824 = CARTESIAN_POINT('',(0.405865401042,89.145330646288));
#1825 = CARTESIAN_POINT('',(0.405694280685,90.937683942751));
#1826 = CARTESIAN_POINT('',(0.403804014338,91.8249578923));
#1827 = CARTESIAN_POINT('',(0.400110395814,92.708254233446));
#1828 = CARTESIAN_POINT('',(0.394617554642,93.583966226281));
#1829 = CARTESIAN_POINT('',(0.387332716106,94.448228076202));
#1830 = CARTESIAN_POINT('',(0.37655915729,95.456249167912));
#1831 = CARTESIAN_POINT('',(0.374790655844,95.615258304983));
#1832 = CARTESIAN_POINT('',(0.372958958193,95.773695523912));
#1833 = CARTESIAN_POINT('',(0.371064056744,95.931534605221));
#1834 = CARTESIAN_POINT('',(0.369105929932,96.088748976095));
#1835 = CARTESIAN_POINT('',(0.364690502797,96.430737472133));
#1836 = CARTESIAN_POINT('',(0.362207726409,96.615249038915));
#1837 = CARTESIAN_POINT('',(0.359636154452,96.798801794935));
#1838 = CARTESIAN_POINT('',(0.356975690375,96.981349855193));
#1839 = CARTESIAN_POINT('',(0.35422619967,97.162846065471));
#1840 = CARTESIAN_POINT('',(0.347923873066,97.563352706191));
#1841 = CARTESIAN_POINT('',(0.344327438657,97.781824794232));
#1842 = CARTESIAN_POINT('',(0.340597892049,97.998570776548));
#1843 = CARTESIAN_POINT('',(0.336734814715,98.213498181566));
#1844 = CARTESIAN_POINT('',(0.332737684197,98.426509556065));
#1845 = CARTESIAN_POINT('',(0.323597143203,98.89327576637));
#1846 = CARTESIAN_POINT('',(0.318390625552,99.146075694642));
#1847 = CARTESIAN_POINT('',(0.312985046297,99.395727817083));
#1848 = CARTESIAN_POINT('',(0.307379004949,99.642034677213));
#1849 = CARTESIAN_POINT('',(0.301570975393,99.884775794973));
#1850 = CARTESIAN_POINT('',(0.288477305927,100.40517947782));
#1851 = CARTESIAN_POINT('',(0.281112665941,100.68136599198));
#1852 = CARTESIAN_POINT('',(0.273462272121,100.95188279637));
#1853 = CARTESIAN_POINT('',(0.265523041467,101.21628388733));
#1854 = CARTESIAN_POINT('',(0.257291842359,101.47406182886));
#1855 = CARTESIAN_POINT('',(0.238134844531,102.03707338317));
#1856 = CARTESIAN_POINT('',(0.227042782051,102.33839535004));
#1857 = CARTESIAN_POINT('',(0.215486140621,102.62738943335));
#1858 = CARTESIAN_POINT('',(0.203463302288,102.90268712249));
#1859 = CARTESIAN_POINT('',(0.190973819612,103.16277297177));
#1860 = CARTESIAN_POINT('',(0.168063679816,103.59284985598));
#1861 = CARTESIAN_POINT('',(0.157832555758,103.76978138855));
#1862 = CARTESIAN_POINT('',(0.147334062412,103.93584033085));
#1863 = CARTESIAN_POINT('',(0.136578396616,104.0901168483));
#1864 = CARTESIAN_POINT('',(0.125576592425,104.23172367673));
#1865 = CARTESIAN_POINT('',(9.637900452964E-02,104.5645166552));
#1866 = CARTESIAN_POINT('',(7.778378536707E-02,104.7350454196));
#1867 = CARTESIAN_POINT('',(5.869787242372E-02,104.86644890933));
#1868 = CARTESIAN_POINT('',(3.927042864207E-02,104.95537991681));
#1869 = CARTESIAN_POINT('',(1.965332704615E-02,105.));
#1870 = CARTESIAN_POINT('',(0.,105.));
#1871 = ( GEOMETRIC_REPRESENTATION_CONTEXT(2) 
PARAMETRIC_REPRESENTATION_CONTEXT() REPRESENTATION_CONTEXT('2D SPACE',''
  ) );
#1872 = PCURVE('',#1873,#1878);
#1873 = CYLINDRICAL_SURFACE('',#1874,15.);
#1874 = AXIS2_PLACEMENT_3D('',#1875,#1876,#1877);
#1875 = CARTESIAN_POINT('',(31.,0.,1.61E+03));
#1876 = DIRECTION('',(1.,0.,2.22044604925E-16));
#1877 = DIRECTION('',(2.22044604925E-16,0.,-1.));
#1878 = DEFINITIONAL_REPRESENTATION('',(#1879),#1972);
#1879 = B_SPLINE_CURVE_WITH_KNOTS('',6,(#1880,#1881,#1882,#1883,#1884,
    #1885,#1886,#1887,#1888,#1889,#1890,#1891,#1892,#1893,#1894,#1895,
    #1896,#1897,#1898,#1899,#1900,#1901,#1902,#1903,#1904,#1905,#1906,
    #1907,#1908,#1909,#1910,#1911,#1912,#1913,#1914,#1915,#1916,#1917,
    #1918,#1919,#1920,#1921,#1922,#1923,#1924,#1925,#1926,#1927,#1928,
    #1929,#1930,#1931,#1932,#1933,#1934,#1935,#1936,#1937,#1938,#1939,
    #1940,#1941,#1942,#1943,#1944,#1945,#1946,#1947,#1948,#1949,#1950,
    #1951,#1952,#1953,#1954,#1955,#1956,#1957,#1958,#1959,#1960,#1961,
    #1962,#1963,#1964,#1965,#1966,#1967,#1968,#1969,#1970,#1971),
  .UNSPECIFIED.,.F.,.F.,(7,5,5,5,5,5,5,5,5,5,5,5,5,5,5,5,5,5,7),(0.,
    7.737113598679E-02,0.125657874997,0.187572141763,0.237931229511,
    0.280470745465,0.315778351282,0.344748131672,0.369184848864,
    0.501219711383,0.630775610448,0.655138776849,0.683993399945,
    0.719200464523,0.761879752518,0.81215775185,0.874843306925,
    0.923007381319,1.),.UNSPECIFIED.);
#1880 = CARTESIAN_POINT('',(0.,7.));
#1881 = CARTESIAN_POINT('',(5.003380493188E-02,7.));
#1882 = CARTESIAN_POINT('',(9.99725576716E-02,6.982212832065));
#1883 = CARTESIAN_POINT('',(0.14961353514,6.946765090637));
#1884 = CARTESIAN_POINT('',(0.19875403036,6.894735912703));
#1885 = CARTESIAN_POINT('',(0.247171713465,6.828126089802));
#1886 = CARTESIAN_POINT('',(0.324204110939,6.700554261788));
#1887 = CARTESIAN_POINT('',(0.353457283531,6.646821811784));
#1888 = CARTESIAN_POINT('',(0.382360843726,6.588893086774));
#1889 = CARTESIAN_POINT('',(0.41091104417,6.527302350529));
#1890 = CARTESIAN_POINT('',(0.439101659262,6.462592769008));
#1891 = CARTESIAN_POINT('',(0.502597984469,6.309027231493));
#1892 = CARTESIAN_POINT('',(0.53767320472,6.218494153783));
#1893 = CARTESIAN_POINT('',(0.572184447114,6.124711796754));
#1894 = CARTESIAN_POINT('',(0.606161765263,6.028618108299));
#1895 = CARTESIAN_POINT('',(0.639632815173,5.931074298438));
#1896 = CARTESIAN_POINT('',(0.699460455011,5.752968691677));
#1897 = CARTESIAN_POINT('',(0.725984030761,5.67262010737));
#1898 = CARTESIAN_POINT('',(0.752216763016,5.592209997635));
#1899 = CARTESIAN_POINT('',(0.778177976128,5.512103900763));
#1900 = CARTESIAN_POINT('',(0.803886550391,5.432634791153));
#1901 = CARTESIAN_POINT('',(0.850881389185,5.287768195146));
#1902 = CARTESIAN_POINT('',(0.872234606006,5.222101737152));
#1903 = CARTESIAN_POINT('',(0.893432155287,5.157289155852));
#1904 = CARTESIAN_POINT('',(0.914484533912,5.09350164761));
#1905 = CARTESIAN_POINT('',(0.935402053361,5.030897626731));
#1906 = CARTESIAN_POINT('',(0.973452758306,4.918764834578));
#1907 = CARTESIAN_POINT('',(0.990624414213,4.868823855075));
#1908 = CARTESIAN_POINT('',(1.007715268117,4.819884327582));
#1909 = CARTESIAN_POINT('',(1.024730512005,4.772026332925));
#1910 = CARTESIAN_POINT('',(1.041675069155,4.725325492124));
#1911 = CARTESIAN_POINT('',(1.072402371208,4.642542900939));
#1912 = CARTESIAN_POINT('',(1.086206687378,4.606059827855));
#1913 = CARTESIAN_POINT('',(1.099969109469,4.570443133356));
#1914 = CARTESIAN_POINT('',(1.113692091841,4.53573034504));
#1915 = CARTESIAN_POINT('',(1.127377976391,4.501957131894));
#1916 = CARTESIAN_POINT('',(1.152543958039,4.441489848744));
#1917 = CARTESIAN_POINT('',(1.164034112642,4.414514997093));
#1918 = CARTESIAN_POINT('',(1.175500793848,4.388253056602));
#1919 = CARTESIAN_POINT('',(1.186945288577,4.362723395245));
#1920 = CARTESIAN_POINT('',(1.198368833189,4.337944441704));
#1921 = CARTESIAN_POINT('',(1.27138876885,4.184200346508));
#1922 = CARTESIAN_POINT('',(1.33245500397,4.076836633787));
#1923 = CARTESIAN_POINT('',(1.393121684301,3.994712807906));
#1924 = CARTESIAN_POINT('',(1.453529602631,3.939754605144));
#1925 = CARTESIAN_POINT('',(1.513818040989,3.912920744475));
#1926 = CARTESIAN_POINT('',(1.633308924591,3.91548753557));
#1927 = CARTESIAN_POINT('',(1.692474870879,3.943841073276));
#1928 = CARTESIAN_POINT('',(1.751762629655,3.999220384495));
#1929 = CARTESIAN_POINT('',(1.811304312495,4.080686048348));
#1930 = CARTESIAN_POINT('',(1.871233494607,4.186404108371));
#1931 = CARTESIAN_POINT('',(1.943062045248,4.337597114813));
#1932 = CARTESIAN_POINT('',(1.954451105294,4.362292514793));
#1933 = CARTESIAN_POINT('',(1.965860977504,4.387734316804));
#1934 = CARTESIAN_POINT('',(1.97729288673,4.413904265354));
#1935 = CARTESIAN_POINT('',(1.988748107764,4.44078317681));
#1936 = CARTESIAN_POINT('',(2.013824185054,4.501000940043));
#1937 = CARTESIAN_POINT('',(2.027454961164,4.534617178712));
#1938 = CARTESIAN_POINT('',(2.041122495403,4.569166267298));
#1939 = CARTESIAN_POINT('',(2.054829100142,4.604612988767));
#1940 = CARTESIAN_POINT('',(2.068577198382,4.640920297149));
#1941 = CARTESIAN_POINT('',(2.099197831519,4.72335241557));
#1942 = CARTESIAN_POINT('',(2.116091875544,4.769878752591));
#1943 = CARTESIAN_POINT('',(2.133056065573,4.817557850552));
#1944 = CARTESIAN_POINT('',(2.150095277057,4.866314827453));
#1945 = CARTESIAN_POINT('',(2.167214651157,4.916070397353));
#1946 = CARTESIAN_POINT('',(2.205276054979,5.028165466147));
#1947 = CARTESIAN_POINT('',(2.226257766196,5.090932625404));
#1948 = CARTESIAN_POINT('',(2.247374945297,5.15489552634));
#1949 = CARTESIAN_POINT('',(2.268637996221,5.21989441283));
#1950 = CARTESIAN_POINT('',(2.290057509938,5.285756594419));
#1951 = CARTESIAN_POINT('',(2.337074370722,5.430683195181));
#1952 = CARTESIAN_POINT('',(2.362736745591,5.51001045645));
#1953 = CARTESIAN_POINT('',(2.388650628567,5.589978115349));
#1954 = CARTESIAN_POINT('',(2.414834807002,5.670255203883));
#1955 = CARTESIAN_POINT('',(2.441308508589,5.750478433442));
#1956 = CARTESIAN_POINT('',(2.501485755577,5.929709150415));
#1957 = CARTESIAN_POINT('',(2.535369307506,6.028490628545));
#1958 = CARTESIAN_POINT('',(2.569771695552,6.125790874875));
#1959 = CARTESIAN_POINT('',(2.60472152485,6.220715795535));
#1960 = CARTESIAN_POINT('',(2.640249926735,6.312290762877));
#1961 = CARTESIAN_POINT('',(2.704163715103,6.46645345284));
#1962 = CARTESIAN_POINT('',(2.732301255763,6.530851698309));
#1963 = CARTESIAN_POINT('',(2.760796682949,6.592126522383));
#1964 = CARTESIAN_POINT('',(2.789643483235,6.649737939863));
#1965 = CARTESIAN_POINT('',(2.818837616727,6.703155441447));
#1966 = CARTESIAN_POINT('',(2.895598024404,6.829740910884));
#1967 = CARTESIAN_POINT('',(2.943793838527,6.895744855971));
#1968 = CARTESIAN_POINT('',(2.992703782806,6.947282248773));
#1969 = CARTESIAN_POINT('',(3.042107580536,6.982386866877));
#1970 = CARTESIAN_POINT('',(3.091804225073,7.));
#1971 = CARTESIAN_POINT('',(3.14159265359,7.));
#1972 = ( GEOMETRIC_REPRESENTATION_CONTEXT(2) 
PARAMETRIC_REPRESENTATION_CONTEXT() REPRESENTATION_CONTEXT('2D SPACE',''
  ) );
#1973 = ORIENTED_EDGE('',*,*,#1974,.F.);
#1974 = EDGE_CURVE('',#1975,#1680,#1977,.T.);
#1975 = VERTEX_POINT('',#1976);
#1976 = CARTESIAN_POINT('',(38.,-9.30731567352E-15,1.52E+03));
#1977 = SEAM_CURVE('',#1978,(#1982,#1989),.PCURVE_S1.);
#1978 = LINE('',#1979,#1980);
#1979 = CARTESIAN_POINT('',(38.,-9.30731567352E-15,1.52E+03));
#1980 = VECTOR('',#1981,1.);
#1981 = DIRECTION('',(0.,0.,1.));
#1982 = PCURVE('',#1632,#1983);
#1983 = DEFINITIONAL_REPRESENTATION('',(#1984),#1988);
#1984 = LINE('',#1985,#1986);
#1985 = CARTESIAN_POINT('',(6.28318530718,-0.));
#1986 = VECTOR('',#1987,1.);
#1987 = DIRECTION('',(0.,1.));
#1988 = ( GEOMETRIC_REPRESENTATION_CONTEXT(2) 
PARAMETRIC_REPRESENTATION_CONTEXT() REPRESENTATION_CONTEXT('2D SPACE',''
  ) );
#1989 = PCURVE('',#1632,#1990);
#1990 = DEFINITIONAL_REPRESENTATION('',(#1991),#1995);
#1991 = LINE('',#1992,#1993);
#1992 = CARTESIAN_POINT('',(0.,-0.));
#1993 = VECTOR('',#1994,1.);
#1994 = DIRECTION('',(0.,1.));
#1995 = ( GEOMETRIC_REPRESENTATION_CONTEXT(2) 
PARAMETRIC_REPRESENTATION_CONTEXT() REPRESENTATION_CONTEXT('2D SPACE',''
  ) );
#1996 = ORIENTED_EDGE('',*,*,#1997,.T.);
#1997 = EDGE_CURVE('',#1975,#1975,#1998,.T.);
#1998 = SURFACE_CURVE('',#1999,(#2004,#2011),.PCURVE_S1.);
#1999 = CIRCLE('',#2000,38.);
#2000 = AXIS2_PLACEMENT_3D('',#2001,#2002,#2003);
#2001 = CARTESIAN_POINT('',(0.,0.,1.52E+03));
#2002 = DIRECTION('',(0.,0.,1.));
#2003 = DIRECTION('',(1.,0.,-0.));
#2004 = PCURVE('',#1632,#2005);
#2005 = DEFINITIONAL_REPRESENTATION('',(#2006),#2010);
#2006 = LINE('',#2007,#2008);
#2007 = CARTESIAN_POINT('',(0.,0.));
#2008 = VECTOR('',#2009,1.);
#2009 = DIRECTION('',(1.,0.));
#2010 = ( GEOMETRIC_REPRESENTATION_CONTEXT(2) 
PARAMETRIC_REPRESENTATION_CONTEXT() REPRESENTATION_CONTEXT('2D SPACE',''
  ) );
#2011 = PCURVE('',#2012,#2017);
#2012 = CONICAL_SURFACE('',#2013,12.,0.714090698612);
#2013 = AXIS2_PLACEMENT_3D('',#2014,#2015,#2016);
#2014 = CARTESIAN_POINT('',(0.,0.,1.49E+03));
#2015 = DIRECTION('',(0.,0.,1.));
#2016 = DIRECTION('',(1.,0.,-0.));
#2017 = DEFINITIONAL_REPRESENTATION('',(#2018),#2021);
#2018 = B_SPLINE_CURVE_WITH_KNOTS('',1,(#2019,#2020),.UNSPECIFIED.,.F.,
  .F.,(2,2),(0.,6.28318530718),.PIECEWISE_BEZIER_KNOTS.);
#2019 = CARTESIAN_POINT('',(0.,30.));
#2020 = CARTESIAN_POINT('',(6.28318530718,30.));
#2021 = ( GEOMETRIC_REPRESENTATION_CONTEXT(2) 
PARAMETRIC_REPRESENTATION_CONTEXT() REPRESENTATION_CONTEXT('2D SPACE',''
  ) );
#2022 = ORIENTED_EDGE('',*,*,#1974,.T.);
#2023 = ORIENTED_EDGE('',*,*,#2024,.F.);
#2024 = EDGE_CURVE('',#1622,#1680,#2025,.T.);
#2025 = SURFACE_CURVE('',#2026,(#2119,#2215),.PCURVE_S1.);
#2026 = B_SPLINE_CURVE_WITH_KNOTS('',6,(#2027,#2028,#2029,#2030,#2031,
    #2032,#2033,#2034,#2035,#2036,#2037,#2038,#2039,#2040,#2041,#2042,
    #2043,#2044,#2045,#2046,#2047,#2048,#2049,#2050,#2051,#2052,#2053,
    #2054,#2055,#2056,#2057,#2058,#2059,#2060,#2061,#2062,#2063,#2064,
    #2065,#2066,#2067,#2068,#2069,#2070,#2071,#2072,#2073,#2074,#2075,
    #2076,#2077,#2078,#2079,#2080,#2081,#2082,#2083,#2084,#2085,#2086,
    #2087,#2088,#2089,#2090,#2091,#2092,#2093,#2094,#2095,#2096,#2097,
    #2098,#2099,#2100,#2101,#2102,#2103,#2104,#2105,#2106,#2107,#2108,
    #2109,#2110,#2111,#2112,#2113,#2114,#2115,#2116,#2117,#2118),
  .UNSPECIFIED.,.F.,.F.,(7,5,5,5,5,5,5,5,5,5,5,5,5,5,5,5,5,5,7),(0.,
    7.737113599598E-02,0.125657875011,0.187572141786,0.237931229543,
    0.280470745504,0.315778351328,0.344748131723,0.369184848919,
    0.50121971146,0.630775610546,0.65513877695,0.68399340005,
    0.719200464633,0.761879752634,0.812157751973,0.874843307053,
    0.923007381441,1.),.UNSPECIFIED.);
#2027 = CARTESIAN_POINT('',(38.,-1.7763568394E-15,1.625E+03));
#2028 = CARTESIAN_POINT('',(38.,-0.750507073977,1.625E+03));
#2029 = CARTESIAN_POINT('',(37.982212832065,-1.499588430135,
    1.624954939018E+03));
#2030 = CARTESIAN_POINT('',(37.946765090638,-2.240820885327,
    1.624865138806E+03));
#2031 = CARTESIAN_POINT('',(37.894735912703,-2.967848171029,
    1.624732472692E+03));
#2032 = CARTESIAN_POINT('',(37.828126089802,-3.674582185984,
    1.624560344403E+03));
#2033 = CARTESIAN_POINT('',(37.700554261789,-4.780286994936,
    1.624224837795E+03));
#2034 = CARTESIAN_POINT('',(37.646821811784,-5.195600395292,
    1.624082335837E+03));
#2035 = CARTESIAN_POINT('',(37.588893086773,-5.600848011867,
    1.623927132803E+03));
#2036 = CARTESIAN_POINT('',(37.527302350529,-5.995595619776,
    1.62376012172E+03));
#2037 = CARTESIAN_POINT('',(37.462592769009,-6.379462843454,
    1.623582217058E+03));
#2038 = CARTESIAN_POINT('',(37.309027231489,-7.229955379512,
    1.623153482068E+03));
#2039 = CARTESIAN_POINT('',(37.218494153784,-7.689453769182,
    1.622896194917E+03));
#2040 = CARTESIAN_POINT('',(37.124711796758,-8.130641071388,
    1.622624097729E+03));
#2041 = CARTESIAN_POINT('',(37.0286181083,-8.55361154215,
    1.622338648648E+03));
#2042 = CARTESIAN_POINT('',(36.931074298434,-8.95852896799,
    1.622041165771E+03));
#2043 = CARTESIAN_POINT('',(36.752968691677,-9.660476480944,
    1.621482039087E+03));
#2044 = CARTESIAN_POINT('',(36.67262010737,-9.963597142426,
    1.621224020957E+03));
#2045 = CARTESIAN_POINT('',(36.592209997635,-10.25517266029,
    1.620959347943E+03));
#2046 = CARTESIAN_POINT('',(36.512103900763,-10.53539016134,
    1.62068853088E+03));
#2047 = CARTESIAN_POINT('',(36.432634791153,-10.80443839679,
    1.620412018707E+03));
#2048 = CARTESIAN_POINT('',(36.287768195146,-11.28050543317,
    1.619892137929E+03));
#2049 = CARTESIAN_POINT('',(36.222101737152,-11.49066967763,
    1.619650289024E+03));
#2050 = CARTESIAN_POINT('',(36.157289155852,-11.69310701133,
    1.619404892995E+03));
#2051 = CARTESIAN_POINT('',(36.09350164761,-11.88791901266,
    1.61915616848E+03));
#2052 = CARTESIAN_POINT('',(36.030897626731,-12.07520251604,
    1.618904311354E+03));
#2053 = CARTESIAN_POINT('',(35.918764834578,-12.40432188778,
    1.618437998077E+03));
#2054 = CARTESIAN_POINT('',(35.868823855075,-12.54846804091,
    1.61822446753E+03));
#2055 = CARTESIAN_POINT('',(35.819884327582,-12.68753739663,
    1.618009006577E+03));
#2056 = CARTESIAN_POINT('',(35.772026332924,-12.82157488073,
    1.617791713647E+03));
#2057 = CARTESIAN_POINT('',(35.725325492124,-12.95062101942,
    1.617572682104E+03));
#2058 = CARTESIAN_POINT('',(35.642542900939,-13.17652815186,
    1.617170931481E+03));
#2059 = CARTESIAN_POINT('',(35.606059827855,-13.27500840592,
    1.616988752079E+03));
#2060 = CARTESIAN_POINT('',(35.570443133356,-13.37017260684,
    1.616805511088E+03));
#2061 = CARTESIAN_POINT('',(35.53573034504,-13.46203884696,
    1.616621256256E+03));
#2062 = CARTESIAN_POINT('',(35.501957131894,-13.55062340569,
    1.616436034037E+03));
#2063 = CARTESIAN_POINT('',(35.441489848744,-13.70790801239,
    1.616092872202E+03));
#2064 = CARTESIAN_POINT('',(35.414514997093,-13.77755055971,
    1.615935198726E+03));
#2065 = CARTESIAN_POINT('',(35.388253056602,-13.84487707719,
    1.615776896337E+03));
#2066 = CARTESIAN_POINT('',(35.362723395245,-13.9098954689,
    1.615617991853E+03));
#2067 = CARTESIAN_POINT('',(35.337944441704,-13.9726128572,
    1.615458511733E+03));
#2068 = CARTESIAN_POINT('',(35.184200346511,-14.35950767765,
    1.614433820378E+03));
#2069 = CARTESIAN_POINT('',(35.076836633786,-14.61913347138,
    1.613552736798E+03));
#2070 = CARTESIAN_POINT('',(34.994712807905,-14.81261839837,
    1.61265983656E+03));
#2071 = CARTESIAN_POINT('',(34.939754605145,-14.94047213753,
    1.611759208948E+03));
#2072 = CARTESIAN_POINT('',(34.912920744475,-15.00293224213,
    1.610854669354E+03));
#2073 = CARTESIAN_POINT('',(34.91548753557,-14.99695770898,
    1.609062316057E+03));
#2074 = CARTESIAN_POINT('',(34.943841073277,-14.93096039579,
    1.608175042108E+03));
#2075 = CARTESIAN_POINT('',(34.999220384492,-14.80199008221,
    1.607291745767E+03));
#2076 = CARTESIAN_POINT('',(35.080686048353,-14.60981361373,
    1.606416033774E+03));
#2077 = CARTESIAN_POINT('',(35.186404108368,-14.35394408738,
    1.605551771924E+03));
#2078 = CARTESIAN_POINT('',(35.337597114813,-13.97349023569,
    1.604543750832E+03));
#2079 = CARTESIAN_POINT('',(35.362292514793,-13.91098899931,
    1.604384741695E+03));
#2080 = CARTESIAN_POINT('',(35.387734316804,-13.84620059976,
    1.604226304476E+03));
#2081 = CARTESIAN_POINT('',(35.413904265354,-13.77911798501,
    1.604068465395E+03));
#2082 = CARTESIAN_POINT('',(35.44078317681,-13.70973333111,
    1.603911251024E+03));
#2083 = CARTESIAN_POINT('',(35.501000940043,-13.55312541196,
    1.603569262528E+03));
#2084 = CARTESIAN_POINT('',(35.534617178712,-13.464971641,
    1.603384750961E+03));
#2085 = CARTESIAN_POINT('',(35.569166267298,-13.37356245421,
    1.603201198205E+03));
#2086 = CARTESIAN_POINT('',(35.604612988767,-13.27888179356,
    1.603018650145E+03));
#2087 = CARTESIAN_POINT('',(35.640920297149,-13.18091181803,
    1.602837153935E+03));
#2088 = CARTESIAN_POINT('',(35.723352415569,-12.95605709864,
    1.602436647294E+03));
#2089 = CARTESIAN_POINT('',(35.769878752591,-12.82755507364,
    1.602218175206E+03));
#2090 = CARTESIAN_POINT('',(35.817557850551,-12.69409109487,
    1.602001429223E+03));
#2091 = CARTESIAN_POINT('',(35.866314827453,-12.55562507856,
    1.601786501818E+03));
#2092 = CARTESIAN_POINT('',(35.916070397352,-12.41211259095,
    1.601573490444E+03));
#2093 = CARTESIAN_POINT('',(36.028165466147,-12.08335712161,
    1.601106724234E+03));
#2094 = CARTESIAN_POINT('',(36.090932625404,-11.89572660353,
    1.600853924305E+03));
#2095 = CARTESIAN_POINT('',(36.15489552634,-11.70052048078,
    1.600604272183E+03));
#2096 = CARTESIAN_POINT('',(36.21989441283,-11.49764112251,
    1.600357965323E+03));
#2097 = CARTESIAN_POINT('',(36.285756594419,-11.28698608028,
    1.600115224205E+03));
#2098 = CARTESIAN_POINT('',(36.43068319518,-10.8110011263,
    1.599594820522E+03));
#2099 = CARTESIAN_POINT('',(36.51001045645,-10.54261337661,
    1.599318634008E+03));
#2100 = CARTESIAN_POINT('',(36.589978115349,-10.26309524475,
    1.599048117204E+03));
#2101 = CARTESIAN_POINT('',(36.670255203883,-9.972258883069,
    1.598783716113E+03));
#2102 = CARTESIAN_POINT('',(36.750478433442,-9.669917975699,
    1.598525938171E+03));
#2103 = CARTESIAN_POINT('',(36.92970915041,-8.964360942522,
    1.597962926617E+03));
#2104 = CARTESIAN_POINT('',(37.028490628546,-8.554568723009,
    1.59766160465E+03));
#2105 = CARTESIAN_POINT('',(37.125790874879,-8.126270352039,
    1.597372610567E+03));
#2106 = CARTESIAN_POINT('',(37.220715795535,-7.679296745756,
    1.597097312878E+03));
#2107 = CARTESIAN_POINT('',(37.312290762873,-7.213552090188,
    1.596837227028E+03));
#2108 = CARTESIAN_POINT('',(37.466453452826,-6.356725006777,
    1.596407150144E+03));
#2109 = CARTESIAN_POINT('',(37.530851698315,-5.973286287033,
    1.596230218611E+03));
#2110 = CARTESIAN_POINT('',(37.592126522394,-5.579030819584,
    1.596064159669E+03));
#2111 = CARTESIAN_POINT('',(37.649737939863,-5.174343128392,
    1.595909883152E+03));
#2112 = CARTESIAN_POINT('',(37.703155441436,-4.759661239169,
    1.595768276323E+03));
#2113 = CARTESIAN_POINT('',(37.82974091079,-3.657397716277,
    1.595435483345E+03));
#2114 = CARTESIAN_POINT('',(37.895744856032,-2.953715141742,
    1.59526495458E+03));
#2115 = CARTESIAN_POINT('',(37.947282248823,-2.230000445471,
    1.595133551091E+03));
#2116 = CARTESIAN_POINT('',(37.982386866838,-1.492276156714,
    1.595044620083E+03));
#2117 = CARTESIAN_POINT('',(38.,-0.746826428577,1.595E+03));
#2118 = CARTESIAN_POINT('',(38.,-7.105427357601E-15,1.595E+03));
#2119 = PCURVE('',#1632,#2120);
#2120 = DEFINITIONAL_REPRESENTATION('',(#2121),#2214);
#2121 = B_SPLINE_CURVE_WITH_KNOTS('',6,(#2122,#2123,#2124,#2125,#2126,
    #2127,#2128,#2129,#2130,#2131,#2132,#2133,#2134,#2135,#2136,#2137,
    #2138,#2139,#2140,#2141,#2142,#2143,#2144,#2145,#2146,#2147,#2148,
    #2149,#2150,#2151,#2152,#2153,#2154,#2155,#2156,#2157,#2158,#2159,
    #2160,#2161,#2162,#2163,#2164,#2165,#2166,#2167,#2168,#2169,#2170,
    #2171,#2172,#2173,#2174,#2175,#2176,#2177,#2178,#2179,#2180,#2181,
    #2182,#2183,#2184,#2185,#2186,#2187,#2188,#2189,#2190,#2191,#2192,
    #2193,#2194,#2195,#2196,#2197,#2198,#2199,#2200,#2201,#2202,#2203,
    #2204,#2205,#2206,#2207,#2208,#2209,#2210,#2211,#2212,#2213),
  .UNSPECIFIED.,.F.,.F.,(7,5,5,5,5,5,5,5,5,5,5,5,5,5,5,5,5,5,7),(0.,
    7.737113599598E-02,0.125657875011,0.187572141786,0.237931229543,
    0.280470745504,0.315778351328,0.344748131723,0.369184848919,
    0.50121971146,0.630775610546,0.65513877695,0.68399340005,
    0.719200464633,0.761879752634,0.812157751973,0.874843307053,
    0.923007381441,1.),.UNSPECIFIED.);
#2122 = CARTESIAN_POINT('',(6.28318530718,105.));
#2123 = CARTESIAN_POINT('',(6.263435121022,105.));
#2124 = CARTESIAN_POINT('',(6.243722450087,104.9549390181));
#2125 = CARTESIAN_POINT('',(6.224202483965,104.86513880609));
#2126 = CARTESIAN_POINT('',(6.205028798345,104.73247269229));
#2127 = CARTESIAN_POINT('',(6.18635218678,104.56034440276));
#2128 = CARTESIAN_POINT('',(6.157061664552,104.22483779468));
#2129 = CARTESIAN_POINT('',(6.146042322831,104.08233583697));
#2130 = CARTESIAN_POINT('',(6.135270896802,103.92713280253));
#2131 = CARTESIAN_POINT('',(6.124758331985,103.76012172049));
#2132 = CARTESIAN_POINT('',(6.114514730582,103.58221705813));
#2133 = CARTESIAN_POINT('',(6.091771433372,103.15348206773));
#2134 = CARTESIAN_POINT('',(6.079448460205,102.89619491658));
#2135 = CARTESIAN_POINT('',(6.067580741688,102.62409772896));
#2136 = CARTESIAN_POINT('',(6.056167802449,102.33864864816));
#2137 = CARTESIAN_POINT('',(6.045208056727,102.04116577142));
#2138 = CARTESIAN_POINT('',(6.026150411303,101.48203908725));
#2139 = CARTESIAN_POINT('',(6.017898535926,101.22402095723));
#2140 = CARTESIAN_POINT('',(6.009939627556,100.95934794266));
#2141 = CARTESIAN_POINT('',(6.00227054026,100.68853087997));
#2142 = CARTESIAN_POINT('',(5.994888175467,100.41201870749));
#2143 = CARTESIAN_POINT('',(5.981792899369,99.892137929475));
#2144 = CARTESIAN_POINT('',(5.975998732808,99.650289024158));
#2145 = CARTESIAN_POINT('',(5.970405263361,99.40489299468));
#2146 = CARTESIAN_POINT('',(5.965010976151,99.156168479951));
#2147 = CARTESIAN_POINT('',(5.959814480217,98.904311353969));
#2148 = CARTESIAN_POINT('',(5.950664554619,98.437998077094));
#2149 = CARTESIAN_POINT('',(5.946650071028,98.224467530315));
#2150 = CARTESIAN_POINT('',(5.942770422897,98.009006577248));
#2151 = CARTESIAN_POINT('',(5.939025080577,97.791713646585));
#2152 = CARTESIAN_POINT('',(5.935413619617,97.572682103946));
#2153 = CARTESIAN_POINT('',(5.929082115599,97.170931480923));
#2154 = CARTESIAN_POINT('',(5.926318426288,96.988752078968));
#2155 = CARTESIAN_POINT('',(5.923644477266,96.805511088091));
#2156 = CARTESIAN_POINT('',(5.921060131596,96.621256256132));
#2157 = CARTESIAN_POINT('',(5.918565290963,96.436034036694));
#2158 = CARTESIAN_POINT('',(5.914130886014,96.092872202041));
#2159 = CARTESIAN_POINT('',(5.912165518844,95.935198725917));
#2160 = CARTESIAN_POINT('',(5.910263758068,95.776896336922));
#2161 = CARTESIAN_POINT('',(5.908425581751,95.617991852816));
#2162 = CARTESIAN_POINT('',(5.906650982117,95.458511732966));
#2163 = CARTESIAN_POINT('',(5.895695113425,94.43382037761));
#2164 = CARTESIAN_POINT('',(5.888302422219,93.552736798362));
#2165 = CARTESIAN_POINT('',(5.882771107818,92.65983656041));
#2166 = CARTESIAN_POINT('',(5.87910886087,91.759208947657));
#2167 = CARTESIAN_POINT('',(5.877319906138,90.854669353729));
#2168 = CARTESIAN_POINT('',(5.877491026495,89.062316057234));
#2169 = CARTESIAN_POINT('',(5.879381292842,88.175042107728));
#2170 = CARTESIAN_POINT('',(5.883074911366,87.291745766552));
#2171 = CARTESIAN_POINT('',(5.888567752538,86.416033773692));
#2172 = CARTESIAN_POINT('',(5.895852591073,85.551771923817));
#2173 = CARTESIAN_POINT('',(5.90662614989,84.543750832089));
#2174 = CARTESIAN_POINT('',(5.908394651335,84.384741695017));
#2175 = CARTESIAN_POINT('',(5.910226348987,84.226304476089));
#2176 = CARTESIAN_POINT('',(5.912121250436,84.06846539478));
#2177 = CARTESIAN_POINT('',(5.914079377248,83.911251023905));
#2178 = CARTESIAN_POINT('',(5.918494804382,83.569262527868));
#2179 = CARTESIAN_POINT('',(5.92097758077,83.384750961086));
#2180 = CARTESIAN_POINT('',(5.923549152727,83.201198205066));
#2181 = CARTESIAN_POINT('',(5.926209616805,83.018650144808));
#2182 = CARTESIAN_POINT('',(5.928959107509,82.83715393453));
#2183 = CARTESIAN_POINT('',(5.935261434113,82.43664729381));
#2184 = CARTESIAN_POINT('',(5.938857868523,82.218175205769));
#2185 = CARTESIAN_POINT('',(5.94258741513,82.001429223453));
#2186 = CARTESIAN_POINT('',(5.946450492465,81.786501818435));
#2187 = CARTESIAN_POINT('',(5.950447622982,81.573490443936));
#2188 = CARTESIAN_POINT('',(5.959588163976,81.106724233631));
#2189 = CARTESIAN_POINT('',(5.964794681628,80.853924305359));
#2190 = CARTESIAN_POINT('',(5.970200260883,80.604272182917));
#2191 = CARTESIAN_POINT('',(5.97580630223,80.357965322787));
#2192 = CARTESIAN_POINT('',(5.981614331787,80.115224205028));
#2193 = CARTESIAN_POINT('',(5.994708001253,79.59482052218));
#2194 = CARTESIAN_POINT('',(6.002072641239,79.318634008019));
#2195 = CARTESIAN_POINT('',(6.009723035058,79.048117203622));
#2196 = CARTESIAN_POINT('',(6.017662265712,78.783716112668));
#2197 = CARTESIAN_POINT('',(6.02589346482,78.525938171132));
#2198 = CARTESIAN_POINT('',(6.045050462648,77.962926616844));
#2199 = CARTESIAN_POINT('',(6.056142525129,77.661604649949));
#2200 = CARTESIAN_POINT('',(6.06769916656,77.372610566631));
#2201 = CARTESIAN_POINT('',(6.079722004892,77.097312877508));
#2202 = CARTESIAN_POINT('',(6.092211487567,76.83722702824));
#2203 = CARTESIAN_POINT('',(6.115121627362,76.407150144056));
#2204 = CARTESIAN_POINT('',(6.125352751422,76.230218611427));
#2205 = CARTESIAN_POINT('',(6.13585124477,76.064159669116));
#2206 = CARTESIAN_POINT('',(6.146606910564,75.909883151698));
#2207 = CARTESIAN_POINT('',(6.157608714752,75.768276323298));
#2208 = CARTESIAN_POINT('',(6.186806302628,75.43548334504));
#2209 = CARTESIAN_POINT('',(6.205401521818,75.264954580232));
#2210 = CARTESIAN_POINT('',(6.224487434777,75.133551090545));
#2211 = CARTESIAN_POINT('',(6.243914878543,75.044620083279));
#2212 = CARTESIAN_POINT('',(6.263531980112,75.));
#2213 = CARTESIAN_POINT('',(6.28318530718,75.));
#2214 = ( GEOMETRIC_REPRESENTATION_CONTEXT(2) 
PARAMETRIC_REPRESENTATION_CONTEXT() REPRESENTATION_CONTEXT('2D SPACE',''
  ) );
#2215 = PCURVE('',#1873,#2216);
#2216 = DEFINITIONAL_REPRESENTATION('',(#2217),#2310);
#2217 = B_SPLINE_CURVE_WITH_KNOTS('',6,(#2218,#2219,#2220,#2221,#2222,
    #2223,#2224,#2225,#2226,#2227,#2228,#2229,#2230,#2231,#2232,#2233,
    #2234,#2235,#2236,#2237,#2238,#2239,#2240,#2241,#2242,#2243,#2244,
    #2245,#2246,#2247,#2248,#2249,#2250,#2251,#2252,#2253,#2254,#2255,
    #2256,#2257,#2258,#2259,#2260,#2261,#2262,#2263,#2264,#2265,#2266,
    #2267,#2268,#2269,#2270,#2271,#2272,#2273,#2274,#2275,#2276,#2277,
    #2278,#2279,#2280,#2281,#2282,#2283,#2284,#2285,#2286,#2287,#2288,
    #2289,#2290,#2291,#2292,#2293,#2294,#2295,#2296,#2297,#2298,#2299,
    #2300,#2301,#2302,#2303,#2304,#2305,#2306,#2307,#2308,#2309),
  .UNSPECIFIED.,.F.,.F.,(7,5,5,5,5,5,5,5,5,5,5,5,5,5,5,5,5,5,7),(0.,
    7.737113599598E-02,0.125657875011,0.187572141786,0.237931229543,
    0.280470745504,0.315778351328,0.344748131723,0.369184848919,
    0.50121971146,0.630775610546,0.65513877695,0.68399340005,
    0.719200464633,0.761879752634,0.812157751973,0.874843307053,
    0.923007381441,1.),.UNSPECIFIED.);
#2218 = CARTESIAN_POINT('',(3.14159265359,7.));
#2219 = CARTESIAN_POINT('',(3.191626458522,7.));
#2220 = CARTESIAN_POINT('',(3.241565211261,6.982212832065));
#2221 = CARTESIAN_POINT('',(3.291206188729,6.946765090637));
#2222 = CARTESIAN_POINT('',(3.34034668395,6.894735912703));
#2223 = CARTESIAN_POINT('',(3.388764367055,6.828126089802));
#2224 = CARTESIAN_POINT('',(3.465796764529,6.700554261789));
#2225 = CARTESIAN_POINT('',(3.495049937121,6.646821811784));
#2226 = CARTESIAN_POINT('',(3.523953497316,6.588893086773));
#2227 = CARTESIAN_POINT('',(3.55250369776,6.527302350529));
#2228 = CARTESIAN_POINT('',(3.580694312851,6.462592769009));
#2229 = CARTESIAN_POINT('',(3.64419063806,6.309027231489));
#2230 = CARTESIAN_POINT('',(3.679265858309,6.218494153784));
#2231 = CARTESIAN_POINT('',(3.713777100702,6.124711796758));
#2232 = CARTESIAN_POINT('',(3.747754418852,6.0286181083));
#2233 = CARTESIAN_POINT('',(3.781225468764,5.931074298434));
#2234 = CARTESIAN_POINT('',(3.841053108601,5.752968691677));
#2235 = CARTESIAN_POINT('',(3.867576684351,5.67262010737));
#2236 = CARTESIAN_POINT('',(3.893809416606,5.592209997635));
#2237 = CARTESIAN_POINT('',(3.919770629718,5.512103900763));
#2238 = CARTESIAN_POINT('',(3.945479203981,5.432634791153));
#2239 = CARTESIAN_POINT('',(3.992474042775,5.287768195146));
#2240 = CARTESIAN_POINT('',(4.013827259596,5.222101737152));
#2241 = CARTESIAN_POINT('',(4.035024808876,5.157289155852));
#2242 = CARTESIAN_POINT('',(4.056077187502,5.09350164761));
#2243 = CARTESIAN_POINT('',(4.07699470695,5.030897626731));
#2244 = CARTESIAN_POINT('',(4.115045411896,4.918764834578));
#2245 = CARTESIAN_POINT('',(4.132217067803,4.868823855075));
#2246 = CARTESIAN_POINT('',(4.149307921707,4.819884327582));
#2247 = CARTESIAN_POINT('',(4.166323165595,4.772026332924));
#2248 = CARTESIAN_POINT('',(4.183267722744,4.725325492124));
#2249 = CARTESIAN_POINT('',(4.213995024798,4.642542900939));
#2250 = CARTESIAN_POINT('',(4.227799340968,4.606059827855));
#2251 = CARTESIAN_POINT('',(4.241561763059,4.570443133356));
#2252 = CARTESIAN_POINT('',(4.25528474543,4.53573034504));
#2253 = CARTESIAN_POINT('',(4.268970629981,4.501957131894));
#2254 = CARTESIAN_POINT('',(4.294136611629,4.441489848744));
#2255 = CARTESIAN_POINT('',(4.305626766232,4.414514997093));
#2256 = CARTESIAN_POINT('',(4.317093447437,4.388253056602));
#2257 = CARTESIAN_POINT('',(4.328537942167,4.362723395245));
#2258 = CARTESIAN_POINT('',(4.339961486779,4.337944441704));
#2259 = CARTESIAN_POINT('',(4.412981422438,4.184200346511));
#2260 = CARTESIAN_POINT('',(4.474047657561,4.076836633786));
#2261 = CARTESIAN_POINT('',(4.534714337892,3.994712807905));
#2262 = CARTESIAN_POINT('',(4.595122256222,3.939754605145));
#2263 = CARTESIAN_POINT('',(4.655410694578,3.912920744475));
#2264 = CARTESIAN_POINT('',(4.774901578182,3.91548753557));
#2265 = CARTESIAN_POINT('',(4.834067524467,3.943841073277));
#2266 = CARTESIAN_POINT('',(4.893355283245,3.999220384492));
#2267 = CARTESIAN_POINT('',(4.952896966087,4.080686048353));
#2268 = CARTESIAN_POINT('',(5.012826148196,4.186404108368));
#2269 = CARTESIAN_POINT('',(5.084654698837,4.337597114813));
#2270 = CARTESIAN_POINT('',(5.096043758884,4.362292514793));
#2271 = CARTESIAN_POINT('',(5.107453631094,4.387734316804));
#2272 = CARTESIAN_POINT('',(5.11888554032,4.413904265354));
#2273 = CARTESIAN_POINT('',(5.130340761354,4.44078317681));
#2274 = CARTESIAN_POINT('',(5.155416838644,4.501000940043));
#2275 = CARTESIAN_POINT('',(5.169047614754,4.534617178712));
#2276 = CARTESIAN_POINT('',(5.182715148993,4.569166267298));
#2277 = CARTESIAN_POINT('',(5.196421753731,4.604612988767));
#2278 = CARTESIAN_POINT('',(5.210169851971,4.640920297149));
#2279 = CARTESIAN_POINT('',(5.240790485109,4.723352415569));
#2280 = CARTESIAN_POINT('',(5.257684529134,4.769878752591));
#2281 = CARTESIAN_POINT('',(5.274648719163,4.817557850551));
#2282 = CARTESIAN_POINT('',(5.291687930647,4.866314827453));
#2283 = CARTESIAN_POINT('',(5.308807304747,4.916070397352));
#2284 = CARTESIAN_POINT('',(5.346868708569,5.028165466147));
#2285 = CARTESIAN_POINT('',(5.367850419786,5.090932625404));
#2286 = CARTESIAN_POINT('',(5.388967598887,5.15489552634));
#2287 = CARTESIAN_POINT('',(5.410230649811,5.21989441283));
#2288 = CARTESIAN_POINT('',(5.431650163528,5.285756594419));
#2289 = CARTESIAN_POINT('',(5.478667024311,5.43068319518));
#2290 = CARTESIAN_POINT('',(5.504329399181,5.51001045645));
#2291 = CARTESIAN_POINT('',(5.530243282156,5.589978115349));
#2292 = CARTESIAN_POINT('',(5.556427460592,5.670255203883));
#2293 = CARTESIAN_POINT('',(5.582901162179,5.750478433442));
#2294 = CARTESIAN_POINT('',(5.643078409165,5.92970915041));
#2295 = CARTESIAN_POINT('',(5.676961961096,6.028490628546));
#2296 = CARTESIAN_POINT('',(5.711364349143,6.125790874879));
#2297 = CARTESIAN_POINT('',(5.74631417844,6.220715795535));
#2298 = CARTESIAN_POINT('',(5.781842580323,6.312290762873));
#2299 = CARTESIAN_POINT('',(5.845756368687,6.466453452826));
#2300 = CARTESIAN_POINT('',(5.873893909355,6.530851698315));
#2301 = CARTESIAN_POINT('',(5.902389336545,6.592126522394));
#2302 = CARTESIAN_POINT('',(5.931236136826,6.649737939863));
#2303 = CARTESIAN_POINT('',(5.960430270311,6.703155441436));
#2304 = CARTESIAN_POINT('',(6.037190677937,6.82974091079));
#2305 = CARTESIAN_POINT('',(6.085386492134,6.895744856032));
#2306 = CARTESIAN_POINT('',(6.13429643645,6.947282248823));
#2307 = CARTESIAN_POINT('',(6.183700234141,6.982386866838));
#2308 = CARTESIAN_POINT('',(6.233396878608,7.));
#2309 = CARTESIAN_POINT('',(6.28318530718,7.));
#2310 = ( GEOMETRIC_REPRESENTATION_CONTEXT(2) 
PARAMETRIC_REPRESENTATION_CONTEXT() REPRESENTATION_CONTEXT('2D SPACE',''
  ) );
#2311 = ADVANCED_FACE('',(#2312),#1873,.F.);
#2312 = FACE_BOUND('',#2313,.F.);
#2313 = EDGE_LOOP('',(#2314,#2315,#2338,#2365,#2366));
#2314 = ORIENTED_EDGE('',*,*,#1679,.F.);
#2315 = ORIENTED_EDGE('',*,*,#2316,.F.);
#2316 = EDGE_CURVE('',#2317,#1680,#2319,.T.);
#2317 = VERTEX_POINT('',#2318);
#2318 = CARTESIAN_POINT('',(31.,-3.673940397442E-15,1.595E+03));
#2319 = SEAM_CURVE('',#2320,(#2324,#2331),.PCURVE_S1.);
#2320 = LINE('',#2321,#2322);
#2321 = CARTESIAN_POINT('',(31.,-3.673940397442E-15,1.595E+03));
#2322 = VECTOR('',#2323,1.);
#2323 = DIRECTION('',(1.,0.,2.22044604925E-16));
#2324 = PCURVE('',#1873,#2325);
#2325 = DEFINITIONAL_REPRESENTATION('',(#2326),#2330);
#2326 = LINE('',#2327,#2328);
#2327 = CARTESIAN_POINT('',(6.28318530718,-0.));
#2328 = VECTOR('',#2329,1.);
#2329 = DIRECTION('',(0.,1.));
#2330 = ( GEOMETRIC_REPRESENTATION_CONTEXT(2) 
PARAMETRIC_REPRESENTATION_CONTEXT() REPRESENTATION_CONTEXT('2D SPACE',''
  ) );
#2331 = PCURVE('',#1873,#2332);
#2332 = DEFINITIONAL_REPRESENTATION('',(#2333),#2337);
#2333 = LINE('',#2334,#2335);
#2334 = CARTESIAN_POINT('',(0.,-0.));
#2335 = VECTOR('',#2336,1.);
#2336 = DIRECTION('',(0.,1.));
#2337 = ( GEOMETRIC_REPRESENTATION_CONTEXT(2) 
PARAMETRIC_REPRESENTATION_CONTEXT() REPRESENTATION_CONTEXT('2D SPACE',''
  ) );
#2338 = ORIENTED_EDGE('',*,*,#2339,.T.);
#2339 = EDGE_CURVE('',#2317,#2317,#2340,.T.);
#2340 = SURFACE_CURVE('',#2341,(#2346,#2353),.PCURVE_S1.);
#2341 = CIRCLE('',#2342,15.);
#2342 = AXIS2_PLACEMENT_3D('',#2343,#2344,#2345);
#2343 = CARTESIAN_POINT('',(31.,0.,1.61E+03));
#2344 = DIRECTION('',(1.,-0.,2.22044604925E-16));
#2345 = DIRECTION('',(2.22044604925E-16,0.,-1.));
#2346 = PCURVE('',#1873,#2347);
#2347 = DEFINITIONAL_REPRESENTATION('',(#2348),#2352);
#2348 = LINE('',#2349,#2350);
#2349 = CARTESIAN_POINT('',(0.,0.));
#2350 = VECTOR('',#2351,1.);
#2351 = DIRECTION('',(1.,0.));
#2352 = ( GEOMETRIC_REPRESENTATION_CONTEXT(2) 
PARAMETRIC_REPRESENTATION_CONTEXT() REPRESENTATION_CONTEXT('2D SPACE',''
  ) );
#2353 = PCURVE('',#2354,#2359);
#2354 = PLANE('',#2355);
#2355 = AXIS2_PLACEMENT_3D('',#2356,#2357,#2358);
#2356 = CARTESIAN_POINT('',(31.,0.,1.61E+03));
#2357 = DIRECTION('',(1.,0.,2.22044604925E-16));
#2358 = DIRECTION('',(2.22044604925E-16,0.,-1.));
#2359 = DEFINITIONAL_REPRESENTATION('',(#2360),#2364);
#2360 = CIRCLE('',#2361,15.);
#2361 = AXIS2_PLACEMENT_2D('',#2362,#2363);
#2362 = CARTESIAN_POINT('',(0.,0.));
#2363 = DIRECTION('',(1.,0.));
#2364 = ( GEOMETRIC_REPRESENTATION_CONTEXT(2) 
PARAMETRIC_REPRESENTATION_CONTEXT() REPRESENTATION_CONTEXT('2D SPACE',''
  ) );
#2365 = ORIENTED_EDGE('',*,*,#2316,.T.);
#2366 = ORIENTED_EDGE('',*,*,#2024,.F.);
#2367 = ADVANCED_FACE('',(#2368),#2012,.T.);
#2368 = FACE_BOUND('',#2369,.T.);
#2369 = EDGE_LOOP('',(#2370,#2371,#2394,#2421));
#2370 = ORIENTED_EDGE('',*,*,#1997,.F.);
#2371 = ORIENTED_EDGE('',*,*,#2372,.F.);
#2372 = EDGE_CURVE('',#2373,#1975,#2375,.T.);
#2373 = VERTEX_POINT('',#2374);
#2374 = CARTESIAN_POINT('',(12.,-2.939152317954E-15,1.49E+03));
#2375 = SEAM_CURVE('',#2376,(#2380,#2387),.PCURVE_S1.);
#2376 = LINE('',#2377,#2378);
#2377 = CARTESIAN_POINT('',(12.,-2.939152317954E-15,1.49E+03));
#2378 = VECTOR('',#2379,1.);
#2379 = DIRECTION('',(0.654930538418,-1.604117175075E-16,0.75568908279)
  );
#2380 = PCURVE('',#2012,#2381);
#2381 = DEFINITIONAL_REPRESENTATION('',(#2382),#2386);
#2382 = LINE('',#2383,#2384);
#2383 = CARTESIAN_POINT('',(6.28318530718,-0.));
#2384 = VECTOR('',#2385,1.);
#2385 = DIRECTION('',(0.,1.));
#2386 = ( GEOMETRIC_REPRESENTATION_CONTEXT(2) 
PARAMETRIC_REPRESENTATION_CONTEXT() REPRESENTATION_CONTEXT('2D SPACE',''
  ) );
#2387 = PCURVE('',#2012,#2388);
#2388 = DEFINITIONAL_REPRESENTATION('',(#2389),#2393);
#2389 = LINE('',#2390,#2391);
#2390 = CARTESIAN_POINT('',(0.,-0.));
#2391 = VECTOR('',#2392,1.);
#2392 = DIRECTION('',(0.,1.));
#2393 = ( GEOMETRIC_REPRESENTATION_CONTEXT(2) 
PARAMETRIC_REPRESENTATION_CONTEXT() REPRESENTATION_CONTEXT('2D SPACE',''
  ) );
#2394 = ORIENTED_EDGE('',*,*,#2395,.T.);
#2395 = EDGE_CURVE('',#2373,#2373,#2396,.T.);
#2396 = SURFACE_CURVE('',#2397,(#2402,#2409),.PCURVE_S1.);
#2397 = CIRCLE('',#2398,12.);
#2398 = AXIS2_PLACEMENT_3D('',#2399,#2400,#2401);
#2399 = CARTESIAN_POINT('',(0.,0.,1.49E+03));
#2400 = DIRECTION('',(0.,0.,1.));
#2401 = DIRECTION('',(1.,0.,-0.));
#2402 = PCURVE('',#2012,#2403);
#2403 = DEFINITIONAL_REPRESENTATION('',(#2404),#2408);
#2404 = LINE('',#2405,#2406);
#2405 = CARTESIAN_POINT('',(0.,0.));
#2406 = VECTOR('',#2407,1.);
#2407 = DIRECTION('',(1.,0.));
#2408 = ( GEOMETRIC_REPRESENTATION_CONTEXT(2) 
PARAMETRIC_REPRESENTATION_CONTEXT() REPRESENTATION_CONTEXT('2D SPACE',''
  ) );
#2409 = PCURVE('',#2410,#2415);
#2410 = PLANE('',#2411);
#2411 = AXIS2_PLACEMENT_3D('',#2412,#2413,#2414);
#2412 = CARTESIAN_POINT('',(0.,0.,1.49E+03));
#2413 = DIRECTION('',(0.,0.,1.));
#2414 = DIRECTION('',(1.,0.,-0.));
#2415 = DEFINITIONAL_REPRESENTATION('',(#2416),#2420);
#2416 = CIRCLE('',#2417,12.);
#2417 = AXIS2_PLACEMENT_2D('',#2418,#2419);
#2418 = CARTESIAN_POINT('',(0.,0.));
#2419 = DIRECTION('',(1.,0.));
#2420 = ( GEOMETRIC_REPRESENTATION_CONTEXT(2) 
PARAMETRIC_REPRESENTATION_CONTEXT() REPRESENTATION_CONTEXT('2D SPACE',''
  ) );
#2421 = ORIENTED_EDGE('',*,*,#2372,.T.);
#2422 = ADVANCED_FACE('',(#2423,#2426,#2457),#1666,.T.);
#2423 = FACE_BOUND('',#2424,.T.);
#2424 = EDGE_LOOP('',(#2425));
#2425 = ORIENTED_EDGE('',*,*,#1651,.T.);
#2426 = FACE_BOUND('',#2427,.T.);
#2427 = EDGE_LOOP('',(#2428));
#2428 = ORIENTED_EDGE('',*,*,#2429,.F.);
#2429 = EDGE_CURVE('',#2430,#2430,#2432,.T.);
#2430 = VERTEX_POINT('',#2431);
#2431 = CARTESIAN_POINT('',(14.,-3.429011037613E-15,1.66E+03));
#2432 = SURFACE_CURVE('',#2433,(#2438,#2445),.PCURVE_S1.);
#2433 = CIRCLE('',#2434,14.);
#2434 = AXIS2_PLACEMENT_3D('',#2435,#2436,#2437);
#2435 = CARTESIAN_POINT('',(0.,0.,1.66E+03));
#2436 = DIRECTION('',(0.,0.,1.));
#2437 = DIRECTION('',(1.,0.,-0.));
#2438 = PCURVE('',#1666,#2439);
#2439 = DEFINITIONAL_REPRESENTATION('',(#2440),#2444);
#2440 = CIRCLE('',#2441,14.);
#2441 = AXIS2_PLACEMENT_2D('',#2442,#2443);
#2442 = CARTESIAN_POINT('',(0.,0.));
#2443 = DIRECTION('',(1.,0.));
#2444 = ( GEOMETRIC_REPRESENTATION_CONTEXT(2) 
PARAMETRIC_REPRESENTATION_CONTEXT() REPRESENTATION_CONTEXT('2D SPACE',''
  ) );
#2445 = PCURVE('',#2446,#2451);
#2446 = CYLINDRICAL_SURFACE('',#2447,14.);
#2447 = AXIS2_PLACEMENT_3D('',#2448,#2449,#2450);
#2448 = CARTESIAN_POINT('',(0.,0.,1.66E+03));
#2449 = DIRECTION('',(0.,0.,1.));
#2450 = DIRECTION('',(1.,0.,-0.));
#2451 = DEFINITIONAL_REPRESENTATION('',(#2452),#2456);
#2452 = LINE('',#2453,#2454);
#2453 = CARTESIAN_POINT('',(0.,0.));
#2454 = VECTOR('',#2455,1.);
#2455 = DIRECTION('',(1.,0.));
#2456 = ( GEOMETRIC_REPRESENTATION_CONTEXT(2) 
PARAMETRIC_REPRESENTATION_CONTEXT() REPRESENTATION_CONTEXT('2D SPACE',''
  ) );
#2457 = FACE_BOUND('',#2458,.T.);
#2458 = EDGE_LOOP('',(#2459));
#2459 = ORIENTED_EDGE('',*,*,#2460,.F.);
#2460 = EDGE_CURVE('',#2461,#2461,#2463,.T.);
#2461 = VERTEX_POINT('',#2462);
#2462 = CARTESIAN_POINT('',(37.,-1.714505518806E-15,1.66E+03));
#2463 = SURFACE_CURVE('',#2464,(#2469,#2476),.PCURVE_S1.);
#2464 = CIRCLE('',#2465,7.);
#2465 = AXIS2_PLACEMENT_3D('',#2466,#2467,#2468);
#2466 = CARTESIAN_POINT('',(30.,0.,1.66E+03));
#2467 = DIRECTION('',(0.,0.,1.));
#2468 = DIRECTION('',(1.,0.,-0.));
#2469 = PCURVE('',#1666,#2470);
#2470 = DEFINITIONAL_REPRESENTATION('',(#2471),#2475);
#2471 = CIRCLE('',#2472,7.);
#2472 = AXIS2_PLACEMENT_2D('',#2473,#2474);
#2473 = CARTESIAN_POINT('',(30.,0.));
#2474 = DIRECTION('',(1.,0.));
#2475 = ( GEOMETRIC_REPRESENTATION_CONTEXT(2) 
PARAMETRIC_REPRESENTATION_CONTEXT() REPRESENTATION_CONTEXT('2D SPACE',''
  ) );
#2476 = PCURVE('',#2477,#2482);
#2477 = CYLINDRICAL_SURFACE('',#2478,7.);
#2478 = AXIS2_PLACEMENT_3D('',#2479,#2480,#2481);
#2479 = CARTESIAN_POINT('',(30.,0.,1.66E+03));
#2480 = DIRECTION('',(0.,0.,1.));
#2481 = DIRECTION('',(1.,0.,-0.));
#2482 = DEFINITIONAL_REPRESENTATION('',(#2483),#2487);
#2483 = LINE('',#2484,#2485);
#2484 = CARTESIAN_POINT('',(0.,0.));
#2485 = VECTOR('',#2486,1.);
#2486 = DIRECTION('',(1.,0.));
#2487 = ( GEOMETRIC_REPRESENTATION_CONTEXT(2) 
PARAMETRIC_REPRESENTATION_CONTEXT() REPRESENTATION_CONTEXT('2D SPACE',''
  ) );
#2488 = ADVANCED_FACE('',(#2489),#2354,.T.);
#2489 = FACE_BOUND('',#2490,.F.);
#2490 = EDGE_LOOP('',(#2491));
#2491 = ORIENTED_EDGE('',*,*,#2339,.F.);
#2492 = ADVANCED_FACE('',(#2493,#2496),#2410,.F.);
#2493 = FACE_BOUND('',#2494,.F.);
#2494 = EDGE_LOOP('',(#2495));
#2495 = ORIENTED_EDGE('',*,*,#2395,.T.);
#2496 = FACE_BOUND('',#2497,.F.);
#2497 = EDGE_LOOP('',(#2498));
#2498 = ORIENTED_EDGE('',*,*,#2499,.F.);
#2499 = EDGE_CURVE('',#2500,#2500,#2502,.T.);
#2500 = VERTEX_POINT('',#2501);
#2501 = CARTESIAN_POINT('',(4.,-9.797174393179E-16,1.49E+03));
#2502 = SURFACE_CURVE('',#2503,(#2508,#2515),.PCURVE_S1.);
#2503 = CIRCLE('',#2504,4.);
#2504 = AXIS2_PLACEMENT_3D('',#2505,#2506,#2507);
#2505 = CARTESIAN_POINT('',(0.,0.,1.49E+03));
#2506 = DIRECTION('',(0.,0.,1.));
#2507 = DIRECTION('',(1.,0.,-0.));
#2508 = PCURVE('',#2410,#2509);
#2509 = DEFINITIONAL_REPRESENTATION('',(#2510),#2514);
#2510 = CIRCLE('',#2511,4.);
#2511 = AXIS2_PLACEMENT_2D('',#2512,#2513);
#2512 = CARTESIAN_POINT('',(0.,0.));
#2513 = DIRECTION('',(1.,0.));
#2514 = ( GEOMETRIC_REPRESENTATION_CONTEXT(2) 
PARAMETRIC_REPRESENTATION_CONTEXT() REPRESENTATION_CONTEXT('2D SPACE',''
  ) );
#2515 = PCURVE('',#2516,#2521);
#2516 = CYLINDRICAL_SURFACE('',#2517,4.);
#2517 = AXIS2_PLACEMENT_3D('',#2518,#2519,#2520);
#2518 = CARTESIAN_POINT('',(0.,0.,1.42E+03));
#2519 = DIRECTION('',(0.,0.,1.));
#2520 = DIRECTION('',(1.,0.,-0.));
#2521 = DEFINITIONAL_REPRESENTATION('',(#2522),#2526);
#2522 = LINE('',#2523,#2524);
#2523 = CARTESIAN_POINT('',(0.,70.));
#2524 = VECTOR('',#2525,1.);
#2525 = DIRECTION('',(1.,0.));
#2526 = ( GEOMETRIC_REPRESENTATION_CONTEXT(2) 
PARAMETRIC_REPRESENTATION_CONTEXT() REPRESENTATION_CONTEXT('2D SPACE',''
  ) );
#2527 = ADVANCED_FACE('',(#2528),#2446,.T.);
#2528 = FACE_BOUND('',#2529,.T.);
#2529 = EDGE_LOOP('',(#2530,#2559,#2580,#2581));
#2530 = ORIENTED_EDGE('',*,*,#2531,.F.);
#2531 = EDGE_CURVE('',#2532,#2532,#2534,.T.);
#2532 = VERTEX_POINT('',#2533);
#2533 = CARTESIAN_POINT('',(14.,-3.429011037613E-15,1.68E+03));
#2534 = SURFACE_CURVE('',#2535,(#2540,#2547),.PCURVE_S1.);
#2535 = CIRCLE('',#2536,14.);
#2536 = AXIS2_PLACEMENT_3D('',#2537,#2538,#2539);
#2537 = CARTESIAN_POINT('',(0.,0.,1.68E+03));
#2538 = DIRECTION('',(0.,0.,1.));
#2539 = DIRECTION('',(1.,0.,-0.));
#2540 = PCURVE('',#2446,#2541);
#2541 = DEFINITIONAL_REPRESENTATION('',(#2542),#2546);
#2542 = LINE('',#2543,#2544);
#2543 = CARTESIAN_POINT('',(0.,20.));
#2544 = VECTOR('',#2545,1.);
#2545 = DIRECTION('',(1.,0.));
#2546 = ( GEOMETRIC_REPRESENTATION_CONTEXT(2) 
PARAMETRIC_REPRESENTATION_CONTEXT() REPRESENTATION_CONTEXT('2D SPACE',''
  ) );
#2547 = PCURVE('',#2548,#2553);
#2548 = PLANE('',#2549);
#2549 = AXIS2_PLACEMENT_3D('',#2550,#2551,#2552);
#2550 = CARTESIAN_POINT('',(0.,0.,1.68E+03));
#2551 = DIRECTION('',(0.,0.,1.));
#2552 = DIRECTION('',(1.,0.,-0.));
#2553 = DEFINITIONAL_REPRESENTATION('',(#2554),#2558);
#2554 = CIRCLE('',#2555,14.);
#2555 = AXIS2_PLACEMENT_2D('',#2556,#2557);
#2556 = CARTESIAN_POINT('',(0.,0.));
#2557 = DIRECTION('',(1.,0.));
#2558 = ( GEOMETRIC_REPRESENTATION_CONTEXT(2) 
PARAMETRIC_REPRESENTATION_CONTEXT() REPRESENTATION_CONTEXT('2D SPACE',''
  ) );
#2559 = ORIENTED_EDGE('',*,*,#2560,.F.);
#2560 = EDGE_CURVE('',#2430,#2532,#2561,.T.);
#2561 = SEAM_CURVE('',#2562,(#2566,#2573),.PCURVE_S1.);
#2562 = LINE('',#2563,#2564);
#2563 = CARTESIAN_POINT('',(14.,-3.429011037613E-15,1.66E+03));
#2564 = VECTOR('',#2565,1.);
#2565 = DIRECTION('',(0.,0.,1.));
#2566 = PCURVE('',#2446,#2567);
#2567 = DEFINITIONAL_REPRESENTATION('',(#2568),#2572);
#2568 = LINE('',#2569,#2570);
#2569 = CARTESIAN_POINT('',(6.28318530718,-0.));
#2570 = VECTOR('',#2571,1.);
#2571 = DIRECTION('',(0.,1.));
#2572 = ( GEOMETRIC_REPRESENTATION_CONTEXT(2) 
PARAMETRIC_REPRESENTATION_CONTEXT() REPRESENTATION_CONTEXT('2D SPACE',''
  ) );
#2573 = PCURVE('',#2446,#2574);
#2574 = DEFINITIONAL_REPRESENTATION('',(#2575),#2579);
#2575 = LINE('',#2576,#2577);
#2576 = CARTESIAN_POINT('',(0.,-0.));
#2577 = VECTOR('',#2578,1.);
#2578 = DIRECTION('',(0.,1.));
#2579 = ( GEOMETRIC_REPRESENTATION_CONTEXT(2) 
PARAMETRIC_REPRESENTATION_CONTEXT() REPRESENTATION_CONTEXT('2D SPACE',''
  ) );
#2580 = ORIENTED_EDGE('',*,*,#2429,.T.);
#2581 = ORIENTED_EDGE('',*,*,#2560,.T.);
#2582 = ADVANCED_FACE('',(#2583),#2477,.T.);
#2583 = FACE_BOUND('',#2584,.T.);
#2584 = EDGE_LOOP('',(#2585,#2614,#2635,#2636));
#2585 = ORIENTED_EDGE('',*,*,#2586,.F.);
#2586 = EDGE_CURVE('',#2587,#2587,#2589,.T.);
#2587 = VERTEX_POINT('',#2588);
#2588 = CARTESIAN_POINT('',(37.,-1.714505518806E-15,1.676E+03));
#2589 = SURFACE_CURVE('',#2590,(#2595,#2602),.PCURVE_S1.);
#2590 = CIRCLE('',#2591,7.);
#2591 = AXIS2_PLACEMENT_3D('',#2592,#2593,#2594);
#2592 = CARTESIAN_POINT('',(30.,0.,1.676E+03));
#2593 = DIRECTION('',(0.,0.,1.));
#2594 = DIRECTION('',(1.,0.,-0.));
#2595 = PCURVE('',#2477,#2596);
#2596 = DEFINITIONAL_REPRESENTATION('',(#2597),#2601);
#2597 = LINE('',#2598,#2599);
#2598 = CARTESIAN_POINT('',(0.,16.));
#2599 = VECTOR('',#2600,1.);
#2600 = DIRECTION('',(1.,0.));
#2601 = ( GEOMETRIC_REPRESENTATION_CONTEXT(2) 
PARAMETRIC_REPRESENTATION_CONTEXT() REPRESENTATION_CONTEXT('2D SPACE',''
  ) );
#2602 = PCURVE('',#2603,#2608);
#2603 = PLANE('',#2604);
#2604 = AXIS2_PLACEMENT_3D('',#2605,#2606,#2607);
#2605 = CARTESIAN_POINT('',(30.,0.,1.676E+03));
#2606 = DIRECTION('',(0.,0.,1.));
#2607 = DIRECTION('',(1.,0.,-0.));
#2608 = DEFINITIONAL_REPRESENTATION('',(#2609),#2613);
#2609 = CIRCLE('',#2610,7.);
#2610 = AXIS2_PLACEMENT_2D('',#2611,#2612);
#2611 = CARTESIAN_POINT('',(0.,0.));
#2612 = DIRECTION('',(1.,0.));
#2613 = ( GEOMETRIC_REPRESENTATION_CONTEXT(2) 
PARAMETRIC_REPRESENTATION_CONTEXT() REPRESENTATION_CONTEXT('2D SPACE',''
  ) );
#2614 = ORIENTED_EDGE('',*,*,#2615,.F.);
#2615 = EDGE_CURVE('',#2461,#2587,#2616,.T.);
#2616 = SEAM_CURVE('',#2617,(#2621,#2628),.PCURVE_S1.);
#2617 = LINE('',#2618,#2619);
#2618 = CARTESIAN_POINT('',(37.,-1.714505518806E-15,1.66E+03));
#2619 = VECTOR('',#2620,1.);
#2620 = DIRECTION('',(0.,0.,1.));
#2621 = PCURVE('',#2477,#2622);
#2622 = DEFINITIONAL_REPRESENTATION('',(#2623),#2627);
#2623 = LINE('',#2624,#2625);
#2624 = CARTESIAN_POINT('',(6.28318530718,-0.));
#2625 = VECTOR('',#2626,1.);
#2626 = DIRECTION('',(0.,1.));
#2627 = ( GEOMETRIC_REPRESENTATION_CONTEXT(2) 
PARAMETRIC_REPRESENTATION_CONTEXT() REPRESENTATION_CONTEXT('2D SPACE',''
  ) );
#2628 = PCURVE('',#2477,#2629);
#2629 = DEFINITIONAL_REPRESENTATION('',(#2630),#2634);
#2630 = LINE('',#2631,#2632);
#2631 = CARTESIAN_POINT('',(0.,-0.));
#2632 = VECTOR('',#2633,1.);
#2633 = DIRECTION('',(0.,1.));
#2634 = ( GEOMETRIC_REPRESENTATION_CONTEXT(2) 
PARAMETRIC_REPRESENTATION_CONTEXT() REPRESENTATION_CONTEXT('2D SPACE',''
  ) );
#2635 = ORIENTED_EDGE('',*,*,#2460,.T.);
#2636 = ORIENTED_EDGE('',*,*,#2615,.T.);
#2637 = ADVANCED_FACE('',(#2638),#2516,.F.);
#2638 = FACE_BOUND('',#2639,.F.);
#2639 = EDGE_LOOP('',(#2640,#2664,#2685,#2686));
#2640 = ORIENTED_EDGE('',*,*,#2641,.F.);
#2641 = EDGE_CURVE('',#2642,#2642,#2644,.T.);
#2642 = VERTEX_POINT('',#2643);
#2643 = CARTESIAN_POINT('',(4.,-9.797174393179E-16,1.68E+03));
#2644 = SURFACE_CURVE('',#2645,(#2650,#2657),.PCURVE_S1.);
#2645 = CIRCLE('',#2646,4.);
#2646 = AXIS2_PLACEMENT_3D('',#2647,#2648,#2649);
#2647 = CARTESIAN_POINT('',(0.,0.,1.68E+03));
#2648 = DIRECTION('',(0.,0.,1.));
#2649 = DIRECTION('',(1.,0.,-0.));
#2650 = PCURVE('',#2516,#2651);
#2651 = DEFINITIONAL_REPRESENTATION('',(#2652),#2656);
#2652 = LINE('',#2653,#2654);
#2653 = CARTESIAN_POINT('',(0.,260.));
#2654 = VECTOR('',#2655,1.);
#2655 = DIRECTION('',(1.,0.));
#2656 = ( GEOMETRIC_REPRESENTATION_CONTEXT(2) 
PARAMETRIC_REPRESENTATION_CONTEXT() REPRESENTATION_CONTEXT('2D SPACE',''
  ) );
#2657 = PCURVE('',#2548,#2658);
#2658 = DEFINITIONAL_REPRESENTATION('',(#2659),#2663);
#2659 = CIRCLE('',#2660,4.);
#2660 = AXIS2_PLACEMENT_2D('',#2661,#2662);
#2661 = CARTESIAN_POINT('',(0.,0.));
#2662 = DIRECTION('',(1.,0.));
#2663 = ( GEOMETRIC_REPRESENTATION_CONTEXT(2) 
PARAMETRIC_REPRESENTATION_CONTEXT() REPRESENTATION_CONTEXT('2D SPACE',''
  ) );
#2664 = ORIENTED_EDGE('',*,*,#2665,.F.);
#2665 = EDGE_CURVE('',#2500,#2642,#2666,.T.);
#2666 = SEAM_CURVE('',#2667,(#2671,#2678),.PCURVE_S1.);
#2667 = LINE('',#2668,#2669);
#2668 = CARTESIAN_POINT('',(4.,-9.797174393179E-16,1.42E+03));
#2669 = VECTOR('',#2670,1.);
#2670 = DIRECTION('',(0.,0.,1.));
#2671 = PCURVE('',#2516,#2672);
#2672 = DEFINITIONAL_REPRESENTATION('',(#2673),#2677);
#2673 = LINE('',#2674,#2675);
#2674 = CARTESIAN_POINT('',(6.28318530718,-0.));
#2675 = VECTOR('',#2676,1.);
#2676 = DIRECTION('',(0.,1.));
#2677 = ( GEOMETRIC_REPRESENTATION_CONTEXT(2) 
PARAMETRIC_REPRESENTATION_CONTEXT() REPRESENTATION_CONTEXT('2D SPACE',''
  ) );
#2678 = PCURVE('',#2516,#2679);
#2679 = DEFINITIONAL_REPRESENTATION('',(#2680),#2684);
#2680 = LINE('',#2681,#2682);
#2681 = CARTESIAN_POINT('',(0.,-0.));
#2682 = VECTOR('',#2683,1.);
#2683 = DIRECTION('',(0.,1.));
#2684 = ( GEOMETRIC_REPRESENTATION_CONTEXT(2) 
PARAMETRIC_REPRESENTATION_CONTEXT() REPRESENTATION_CONTEXT('2D SPACE',''
  ) );
#2685 = ORIENTED_EDGE('',*,*,#2499,.T.);
#2686 = ORIENTED_EDGE('',*,*,#2665,.T.);
#2687 = ADVANCED_FACE('',(#2688,#2691),#2548,.T.);
#2688 = FACE_BOUND('',#2689,.T.);
#2689 = EDGE_LOOP('',(#2690));
#2690 = ORIENTED_EDGE('',*,*,#2531,.T.);
#2691 = FACE_BOUND('',#2692,.T.);
#2692 = EDGE_LOOP('',(#2693));
#2693 = ORIENTED_EDGE('',*,*,#2641,.F.);
#2694 = ADVANCED_FACE('',(#2695),#2603,.T.);
#2695 = FACE_BOUND('',#2696,.T.);
#2696 = EDGE_LOOP('',(#2697));
#2697 = ORIENTED_EDGE('',*,*,#2586,.T.);
#2698 = MANIFOLD_SOLID_BREP('',#2699);
#2699 = CLOSED_SHELL('',(#2700,#3394,#3450,#3505,#3571,#3575,#3610,#3665
    ,#3720,#3770,#3777));
#2700 = ADVANCED_FACE('',(#2701),#2715,.T.);
#2701 = FACE_BOUND('',#2702,.T.);
#2702 = EDGE_LOOP('',(#2703,#2733,#2760,#2761,#3056,#3079,#3105,#3106));
#2703 = ORIENTED_EDGE('',*,*,#2704,.T.);
#2704 = EDGE_CURVE('',#2705,#2707,#2709,.T.);
#2705 = VERTEX_POINT('',#2706);
#2706 = CARTESIAN_POINT('',(38.,-9.30731567352E-15,2.565E+03));
#2707 = VERTEX_POINT('',#2708);
#2708 = CARTESIAN_POINT('',(38.,-9.30731567352E-15,2.6E+03));
#2709 = SEAM_CURVE('',#2710,(#2714,#2726),.PCURVE_S1.);
#2710 = LINE('',#2711,#2712);
#2711 = CARTESIAN_POINT('',(38.,-9.30731567352E-15,2.46E+03));
#2712 = VECTOR('',#2713,1.);
#2713 = DIRECTION('',(0.,0.,1.));
#2714 = PCURVE('',#2715,#2720);
#2715 = CYLINDRICAL_SURFACE('',#2716,38.);
#2716 = AXIS2_PLACEMENT_3D('',#2717,#2718,#2719);
#2717 = CARTESIAN_POINT('',(0.,0.,2.46E+03));
#2718 = DIRECTION('',(0.,0.,1.));
#2719 = DIRECTION('',(1.,0.,-0.));
#2720 = DEFINITIONAL_REPRESENTATION('',(#2721),#2725);
#2721 = LINE('',#2722,#2723);
#2722 = CARTESIAN_POINT('',(6.28318530718,-0.));
#2723 = VECTOR('',#2724,1.);
#2724 = DIRECTION('',(0.,1.));
#2725 = ( GEOMETRIC_REPRESENTATION_CONTEXT(2) 
PARAMETRIC_REPRESENTATION_CONTEXT() REPRESENTATION_CONTEXT('2D SPACE',''
  ) );
#2726 = PCURVE('',#2715,#2727);
#2727 = DEFINITIONAL_REPRESENTATION('',(#2728),#2732);
#2728 = LINE('',#2729,#2730);
#2729 = CARTESIAN_POINT('',(0.,-0.));
#2730 = VECTOR('',#2731,1.);
#2731 = DIRECTION('',(0.,1.));
#2732 = ( GEOMETRIC_REPRESENTATION_CONTEXT(2) 
PARAMETRIC_REPRESENTATION_CONTEXT() REPRESENTATION_CONTEXT('2D SPACE',''
  ) );
#2733 = ORIENTED_EDGE('',*,*,#2734,.F.);
#2734 = EDGE_CURVE('',#2707,#2707,#2735,.T.);
#2735 = SURFACE_CURVE('',#2736,(#2741,#2748),.PCURVE_S1.);
#2736 = CIRCLE('',#2737,38.);
#2737 = AXIS2_PLACEMENT_3D('',#2738,#2739,#2740);
#2738 = CARTESIAN_POINT('',(0.,0.,2.6E+03));
#2739 = DIRECTION('',(0.,0.,1.));
#2740 = DIRECTION('',(1.,0.,-0.));
#2741 = PCURVE('',#2715,#2742);
#2742 = DEFINITIONAL_REPRESENTATION('',(#2743),#2747);
#2743 = LINE('',#2744,#2745);
#2744 = CARTESIAN_POINT('',(0.,140.));
#2745 = VECTOR('',#2746,1.);
#2746 = DIRECTION('',(1.,0.));
#2747 = ( GEOMETRIC_REPRESENTATION_CONTEXT(2) 
PARAMETRIC_REPRESENTATION_CONTEXT() REPRESENTATION_CONTEXT('2D SPACE',''
  ) );
#2748 = PCURVE('',#2749,#2754);
#2749 = PLANE('',#2750);
#2750 = AXIS2_PLACEMENT_3D('',#2751,#2752,#2753);
#2751 = CARTESIAN_POINT('',(0.,0.,2.6E+03));
#2752 = DIRECTION('',(0.,0.,1.));
#2753 = DIRECTION('',(1.,0.,-0.));
#2754 = DEFINITIONAL_REPRESENTATION('',(#2755),#2759);
#2755 = CIRCLE('',#2756,38.);
#2756 = AXIS2_PLACEMENT_2D('',#2757,#2758);
#2757 = CARTESIAN_POINT('',(0.,0.));
#2758 = DIRECTION('',(1.,0.));
#2759 = ( GEOMETRIC_REPRESENTATION_CONTEXT(2) 
PARAMETRIC_REPRESENTATION_CONTEXT() REPRESENTATION_CONTEXT('2D SPACE',''
  ) );
#2760 = ORIENTED_EDGE('',*,*,#2704,.F.);
#2761 = ORIENTED_EDGE('',*,*,#2762,.F.);
#2762 = EDGE_CURVE('',#2763,#2705,#2765,.T.);
#2763 = VERTEX_POINT('',#2764);
#2764 = CARTESIAN_POINT('',(38.,-6.490628035481E-15,2.535E+03));
#2765 = SURFACE_CURVE('',#2766,(#2859,#2955),.PCURVE_S1.);
#2766 = B_SPLINE_CURVE_WITH_KNOTS('',6,(#2767,#2768,#2769,#2770,#2771,
    #2772,#2773,#2774,#2775,#2776,#2777,#2778,#2779,#2780,#2781,#2782,
    #2783,#2784,#2785,#2786,#2787,#2788,#2789,#2790,#2791,#2792,#2793,
    #2794,#2795,#2796,#2797,#2798,#2799,#2800,#2801,#2802,#2803,#2804,
    #2805,#2806,#2807,#2808,#2809,#2810,#2811,#2812,#2813,#2814,#2815,
    #2816,#2817,#2818,#2819,#2820,#2821,#2822,#2823,#2824,#2825,#2826,
    #2827,#2828,#2829,#2830,#2831,#2832,#2833,#2834,#2835,#2836,#2837,
    #2838,#2839,#2840,#2841,#2842,#2843,#2844,#2845,#2846,#2847,#2848,
    #2849,#2850,#2851,#2852,#2853,#2854,#2855,#2856,#2857,#2858),
  .UNSPECIFIED.,.F.,.F.,(7,5,5,5,5,5,5,5,5,5,5,5,5,5,5,5,5,5,7),(0.,
    7.737113598679E-02,0.125657874997,0.187572141763,0.237931229511,
    0.280470745465,0.315778351282,0.344748131672,0.369184848864,
    0.501219711383,0.630775610448,0.655138776849,0.683993399945,
    0.719200464523,0.761879752518,0.81215775185,0.874843306925,
    0.923007381319,1.),.UNSPECIFIED.);
#2767 = CARTESIAN_POINT('',(38.,-1.836970198721E-15,2.535E+03));
#2768 = CARTESIAN_POINT('',(38.,0.750507073978,2.535E+03));
#2769 = CARTESIAN_POINT('',(37.982212832065,1.499588430135,
    2.535045060982E+03));
#2770 = CARTESIAN_POINT('',(37.946765090637,2.240820885326,
    2.535134861194E+03));
#2771 = CARTESIAN_POINT('',(37.894735912703,2.967848171029,
    2.535267527308E+03));
#2772 = CARTESIAN_POINT('',(37.828126089802,3.674582185984,
    2.535439655597E+03));
#2773 = CARTESIAN_POINT('',(37.700554261788,4.780286994943,
    2.535775162205E+03));
#2774 = CARTESIAN_POINT('',(37.646821811784,5.19560039529,
    2.535917664163E+03));
#2775 = CARTESIAN_POINT('',(37.588893086774,5.600848011862,
    2.536072867197E+03));
#2776 = CARTESIAN_POINT('',(37.527302350529,5.995595619775,
    2.53623987828E+03));
#2777 = CARTESIAN_POINT('',(37.462592769008,6.379462843458,
    2.536417782942E+03));
#2778 = CARTESIAN_POINT('',(37.309027231493,7.22995537949,
    2.536846517932E+03));
#2779 = CARTESIAN_POINT('',(37.218494153783,7.689453769188,
    2.537103805083E+03));
#2780 = CARTESIAN_POINT('',(37.124711796754,8.130641071407,
    2.537375902271E+03));
#2781 = CARTESIAN_POINT('',(37.028618108299,8.553611542154,
    2.537661351352E+03));
#2782 = CARTESIAN_POINT('',(36.931074298438,8.958528967973,
    2.537958834229E+03));
#2783 = CARTESIAN_POINT('',(36.752968691677,9.660476480943,
    2.538517960913E+03));
#2784 = CARTESIAN_POINT('',(36.67262010737,9.963597142427,
    2.538775979043E+03));
#2785 = CARTESIAN_POINT('',(36.592209997635,10.255172660293,
    2.539040652057E+03));
#2786 = CARTESIAN_POINT('',(36.512103900763,10.535390161345,
    2.53931146912E+03));
#2787 = CARTESIAN_POINT('',(36.432634791153,10.804438396796,
    2.539587981293E+03));
#2788 = CARTESIAN_POINT('',(36.287768195146,11.28050543317,
    2.540107862071E+03));
#2789 = CARTESIAN_POINT('',(36.222101737152,11.490669677638,
    2.540349710976E+03));
#2790 = CARTESIAN_POINT('',(36.157289155852,11.693107011329,
    2.540595107005E+03));
#2791 = CARTESIAN_POINT('',(36.09350164761,11.887919012666,
    2.54084383152E+03));
#2792 = CARTESIAN_POINT('',(36.030897626731,12.075202516042,
    2.541095688646E+03));
#2793 = CARTESIAN_POINT('',(35.918764834578,12.404321887784,
    2.541562001923E+03));
#2794 = CARTESIAN_POINT('',(35.868823855075,12.548468040919,
    2.54177553247E+03));
#2795 = CARTESIAN_POINT('',(35.819884327582,12.687537396631,
    2.541990993423E+03));
#2796 = CARTESIAN_POINT('',(35.772026332925,12.82157488073,
    2.542208286353E+03));
#2797 = CARTESIAN_POINT('',(35.725325492124,12.950621019427,
    2.542427317896E+03));
#2798 = CARTESIAN_POINT('',(35.642542900939,13.176528151864,
    2.542829068519E+03));
#2799 = CARTESIAN_POINT('',(35.606059827855,13.275008405929,
    2.543011247921E+03));
#2800 = CARTESIAN_POINT('',(35.570443133356,13.370172606842,
    2.543194488912E+03));
#2801 = CARTESIAN_POINT('',(35.53573034504,13.462038846964,
    2.543378743744E+03));
#2802 = CARTESIAN_POINT('',(35.501957131894,13.550623405697,
    2.543563965963E+03));
#2803 = CARTESIAN_POINT('',(35.441489848744,13.707908012399,
    2.543907127798E+03));
#2804 = CARTESIAN_POINT('',(35.414514997093,13.77755055971,
    2.544064801274E+03));
#2805 = CARTESIAN_POINT('',(35.388253056602,13.844877077194,
    2.544223103663E+03));
#2806 = CARTESIAN_POINT('',(35.362723395245,13.909895468908,
    2.544382008147E+03));
#2807 = CARTESIAN_POINT('',(35.337944441704,13.9726128572,
    2.544541488267E+03));
#2808 = CARTESIAN_POINT('',(35.184200346508,14.35950767766,
    2.545566179622E+03));
#2809 = CARTESIAN_POINT('',(35.076836633787,14.619133471383,
    2.546447263202E+03));
#2810 = CARTESIAN_POINT('',(34.994712807906,14.812618398367,
    2.54734016344E+03));
#2811 = CARTESIAN_POINT('',(34.939754605144,14.940472137532,
    2.548240791052E+03));
#2812 = CARTESIAN_POINT('',(34.912920744475,15.002932242136,
    2.549145330646E+03));
#2813 = CARTESIAN_POINT('',(34.91548753557,14.996957708981,
    2.550937683943E+03));
#2814 = CARTESIAN_POINT('',(34.943841073276,14.930960395798,
    2.551824957892E+03));
#2815 = CARTESIAN_POINT('',(34.999220384495,14.801990082211,
    2.552708254233E+03));
#2816 = CARTESIAN_POINT('',(35.080686048348,14.609813613744,
    2.553583966226E+03));
#2817 = CARTESIAN_POINT('',(35.186404108371,14.353944087376,
    2.554448228076E+03));
#2818 = CARTESIAN_POINT('',(35.337597114813,13.973490235692,
    2.555456249168E+03));
#2819 = CARTESIAN_POINT('',(35.362292514793,13.910988999318,
    2.555615258305E+03));
#2820 = CARTESIAN_POINT('',(35.387734316804,13.846200599761,
    2.555773695524E+03));
#2821 = CARTESIAN_POINT('',(35.413904265354,13.779117985011,
    2.555931534605E+03));
#2822 = CARTESIAN_POINT('',(35.44078317681,13.709733331116,
    2.556088748976E+03));
#2823 = CARTESIAN_POINT('',(35.501000940043,13.553125411963,
    2.556430737472E+03));
#2824 = CARTESIAN_POINT('',(35.534617178712,13.464971641,
    2.556615249039E+03));
#2825 = CARTESIAN_POINT('',(35.569166267298,13.373562454214,
    2.556798801795E+03));
#2826 = CARTESIAN_POINT('',(35.604612988767,13.278881793562,
    2.556981349855E+03));
#2827 = CARTESIAN_POINT('',(35.640920297149,13.180911818038,
    2.557162846065E+03));
#2828 = CARTESIAN_POINT('',(35.72335241557,12.956057098643,
    2.557563352706E+03));
#2829 = CARTESIAN_POINT('',(35.769878752591,12.827555073644,
    2.557781824794E+03));
#2830 = CARTESIAN_POINT('',(35.817557850552,12.694091094878,
    2.557998570777E+03));
#2831 = CARTESIAN_POINT('',(35.866314827453,12.555625078566,
    2.558213498182E+03));
#2832 = CARTESIAN_POINT('',(35.916070397353,12.41211259095,
    2.558426509556E+03));
#2833 = CARTESIAN_POINT('',(36.028165466147,12.083357121609,
    2.558893275766E+03));
#2834 = CARTESIAN_POINT('',(36.090932625404,11.895726603534,
    2.559146075695E+03));
#2835 = CARTESIAN_POINT('',(36.15489552634,11.700520480788,
    2.559395727817E+03));
#2836 = CARTESIAN_POINT('',(36.21989441283,11.497641122515,
    2.559642034677E+03));
#2837 = CARTESIAN_POINT('',(36.285756594419,11.286986080282,
    2.559884775795E+03));
#2838 = CARTESIAN_POINT('',(36.430683195181,10.811001126303,
    2.560405179478E+03));
#2839 = CARTESIAN_POINT('',(36.51001045645,10.542613376615,
    2.560681365992E+03));
#2840 = CARTESIAN_POINT('',(36.589978115349,10.263095244754,
    2.560951882796E+03));
#2841 = CARTESIAN_POINT('',(36.670255203883,9.972258883068,
    2.561216283887E+03));
#2842 = CARTESIAN_POINT('',(36.750478433442,9.669917975698,
    2.561474061829E+03));
#2843 = CARTESIAN_POINT('',(36.929709150415,8.964360942503,
    2.562037073383E+03));
#2844 = CARTESIAN_POINT('',(37.028490628545,8.554568723011,
    2.56233839535E+03));
#2845 = CARTESIAN_POINT('',(37.125790874875,8.126270352059,
    2.562627389433E+03));
#2846 = CARTESIAN_POINT('',(37.220715795535,7.679296745763,
    2.562902687122E+03));
#2847 = CARTESIAN_POINT('',(37.312290762877,7.213552090162,
    2.563162772972E+03));
#2848 = CARTESIAN_POINT('',(37.46645345284,6.356725006701,
    2.563592849856E+03));
#2849 = CARTESIAN_POINT('',(37.530851698309,5.973286287052,
    2.563769781389E+03));
#2850 = CARTESIAN_POINT('',(37.592126522383,5.579030819666,
    2.563935840331E+03));
#2851 = CARTESIAN_POINT('',(37.649737939863,5.174343128413,
    2.564090116848E+03));
#2852 = CARTESIAN_POINT('',(37.703155441447,4.759661239075,
    2.564231723677E+03));
#2853 = CARTESIAN_POINT('',(37.829740910884,3.657397715457,
    2.564564516655E+03));
#2854 = CARTESIAN_POINT('',(37.895744855971,2.953715141954,
    2.56473504542E+03));
#2855 = CARTESIAN_POINT('',(37.947282248773,2.230000446288,
    2.564866448909E+03));
#2856 = CARTESIAN_POINT('',(37.982386866877,1.492276156939,
    2.564955379917E+03));
#2857 = CARTESIAN_POINT('',(38.,0.746826427754,2.565E+03));
#2858 = CARTESIAN_POINT('',(38.,2.755455298082E-15,2.565E+03));
#2859 = PCURVE('',#2715,#2860);
#2860 = DEFINITIONAL_REPRESENTATION('',(#2861),#2954);
#2861 = B_SPLINE_CURVE_WITH_KNOTS('',6,(#2862,#2863,#2864,#2865,#2866,
    #2867,#2868,#2869,#2870,#2871,#2872,#2873,#2874,#2875,#2876,#2877,
    #2878,#2879,#2880,#2881,#2882,#2883,#2884,#2885,#2886,#2887,#2888,
    #2889,#2890,#2891,#2892,#2893,#2894,#2895,#2896,#2897,#2898,#2899,
    #2900,#2901,#2902,#2903,#2904,#2905,#2906,#2907,#2908,#2909,#2910,
    #2911,#2912,#2913,#2914,#2915,#2916,#2917,#2918,#2919,#2920,#2921,
    #2922,#2923,#2924,#2925,#2926,#2927,#2928,#2929,#2930,#2931,#2932,
    #2933,#2934,#2935,#2936,#2937,#2938,#2939,#2940,#2941,#2942,#2943,
    #2944,#2945,#2946,#2947,#2948,#2949,#2950,#2951,#2952,#2953),
  .UNSPECIFIED.,.F.,.F.,(7,5,5,5,5,5,5,5,5,5,5,5,5,5,5,5,5,5,7),(0.,
    7.737113598679E-02,0.125657874997,0.187572141763,0.237931229511,
    0.280470745465,0.315778351282,0.344748131672,0.369184848864,
    0.501219711383,0.630775610448,0.655138776849,0.683993399945,
    0.719200464523,0.761879752518,0.81215775185,0.874843306925,
    0.923007381319,1.),.UNSPECIFIED.);
#2862 = CARTESIAN_POINT('',(0.,75.));
#2863 = CARTESIAN_POINT('',(1.975018615732E-02,75.));
#2864 = CARTESIAN_POINT('',(3.946285709243E-02,75.045060981898));
#2865 = CARTESIAN_POINT('',(5.898282321444E-02,75.134861193909));
#2866 = CARTESIAN_POINT('',(7.815650883462E-02,75.267527307706));
#2867 = CARTESIAN_POINT('',(9.683312039932E-02,75.439655597232));
#2868 = CARTESIAN_POINT('',(0.126123642628,75.775162205318));
#2869 = CARTESIAN_POINT('',(0.137142984349,75.917664163025));
#2870 = CARTESIAN_POINT('',(0.147914410377,76.072867197464));
#2871 = CARTESIAN_POINT('',(0.158426975195,76.239878279503));
#2872 = CARTESIAN_POINT('',(0.168670576598,76.417782941866));
#2873 = CARTESIAN_POINT('',(0.191413873807,76.846517932252));
#2874 = CARTESIAN_POINT('',(0.203736846974,77.103805083417));
#2875 = CARTESIAN_POINT('',(0.215604565492,77.375902271047));
#2876 = CARTESIAN_POINT('',(0.227017504731,77.661351351844));
#2877 = CARTESIAN_POINT('',(0.237977250452,77.958834228566));
#2878 = CARTESIAN_POINT('',(0.257034895877,78.51796091275));
#2879 = CARTESIAN_POINT('',(0.265286771254,78.775979042766));
#2880 = CARTESIAN_POINT('',(0.273245679623,79.040652057334));
#2881 = CARTESIAN_POINT('',(0.28091476692,79.311469120021));
#2882 = CARTESIAN_POINT('',(0.288297131713,79.587981292506));
#2883 = CARTESIAN_POINT('',(0.30139240781,80.107862070524));
#2884 = CARTESIAN_POINT('',(0.307186574371,80.349710975841));
#2885 = CARTESIAN_POINT('',(0.312780043818,80.59510700532));
#2886 = CARTESIAN_POINT('',(0.318174331028,80.843831520049));
#2887 = CARTESIAN_POINT('',(0.323370826962,81.095688646031));
#2888 = CARTESIAN_POINT('',(0.332520752561,81.562001922906));
#2889 = CARTESIAN_POINT('',(0.336535236152,81.775532469685));
#2890 = CARTESIAN_POINT('',(0.340414884283,81.990993422752));
#2891 = CARTESIAN_POINT('',(0.344160226602,82.208286353415));
#2892 = CARTESIAN_POINT('',(0.347771687562,82.427317896054));
#2893 = CARTESIAN_POINT('',(0.354103191581,82.829068519077));
#2894 = CARTESIAN_POINT('',(0.356866880891,83.011247921032));
#2895 = CARTESIAN_POINT('',(0.359540829913,83.194488911909));
#2896 = CARTESIAN_POINT('',(0.362125175583,83.378743743867));
#2897 = CARTESIAN_POINT('',(0.364620016216,83.563965963306));
#2898 = CARTESIAN_POINT('',(0.369054421166,83.907127797959));
#2899 = CARTESIAN_POINT('',(0.371019788336,84.064801274083));
#2900 = CARTESIAN_POINT('',(0.372921549112,84.223103663078));
#2901 = CARTESIAN_POINT('',(0.374759725429,84.382008147184));
#2902 = CARTESIAN_POINT('',(0.376534325062,84.541488267034));
#2903 = CARTESIAN_POINT('',(0.387490193755,85.566179622407));
#2904 = CARTESIAN_POINT('',(0.394882884961,86.447263201634));
#2905 = CARTESIAN_POINT('',(0.400414199361,87.340163439572));
#2906 = CARTESIAN_POINT('',(0.40407644631,88.240791052339));
#2907 = CARTESIAN_POINT('',(0.405865401042,89.145330646288));
#2908 = CARTESIAN_POINT('',(0.405694280685,90.937683942751));
#2909 = CARTESIAN_POINT('',(0.403804014338,91.8249578923));
#2910 = CARTESIAN_POINT('',(0.400110395814,92.708254233446));
#2911 = CARTESIAN_POINT('',(0.394617554642,93.583966226281));
#2912 = CARTESIAN_POINT('',(0.387332716106,94.448228076202));
#2913 = CARTESIAN_POINT('',(0.37655915729,95.456249167912));
#2914 = CARTESIAN_POINT('',(0.374790655844,95.615258304983));
#2915 = CARTESIAN_POINT('',(0.372958958193,95.773695523912));
#2916 = CARTESIAN_POINT('',(0.371064056744,95.931534605221));
#2917 = CARTESIAN_POINT('',(0.369105929932,96.088748976095));
#2918 = CARTESIAN_POINT('',(0.364690502797,96.430737472133));
#2919 = CARTESIAN_POINT('',(0.362207726409,96.615249038915));
#2920 = CARTESIAN_POINT('',(0.359636154452,96.798801794935));
#2921 = CARTESIAN_POINT('',(0.356975690375,96.981349855193));
#2922 = CARTESIAN_POINT('',(0.35422619967,97.162846065471));
#2923 = CARTESIAN_POINT('',(0.347923873066,97.563352706191));
#2924 = CARTESIAN_POINT('',(0.344327438657,97.781824794232));
#2925 = CARTESIAN_POINT('',(0.340597892049,97.998570776548));
#2926 = CARTESIAN_POINT('',(0.336734814715,98.213498181566));
#2927 = CARTESIAN_POINT('',(0.332737684197,98.426509556065));
#2928 = CARTESIAN_POINT('',(0.323597143203,98.89327576637));
#2929 = CARTESIAN_POINT('',(0.318390625552,99.146075694642));
#2930 = CARTESIAN_POINT('',(0.312985046297,99.395727817083));
#2931 = CARTESIAN_POINT('',(0.307379004949,99.642034677213));
#2932 = CARTESIAN_POINT('',(0.301570975393,99.884775794973));
#2933 = CARTESIAN_POINT('',(0.288477305927,100.40517947782));
#2934 = CARTESIAN_POINT('',(0.281112665941,100.68136599198));
#2935 = CARTESIAN_POINT('',(0.273462272121,100.95188279637));
#2936 = CARTESIAN_POINT('',(0.265523041467,101.21628388733));
#2937 = CARTESIAN_POINT('',(0.257291842359,101.47406182886));
#2938 = CARTESIAN_POINT('',(0.238134844531,102.03707338317));
#2939 = CARTESIAN_POINT('',(0.227042782051,102.33839535004));
#2940 = CARTESIAN_POINT('',(0.215486140621,102.62738943335));
#2941 = CARTESIAN_POINT('',(0.203463302288,102.90268712249));
#2942 = CARTESIAN_POINT('',(0.190973819612,103.16277297177));
#2943 = CARTESIAN_POINT('',(0.168063679816,103.59284985598));
#2944 = CARTESIAN_POINT('',(0.157832555758,103.76978138855));
#2945 = CARTESIAN_POINT('',(0.147334062412,103.93584033085));
#2946 = CARTESIAN_POINT('',(0.136578396616,104.0901168483));
#2947 = CARTESIAN_POINT('',(0.125576592425,104.23172367673));
#2948 = CARTESIAN_POINT('',(9.637900452964E-02,104.5645166552));
#2949 = CARTESIAN_POINT('',(7.778378536707E-02,104.7350454196));
#2950 = CARTESIAN_POINT('',(5.869787242372E-02,104.86644890933));
#2951 = CARTESIAN_POINT('',(3.927042864207E-02,104.95537991681));
#2952 = CARTESIAN_POINT('',(1.965332704615E-02,105.));
#2953 = CARTESIAN_POINT('',(0.,105.));
#2954 = ( GEOMETRIC_REPRESENTATION_CONTEXT(2) 
PARAMETRIC_REPRESENTATION_CONTEXT() REPRESENTATION_CONTEXT('2D SPACE',''
  ) );
#2955 = PCURVE('',#2956,#2961);
#2956 = CYLINDRICAL_SURFACE('',#2957,15.);
#2957 = AXIS2_PLACEMENT_3D('',#2958,#2959,#2960);
#2958 = CARTESIAN_POINT('',(31.,0.,2.55E+03));
#2959 = DIRECTION('',(1.,0.,2.22044604925E-16));
#2960 = DIRECTION('',(2.22044604925E-16,0.,-1.));
#2961 = DEFINITIONAL_REPRESENTATION('',(#2962),#3055);
#2962 = B_SPLINE_CURVE_WITH_KNOTS('',6,(#2963,#2964,#2965,#2966,#2967,
    #2968,#2969,#2970,#2971,#2972,#2973,#2974,#2975,#2976,#2977,#2978,
    #2979,#2980,#2981,#2982,#2983,#2984,#2985,#2986,#2987,#2988,#2989,
    #2990,#2991,#2992,#2993,#2994,#2995,#2996,#2997,#2998,#2999,#3000,
    #3001,#3002,#3003,#3004,#3005,#3006,#3007,#3008,#3009,#3010,#3011,
    #3012,#3013,#3014,#3015,#3016,#3017,#3018,#3019,#3020,#3021,#3022,
    #3023,#3024,#3025,#3026,#3027,#3028,#3029,#3030,#3031,#3032,#3033,
    #3034,#3035,#3036,#3037,#3038,#3039,#3040,#3041,#3042,#3043,#3044,
    #3045,#3046,#3047,#3048,#3049,#3050,#3051,#3052,#3053,#3054),
  .UNSPECIFIED.,.F.,.F.,(7,5,5,5,5,5,5,5,5,5,5,5,5,5,5,5,5,5,7),(0.,
    7.737113598679E-02,0.125657874997,0.187572141763,0.237931229511,
    0.280470745465,0.315778351282,0.344748131672,0.369184848864,
    0.501219711383,0.630775610448,0.655138776849,0.683993399945,
    0.719200464523,0.761879752518,0.81215775185,0.874843306925,
    0.923007381319,1.),.UNSPECIFIED.);
#2963 = CARTESIAN_POINT('',(0.,7.));
#2964 = CARTESIAN_POINT('',(5.003380493188E-02,7.));
#2965 = CARTESIAN_POINT('',(9.99725576716E-02,6.982212832065));
#2966 = CARTESIAN_POINT('',(0.14961353514,6.946765090637));
#2967 = CARTESIAN_POINT('',(0.19875403036,6.894735912703));
#2968 = CARTESIAN_POINT('',(0.247171713465,6.828126089802));
#2969 = CARTESIAN_POINT('',(0.324204110939,6.700554261788));
#2970 = CARTESIAN_POINT('',(0.353457283531,6.646821811784));
#2971 = CARTESIAN_POINT('',(0.382360843726,6.588893086774));
#2972 = CARTESIAN_POINT('',(0.41091104417,6.527302350529));
#2973 = CARTESIAN_POINT('',(0.439101659262,6.462592769008));
#2974 = CARTESIAN_POINT('',(0.502597984469,6.309027231493));
#2975 = CARTESIAN_POINT('',(0.53767320472,6.218494153783));
#2976 = CARTESIAN_POINT('',(0.572184447114,6.124711796754));
#2977 = CARTESIAN_POINT('',(0.606161765263,6.028618108299));
#2978 = CARTESIAN_POINT('',(0.639632815173,5.931074298438));
#2979 = CARTESIAN_POINT('',(0.699460455011,5.752968691677));
#2980 = CARTESIAN_POINT('',(0.725984030761,5.67262010737));
#2981 = CARTESIAN_POINT('',(0.752216763016,5.592209997635));
#2982 = CARTESIAN_POINT('',(0.778177976128,5.512103900763));
#2983 = CARTESIAN_POINT('',(0.803886550391,5.432634791153));
#2984 = CARTESIAN_POINT('',(0.850881389185,5.287768195146));
#2985 = CARTESIAN_POINT('',(0.872234606006,5.222101737152));
#2986 = CARTESIAN_POINT('',(0.893432155287,5.157289155852));
#2987 = CARTESIAN_POINT('',(0.914484533912,5.09350164761));
#2988 = CARTESIAN_POINT('',(0.935402053361,5.030897626731));
#2989 = CARTESIAN_POINT('',(0.973452758306,4.918764834578));
#2990 = CARTESIAN_POINT('',(0.990624414213,4.868823855075));
#2991 = CARTESIAN_POINT('',(1.007715268117,4.819884327582));
#2992 = CARTESIAN_POINT('',(1.024730512005,4.772026332925));
#2993 = CARTESIAN_POINT('',(1.041675069155,4.725325492124));
#2994 = CARTESIAN_POINT('',(1.072402371208,4.642542900939));
#2995 = CARTESIAN_POINT('',(1.086206687378,4.606059827855));
#2996 = CARTESIAN_POINT('',(1.099969109469,4.570443133356));
#2997 = CARTESIAN_POINT('',(1.113692091841,4.53573034504));
#2998 = CARTESIAN_POINT('',(1.127377976391,4.501957131894));
#2999 = CARTESIAN_POINT('',(1.152543958039,4.441489848744));
#3000 = CARTESIAN_POINT('',(1.164034112642,4.414514997093));
#3001 = CARTESIAN_POINT('',(1.175500793848,4.388253056602));
#3002 = CARTESIAN_POINT('',(1.186945288577,4.362723395245));
#3003 = CARTESIAN_POINT('',(1.198368833189,4.337944441704));
#3004 = CARTESIAN_POINT('',(1.27138876885,4.184200346508));
#3005 = CARTESIAN_POINT('',(1.33245500397,4.076836633787));
#3006 = CARTESIAN_POINT('',(1.393121684301,3.994712807906));
#3007 = CARTESIAN_POINT('',(1.453529602631,3.939754605144));
#3008 = CARTESIAN_POINT('',(1.513818040989,3.912920744475));
#3009 = CARTESIAN_POINT('',(1.633308924591,3.91548753557));
#3010 = CARTESIAN_POINT('',(1.692474870879,3.943841073276));
#3011 = CARTESIAN_POINT('',(1.751762629655,3.999220384495));
#3012 = CARTESIAN_POINT('',(1.811304312495,4.080686048348));
#3013 = CARTESIAN_POINT('',(1.871233494607,4.186404108371));
#3014 = CARTESIAN_POINT('',(1.943062045248,4.337597114813));
#3015 = CARTESIAN_POINT('',(1.954451105294,4.362292514793));
#3016 = CARTESIAN_POINT('',(1.965860977504,4.387734316804));
#3017 = CARTESIAN_POINT('',(1.97729288673,4.413904265354));
#3018 = CARTESIAN_POINT('',(1.988748107764,4.44078317681));
#3019 = CARTESIAN_POINT('',(2.013824185054,4.501000940043));
#3020 = CARTESIAN_POINT('',(2.027454961164,4.534617178712));
#3021 = CARTESIAN_POINT('',(2.041122495403,4.569166267298));
#3022 = CARTESIAN_POINT('',(2.054829100142,4.604612988767));
#3023 = CARTESIAN_POINT('',(2.068577198382,4.640920297149));
#3024 = CARTESIAN_POINT('',(2.099197831519,4.72335241557));
#3025 = CARTESIAN_POINT('',(2.116091875544,4.769878752591));
#3026 = CARTESIAN_POINT('',(2.133056065573,4.817557850552));
#3027 = CARTESIAN_POINT('',(2.150095277057,4.866314827453));
#3028 = CARTESIAN_POINT('',(2.167214651157,4.916070397353));
#3029 = CARTESIAN_POINT('',(2.205276054979,5.028165466147));
#3030 = CARTESIAN_POINT('',(2.226257766196,5.090932625404));
#3031 = CARTESIAN_POINT('',(2.247374945297,5.15489552634));
#3032 = CARTESIAN_POINT('',(2.268637996221,5.21989441283));
#3033 = CARTESIAN_POINT('',(2.290057509938,5.285756594419));
#3034 = CARTESIAN_POINT('',(2.337074370722,5.430683195181));
#3035 = CARTESIAN_POINT('',(2.362736745591,5.51001045645));
#3036 = CARTESIAN_POINT('',(2.388650628567,5.589978115349));
#3037 = CARTESIAN_POINT('',(2.414834807002,5.670255203883));
#3038 = CARTESIAN_POINT('',(2.441308508589,5.750478433442));
#3039 = CARTESIAN_POINT('',(2.501485755577,5.929709150415));
#3040 = CARTESIAN_POINT('',(2.535369307506,6.028490628545));
#3041 = CARTESIAN_POINT('',(2.569771695552,6.125790874875));
#3042 = CARTESIAN_POINT('',(2.60472152485,6.220715795535));
#3043 = CARTESIAN_POINT('',(2.640249926735,6.312290762877));
#3044 = CARTESIAN_POINT('',(2.704163715103,6.46645345284));
#3045 = CARTESIAN_POINT('',(2.732301255763,6.530851698309));
#3046 = CARTESIAN_POINT('',(2.760796682949,6.592126522383));
#3047 = CARTESIAN_POINT('',(2.789643483235,6.649737939863));
#3048 = CARTESIAN_POINT('',(2.818837616727,6.703155441447));
#3049 = CARTESIAN_POINT('',(2.895598024404,6.829740910884));
#3050 = CARTESIAN_POINT('',(2.943793838527,6.895744855971));
#3051 = CARTESIAN_POINT('',(2.992703782806,6.947282248773));
#3052 = CARTESIAN_POINT('',(3.042107580536,6.982386866877));
#3053 = CARTESIAN_POINT('',(3.091804225073,7.));
#3054 = CARTESIAN_POINT('',(3.14159265359,7.));
#3055 = ( GEOMETRIC_REPRESENTATION_CONTEXT(2) 
PARAMETRIC_REPRESENTATION_CONTEXT() REPRESENTATION_CONTEXT('2D SPACE',''
  ) );
#3056 = ORIENTED_EDGE('',*,*,#3057,.F.);
#3057 = EDGE_CURVE('',#3058,#2763,#3060,.T.);
#3058 = VERTEX_POINT('',#3059);
#3059 = CARTESIAN_POINT('',(38.,-9.30731567352E-15,2.46E+03));
#3060 = SEAM_CURVE('',#3061,(#3065,#3072),.PCURVE_S1.);
#3061 = LINE('',#3062,#3063);
#3062 = CARTESIAN_POINT('',(38.,-9.30731567352E-15,2.46E+03));
#3063 = VECTOR('',#3064,1.);
#3064 = DIRECTION('',(0.,0.,1.));
#3065 = PCURVE('',#2715,#3066);
#3066 = DEFINITIONAL_REPRESENTATION('',(#3067),#3071);
#3067 = LINE('',#3068,#3069);
#3068 = CARTESIAN_POINT('',(6.28318530718,-0.));
#3069 = VECTOR('',#3070,1.);
#3070 = DIRECTION('',(0.,1.));
#3071 = ( GEOMETRIC_REPRESENTATION_CONTEXT(2) 
PARAMETRIC_REPRESENTATION_CONTEXT() REPRESENTATION_CONTEXT('2D SPACE',''
  ) );
#3072 = PCURVE('',#2715,#3073);
#3073 = DEFINITIONAL_REPRESENTATION('',(#3074),#3078);
#3074 = LINE('',#3075,#3076);
#3075 = CARTESIAN_POINT('',(0.,-0.));
#3076 = VECTOR('',#3077,1.);
#3077 = DIRECTION('',(0.,1.));
#3078 = ( GEOMETRIC_REPRESENTATION_CONTEXT(2) 
PARAMETRIC_REPRESENTATION_CONTEXT() REPRESENTATION_CONTEXT('2D SPACE',''
  ) );
#3079 = ORIENTED_EDGE('',*,*,#3080,.T.);
#3080 = EDGE_CURVE('',#3058,#3058,#3081,.T.);
#3081 = SURFACE_CURVE('',#3082,(#3087,#3094),.PCURVE_S1.);
#3082 = CIRCLE('',#3083,38.);
#3083 = AXIS2_PLACEMENT_3D('',#3084,#3085,#3086);
#3084 = CARTESIAN_POINT('',(0.,0.,2.46E+03));
#3085 = DIRECTION('',(0.,0.,1.));
#3086 = DIRECTION('',(1.,0.,-0.));
#3087 = PCURVE('',#2715,#3088);
#3088 = DEFINITIONAL_REPRESENTATION('',(#3089),#3093);
#3089 = LINE('',#3090,#3091);
#3090 = CARTESIAN_POINT('',(0.,0.));
#3091 = VECTOR('',#3092,1.);
#3092 = DIRECTION('',(1.,0.));
#3093 = ( GEOMETRIC_REPRESENTATION_CONTEXT(2) 
PARAMETRIC_REPRESENTATION_CONTEXT() REPRESENTATION_CONTEXT('2D SPACE',''
  ) );
#3094 = PCURVE('',#3095,#3100);
#3095 = CONICAL_SURFACE('',#3096,12.,0.714090698612);
#3096 = AXIS2_PLACEMENT_3D('',#3097,#3098,#3099);
#3097 = CARTESIAN_POINT('',(0.,0.,2.43E+03));
#3098 = DIRECTION('',(0.,0.,1.));
#3099 = DIRECTION('',(1.,0.,-0.));
#3100 = DEFINITIONAL_REPRESENTATION('',(#3101),#3104);
#3101 = B_SPLINE_CURVE_WITH_KNOTS('',1,(#3102,#3103),.UNSPECIFIED.,.F.,
  .F.,(2,2),(0.,6.28318530718),.PIECEWISE_BEZIER_KNOTS.);
#3102 = CARTESIAN_POINT('',(0.,30.));
#3103 = CARTESIAN_POINT('',(6.28318530718,30.));
#3104 = ( GEOMETRIC_REPRESENTATION_CONTEXT(2) 
PARAMETRIC_REPRESENTATION_CONTEXT() REPRESENTATION_CONTEXT('2D SPACE',''
  ) );
#3105 = ORIENTED_EDGE('',*,*,#3057,.T.);
#3106 = ORIENTED_EDGE('',*,*,#3107,.F.);
#3107 = EDGE_CURVE('',#2705,#2763,#3108,.T.);
#3108 = SURFACE_CURVE('',#3109,(#3202,#3298),.PCURVE_S1.);
#3109 = B_SPLINE_CURVE_WITH_KNOTS('',6,(#3110,#3111,#3112,#3113,#3114,
    #3115,#3116,#3117,#3118,#3119,#3120,#3121,#3122,#3123,#3124,#3125,
    #3126,#3127,#3128,#3129,#3130,#3131,#3132,#3133,#3134,#3135,#3136,
    #3137,#3138,#3139,#3140,#3141,#3142,#3143,#3144,#3145,#3146,#3147,
    #3148,#3149,#3150,#3151,#3152,#3153,#3154,#3155,#3156,#3157,#3158,
    #3159,#3160,#3161,#3162,#3163,#3164,#3165,#3166,#3167,#3168,#3169,
    #3170,#3171,#3172,#3173,#3174,#3175,#3176,#3177,#3178,#3179,#3180,
    #3181,#3182,#3183,#3184,#3185,#3186,#3187,#3188,#3189,#3190,#3191,
    #3192,#3193,#3194,#3195,#3196,#3197,#3198,#3199,#3200,#3201),
  .UNSPECIFIED.,.F.,.F.,(7,5,5,5,5,5,5,5,5,5,5,5,5,5,5,5,5,5,7),(0.,
    7.737113599598E-02,0.125657875011,0.187572141786,0.237931229543,
    0.280470745504,0.315778351328,0.344748131723,0.369184848919,
    0.50121971146,0.630775610546,0.65513877695,0.68399340005,
    0.719200464633,0.761879752634,0.812157751973,0.874843307053,
    0.923007381441,1.),.UNSPECIFIED.);
#3110 = CARTESIAN_POINT('',(38.,-1.7763568394E-15,2.565E+03));
#3111 = CARTESIAN_POINT('',(38.,-0.750507073977,2.565E+03));
#3112 = CARTESIAN_POINT('',(37.982212832065,-1.499588430135,
    2.564954939018E+03));
#3113 = CARTESIAN_POINT('',(37.946765090638,-2.240820885327,
    2.564865138806E+03));
#3114 = CARTESIAN_POINT('',(37.894735912703,-2.967848171029,
    2.564732472692E+03));
#3115 = CARTESIAN_POINT('',(37.828126089802,-3.674582185984,
    2.564560344403E+03));
#3116 = CARTESIAN_POINT('',(37.700554261789,-4.780286994936,
    2.564224837795E+03));
#3117 = CARTESIAN_POINT('',(37.646821811784,-5.195600395292,
    2.564082335837E+03));
#3118 = CARTESIAN_POINT('',(37.588893086773,-5.600848011867,
    2.563927132803E+03));
#3119 = CARTESIAN_POINT('',(37.527302350529,-5.995595619776,
    2.56376012172E+03));
#3120 = CARTESIAN_POINT('',(37.462592769009,-6.379462843454,
    2.563582217058E+03));
#3121 = CARTESIAN_POINT('',(37.309027231489,-7.229955379512,
    2.563153482068E+03));
#3122 = CARTESIAN_POINT('',(37.218494153784,-7.689453769182,
    2.562896194917E+03));
#3123 = CARTESIAN_POINT('',(37.124711796758,-8.130641071388,
    2.562624097729E+03));
#3124 = CARTESIAN_POINT('',(37.0286181083,-8.55361154215,
    2.562338648648E+03));
#3125 = CARTESIAN_POINT('',(36.931074298434,-8.95852896799,
    2.562041165771E+03));
#3126 = CARTESIAN_POINT('',(36.752968691677,-9.660476480944,
    2.561482039087E+03));
#3127 = CARTESIAN_POINT('',(36.67262010737,-9.963597142426,
    2.561224020957E+03));
#3128 = CARTESIAN_POINT('',(36.592209997635,-10.25517266029,
    2.560959347943E+03));
#3129 = CARTESIAN_POINT('',(36.512103900763,-10.53539016134,
    2.56068853088E+03));
#3130 = CARTESIAN_POINT('',(36.432634791153,-10.80443839679,
    2.560412018707E+03));
#3131 = CARTESIAN_POINT('',(36.287768195146,-11.28050543317,
    2.559892137929E+03));
#3132 = CARTESIAN_POINT('',(36.222101737152,-11.49066967763,
    2.559650289024E+03));
#3133 = CARTESIAN_POINT('',(36.157289155852,-11.69310701133,
    2.559404892995E+03));
#3134 = CARTESIAN_POINT('',(36.09350164761,-11.88791901266,
    2.55915616848E+03));
#3135 = CARTESIAN_POINT('',(36.030897626731,-12.07520251604,
    2.558904311354E+03));
#3136 = CARTESIAN_POINT('',(35.918764834578,-12.40432188778,
    2.558437998077E+03));
#3137 = CARTESIAN_POINT('',(35.868823855075,-12.54846804091,
    2.55822446753E+03));
#3138 = CARTESIAN_POINT('',(35.819884327582,-12.68753739663,
    2.558009006577E+03));
#3139 = CARTESIAN_POINT('',(35.772026332924,-12.82157488073,
    2.557791713647E+03));
#3140 = CARTESIAN_POINT('',(35.725325492124,-12.95062101942,
    2.557572682104E+03));
#3141 = CARTESIAN_POINT('',(35.642542900939,-13.17652815186,
    2.557170931481E+03));
#3142 = CARTESIAN_POINT('',(35.606059827855,-13.27500840592,
    2.556988752079E+03));
#3143 = CARTESIAN_POINT('',(35.570443133356,-13.37017260684,
    2.556805511088E+03));
#3144 = CARTESIAN_POINT('',(35.53573034504,-13.46203884696,
    2.556621256256E+03));
#3145 = CARTESIAN_POINT('',(35.501957131894,-13.55062340569,
    2.556436034037E+03));
#3146 = CARTESIAN_POINT('',(35.441489848744,-13.70790801239,
    2.556092872202E+03));
#3147 = CARTESIAN_POINT('',(35.414514997093,-13.77755055971,
    2.555935198726E+03));
#3148 = CARTESIAN_POINT('',(35.388253056602,-13.84487707719,
    2.555776896337E+03));
#3149 = CARTESIAN_POINT('',(35.362723395245,-13.9098954689,
    2.555617991853E+03));
#3150 = CARTESIAN_POINT('',(35.337944441704,-13.9726128572,
    2.555458511733E+03));
#3151 = CARTESIAN_POINT('',(35.184200346511,-14.35950767765,
    2.554433820378E+03));
#3152 = CARTESIAN_POINT('',(35.076836633786,-14.61913347138,
    2.553552736798E+03));
#3153 = CARTESIAN_POINT('',(34.994712807905,-14.81261839837,
    2.55265983656E+03));
#3154 = CARTESIAN_POINT('',(34.939754605145,-14.94047213753,
    2.551759208948E+03));
#3155 = CARTESIAN_POINT('',(34.912920744475,-15.00293224213,
    2.550854669354E+03));
#3156 = CARTESIAN_POINT('',(34.91548753557,-14.99695770898,
    2.549062316057E+03));
#3157 = CARTESIAN_POINT('',(34.943841073277,-14.93096039579,
    2.548175042108E+03));
#3158 = CARTESIAN_POINT('',(34.999220384492,-14.80199008221,
    2.547291745767E+03));
#3159 = CARTESIAN_POINT('',(35.080686048353,-14.60981361373,
    2.546416033774E+03));
#3160 = CARTESIAN_POINT('',(35.186404108368,-14.35394408738,
    2.545551771924E+03));
#3161 = CARTESIAN_POINT('',(35.337597114813,-13.97349023569,
    2.544543750832E+03));
#3162 = CARTESIAN_POINT('',(35.362292514793,-13.91098899931,
    2.544384741695E+03));
#3163 = CARTESIAN_POINT('',(35.387734316804,-13.84620059976,
    2.544226304476E+03));
#3164 = CARTESIAN_POINT('',(35.413904265354,-13.77911798501,
    2.544068465395E+03));
#3165 = CARTESIAN_POINT('',(35.44078317681,-13.70973333111,
    2.543911251024E+03));
#3166 = CARTESIAN_POINT('',(35.501000940043,-13.55312541196,
    2.543569262528E+03));
#3167 = CARTESIAN_POINT('',(35.534617178712,-13.464971641,
    2.543384750961E+03));
#3168 = CARTESIAN_POINT('',(35.569166267298,-13.37356245421,
    2.543201198205E+03));
#3169 = CARTESIAN_POINT('',(35.604612988767,-13.27888179356,
    2.543018650145E+03));
#3170 = CARTESIAN_POINT('',(35.640920297149,-13.18091181803,
    2.542837153935E+03));
#3171 = CARTESIAN_POINT('',(35.723352415569,-12.95605709864,
    2.542436647294E+03));
#3172 = CARTESIAN_POINT('',(35.769878752591,-12.82755507364,
    2.542218175206E+03));
#3173 = CARTESIAN_POINT('',(35.817557850551,-12.69409109487,
    2.542001429223E+03));
#3174 = CARTESIAN_POINT('',(35.866314827453,-12.55562507856,
    2.541786501818E+03));
#3175 = CARTESIAN_POINT('',(35.916070397352,-12.41211259095,
    2.541573490444E+03));
#3176 = CARTESIAN_POINT('',(36.028165466147,-12.08335712161,
    2.541106724234E+03));
#3177 = CARTESIAN_POINT('',(36.090932625404,-11.89572660353,
    2.540853924305E+03));
#3178 = CARTESIAN_POINT('',(36.15489552634,-11.70052048078,
    2.540604272183E+03));
#3179 = CARTESIAN_POINT('',(36.21989441283,-11.49764112251,
    2.540357965323E+03));
#3180 = CARTESIAN_POINT('',(36.285756594419,-11.28698608028,
    2.540115224205E+03));
#3181 = CARTESIAN_POINT('',(36.43068319518,-10.8110011263,
    2.539594820522E+03));
#3182 = CARTESIAN_POINT('',(36.51001045645,-10.54261337661,
    2.539318634008E+03));
#3183 = CARTESIAN_POINT('',(36.589978115349,-10.26309524475,
    2.539048117204E+03));
#3184 = CARTESIAN_POINT('',(36.670255203883,-9.972258883069,
    2.538783716113E+03));
#3185 = CARTESIAN_POINT('',(36.750478433442,-9.669917975699,
    2.538525938171E+03));
#3186 = CARTESIAN_POINT('',(36.92970915041,-8.964360942522,
    2.537962926617E+03));
#3187 = CARTESIAN_POINT('',(37.028490628546,-8.554568723009,
    2.53766160465E+03));
#3188 = CARTESIAN_POINT('',(37.125790874879,-8.126270352039,
    2.537372610567E+03));
#3189 = CARTESIAN_POINT('',(37.220715795535,-7.679296745756,
    2.537097312878E+03));
#3190 = CARTESIAN_POINT('',(37.312290762873,-7.213552090188,
    2.536837227028E+03));
#3191 = CARTESIAN_POINT('',(37.466453452826,-6.356725006777,
    2.536407150144E+03));
#3192 = CARTESIAN_POINT('',(37.530851698315,-5.973286287033,
    2.536230218611E+03));
#3193 = CARTESIAN_POINT('',(37.592126522394,-5.579030819584,
    2.536064159669E+03));
#3194 = CARTESIAN_POINT('',(37.649737939863,-5.174343128392,
    2.535909883152E+03));
#3195 = CARTESIAN_POINT('',(37.703155441436,-4.759661239169,
    2.535768276323E+03));
#3196 = CARTESIAN_POINT('',(37.82974091079,-3.657397716277,
    2.535435483345E+03));
#3197 = CARTESIAN_POINT('',(37.895744856032,-2.953715141742,
    2.53526495458E+03));
#3198 = CARTESIAN_POINT('',(37.947282248823,-2.230000445471,
    2.535133551091E+03));
#3199 = CARTESIAN_POINT('',(37.982386866838,-1.492276156714,
    2.535044620083E+03));
#3200 = CARTESIAN_POINT('',(38.,-0.746826428577,2.535E+03));
#3201 = CARTESIAN_POINT('',(38.,-7.105427357601E-15,2.535E+03));
#3202 = PCURVE('',#2715,#3203);
#3203 = DEFINITIONAL_REPRESENTATION('',(#3204),#3297);
#3204 = B_SPLINE_CURVE_WITH_KNOTS('',6,(#3205,#3206,#3207,#3208,#3209,
    #3210,#3211,#3212,#3213,#3214,#3215,#3216,#3217,#3218,#3219,#3220,
    #3221,#3222,#3223,#3224,#3225,#3226,#3227,#3228,#3229,#3230,#3231,
    #3232,#3233,#3234,#3235,#3236,#3237,#3238,#3239,#3240,#3241,#3242,
    #3243,#3244,#3245,#3246,#3247,#3248,#3249,#3250,#3251,#3252,#3253,
    #3254,#3255,#3256,#3257,#3258,#3259,#3260,#3261,#3262,#3263,#3264,
    #3265,#3266,#3267,#3268,#3269,#3270,#3271,#3272,#3273,#3274,#3275,
    #3276,#3277,#3278,#3279,#3280,#3281,#3282,#3283,#3284,#3285,#3286,
    #3287,#3288,#3289,#3290,#3291,#3292,#3293,#3294,#3295,#3296),
  .UNSPECIFIED.,.F.,.F.,(7,5,5,5,5,5,5,5,5,5,5,5,5,5,5,5,5,5,7),(0.,
    7.737113599598E-02,0.125657875011,0.187572141786,0.237931229543,
    0.280470745504,0.315778351328,0.344748131723,0.369184848919,
    0.50121971146,0.630775610546,0.65513877695,0.68399340005,
    0.719200464633,0.761879752634,0.812157751973,0.874843307053,
    0.923007381441,1.),.UNSPECIFIED.);
#3205 = CARTESIAN_POINT('',(6.28318530718,105.));
#3206 = CARTESIAN_POINT('',(6.263435121022,105.));
#3207 = CARTESIAN_POINT('',(6.243722450087,104.9549390181));
#3208 = CARTESIAN_POINT('',(6.224202483965,104.86513880609));
#3209 = CARTESIAN_POINT('',(6.205028798345,104.73247269229));
#3210 = CARTESIAN_POINT('',(6.18635218678,104.56034440276));
#3211 = CARTESIAN_POINT('',(6.157061664552,104.22483779468));
#3212 = CARTESIAN_POINT('',(6.146042322831,104.08233583697));
#3213 = CARTESIAN_POINT('',(6.135270896802,103.92713280253));
#3214 = CARTESIAN_POINT('',(6.124758331985,103.76012172049));
#3215 = CARTESIAN_POINT('',(6.114514730582,103.58221705813));
#3216 = CARTESIAN_POINT('',(6.091771433372,103.15348206773));
#3217 = CARTESIAN_POINT('',(6.079448460205,102.89619491658));
#3218 = CARTESIAN_POINT('',(6.067580741688,102.62409772896));
#3219 = CARTESIAN_POINT('',(6.056167802449,102.33864864816));
#3220 = CARTESIAN_POINT('',(6.045208056727,102.04116577142));
#3221 = CARTESIAN_POINT('',(6.026150411303,101.48203908725));
#3222 = CARTESIAN_POINT('',(6.017898535926,101.22402095723));
#3223 = CARTESIAN_POINT('',(6.009939627556,100.95934794266));
#3224 = CARTESIAN_POINT('',(6.00227054026,100.68853087997));
#3225 = CARTESIAN_POINT('',(5.994888175467,100.41201870749));
#3226 = CARTESIAN_POINT('',(5.981792899369,99.892137929475));
#3227 = CARTESIAN_POINT('',(5.975998732808,99.650289024158));
#3228 = CARTESIAN_POINT('',(5.970405263361,99.40489299468));
#3229 = CARTESIAN_POINT('',(5.965010976151,99.156168479951));
#3230 = CARTESIAN_POINT('',(5.959814480217,98.904311353969));
#3231 = CARTESIAN_POINT('',(5.950664554619,98.437998077094));
#3232 = CARTESIAN_POINT('',(5.946650071028,98.224467530315));
#3233 = CARTESIAN_POINT('',(5.942770422897,98.009006577248));
#3234 = CARTESIAN_POINT('',(5.939025080577,97.791713646585));
#3235 = CARTESIAN_POINT('',(5.935413619617,97.572682103946));
#3236 = CARTESIAN_POINT('',(5.929082115599,97.170931480923));
#3237 = CARTESIAN_POINT('',(5.926318426288,96.988752078968));
#3238 = CARTESIAN_POINT('',(5.923644477266,96.805511088091));
#3239 = CARTESIAN_POINT('',(5.921060131596,96.621256256132));
#3240 = CARTESIAN_POINT('',(5.918565290963,96.436034036694));
#3241 = CARTESIAN_POINT('',(5.914130886014,96.092872202041));
#3242 = CARTESIAN_POINT('',(5.912165518844,95.935198725917));
#3243 = CARTESIAN_POINT('',(5.910263758068,95.776896336922));
#3244 = CARTESIAN_POINT('',(5.908425581751,95.617991852816));
#3245 = CARTESIAN_POINT('',(5.906650982117,95.458511732966));
#3246 = CARTESIAN_POINT('',(5.895695113425,94.43382037761));
#3247 = CARTESIAN_POINT('',(5.888302422219,93.552736798362));
#3248 = CARTESIAN_POINT('',(5.882771107818,92.65983656041));
#3249 = CARTESIAN_POINT('',(5.87910886087,91.759208947657));
#3250 = CARTESIAN_POINT('',(5.877319906138,90.854669353729));
#3251 = CARTESIAN_POINT('',(5.877491026495,89.062316057234));
#3252 = CARTESIAN_POINT('',(5.879381292842,88.175042107728));
#3253 = CARTESIAN_POINT('',(5.883074911366,87.291745766552));
#3254 = CARTESIAN_POINT('',(5.888567752538,86.416033773692));
#3255 = CARTESIAN_POINT('',(5.895852591073,85.551771923817));
#3256 = CARTESIAN_POINT('',(5.90662614989,84.543750832089));
#3257 = CARTESIAN_POINT('',(5.908394651335,84.384741695017));
#3258 = CARTESIAN_POINT('',(5.910226348987,84.226304476089));
#3259 = CARTESIAN_POINT('',(5.912121250436,84.06846539478));
#3260 = CARTESIAN_POINT('',(5.914079377248,83.911251023905));
#3261 = CARTESIAN_POINT('',(5.918494804382,83.569262527868));
#3262 = CARTESIAN_POINT('',(5.92097758077,83.384750961086));
#3263 = CARTESIAN_POINT('',(5.923549152727,83.201198205066));
#3264 = CARTESIAN_POINT('',(5.926209616805,83.018650144808));
#3265 = CARTESIAN_POINT('',(5.928959107509,82.83715393453));
#3266 = CARTESIAN_POINT('',(5.935261434113,82.43664729381));
#3267 = CARTESIAN_POINT('',(5.938857868523,82.218175205769));
#3268 = CARTESIAN_POINT('',(5.94258741513,82.001429223453));
#3269 = CARTESIAN_POINT('',(5.946450492465,81.786501818435));
#3270 = CARTESIAN_POINT('',(5.950447622982,81.573490443936));
#3271 = CARTESIAN_POINT('',(5.959588163976,81.106724233631));
#3272 = CARTESIAN_POINT('',(5.964794681628,80.853924305359));
#3273 = CARTESIAN_POINT('',(5.970200260883,80.604272182917));
#3274 = CARTESIAN_POINT('',(5.97580630223,80.357965322787));
#3275 = CARTESIAN_POINT('',(5.981614331787,80.115224205028));
#3276 = CARTESIAN_POINT('',(5.994708001253,79.59482052218));
#3277 = CARTESIAN_POINT('',(6.002072641239,79.318634008019));
#3278 = CARTESIAN_POINT('',(6.009723035058,79.048117203622));
#3279 = CARTESIAN_POINT('',(6.017662265712,78.783716112668));
#3280 = CARTESIAN_POINT('',(6.02589346482,78.525938171132));
#3281 = CARTESIAN_POINT('',(6.045050462648,77.962926616844));
#3282 = CARTESIAN_POINT('',(6.056142525129,77.661604649949));
#3283 = CARTESIAN_POINT('',(6.06769916656,77.372610566631));
#3284 = CARTESIAN_POINT('',(6.079722004892,77.097312877508));
#3285 = CARTESIAN_POINT('',(6.092211487567,76.83722702824));
#3286 = CARTESIAN_POINT('',(6.115121627362,76.407150144056));
#3287 = CARTESIAN_POINT('',(6.125352751422,76.230218611427));
#3288 = CARTESIAN_POINT('',(6.13585124477,76.064159669116));
#3289 = CARTESIAN_POINT('',(6.146606910564,75.909883151698));
#3290 = CARTESIAN_POINT('',(6.157608714752,75.768276323298));
#3291 = CARTESIAN_POINT('',(6.186806302628,75.43548334504));
#3292 = CARTESIAN_POINT('',(6.205401521818,75.264954580232));
#3293 = CARTESIAN_POINT('',(6.224487434777,75.133551090545));
#3294 = CARTESIAN_POINT('',(6.243914878543,75.044620083279));
#3295 = CARTESIAN_POINT('',(6.263531980112,75.));
#3296 = CARTESIAN_POINT('',(6.28318530718,75.));
#3297 = ( GEOMETRIC_REPRESENTATION_CONTEXT(2) 
PARAMETRIC_REPRESENTATION_CONTEXT() REPRESENTATION_CONTEXT('2D SPACE',''
  ) );
#3298 = PCURVE('',#2956,#3299);
#3299 = DEFINITIONAL_REPRESENTATION('',(#3300),#3393);
#3300 = B_SPLINE_CURVE_WITH_KNOTS('',6,(#3301,#3302,#3303,#3304,#3305,
    #3306,#3307,#3308,#3309,#3310,#3311,#3312,#3313,#3314,#3315,#3316,
    #3317,#3318,#3319,#3320,#3321,#3322,#3323,#3324,#3325,#3326,#3327,
    #3328,#3329,#3330,#3331,#3332,#3333,#3334,#3335,#3336,#3337,#3338,
    #3339,#3340,#3341,#3342,#3343,#3344,#3345,#3346,#3347,#3348,#3349,
    #3350,#3351,#3352,#3353,#3354,#3355,#3356,#3357,#3358,#3359,#3360,
    #3361,#3362,#3363,#3364,#3365,#3366,#3367,#3368,#3369,#3370,#3371,
    #3372,#3373,#3374,#3375,#3376,#3377,#3378,#3379,#3380,#3381,#3382,
    #3383,#3384,#3385,#3386,#3387,#3388,#3389,#3390,#3391,#3392),
  .UNSPECIFIED.,.F.,.F.,(7,5,5,5,5,5,5,5,5,5,5,5,5,5,5,5,5,5,7),(0.,
    7.737113599598E-02,0.125657875011,0.187572141786,0.237931229543,
    0.280470745504,0.315778351328,0.344748131723,0.369184848919,
    0.50121971146,0.630775610546,0.65513877695,0.68399340005,
    0.719200464633,0.761879752634,0.812157751973,0.874843307053,
    0.923007381441,1.),.UNSPECIFIED.);
#3301 = CARTESIAN_POINT('',(3.14159265359,7.));
#3302 = CARTESIAN_POINT('',(3.191626458522,7.));
#3303 = CARTESIAN_POINT('',(3.241565211261,6.982212832065));
#3304 = CARTESIAN_POINT('',(3.291206188729,6.946765090637));
#3305 = CARTESIAN_POINT('',(3.34034668395,6.894735912703));
#3306 = CARTESIAN_POINT('',(3.388764367055,6.828126089802));
#3307 = CARTESIAN_POINT('',(3.465796764529,6.700554261789));
#3308 = CARTESIAN_POINT('',(3.495049937121,6.646821811784));
#3309 = CARTESIAN_POINT('',(3.523953497316,6.588893086773));
#3310 = CARTESIAN_POINT('',(3.55250369776,6.527302350529));
#3311 = CARTESIAN_POINT('',(3.580694312851,6.462592769009));
#3312 = CARTESIAN_POINT('',(3.64419063806,6.309027231489));
#3313 = CARTESIAN_POINT('',(3.679265858309,6.218494153784));
#3314 = CARTESIAN_POINT('',(3.713777100702,6.124711796758));
#3315 = CARTESIAN_POINT('',(3.747754418852,6.0286181083));
#3316 = CARTESIAN_POINT('',(3.781225468764,5.931074298434));
#3317 = CARTESIAN_POINT('',(3.841053108601,5.752968691677));
#3318 = CARTESIAN_POINT('',(3.867576684351,5.67262010737));
#3319 = CARTESIAN_POINT('',(3.893809416606,5.592209997635));
#3320 = CARTESIAN_POINT('',(3.919770629718,5.512103900763));
#3321 = CARTESIAN_POINT('',(3.945479203981,5.432634791153));
#3322 = CARTESIAN_POINT('',(3.992474042775,5.287768195146));
#3323 = CARTESIAN_POINT('',(4.013827259596,5.222101737152));
#3324 = CARTESIAN_POINT('',(4.035024808876,5.157289155852));
#3325 = CARTESIAN_POINT('',(4.056077187502,5.09350164761));
#3326 = CARTESIAN_POINT('',(4.07699470695,5.030897626731));
#3327 = CARTESIAN_POINT('',(4.115045411896,4.918764834578));
#3328 = CARTESIAN_POINT('',(4.132217067803,4.868823855075));
#3329 = CARTESIAN_POINT('',(4.149307921707,4.819884327582));
#3330 = CARTESIAN_POINT('',(4.166323165595,4.772026332924));
#3331 = CARTESIAN_POINT('',(4.183267722744,4.725325492124));
#3332 = CARTESIAN_POINT('',(4.213995024798,4.642542900939));
#3333 = CARTESIAN_POINT('',(4.227799340968,4.606059827855));
#3334 = CARTESIAN_POINT('',(4.241561763059,4.570443133356));
#3335 = CARTESIAN_POINT('',(4.25528474543,4.53573034504));
#3336 = CARTESIAN_POINT('',(4.268970629981,4.501957131894));
#3337 = CARTESIAN_POINT('',(4.294136611629,4.441489848744));
#3338 = CARTESIAN_POINT('',(4.305626766232,4.414514997093));
#3339 = CARTESIAN_POINT('',(4.317093447437,4.388253056602));
#3340 = CARTESIAN_POINT('',(4.328537942167,4.362723395245));
#3341 = CARTESIAN_POINT('',(4.339961486779,4.337944441704));
#3342 = CARTESIAN_POINT('',(4.412981422438,4.184200346511));
#3343 = CARTESIAN_POINT('',(4.474047657561,4.076836633786));
#3344 = CARTESIAN_POINT('',(4.534714337892,3.994712807905));
#3345 = CARTESIAN_POINT('',(4.595122256222,3.939754605145));
#3346 = CARTESIAN_POINT('',(4.655410694578,3.912920744475));
#3347 = CARTESIAN_POINT('',(4.774901578182,3.91548753557));
#3348 = CARTESIAN_POINT('',(4.834067524467,3.943841073277));
#3349 = CARTESIAN_POINT('',(4.893355283245,3.999220384492));
#3350 = CARTESIAN_POINT('',(4.952896966087,4.080686048353));
#3351 = CARTESIAN_POINT('',(5.012826148196,4.186404108368));
#3352 = CARTESIAN_POINT('',(5.084654698837,4.337597114813));
#3353 = CARTESIAN_POINT('',(5.096043758884,4.362292514793));
#3354 = CARTESIAN_POINT('',(5.107453631094,4.387734316804));
#3355 = CARTESIAN_POINT('',(5.11888554032,4.413904265354));
#3356 = CARTESIAN_POINT('',(5.130340761354,4.44078317681));
#3357 = CARTESIAN_POINT('',(5.155416838644,4.501000940043));
#3358 = CARTESIAN_POINT('',(5.169047614754,4.534617178712));
#3359 = CARTESIAN_POINT('',(5.182715148993,4.569166267298));
#3360 = CARTESIAN_POINT('',(5.196421753731,4.604612988767));
#3361 = CARTESIAN_POINT('',(5.210169851971,4.640920297149));
#3362 = CARTESIAN_POINT('',(5.240790485109,4.723352415569));
#3363 = CARTESIAN_POINT('',(5.257684529134,4.769878752591));
#3364 = CARTESIAN_POINT('',(5.274648719163,4.817557850551));
#3365 = CARTESIAN_POINT('',(5.291687930647,4.866314827453));
#3366 = CARTESIAN_POINT('',(5.308807304747,4.916070397352));
#3367 = CARTESIAN_POINT('',(5.346868708569,5.028165466147));
#3368 = CARTESIAN_POINT('',(5.367850419786,5.090932625404));
#3369 = CARTESIAN_POINT('',(5.388967598887,5.15489552634));
#3370 = CARTESIAN_POINT('',(5.410230649811,5.21989441283));
#3371 = CARTESIAN_POINT('',(5.431650163528,5.285756594419));
#3372 = CARTESIAN_POINT('',(5.478667024311,5.43068319518));
#3373 = CARTESIAN_POINT('',(5.504329399181,5.51001045645));
#3374 = CARTESIAN_POINT('',(5.530243282156,5.589978115349));
#3375 = CARTESIAN_POINT('',(5.556427460592,5.670255203883));
#3376 = CARTESIAN_POINT('',(5.582901162179,5.750478433442));
#3377 = CARTESIAN_POINT('',(5.643078409165,5.92970915041));
#3378 = CARTESIAN_POINT('',(5.676961961096,6.028490628546));
#3379 = CARTESIAN_POINT('',(5.711364349143,6.125790874879));
#3380 = CARTESIAN_POINT('',(5.74631417844,6.220715795535));
#3381 = CARTESIAN_POINT('',(5.781842580323,6.312290762873));
#3382 = CARTESIAN_POINT('',(5.845756368687,6.466453452826));
#3383 = CARTESIAN_POINT('',(5.873893909355,6.530851698315));
#3384 = CARTESIAN_POINT('',(5.902389336545,6.592126522394));
#3385 = CARTESIAN_POINT('',(5.931236136826,6.649737939863));
#3386 = CARTESIAN_POINT('',(5.960430270311,6.703155441436));
#3387 = CARTESIAN_POINT('',(6.037190677937,6.82974091079));
#3388 = CARTESIAN_POINT('',(6.085386492134,6.895744856032));
#3389 = CARTESIAN_POINT('',(6.13429643645,6.947282248823));
#3390 = CARTESIAN_POINT('',(6.183700234141,6.982386866838));
#3391 = CARTESIAN_POINT('',(6.233396878608,7.));
#3392 = CARTESIAN_POINT('',(6.28318530718,7.));
#3393 = ( GEOMETRIC_REPRESENTATION_CONTEXT(2) 
PARAMETRIC_REPRESENTATION_CONTEXT() REPRESENTATION_CONTEXT('2D SPACE',''
  ) );
#3394 = ADVANCED_FACE('',(#3395),#2956,.F.);
#3395 = FACE_BOUND('',#3396,.F.);
#3396 = EDGE_LOOP('',(#3397,#3398,#3421,#3448,#3449));
#3397 = ORIENTED_EDGE('',*,*,#2762,.F.);
#3398 = ORIENTED_EDGE('',*,*,#3399,.F.);
#3399 = EDGE_CURVE('',#3400,#2763,#3402,.T.);
#3400 = VERTEX_POINT('',#3401);
#3401 = CARTESIAN_POINT('',(31.,-3.673940397442E-15,2.535E+03));
#3402 = SEAM_CURVE('',#3403,(#3407,#3414),.PCURVE_S1.);
#3403 = LINE('',#3404,#3405);
#3404 = CARTESIAN_POINT('',(31.,-3.673940397442E-15,2.535E+03));
#3405 = VECTOR('',#3406,1.);
#3406 = DIRECTION('',(1.,0.,2.22044604925E-16));
#3407 = PCURVE('',#2956,#3408);
#3408 = DEFINITIONAL_REPRESENTATION('',(#3409),#3413);
#3409 = LINE('',#3410,#3411);
#3410 = CARTESIAN_POINT('',(6.28318530718,-0.));
#3411 = VECTOR('',#3412,1.);
#3412 = DIRECTION('',(0.,1.));
#3413 = ( GEOMETRIC_REPRESENTATION_CONTEXT(2) 
PARAMETRIC_REPRESENTATION_CONTEXT() REPRESENTATION_CONTEXT('2D SPACE',''
  ) );
#3414 = PCURVE('',#2956,#3415);
#3415 = DEFINITIONAL_REPRESENTATION('',(#3416),#3420);
#3416 = LINE('',#3417,#3418);
#3417 = CARTESIAN_POINT('',(0.,-0.));
#3418 = VECTOR('',#3419,1.);
#3419 = DIRECTION('',(0.,1.));
#3420 = ( GEOMETRIC_REPRESENTATION_CONTEXT(2) 
PARAMETRIC_REPRESENTATION_CONTEXT() REPRESENTATION_CONTEXT('2D SPACE',''
  ) );
#3421 = ORIENTED_EDGE('',*,*,#3422,.T.);
#3422 = EDGE_CURVE('',#3400,#3400,#3423,.T.);
#3423 = SURFACE_CURVE('',#3424,(#3429,#3436),.PCURVE_S1.);
#3424 = CIRCLE('',#3425,15.);
#3425 = AXIS2_PLACEMENT_3D('',#3426,#3427,#3428);
#3426 = CARTESIAN_POINT('',(31.,0.,2.55E+03));
#3427 = DIRECTION('',(1.,-0.,2.22044604925E-16));
#3428 = DIRECTION('',(2.22044604925E-16,0.,-1.));
#3429 = PCURVE('',#2956,#3430);
#3430 = DEFINITIONAL_REPRESENTATION('',(#3431),#3435);
#3431 = LINE('',#3432,#3433);
#3432 = CARTESIAN_POINT('',(0.,0.));
#3433 = VECTOR('',#3434,1.);
#3434 = DIRECTION('',(1.,0.));
#3435 = ( GEOMETRIC_REPRESENTATION_CONTEXT(2) 
PARAMETRIC_REPRESENTATION_CONTEXT() REPRESENTATION_CONTEXT('2D SPACE',''
  ) );
#3436 = PCURVE('',#3437,#3442);
#3437 = PLANE('',#3438);
#3438 = AXIS2_PLACEMENT_3D('',#3439,#3440,#3441);
#3439 = CARTESIAN_POINT('',(31.,0.,2.55E+03));
#3440 = DIRECTION('',(1.,0.,2.22044604925E-16));
#3441 = DIRECTION('',(2.22044604925E-16,0.,-1.));
#3442 = DEFINITIONAL_REPRESENTATION('',(#3443),#3447);
#3443 = CIRCLE('',#3444,15.);
#3444 = AXIS2_PLACEMENT_2D('',#3445,#3446);
#3445 = CARTESIAN_POINT('',(0.,0.));
#3446 = DIRECTION('',(1.,0.));
#3447 = ( GEOMETRIC_REPRESENTATION_CONTEXT(2) 
PARAMETRIC_REPRESENTATION_CONTEXT() REPRESENTATION_CONTEXT('2D SPACE',''
  ) );
#3448 = ORIENTED_EDGE('',*,*,#3399,.T.);
#3449 = ORIENTED_EDGE('',*,*,#3107,.F.);
#3450 = ADVANCED_FACE('',(#3451),#3095,.T.);
#3451 = FACE_BOUND('',#3452,.T.);
#3452 = EDGE_LOOP('',(#3453,#3454,#3477,#3504));
#3453 = ORIENTED_EDGE('',*,*,#3080,.F.);
#3454 = ORIENTED_EDGE('',*,*,#3455,.F.);
#3455 = EDGE_CURVE('',#3456,#3058,#3458,.T.);
#3456 = VERTEX_POINT('',#3457);
#3457 = CARTESIAN_POINT('',(12.,-2.939152317954E-15,2.43E+03));
#3458 = SEAM_CURVE('',#3459,(#3463,#3470),.PCURVE_S1.);
#3459 = LINE('',#3460,#3461);
#3460 = CARTESIAN_POINT('',(12.,-2.939152317954E-15,2.43E+03));
#3461 = VECTOR('',#3462,1.);
#3462 = DIRECTION('',(0.654930538418,-1.604117175075E-16,0.75568908279)
  );
#3463 = PCURVE('',#3095,#3464);
#3464 = DEFINITIONAL_REPRESENTATION('',(#3465),#3469);
#3465 = LINE('',#3466,#3467);
#3466 = CARTESIAN_POINT('',(6.28318530718,-0.));
#3467 = VECTOR('',#3468,1.);
#3468 = DIRECTION('',(0.,1.));
#3469 = ( GEOMETRIC_REPRESENTATION_CONTEXT(2) 
PARAMETRIC_REPRESENTATION_CONTEXT() REPRESENTATION_CONTEXT('2D SPACE',''
  ) );
#3470 = PCURVE('',#3095,#3471);
#3471 = DEFINITIONAL_REPRESENTATION('',(#3472),#3476);
#3472 = LINE('',#3473,#3474);
#3473 = CARTESIAN_POINT('',(0.,-0.));
#3474 = VECTOR('',#3475,1.);
#3475 = DIRECTION('',(0.,1.));
#3476 = ( GEOMETRIC_REPRESENTATION_CONTEXT(2) 
PARAMETRIC_REPRESENTATION_CONTEXT() REPRESENTATION_CONTEXT('2D SPACE',''
  ) );
#3477 = ORIENTED_EDGE('',*,*,#3478,.T.);
#3478 = EDGE_CURVE('',#3456,#3456,#3479,.T.);
#3479 = SURFACE_CURVE('',#3480,(#3485,#3492),.PCURVE_S1.);
#3480 = CIRCLE('',#3481,12.);
#3481 = AXIS2_PLACEMENT_3D('',#3482,#3483,#3484);
#3482 = CARTESIAN_POINT('',(0.,0.,2.43E+03));
#3483 = DIRECTION('',(0.,0.,1.));
#3484 = DIRECTION('',(1.,0.,-0.));
#3485 = PCURVE('',#3095,#3486);
#3486 = DEFINITIONAL_REPRESENTATION('',(#3487),#3491);
#3487 = LINE('',#3488,#3489);
#3488 = CARTESIAN_POINT('',(0.,0.));
#3489 = VECTOR('',#3490,1.);
#3490 = DIRECTION('',(1.,0.));
#3491 = ( GEOMETRIC_REPRESENTATION_CONTEXT(2) 
PARAMETRIC_REPRESENTATION_CONTEXT() REPRESENTATION_CONTEXT('2D SPACE',''
  ) );
#3492 = PCURVE('',#3493,#3498);
#3493 = PLANE('',#3494);
#3494 = AXIS2_PLACEMENT_3D('',#3495,#3496,#3497);
#3495 = CARTESIAN_POINT('',(0.,0.,2.43E+03));
#3496 = DIRECTION('',(0.,0.,1.));
#3497 = DIRECTION('',(1.,0.,-0.));
#3498 = DEFINITIONAL_REPRESENTATION('',(#3499),#3503);
#3499 = CIRCLE('',#3500,12.);
#3500 = AXIS2_PLACEMENT_2D('',#3501,#3502);
#3501 = CARTESIAN_POINT('',(0.,0.));
#3502 = DIRECTION('',(1.,0.));
#3503 = ( GEOMETRIC_REPRESENTATION_CONTEXT(2) 
PARAMETRIC_REPRESENTATION_CONTEXT() REPRESENTATION_CONTEXT('2D SPACE',''
  ) );
#3504 = ORIENTED_EDGE('',*,*,#3455,.T.);
#3505 = ADVANCED_FACE('',(#3506,#3509,#3540),#2749,.T.);
#3506 = FACE_BOUND('',#3507,.T.);
#3507 = EDGE_LOOP('',(#3508));
#3508 = ORIENTED_EDGE('',*,*,#2734,.T.);
#3509 = FACE_BOUND('',#3510,.T.);
#3510 = EDGE_LOOP('',(#3511));
#3511 = ORIENTED_EDGE('',*,*,#3512,.F.);
#3512 = EDGE_CURVE('',#3513,#3513,#3515,.T.);
#3513 = VERTEX_POINT('',#3514);
#3514 = CARTESIAN_POINT('',(14.,-3.429011037613E-15,2.6E+03));
#3515 = SURFACE_CURVE('',#3516,(#3521,#3528),.PCURVE_S1.);
#3516 = CIRCLE('',#3517,14.);
#3517 = AXIS2_PLACEMENT_3D('',#3518,#3519,#3520);
#3518 = CARTESIAN_POINT('',(0.,0.,2.6E+03));
#3519 = DIRECTION('',(0.,0.,1.));
#3520 = DIRECTION('',(1.,0.,-0.));
#3521 = PCURVE('',#2749,#3522);
#3522 = DEFINITIONAL_REPRESENTATION('',(#3523),#3527);
#3523 = CIRCLE('',#3524,14.);
#3524 = AXIS2_PLACEMENT_2D('',#3525,#3526);
#3525 = CARTESIAN_POINT('',(0.,0.));
#3526 = DIRECTION('',(1.,0.));
#3527 = ( GEOMETRIC_REPRESENTATION_CONTEXT(2) 
PARAMETRIC_REPRESENTATION_CONTEXT() REPRESENTATION_CONTEXT('2D SPACE',''
  ) );
#3528 = PCURVE('',#3529,#3534);
#3529 = CYLINDRICAL_SURFACE('',#3530,14.);
#3530 = AXIS2_PLACEMENT_3D('',#3531,#3532,#3533);
#3531 = CARTESIAN_POINT('',(0.,0.,2.6E+03));
#3532 = DIRECTION('',(0.,0.,1.));
#3533 = DIRECTION('',(1.,0.,-0.));
#3534 = DEFINITIONAL_REPRESENTATION('',(#3535),#3539);
#3535 = LINE('',#3536,#3537);
#3536 = CARTESIAN_POINT('',(0.,0.));
#3537 = VECTOR('',#3538,1.);
#3538 = DIRECTION('',(1.,0.));
#3539 = ( GEOMETRIC_REPRESENTATION_CONTEXT(2) 
PARAMETRIC_REPRESENTATION_CONTEXT() REPRESENTATION_CONTEXT('2D SPACE',''
  ) );
#3540 = FACE_BOUND('',#3541,.T.);
#3541 = EDGE_LOOP('',(#3542));
#3542 = ORIENTED_EDGE('',*,*,#3543,.F.);
#3543 = EDGE_CURVE('',#3544,#3544,#3546,.T.);
#3544 = VERTEX_POINT('',#3545);
#3545 = CARTESIAN_POINT('',(37.,-1.714505518806E-15,2.6E+03));
#3546 = SURFACE_CURVE('',#3547,(#3552,#3559),.PCURVE_S1.);
#3547 = CIRCLE('',#3548,7.);
#3548 = AXIS2_PLACEMENT_3D('',#3549,#3550,#3551);
#3549 = CARTESIAN_POINT('',(30.,0.,2.6E+03));
#3550 = DIRECTION('',(0.,0.,1.));
#3551 = DIRECTION('',(1.,0.,-0.));
#3552 = PCURVE('',#2749,#3553);
#3553 = DEFINITIONAL_REPRESENTATION('',(#3554),#3558);
#3554 = CIRCLE('',#3555,7.);
#3555 = AXIS2_PLACEMENT_2D('',#3556,#3557);
#3556 = CARTESIAN_POINT('',(30.,0.));
#3557 = DIRECTION('',(1.,0.));
#3558 = ( GEOMETRIC_REPRESENTATION_CONTEXT(2) 
PARAMETRIC_REPRESENTATION_CONTEXT() REPRESENTATION_CONTEXT('2D SPACE',''
  ) );
#3559 = PCURVE('',#3560,#3565);
#3560 = CYLINDRICAL_SURFACE('',#3561,7.);
#3561 = AXIS2_PLACEMENT_3D('',#3562,#3563,#3564);
#3562 = CARTESIAN_POINT('',(30.,0.,2.6E+03));
#3563 = DIRECTION('',(0.,0.,1.));
#3564 = DIRECTION('',(1.,0.,-0.));
#3565 = DEFINITIONAL_REPRESENTATION('',(#3566),#3570);
#3566 = LINE('',#3567,#3568);
#3567 = CARTESIAN_POINT('',(0.,0.));
#3568 = VECTOR('',#3569,1.);
#3569 = DIRECTION('',(1.,0.));
#3570 = ( GEOMETRIC_REPRESENTATION_CONTEXT(2) 
PARAMETRIC_REPRESENTATION_CONTEXT() REPRESENTATION_CONTEXT('2D SPACE',''
  ) );
#3571 = ADVANCED_FACE('',(#3572),#3437,.T.);
#3572 = FACE_BOUND('',#3573,.F.);
#3573 = EDGE_LOOP('',(#3574));
#3574 = ORIENTED_EDGE('',*,*,#3422,.F.);
#3575 = ADVANCED_FACE('',(#3576,#3579),#3493,.F.);
#3576 = FACE_BOUND('',#3577,.F.);
#3577 = EDGE_LOOP('',(#3578));
#3578 = ORIENTED_EDGE('',*,*,#3478,.T.);
#3579 = FACE_BOUND('',#3580,.F.);
#3580 = EDGE_LOOP('',(#3581));
#3581 = ORIENTED_EDGE('',*,*,#3582,.F.);
#3582 = EDGE_CURVE('',#3583,#3583,#3585,.T.);
#3583 = VERTEX_POINT('',#3584);
#3584 = CARTESIAN_POINT('',(4.,-9.797174393179E-16,2.43E+03));
#3585 = SURFACE_CURVE('',#3586,(#3591,#3598),.PCURVE_S1.);
#3586 = CIRCLE('',#3587,4.);
#3587 = AXIS2_PLACEMENT_3D('',#3588,#3589,#3590);
#3588 = CARTESIAN_POINT('',(0.,0.,2.43E+03));
#3589 = DIRECTION('',(0.,0.,1.));
#3590 = DIRECTION('',(1.,0.,-0.));
#3591 = PCURVE('',#3493,#3592);
#3592 = DEFINITIONAL_REPRESENTATION('',(#3593),#3597);
#3593 = CIRCLE('',#3594,4.);
#3594 = AXIS2_PLACEMENT_2D('',#3595,#3596);
#3595 = CARTESIAN_POINT('',(0.,0.));
#3596 = DIRECTION('',(1.,0.));
#3597 = ( GEOMETRIC_REPRESENTATION_CONTEXT(2) 
PARAMETRIC_REPRESENTATION_CONTEXT() REPRESENTATION_CONTEXT('2D SPACE',''
  ) );
#3598 = PCURVE('',#3599,#3604);
#3599 = CYLINDRICAL_SURFACE('',#3600,4.);
#3600 = AXIS2_PLACEMENT_3D('',#3601,#3602,#3603);
#3601 = CARTESIAN_POINT('',(0.,0.,2.36E+03));
#3602 = DIRECTION('',(0.,0.,1.));
#3603 = DIRECTION('',(1.,0.,-0.));
#3604 = DEFINITIONAL_REPRESENTATION('',(#3605),#3609);
#3605 = LINE('',#3606,#3607);
#3606 = CARTESIAN_POINT('',(0.,70.));
#3607 = VECTOR('',#3608,1.);
#3608 = DIRECTION('',(1.,0.));
#3609 = ( GEOMETRIC_REPRESENTATION_CONTEXT(2) 
PARAMETRIC_REPRESENTATION_CONTEXT() REPRESENTATION_CONTEXT('2D SPACE',''
  ) );
#3610 = ADVANCED_FACE('',(#3611),#3529,.T.);
#3611 = FACE_BOUND('',#3612,.T.);
#3612 = EDGE_LOOP('',(#3613,#3642,#3663,#3664));
#3613 = ORIENTED_EDGE('',*,*,#3614,.F.);
#3614 = EDGE_CURVE('',#3615,#3615,#3617,.T.);
#3615 = VERTEX_POINT('',#3616);
#3616 = CARTESIAN_POINT('',(14.,-3.429011037613E-15,2.62E+03));
#3617 = SURFACE_CURVE('',#3618,(#3623,#3630),.PCURVE_S1.);
#3618 = CIRCLE('',#3619,14.);
#3619 = AXIS2_PLACEMENT_3D('',#3620,#3621,#3622);
#3620 = CARTESIAN_POINT('',(0.,0.,2.62E+03));
#3621 = DIRECTION('',(0.,0.,1.));
#3622 = DIRECTION('',(1.,0.,-0.));
#3623 = PCURVE('',#3529,#3624);
#3624 = DEFINITIONAL_REPRESENTATION('',(#3625),#3629);
#3625 = LINE('',#3626,#3627);
#3626 = CARTESIAN_POINT('',(0.,20.));
#3627 = VECTOR('',#3628,1.);
#3628 = DIRECTION('',(1.,0.));
#3629 = ( GEOMETRIC_REPRESENTATION_CONTEXT(2) 
PARAMETRIC_REPRESENTATION_CONTEXT() REPRESENTATION_CONTEXT('2D SPACE',''
  ) );
#3630 = PCURVE('',#3631,#3636);
#3631 = PLANE('',#3632);
#3632 = AXIS2_PLACEMENT_3D('',#3633,#3634,#3635);
#3633 = CARTESIAN_POINT('',(0.,0.,2.62E+03));
#3634 = DIRECTION('',(0.,0.,1.));
#3635 = DIRECTION('',(1.,0.,-0.));
#3636 = DEFINITIONAL_REPRESENTATION('',(#3637),#3641);
#3637 = CIRCLE('',#3638,14.);
#3638 = AXIS2_PLACEMENT_2D('',#3639,#3640);
#3639 = CARTESIAN_POINT('',(0.,0.));
#3640 = DIRECTION('',(1.,0.));
#3641 = ( GEOMETRIC_REPRESENTATION_CONTEXT(2) 
PARAMETRIC_REPRESENTATION_CONTEXT() REPRESENTATION_CONTEXT('2D SPACE',''
  ) );
#3642 = ORIENTED_EDGE('',*,*,#3643,.F.);
#3643 = EDGE_CURVE('',#3513,#3615,#3644,.T.);
#3644 = SEAM_CURVE('',#3645,(#3649,#3656),.PCURVE_S1.);
#3645 = LINE('',#3646,#3647);
#3646 = CARTESIAN_POINT('',(14.,-3.429011037613E-15,2.6E+03));
#3647 = VECTOR('',#3648,1.);
#3648 = DIRECTION('',(0.,0.,1.));
#3649 = PCURVE('',#3529,#3650);
#3650 = DEFINITIONAL_REPRESENTATION('',(#3651),#3655);
#3651 = LINE('',#3652,#3653);
#3652 = CARTESIAN_POINT('',(6.28318530718,-0.));
#3653 = VECTOR('',#3654,1.);
#3654 = DIRECTION('',(0.,1.));
#3655 = ( GEOMETRIC_REPRESENTATION_CONTEXT(2) 
PARAMETRIC_REPRESENTATION_CONTEXT() REPRESENTATION_CONTEXT('2D SPACE',''
  ) );
#3656 = PCURVE('',#3529,#3657);
#3657 = DEFINITIONAL_REPRESENTATION('',(#3658),#3662);
#3658 = LINE('',#3659,#3660);
#3659 = CARTESIAN_POINT('',(0.,-0.));
#3660 = VECTOR('',#3661,1.);
#3661 = DIRECTION('',(0.,1.));
#3662 = ( GEOMETRIC_REPRESENTATION_CONTEXT(2) 
PARAMETRIC_REPRESENTATION_CONTEXT() REPRESENTATION_CONTEXT('2D SPACE',''
  ) );
#3663 = ORIENTED_EDGE('',*,*,#3512,.T.);
#3664 = ORIENTED_EDGE('',*,*,#3643,.T.);
#3665 = ADVANCED_FACE('',(#3666),#3560,.T.);
#3666 = FACE_BOUND('',#3667,.T.);
#3667 = EDGE_LOOP('',(#3668,#3697,#3718,#3719));
#3668 = ORIENTED_EDGE('',*,*,#3669,.F.);
#3669 = EDGE_CURVE('',#3670,#3670,#3672,.T.);
#3670 = VERTEX_POINT('',#3671);
#3671 = CARTESIAN_POINT('',(37.,-1.714505518806E-15,2.616E+03));
#3672 = SURFACE_CURVE('',#3673,(#3678,#3685),.PCURVE_S1.);
#3673 = CIRCLE('',#3674,7.);
#3674 = AXIS2_PLACEMENT_3D('',#3675,#3676,#3677);
#3675 = CARTESIAN_POINT('',(30.,0.,2.616E+03));
#3676 = DIRECTION('',(0.,0.,1.));
#3677 = DIRECTION('',(1.,0.,-0.));
#3678 = PCURVE('',#3560,#3679);
#3679 = DEFINITIONAL_REPRESENTATION('',(#3680),#3684);
#3680 = LINE('',#3681,#3682);
#3681 = CARTESIAN_POINT('',(0.,16.));
#3682 = VECTOR('',#3683,1.);
#3683 = DIRECTION('',(1.,0.));
#3684 = ( GEOMETRIC_REPRESENTATION_CONTEXT(2) 
PARAMETRIC_REPRESENTATION_CONTEXT() REPRESENTATION_CONTEXT('2D SPACE',''
  ) );
#3685 = PCURVE('',#3686,#3691);
#3686 = PLANE('',#3687);
#3687 = AXIS2_PLACEMENT_3D('',#3688,#3689,#3690);
#3688 = CARTESIAN_POINT('',(30.,0.,2.616E+03));
#3689 = DIRECTION('',(0.,0.,1.));
#3690 = DIRECTION('',(1.,0.,-0.));
#3691 = DEFINITIONAL_REPRESENTATION('',(#3692),#3696);
#3692 = CIRCLE('',#3693,7.);
#3693 = AXIS2_PLACEMENT_2D('',#3694,#3695);
#3694 = CARTESIAN_POINT('',(0.,0.));
#3695 = DIRECTION('',(1.,0.));
#3696 = ( GEOMETRIC_REPRESENTATION_CONTEXT(2) 
PARAMETRIC_REPRESENTATION_CONTEXT() REPRESENTATION_CONTEXT('2D SPACE',''
  ) );
#3697 = ORIENTED_EDGE('',*,*,#3698,.F.);
#3698 = EDGE_CURVE('',#3544,#3670,#3699,.T.);
#3699 = SEAM_CURVE('',#3700,(#3704,#3711),.PCURVE_S1.);
#3700 = LINE('',#3701,#3702);
#3701 = CARTESIAN_POINT('',(37.,-1.714505518806E-15,2.6E+03));
#3702 = VECTOR('',#3703,1.);
#3703 = DIRECTION('',(0.,0.,1.));
#3704 = PCURVE('',#3560,#3705);
#3705 = DEFINITIONAL_REPRESENTATION('',(#3706),#3710);
#3706 = LINE('',#3707,#3708);
#3707 = CARTESIAN_POINT('',(6.28318530718,-0.));
#3708 = VECTOR('',#3709,1.);
#3709 = DIRECTION('',(0.,1.));
#3710 = ( GEOMETRIC_REPRESENTATION_CONTEXT(2) 
PARAMETRIC_REPRESENTATION_CONTEXT() REPRESENTATION_CONTEXT('2D SPACE',''
  ) );
#3711 = PCURVE('',#3560,#3712);
#3712 = DEFINITIONAL_REPRESENTATION('',(#3713),#3717);
#3713 = LINE('',#3714,#3715);
#3714 = CARTESIAN_POINT('',(0.,-0.));
#3715 = VECTOR('',#3716,1.);
#3716 = DIRECTION('',(0.,1.));
#3717 = ( GEOMETRIC_REPRESENTATION_CONTEXT(2) 
PARAMETRIC_REPRESENTATION_CONTEXT() REPRESENTATION_CONTEXT('2D SPACE',''
  ) );
#3718 = ORIENTED_EDGE('',*,*,#3543,.T.);
#3719 = ORIENTED_EDGE('',*,*,#3698,.T.);
#3720 = ADVANCED_FACE('',(#3721),#3599,.F.);
#3721 = FACE_BOUND('',#3722,.F.);
#3722 = EDGE_LOOP('',(#3723,#3747,#3768,#3769));
#3723 = ORIENTED_EDGE('',*,*,#3724,.F.);
#3724 = EDGE_CURVE('',#3725,#3725,#3727,.T.);
#3725 = VERTEX_POINT('',#3726);
#3726 = CARTESIAN_POINT('',(4.,-9.797174393179E-16,2.62E+03));
#3727 = SURFACE_CURVE('',#3728,(#3733,#3740),.PCURVE_S1.);
#3728 = CIRCLE('',#3729,4.);
#3729 = AXIS2_PLACEMENT_3D('',#3730,#3731,#3732);
#3730 = CARTESIAN_POINT('',(0.,0.,2.62E+03));
#3731 = DIRECTION('',(0.,0.,1.));
#3732 = DIRECTION('',(1.,0.,-0.));
#3733 = PCURVE('',#3599,#3734);
#3734 = DEFINITIONAL_REPRESENTATION('',(#3735),#3739);
#3735 = LINE('',#3736,#3737);
#3736 = CARTESIAN_POINT('',(0.,260.));
#3737 = VECTOR('',#3738,1.);
#3738 = DIRECTION('',(1.,0.));
#3739 = ( GEOMETRIC_REPRESENTATION_CONTEXT(2) 
PARAMETRIC_REPRESENTATION_CONTEXT() REPRESENTATION_CONTEXT('2D SPACE',''
  ) );
#3740 = PCURVE('',#3631,#3741);
#3741 = DEFINITIONAL_REPRESENTATION('',(#3742),#3746);
#3742 = CIRCLE('',#3743,4.);
#3743 = AXIS2_PLACEMENT_2D('',#3744,#3745);
#3744 = CARTESIAN_POINT('',(0.,0.));
#3745 = DIRECTION('',(1.,0.));
#3746 = ( GEOMETRIC_REPRESENTATION_CONTEXT(2) 
PARAMETRIC_REPRESENTATION_CONTEXT() REPRESENTATION_CONTEXT('2D SPACE',''
  ) );
#3747 = ORIENTED_EDGE('',*,*,#3748,.F.);
#3748 = EDGE_CURVE('',#3583,#3725,#3749,.T.);
#3749 = SEAM_CURVE('',#3750,(#3754,#3761),.PCURVE_S1.);
#3750 = LINE('',#3751,#3752);
#3751 = CARTESIAN_POINT('',(4.,-9.797174393179E-16,2.36E+03));
#3752 = VECTOR('',#3753,1.);
#3753 = DIRECTION('',(0.,0.,1.));
#3754 = PCURVE('',#3599,#3755);
#3755 = DEFINITIONAL_REPRESENTATION('',(#3756),#3760);
#3756 = LINE('',#3757,#3758);
#3757 = CARTESIAN_POINT('',(6.28318530718,-0.));
#3758 = VECTOR('',#3759,1.);
#3759 = DIRECTION('',(0.,1.));
#3760 = ( GEOMETRIC_REPRESENTATION_CONTEXT(2) 
PARAMETRIC_REPRESENTATION_CONTEXT() REPRESENTATION_CONTEXT('2D SPACE',''
  ) );
#3761 = PCURVE('',#3599,#3762);
#3762 = DEFINITIONAL_REPRESENTATION('',(#3763),#3767);
#3763 = LINE('',#3764,#3765);
#3764 = CARTESIAN_POINT('',(0.,-0.));
#3765 = VECTOR('',#3766,1.);
#3766 = DIRECTION('',(0.,1.));
#3767 = ( GEOMETRIC_REPRESENTATION_CONTEXT(2) 
PARAMETRIC_REPRESENTATION_CONTEXT() REPRESENTATION_CONTEXT('2D SPACE',''
  ) );
#3768 = ORIENTED_EDGE('',*,*,#3582,.T.);
#3769 = ORIENTED_EDGE('',*,*,#3748,.T.);
#3770 = ADVANCED_FACE('',(#3771,#3774),#3631,.T.);
#3771 = FACE_BOUND('',#3772,.T.);
#3772 = EDGE_LOOP('',(#3773));
#3773 = ORIENTED_EDGE('',*,*,#3614,.T.);
#3774 = FACE_BOUND('',#3775,.T.);
#3775 = EDGE_LOOP('',(#3776));
#3776 = ORIENTED_EDGE('',*,*,#3724,.F.);
#3777 = ADVANCED_FACE('',(#3778),#3686,.T.);
#3778 = FACE_BOUND('',#3779,.T.);
#3779 = EDGE_LOOP('',(#3780));
#3780 = ORIENTED_EDGE('',*,*,#3669,.T.);
#3781 = MANIFOLD_SOLID_BREP('',#3782);
#3782 = CLOSED_SHELL('',(#3783,#4477,#4533,#4588,#4654,#4658,#4693,#4748
    ,#4803,#4853,#4860));
#3783 = ADVANCED_FACE('',(#3784),#3798,.T.);
#3784 = FACE_BOUND('',#3785,.T.);
#3785 = EDGE_LOOP('',(#3786,#3816,#3843,#3844,#4139,#4162,#4188,#4189));
#3786 = ORIENTED_EDGE('',*,*,#3787,.T.);
#3787 = EDGE_CURVE('',#3788,#3790,#3792,.T.);
#3788 = VERTEX_POINT('',#3789);
#3789 = CARTESIAN_POINT('',(38.,-9.30731567352E-15,3.505E+03));
#3790 = VERTEX_POINT('',#3791);
#3791 = CARTESIAN_POINT('',(38.,-9.30731567352E-15,3.54E+03));
#3792 = SEAM_CURVE('',#3793,(#3797,#3809),.PCURVE_S1.);
#3793 = LINE('',#3794,#3795);
#3794 = CARTESIAN_POINT('',(38.,-9.30731567352E-15,3.4E+03));
#3795 = VECTOR('',#3796,1.);
#3796 = DIRECTION('',(0.,0.,1.));
#3797 = PCURVE('',#3798,#3803);
#3798 = CYLINDRICAL_SURFACE('',#3799,38.);
#3799 = AXIS2_PLACEMENT_3D('',#3800,#3801,#3802);
#3800 = CARTESIAN_POINT('',(0.,0.,3.4E+03));
#3801 = DIRECTION('',(0.,0.,1.));
#3802 = DIRECTION('',(1.,0.,-0.));
#3803 = DEFINITIONAL_REPRESENTATION('',(#3804),#3808);
#3804 = LINE('',#3805,#3806);
#3805 = CARTESIAN_POINT('',(6.28318530718,-0.));
#3806 = VECTOR('',#3807,1.);
#3807 = DIRECTION('',(0.,1.));
#3808 = ( GEOMETRIC_REPRESENTATION_CONTEXT(2) 
PARAMETRIC_REPRESENTATION_CONTEXT() REPRESENTATION_CONTEXT('2D SPACE',''
  ) );
#3809 = PCURVE('',#3798,#3810);
#3810 = DEFINITIONAL_REPRESENTATION('',(#3811),#3815);
#3811 = LINE('',#3812,#3813);
#3812 = CARTESIAN_POINT('',(0.,-0.));
#3813 = VECTOR('',#3814,1.);
#3814 = DIRECTION('',(0.,1.));
#3815 = ( GEOMETRIC_REPRESENTATION_CONTEXT(2) 
PARAMETRIC_REPRESENTATION_CONTEXT() REPRESENTATION_CONTEXT('2D SPACE',''
  ) );
#3816 = ORIENTED_EDGE('',*,*,#3817,.F.);
#3817 = EDGE_CURVE('',#3790,#3790,#3818,.T.);
#3818 = SURFACE_CURVE('',#3819,(#3824,#3831),.PCURVE_S1.);
#3819 = CIRCLE('',#3820,38.);
#3820 = AXIS2_PLACEMENT_3D('',#3821,#3822,#3823);
#3821 = CARTESIAN_POINT('',(0.,0.,3.54E+03));
#3822 = DIRECTION('',(0.,0.,1.));
#3823 = DIRECTION('',(1.,0.,-0.));
#3824 = PCURVE('',#3798,#3825);
#3825 = DEFINITIONAL_REPRESENTATION('',(#3826),#3830);
#3826 = LINE('',#3827,#3828);
#3827 = CARTESIAN_POINT('',(0.,140.));
#3828 = VECTOR('',#3829,1.);
#3829 = DIRECTION('',(1.,0.));
#3830 = ( GEOMETRIC_REPRESENTATION_CONTEXT(2) 
PARAMETRIC_REPRESENTATION_CONTEXT() REPRESENTATION_CONTEXT('2D SPACE',''
  ) );
#3831 = PCURVE('',#3832,#3837);
#3832 = PLANE('',#3833);
#3833 = AXIS2_PLACEMENT_3D('',#3834,#3835,#3836);
#3834 = CARTESIAN_POINT('',(0.,0.,3.54E+03));
#3835 = DIRECTION('',(0.,0.,1.));
#3836 = DIRECTION('',(1.,0.,-0.));
#3837 = DEFINITIONAL_REPRESENTATION('',(#3838),#3842);
#3838 = CIRCLE('',#3839,38.);
#3839 = AXIS2_PLACEMENT_2D('',#3840,#3841);
#3840 = CARTESIAN_POINT('',(0.,0.));
#3841 = DIRECTION('',(1.,0.));
#3842 = ( GEOMETRIC_REPRESENTATION_CONTEXT(2) 
PARAMETRIC_REPRESENTATION_CONTEXT() REPRESENTATION_CONTEXT('2D SPACE',''
  ) );
#3843 = ORIENTED_EDGE('',*,*,#3787,.F.);
#3844 = ORIENTED_EDGE('',*,*,#3845,.F.);
#3845 = EDGE_CURVE('',#3846,#3788,#3848,.T.);
#3846 = VERTEX_POINT('',#3847);
#3847 = CARTESIAN_POINT('',(38.,-6.490628035481E-15,3.475E+03));
#3848 = SURFACE_CURVE('',#3849,(#3942,#4038),.PCURVE_S1.);
#3849 = B_SPLINE_CURVE_WITH_KNOTS('',6,(#3850,#3851,#3852,#3853,#3854,
    #3855,#3856,#3857,#3858,#3859,#3860,#3861,#3862,#3863,#3864,#3865,
    #3866,#3867,#3868,#3869,#3870,#3871,#3872,#3873,#3874,#3875,#3876,
    #3877,#3878,#3879,#3880,#3881,#3882,#3883,#3884,#3885,#3886,#3887,
    #3888,#3889,#3890,#3891,#3892,#3893,#3894,#3895,#3896,#3897,#3898,
    #3899,#3900,#3901,#3902,#3903,#3904,#3905,#3906,#3907,#3908,#3909,
    #3910,#3911,#3912,#3913,#3914,#3915,#3916,#3917,#3918,#3919,#3920,
    #3921,#3922,#3923,#3924,#3925,#3926,#3927,#3928,#3929,#3930,#3931,
    #3932,#3933,#3934,#3935,#3936,#3937,#3938,#3939,#3940,#3941),
  .UNSPECIFIED.,.F.,.F.,(7,5,5,5,5,5,5,5,5,5,5,5,5,5,5,5,5,5,7),(0.,
    7.737113598679E-02,0.125657874997,0.187572141763,0.237931229511,
    0.280470745465,0.315778351282,0.344748131672,0.369184848864,
    0.501219711383,0.630775610448,0.655138776849,0.683993399945,
    0.719200464523,0.761879752518,0.81215775185,0.874843306925,
    0.923007381319,1.),.UNSPECIFIED.);
#3850 = CARTESIAN_POINT('',(38.,-1.836970198721E-15,3.475E+03));
#3851 = CARTESIAN_POINT('',(38.,0.750507073978,3.475E+03));
#3852 = CARTESIAN_POINT('',(37.982212832065,1.499588430135,
    3.475045060982E+03));
#3853 = CARTESIAN_POINT('',(37.946765090637,2.240820885326,
    3.475134861194E+03));
#3854 = CARTESIAN_POINT('',(37.894735912703,2.967848171029,
    3.475267527308E+03));
#3855 = CARTESIAN_POINT('',(37.828126089802,3.674582185984,
    3.475439655597E+03));
#3856 = CARTESIAN_POINT('',(37.700554261788,4.780286994943,
    3.475775162205E+03));
#3857 = CARTESIAN_POINT('',(37.646821811784,5.19560039529,
    3.475917664163E+03));
#3858 = CARTESIAN_POINT('',(37.588893086774,5.600848011862,
    3.476072867197E+03));
#3859 = CARTESIAN_POINT('',(37.527302350529,5.995595619775,
    3.47623987828E+03));
#3860 = CARTESIAN_POINT('',(37.462592769008,6.379462843458,
    3.476417782942E+03));
#3861 = CARTESIAN_POINT('',(37.309027231493,7.22995537949,
    3.476846517932E+03));
#3862 = CARTESIAN_POINT('',(37.218494153783,7.689453769188,
    3.477103805083E+03));
#3863 = CARTESIAN_POINT('',(37.124711796754,8.130641071407,
    3.477375902271E+03));
#3864 = CARTESIAN_POINT('',(37.028618108299,8.553611542154,
    3.477661351352E+03));
#3865 = CARTESIAN_POINT('',(36.931074298438,8.958528967973,
    3.477958834229E+03));
#3866 = CARTESIAN_POINT('',(36.752968691677,9.660476480943,
    3.478517960913E+03));
#3867 = CARTESIAN_POINT('',(36.67262010737,9.963597142427,
    3.478775979043E+03));
#3868 = CARTESIAN_POINT('',(36.592209997635,10.255172660293,
    3.479040652057E+03));
#3869 = CARTESIAN_POINT('',(36.512103900763,10.535390161345,
    3.47931146912E+03));
#3870 = CARTESIAN_POINT('',(36.432634791153,10.804438396796,
    3.479587981293E+03));
#3871 = CARTESIAN_POINT('',(36.287768195146,11.28050543317,
    3.480107862071E+03));
#3872 = CARTESIAN_POINT('',(36.222101737152,11.490669677638,
    3.480349710976E+03));
#3873 = CARTESIAN_POINT('',(36.157289155852,11.693107011329,
    3.480595107005E+03));
#3874 = CARTESIAN_POINT('',(36.09350164761,11.887919012666,
    3.48084383152E+03));
#3875 = CARTESIAN_POINT('',(36.030897626731,12.075202516042,
    3.481095688646E+03));
#3876 = CARTESIAN_POINT('',(35.918764834578,12.404321887784,
    3.481562001923E+03));
#3877 = CARTESIAN_POINT('',(35.868823855075,12.548468040919,
    3.48177553247E+03));
#3878 = CARTESIAN_POINT('',(35.819884327582,12.687537396631,
    3.481990993423E+03));
#3879 = CARTESIAN_POINT('',(35.772026332925,12.82157488073,
    3.482208286353E+03));
#3880 = CARTESIAN_POINT('',(35.725325492124,12.950621019427,
    3.482427317896E+03));
#3881 = CARTESIAN_POINT('',(35.642542900939,13.176528151864,
    3.482829068519E+03));
#3882 = CARTESIAN_POINT('',(35.606059827855,13.275008405929,
    3.483011247921E+03));
#3883 = CARTESIAN_POINT('',(35.570443133356,13.370172606842,
    3.483194488912E+03));
#3884 = CARTESIAN_POINT('',(35.53573034504,13.462038846964,
    3.483378743744E+03));
#3885 = CARTESIAN_POINT('',(35.501957131894,13.550623405697,
    3.483563965963E+03));
#3886 = CARTESIAN_POINT('',(35.441489848744,13.707908012399,
    3.483907127798E+03));
#3887 = CARTESIAN_POINT('',(35.414514997093,13.77755055971,
    3.484064801274E+03));
#3888 = CARTESIAN_POINT('',(35.388253056602,13.844877077194,
    3.484223103663E+03));
#3889 = CARTESIAN_POINT('',(35.362723395245,13.909895468908,
    3.484382008147E+03));
#3890 = CARTESIAN_POINT('',(35.337944441704,13.9726128572,
    3.484541488267E+03));
#3891 = CARTESIAN_POINT('',(35.184200346508,14.35950767766,
    3.485566179622E+03));
#3892 = CARTESIAN_POINT('',(35.076836633787,14.619133471383,
    3.486447263202E+03));
#3893 = CARTESIAN_POINT('',(34.994712807906,14.812618398367,
    3.48734016344E+03));
#3894 = CARTESIAN_POINT('',(34.939754605144,14.940472137532,
    3.488240791052E+03));
#3895 = CARTESIAN_POINT('',(34.912920744475,15.002932242136,
    3.489145330646E+03));
#3896 = CARTESIAN_POINT('',(34.91548753557,14.996957708981,
    3.490937683943E+03));
#3897 = CARTESIAN_POINT('',(34.943841073276,14.930960395798,
    3.491824957892E+03));
#3898 = CARTESIAN_POINT('',(34.999220384495,14.801990082211,
    3.492708254233E+03));
#3899 = CARTESIAN_POINT('',(35.080686048348,14.609813613744,
    3.493583966226E+03));
#3900 = CARTESIAN_POINT('',(35.186404108371,14.353944087376,
    3.494448228076E+03));
#3901 = CARTESIAN_POINT('',(35.337597114813,13.973490235692,
    3.495456249168E+03));
#3902 = CARTESIAN_POINT('',(35.362292514793,13.910988999318,
    3.495615258305E+03));
#3903 = CARTESIAN_POINT('',(35.387734316804,13.846200599761,
    3.495773695524E+03));
#3904 = CARTESIAN_POINT('',(35.413904265354,13.779117985011,
    3.495931534605E+03));
#3905 = CARTESIAN_POINT('',(35.44078317681,13.709733331116,
    3.496088748976E+03));
#3906 = CARTESIAN_POINT('',(35.501000940043,13.553125411963,
    3.496430737472E+03));
#3907 = CARTESIAN_POINT('',(35.534617178712,13.464971641,
    3.496615249039E+03));
#3908 = CARTESIAN_POINT('',(35.569166267298,13.373562454214,
    3.496798801795E+03));
#3909 = CARTESIAN_POINT('',(35.604612988767,13.278881793562,
    3.496981349855E+03));
#3910 = CARTESIAN_POINT('',(35.640920297149,13.180911818038,
    3.497162846065E+03));
#3911 = CARTESIAN_POINT('',(35.72335241557,12.956057098643,
    3.497563352706E+03));
#3912 = CARTESIAN_POINT('',(35.769878752591,12.827555073644,
    3.497781824794E+03));
#3913 = CARTESIAN_POINT('',(35.817557850552,12.694091094878,
    3.497998570777E+03));
#3914 = CARTESIAN_POINT('',(35.866314827453,12.555625078566,
    3.498213498182E+03));
#3915 = CARTESIAN_POINT('',(35.916070397353,12.41211259095,
    3.498426509556E+03));
#3916 = CARTESIAN_POINT('',(36.028165466147,12.083357121609,
    3.498893275766E+03));
#3917 = CARTESIAN_POINT('',(36.090932625404,11.895726603534,
    3.499146075695E+03));
#3918 = CARTESIAN_POINT('',(36.15489552634,11.700520480788,
    3.499395727817E+03));
#3919 = CARTESIAN_POINT('',(36.21989441283,11.497641122515,
    3.499642034677E+03));
#3920 = CARTESIAN_POINT('',(36.285756594419,11.286986080282,
    3.499884775795E+03));
#3921 = CARTESIAN_POINT('',(36.430683195181,10.811001126303,
    3.500405179478E+03));
#3922 = CARTESIAN_POINT('',(36.51001045645,10.542613376615,
    3.500681365992E+03));
#3923 = CARTESIAN_POINT('',(36.589978115349,10.263095244754,
    3.500951882796E+03));
#3924 = CARTESIAN_POINT('',(36.670255203883,9.972258883068,
    3.501216283887E+03));
#3925 = CARTESIAN_POINT('',(36.750478433442,9.669917975698,
    3.501474061829E+03));
#3926 = CARTESIAN_POINT('',(36.929709150415,8.964360942503,
    3.502037073383E+03));
#3927 = CARTESIAN_POINT('',(37.028490628545,8.554568723011,
    3.50233839535E+03));
#3928 = CARTESIAN_POINT('',(37.125790874875,8.126270352059,
    3.502627389433E+03));
#3929 = CARTESIAN_POINT('',(37.220715795535,7.679296745763,
    3.502902687122E+03));
#3930 = CARTESIAN_POINT('',(37.312290762877,7.213552090162,
    3.503162772972E+03));
#3931 = CARTESIAN_POINT('',(37.46645345284,6.356725006701,
    3.503592849856E+03));
#3932 = CARTESIAN_POINT('',(37.530851698309,5.973286287052,
    3.503769781389E+03));
#3933 = CARTESIAN_POINT('',(37.592126522383,5.579030819666,
    3.503935840331E+03));
#3934 = CARTESIAN_POINT('',(37.649737939863,5.174343128413,
    3.504090116848E+03));
#3935 = CARTESIAN_POINT('',(37.703155441447,4.759661239075,
    3.504231723677E+03));
#3936 = CARTESIAN_POINT('',(37.829740910884,3.657397715457,
    3.504564516655E+03));
#3937 = CARTESIAN_POINT('',(37.895744855971,2.953715141954,
    3.50473504542E+03));
#3938 = CARTESIAN_POINT('',(37.947282248773,2.230000446288,
    3.504866448909E+03));
#3939 = CARTESIAN_POINT('',(37.982386866877,1.492276156939,
    3.504955379917E+03));
#3940 = CARTESIAN_POINT('',(38.,0.746826427754,3.505E+03));
#3941 = CARTESIAN_POINT('',(38.,2.755455298082E-15,3.505E+03));
#3942 = PCURVE('',#3798,#3943);
#3943 = DEFINITIONAL_REPRESENTATION('',(#3944),#4037);
#3944 = B_SPLINE_CURVE_WITH_KNOTS('',6,(#3945,#3946,#3947,#3948,#3949,
    #3950,#3951,#3952,#3953,#3954,#3955,#3956,#3957,#3958,#3959,#3960,
    #3961,#3962,#3963,#3964,#3965,#3966,#3967,#3968,#3969,#3970,#3971,
    #3972,#3973,#3974,#3975,#3976,#3977,#3978,#3979,#3980,#3981,#3982,
    #3983,#3984,#3985,#3986,#3987,#3988,#3989,#3990,#3991,#3992,#3993,
    #3994,#3995,#3996,#3997,#3998,#3999,#4000,#4001,#4002,#4003,#4004,
    #4005,#4006,#4007,#4008,#4009,#4010,#4011,#4012,#4013,#4014,#4015,
    #4016,#4017,#4018,#4019,#4020,#4021,#4022,#4023,#4024,#4025,#4026,
    #4027,#4028,#4029,#4030,#4031,#4032,#4033,#4034,#4035,#4036),
  .UNSPECIFIED.,.F.,.F.,(7,5,5,5,5,5,5,5,5,5,5,5,5,5,5,5,5,5,7),(0.,
    7.737113598679E-02,0.125657874997,0.187572141763,0.237931229511,
    0.280470745465,0.315778351282,0.344748131672,0.369184848864,
    0.501219711383,0.630775610448,0.655138776849,0.683993399945,
    0.719200464523,0.761879752518,0.81215775185,0.874843306925,
    0.923007381319,1.),.UNSPECIFIED.);
#3945 = CARTESIAN_POINT('',(0.,75.));
#3946 = CARTESIAN_POINT('',(1.975018615732E-02,75.));
#3947 = CARTESIAN_POINT('',(3.946285709243E-02,75.045060981898));
#3948 = CARTESIAN_POINT('',(5.898282321444E-02,75.134861193909));
#3949 = CARTESIAN_POINT('',(7.815650883462E-02,75.267527307706));
#3950 = CARTESIAN_POINT('',(9.683312039932E-02,75.439655597232));
#3951 = CARTESIAN_POINT('',(0.126123642628,75.775162205318));
#3952 = CARTESIAN_POINT('',(0.137142984349,75.917664163025));
#3953 = CARTESIAN_POINT('',(0.147914410377,76.072867197464));
#3954 = CARTESIAN_POINT('',(0.158426975195,76.239878279503));
#3955 = CARTESIAN_POINT('',(0.168670576598,76.417782941866));
#3956 = CARTESIAN_POINT('',(0.191413873807,76.846517932252));
#3957 = CARTESIAN_POINT('',(0.203736846974,77.103805083417));
#3958 = CARTESIAN_POINT('',(0.215604565492,77.375902271047));
#3959 = CARTESIAN_POINT('',(0.227017504731,77.661351351844));
#3960 = CARTESIAN_POINT('',(0.237977250452,77.958834228566));
#3961 = CARTESIAN_POINT('',(0.257034895877,78.51796091275));
#3962 = CARTESIAN_POINT('',(0.265286771254,78.775979042766));
#3963 = CARTESIAN_POINT('',(0.273245679623,79.040652057334));
#3964 = CARTESIAN_POINT('',(0.28091476692,79.311469120021));
#3965 = CARTESIAN_POINT('',(0.288297131713,79.587981292506));
#3966 = CARTESIAN_POINT('',(0.30139240781,80.107862070524));
#3967 = CARTESIAN_POINT('',(0.307186574371,80.349710975841));
#3968 = CARTESIAN_POINT('',(0.312780043818,80.59510700532));
#3969 = CARTESIAN_POINT('',(0.318174331028,80.843831520049));
#3970 = CARTESIAN_POINT('',(0.323370826962,81.095688646031));
#3971 = CARTESIAN_POINT('',(0.332520752561,81.562001922906));
#3972 = CARTESIAN_POINT('',(0.336535236152,81.775532469685));
#3973 = CARTESIAN_POINT('',(0.340414884283,81.990993422752));
#3974 = CARTESIAN_POINT('',(0.344160226602,82.208286353415));
#3975 = CARTESIAN_POINT('',(0.347771687562,82.427317896054));
#3976 = CARTESIAN_POINT('',(0.354103191581,82.829068519077));
#3977 = CARTESIAN_POINT('',(0.356866880891,83.011247921032));
#3978 = CARTESIAN_POINT('',(0.359540829913,83.194488911909));
#3979 = CARTESIAN_POINT('',(0.362125175583,83.378743743867));
#3980 = CARTESIAN_POINT('',(0.364620016216,83.563965963306));
#3981 = CARTESIAN_POINT('',(0.369054421166,83.907127797959));
#3982 = CARTESIAN_POINT('',(0.371019788336,84.064801274083));
#3983 = CARTESIAN_POINT('',(0.372921549112,84.223103663078));
#3984 = CARTESIAN_POINT('',(0.374759725429,84.382008147184));
#3985 = CARTESIAN_POINT('',(0.376534325062,84.541488267034));
#3986 = CARTESIAN_POINT('',(0.387490193755,85.566179622407));
#3987 = CARTESIAN_POINT('',(0.394882884961,86.447263201634));
#3988 = CARTESIAN_POINT('',(0.400414199361,87.340163439572));
#3989 = CARTESIAN_POINT('',(0.40407644631,88.240791052339));
#3990 = CARTESIAN_POINT('',(0.405865401042,89.145330646288));
#3991 = CARTESIAN_POINT('',(0.405694280685,90.937683942751));
#3992 = CARTESIAN_POINT('',(0.403804014338,91.8249578923));
#3993 = CARTESIAN_POINT('',(0.400110395814,92.708254233446));
#3994 = CARTESIAN_POINT('',(0.394617554642,93.583966226281));
#3995 = CARTESIAN_POINT('',(0.387332716106,94.448228076202));
#3996 = CARTESIAN_POINT('',(0.37655915729,95.456249167912));
#3997 = CARTESIAN_POINT('',(0.374790655844,95.615258304983));
#3998 = CARTESIAN_POINT('',(0.372958958193,95.773695523912));
#3999 = CARTESIAN_POINT('',(0.371064056744,95.931534605221));
#4000 = CARTESIAN_POINT('',(0.369105929932,96.088748976095));
#4001 = CARTESIAN_POINT('',(0.364690502797,96.430737472133));
#4002 = CARTESIAN_POINT('',(0.362207726409,96.615249038915));
#4003 = CARTESIAN_POINT('',(0.359636154452,96.798801794935));
#4004 = CARTESIAN_POINT('',(0.356975690375,96.981349855193));
#4005 = CARTESIAN_POINT('',(0.35422619967,97.162846065471));
#4006 = CARTESIAN_POINT('',(0.347923873066,97.563352706191));
#4007 = CARTESIAN_POINT('',(0.344327438657,97.781824794232));
#4008 = CARTESIAN_POINT('',(0.340597892049,97.998570776548));
#4009 = CARTESIAN_POINT('',(0.336734814715,98.213498181566));
#4010 = CARTESIAN_POINT('',(0.332737684197,98.426509556065));
#4011 = CARTESIAN_POINT('',(0.323597143203,98.89327576637));
#4012 = CARTESIAN_POINT('',(0.318390625552,99.146075694642));
#4013 = CARTESIAN_POINT('',(0.312985046297,99.395727817083));
#4014 = CARTESIAN_POINT('',(0.307379004949,99.642034677213));
#4015 = CARTESIAN_POINT('',(0.301570975393,99.884775794973));
#4016 = CARTESIAN_POINT('',(0.288477305927,100.40517947782));
#4017 = CARTESIAN_POINT('',(0.281112665941,100.68136599198));
#4018 = CARTESIAN_POINT('',(0.273462272121,100.95188279637));
#4019 = CARTESIAN_POINT('',(0.265523041467,101.21628388733));
#4020 = CARTESIAN_POINT('',(0.257291842359,101.47406182886));
#4021 = CARTESIAN_POINT('',(0.238134844531,102.03707338317));
#4022 = CARTESIAN_POINT('',(0.227042782051,102.33839535004));
#4023 = CARTESIAN_POINT('',(0.215486140621,102.62738943335));
#4024 = CARTESIAN_POINT('',(0.203463302288,102.90268712249));
#4025 = CARTESIAN_POINT('',(0.190973819612,103.16277297177));
#4026 = CARTESIAN_POINT('',(0.168063679816,103.59284985598));
#4027 = CARTESIAN_POINT('',(0.157832555758,103.76978138855));
#4028 = CARTESIAN_POINT('',(0.147334062412,103.93584033085));
#4029 = CARTESIAN_POINT('',(0.136578396616,104.0901168483));
#4030 = CARTESIAN_POINT('',(0.125576592425,104.23172367673));
#4031 = CARTESIAN_POINT('',(9.637900452964E-02,104.5645166552));
#4032 = CARTESIAN_POINT('',(7.778378536707E-02,104.7350454196));
#4033 = CARTESIAN_POINT('',(5.869787242372E-02,104.86644890933));
#4034 = CARTESIAN_POINT('',(3.927042864207E-02,104.95537991681));
#4035 = CARTESIAN_POINT('',(1.965332704615E-02,105.));
#4036 = CARTESIAN_POINT('',(0.,105.));
#4037 = ( GEOMETRIC_REPRESENTATION_CONTEXT(2) 
PARAMETRIC_REPRESENTATION_CONTEXT() REPRESENTATION_CONTEXT('2D SPACE',''
  ) );
#4038 = PCURVE('',#4039,#4044);
#4039 = CYLINDRICAL_SURFACE('',#4040,15.);
#4040 = AXIS2_PLACEMENT_3D('',#4041,#4042,#4043);
#4041 = CARTESIAN_POINT('',(31.,0.,3.49E+03));
#4042 = DIRECTION('',(1.,0.,2.22044604925E-16));
#4043 = DIRECTION('',(2.22044604925E-16,0.,-1.));
#4044 = DEFINITIONAL_REPRESENTATION('',(#4045),#4138);
#4045 = B_SPLINE_CURVE_WITH_KNOTS('',6,(#4046,#4047,#4048,#4049,#4050,
    #4051,#4052,#4053,#4054,#4055,#4056,#4057,#4058,#4059,#4060,#4061,
    #4062,#4063,#4064,#4065,#4066,#4067,#4068,#4069,#4070,#4071,#4072,
    #4073,#4074,#4075,#4076,#4077,#4078,#4079,#4080,#4081,#4082,#4083,
    #4084,#4085,#4086,#4087,#4088,#4089,#4090,#4091,#4092,#4093,#4094,
    #4095,#4096,#4097,#4098,#4099,#4100,#4101,#4102,#4103,#4104,#4105,
    #4106,#4107,#4108,#4109,#4110,#4111,#4112,#4113,#4114,#4115,#4116,
    #4117,#4118,#4119,#4120,#4121,#4122,#4123,#4124,#4125,#4126,#4127,
    #4128,#4129,#4130,#4131,#4132,#4133,#4134,#4135,#4136,#4137),
  .UNSPECIFIED.,.F.,.F.,(7,5,5,5,5,5,5,5,5,5,5,5,5,5,5,5,5,5,7),(0.,
    7.737113598679E-02,0.125657874997,0.187572141763,0.237931229511,
    0.280470745465,0.315778351282,0.344748131672,0.369184848864,
    0.501219711383,0.630775610448,0.655138776849,0.683993399945,
    0.719200464523,0.761879752518,0.81215775185,0.874843306925,
    0.923007381319,1.),.UNSPECIFIED.);
#4046 = CARTESIAN_POINT('',(0.,7.));
#4047 = CARTESIAN_POINT('',(5.003380493188E-02,7.));
#4048 = CARTESIAN_POINT('',(9.99725576716E-02,6.982212832065));
#4049 = CARTESIAN_POINT('',(0.14961353514,6.946765090637));
#4050 = CARTESIAN_POINT('',(0.19875403036,6.894735912703));
#4051 = CARTESIAN_POINT('',(0.247171713465,6.828126089802));
#4052 = CARTESIAN_POINT('',(0.324204110939,6.700554261788));
#4053 = CARTESIAN_POINT('',(0.353457283531,6.646821811784));
#4054 = CARTESIAN_POINT('',(0.382360843726,6.588893086774));
#4055 = CARTESIAN_POINT('',(0.41091104417,6.527302350529));
#4056 = CARTESIAN_POINT('',(0.439101659262,6.462592769008));
#4057 = CARTESIAN_POINT('',(0.502597984469,6.309027231493));
#4058 = CARTESIAN_POINT('',(0.53767320472,6.218494153783));
#4059 = CARTESIAN_POINT('',(0.572184447114,6.124711796754));
#4060 = CARTESIAN_POINT('',(0.606161765263,6.028618108299));
#4061 = CARTESIAN_POINT('',(0.639632815173,5.931074298438));
#4062 = CARTESIAN_POINT('',(0.699460455011,5.752968691677));
#4063 = CARTESIAN_POINT('',(0.725984030761,5.67262010737));
#4064 = CARTESIAN_POINT('',(0.752216763016,5.592209997635));
#4065 = CARTESIAN_POINT('',(0.778177976128,5.512103900763));
#4066 = CARTESIAN_POINT('',(0.803886550391,5.432634791153));
#4067 = CARTESIAN_POINT('',(0.850881389185,5.287768195146));
#4068 = CARTESIAN_POINT('',(0.872234606006,5.222101737152));
#4069 = CARTESIAN_POINT('',(0.893432155287,5.157289155852));
#4070 = CARTESIAN_POINT('',(0.914484533912,5.09350164761));
#4071 = CARTESIAN_POINT('',(0.935402053361,5.030897626731));
#4072 = CARTESIAN_POINT('',(0.973452758306,4.918764834578));
#4073 = CARTESIAN_POINT('',(0.990624414213,4.868823855075));
#4074 = CARTESIAN_POINT('',(1.007715268117,4.819884327582));
#4075 = CARTESIAN_POINT('',(1.024730512005,4.772026332925));
#4076 = CARTESIAN_POINT('',(1.041675069155,4.725325492124));
#4077 = CARTESIAN_POINT('',(1.072402371208,4.642542900939));
#4078 = CARTESIAN_POINT('',(1.086206687378,4.606059827855));
#4079 = CARTESIAN_POINT('',(1.099969109469,4.570443133356));
#4080 = CARTESIAN_POINT('',(1.113692091841,4.53573034504));
#4081 = CARTESIAN_POINT('',(1.127377976391,4.501957131894));
#4082 = CARTESIAN_POINT('',(1.152543958039,4.441489848744));
#4083 = CARTESIAN_POINT('',(1.164034112642,4.414514997093));
#4084 = CARTESIAN_POINT('',(1.175500793848,4.388253056602));
#4085 = CARTESIAN_POINT('',(1.186945288577,4.362723395245));
#4086 = CARTESIAN_POINT('',(1.198368833189,4.337944441704));
#4087 = CARTESIAN_POINT('',(1.27138876885,4.184200346508));
#4088 = CARTESIAN_POINT('',(1.33245500397,4.076836633787));
#4089 = CARTESIAN_POINT('',(1.393121684301,3.994712807906));
#4090 = CARTESIAN_POINT('',(1.453529602631,3.939754605144));
#4091 = CARTESIAN_POINT('',(1.513818040989,3.912920744475));
#4092 = CARTESIAN_POINT('',(1.633308924591,3.91548753557));
#4093 = CARTESIAN_POINT('',(1.692474870879,3.943841073276));
#4094 = CARTESIAN_POINT('',(1.751762629655,3.999220384495));
#4095 = CARTESIAN_POINT('',(1.811304312495,4.080686048348));
#4096 = CARTESIAN_POINT('',(1.871233494607,4.186404108371));
#4097 = CARTESIAN_POINT('',(1.943062045248,4.337597114813));
#4098 = CARTESIAN_POINT('',(1.954451105294,4.362292514793));
#4099 = CARTESIAN_POINT('',(1.965860977504,4.387734316804));
#4100 = CARTESIAN_POINT('',(1.97729288673,4.413904265354));
#4101 = CARTESIAN_POINT('',(1.988748107764,4.44078317681));
#4102 = CARTESIAN_POINT('',(2.013824185054,4.501000940043));
#4103 = CARTESIAN_POINT('',(2.027454961164,4.534617178712));
#4104 = CARTESIAN_POINT('',(2.041122495403,4.569166267298));
#4105 = CARTESIAN_POINT('',(2.054829100142,4.604612988767));
#4106 = CARTESIAN_POINT('',(2.068577198382,4.640920297149));
#4107 = CARTESIAN_POINT('',(2.099197831519,4.72335241557));
#4108 = CARTESIAN_POINT('',(2.116091875544,4.769878752591));
#4109 = CARTESIAN_POINT('',(2.133056065573,4.817557850552));
#4110 = CARTESIAN_POINT('',(2.150095277057,4.866314827453));
#4111 = CARTESIAN_POINT('',(2.167214651157,4.916070397353));
#4112 = CARTESIAN_POINT('',(2.205276054979,5.028165466147));
#4113 = CARTESIAN_POINT('',(2.226257766196,5.090932625404));
#4114 = CARTESIAN_POINT('',(2.247374945297,5.15489552634));
#4115 = CARTESIAN_POINT('',(2.268637996221,5.21989441283));
#4116 = CARTESIAN_POINT('',(2.290057509938,5.285756594419));
#4117 = CARTESIAN_POINT('',(2.337074370722,5.430683195181));
#4118 = CARTESIAN_POINT('',(2.362736745591,5.51001045645));
#4119 = CARTESIAN_POINT('',(2.388650628567,5.589978115349));
#4120 = CARTESIAN_POINT('',(2.414834807002,5.670255203883));
#4121 = CARTESIAN_POINT('',(2.441308508589,5.750478433442));
#4122 = CARTESIAN_POINT('',(2.501485755577,5.929709150415));
#4123 = CARTESIAN_POINT('',(2.535369307506,6.028490628545));
#4124 = CARTESIAN_POINT('',(2.569771695552,6.125790874875));
#4125 = CARTESIAN_POINT('',(2.60472152485,6.220715795535));
#4126 = CARTESIAN_POINT('',(2.640249926735,6.312290762877));
#4127 = CARTESIAN_POINT('',(2.704163715103,6.46645345284));
#4128 = CARTESIAN_POINT('',(2.732301255763,6.530851698309));
#4129 = CARTESIAN_POINT('',(2.760796682949,6.592126522383));
#4130 = CARTESIAN_POINT('',(2.789643483235,6.649737939863));
#4131 = CARTESIAN_POINT('',(2.818837616727,6.703155441447));
#4132 = CARTESIAN_POINT('',(2.895598024404,6.829740910884));
#4133 = CARTESIAN_POINT('',(2.943793838527,6.895744855971));
#4134 = CARTESIAN_POINT('',(2.992703782806,6.947282248773));
#4135 = CARTESIAN_POINT('',(3.042107580536,6.982386866877));
#4136 = CARTESIAN_POINT('',(3.091804225073,7.));
#4137 = CARTESIAN_POINT('',(3.14159265359,7.));
#4138 = ( GEOMETRIC_REPRESENTATION_CONTEXT(2) 
PARAMETRIC_REPRESENTATION_CONTEXT() REPRESENTATION_CONTEXT('2D SPACE',''
  ) );
#4139 = ORIENTED_EDGE('',*,*,#4140,.F.);
#4140 = EDGE_CURVE('',#4141,#3846,#4143,.T.);
#4141 = VERTEX_POINT('',#4142);
#4142 = CARTESIAN_POINT('',(38.,-9.30731567352E-15,3.4E+03));
#4143 = SEAM_CURVE('',#4144,(#4148,#4155),.PCURVE_S1.);
#4144 = LINE('',#4145,#4146);
#4145 = CARTESIAN_POINT('',(38.,-9.30731567352E-15,3.4E+03));
#4146 = VECTOR('',#4147,1.);
#4147 = DIRECTION('',(0.,0.,1.));
#4148 = PCURVE('',#3798,#4149);
#4149 = DEFINITIONAL_REPRESENTATION('',(#4150),#4154);
#4150 = LINE('',#4151,#4152);
#4151 = CARTESIAN_POINT('',(6.28318530718,-0.));
#4152 = VECTOR('',#4153,1.);
#4153 = DIRECTION('',(0.,1.));
#4154 = ( GEOMETRIC_REPRESENTATION_CONTEXT(2) 
PARAMETRIC_REPRESENTATION_CONTEXT() REPRESENTATION_CONTEXT('2D SPACE',''
  ) );
#4155 = PCURVE('',#3798,#4156);
#4156 = DEFINITIONAL_REPRESENTATION('',(#4157),#4161);
#4157 = LINE('',#4158,#4159);
#4158 = CARTESIAN_POINT('',(0.,-0.));
#4159 = VECTOR('',#4160,1.);
#4160 = DIRECTION('',(0.,1.));
#4161 = ( GEOMETRIC_REPRESENTATION_CONTEXT(2) 
PARAMETRIC_REPRESENTATION_CONTEXT() REPRESENTATION_CONTEXT('2D SPACE',''
  ) );
#4162 = ORIENTED_EDGE('',*,*,#4163,.T.);
#4163 = EDGE_CURVE('',#4141,#4141,#4164,.T.);
#4164 = SURFACE_CURVE('',#4165,(#4170,#4177),.PCURVE_S1.);
#4165 = CIRCLE('',#4166,38.);
#4166 = AXIS2_PLACEMENT_3D('',#4167,#4168,#4169);
#4167 = CARTESIAN_POINT('',(0.,0.,3.4E+03));
#4168 = DIRECTION('',(0.,0.,1.));
#4169 = DIRECTION('',(1.,0.,-0.));
#4170 = PCURVE('',#3798,#4171);
#4171 = DEFINITIONAL_REPRESENTATION('',(#4172),#4176);
#4172 = LINE('',#4173,#4174);
#4173 = CARTESIAN_POINT('',(0.,0.));
#4174 = VECTOR('',#4175,1.);
#4175 = DIRECTION('',(1.,0.));
#4176 = ( GEOMETRIC_REPRESENTATION_CONTEXT(2) 
PARAMETRIC_REPRESENTATION_CONTEXT() REPRESENTATION_CONTEXT('2D SPACE',''
  ) );
#4177 = PCURVE('',#4178,#4183);
#4178 = CONICAL_SURFACE('',#4179,12.,0.714090698612);
#4179 = AXIS2_PLACEMENT_3D('',#4180,#4181,#4182);
#4180 = CARTESIAN_POINT('',(0.,0.,3.37E+03));
#4181 = DIRECTION('',(0.,0.,1.));
#4182 = DIRECTION('',(1.,0.,-0.));
#4183 = DEFINITIONAL_REPRESENTATION('',(#4184),#4187);
#4184 = B_SPLINE_CURVE_WITH_KNOTS('',1,(#4185,#4186),.UNSPECIFIED.,.F.,
  .F.,(2,2),(0.,6.28318530718),.PIECEWISE_BEZIER_KNOTS.);
#4185 = CARTESIAN_POINT('',(0.,30.));
#4186 = CARTESIAN_POINT('',(6.28318530718,30.));
#4187 = ( GEOMETRIC_REPRESENTATION_CONTEXT(2) 
PARAMETRIC_REPRESENTATION_CONTEXT() REPRESENTATION_CONTEXT('2D SPACE',''
  ) );
#4188 = ORIENTED_EDGE('',*,*,#4140,.T.);
#4189 = ORIENTED_EDGE('',*,*,#4190,.F.);
#4190 = EDGE_CURVE('',#3788,#3846,#4191,.T.);
#4191 = SURFACE_CURVE('',#4192,(#4285,#4381),.PCURVE_S1.);
#4192 = B_SPLINE_CURVE_WITH_KNOTS('',6,(#4193,#4194,#4195,#4196,#4197,
    #4198,#4199,#4200,#4201,#4202,#4203,#4204,#4205,#4206,#4207,#4208,
    #4209,#4210,#4211,#4212,#4213,#4214,#4215,#4216,#4217,#4218,#4219,
    #4220,#4221,#4222,#4223,#4224,#4225,#4226,#4227,#4228,#4229,#4230,
    #4231,#4232,#4233,#4234,#4235,#4236,#4237,#4238,#4239,#4240,#4241,
    #4242,#4243,#4244,#4245,#4246,#4247,#4248,#4249,#4250,#4251,#4252,
    #4253,#4254,#4255,#4256,#4257,#4258,#4259,#4260,#4261,#4262,#4263,
    #4264,#4265,#4266,#4267,#4268,#4269,#4270,#4271,#4272,#4273,#4274,
    #4275,#4276,#4277,#4278,#4279,#4280,#4281,#4282,#4283,#4284),
  .UNSPECIFIED.,.F.,.F.,(7,5,5,5,5,5,5,5,5,5,5,5,5,5,5,5,5,5,7),(0.,
    7.737113599598E-02,0.125657875011,0.187572141786,0.237931229543,
    0.280470745504,0.315778351328,0.344748131723,0.369184848919,
    0.50121971146,0.630775610546,0.65513877695,0.68399340005,
    0.719200464633,0.761879752634,0.812157751973,0.874843307053,
    0.923007381441,1.),.UNSPECIFIED.);
#4193 = CARTESIAN_POINT('',(38.,-1.7763568394E-15,3.505E+03));
#4194 = CARTESIAN_POINT('',(38.,-0.750507073977,3.505E+03));
#4195 = CARTESIAN_POINT('',(37.982212832065,-1.499588430135,
    3.504954939018E+03));
#4196 = CARTESIAN_POINT('',(37.946765090638,-2.240820885327,
    3.504865138806E+03));
#4197 = CARTESIAN_POINT('',(37.894735912703,-2.967848171029,
    3.504732472692E+03));
#4198 = CARTESIAN_POINT('',(37.828126089802,-3.674582185984,
    3.504560344403E+03));
#4199 = CARTESIAN_POINT('',(37.700554261789,-4.780286994936,
    3.504224837795E+03));
#4200 = CARTESIAN_POINT('',(37.646821811784,-5.195600395292,
    3.504082335837E+03));
#4201 = CARTESIAN_POINT('',(37.588893086773,-5.600848011867,
    3.503927132803E+03));
#4202 = CARTESIAN_POINT('',(37.527302350529,-5.995595619776,
    3.50376012172E+03));
#4203 = CARTESIAN_POINT('',(37.462592769009,-6.379462843454,
    3.503582217058E+03));
#4204 = CARTESIAN_POINT('',(37.309027231489,-7.229955379512,
    3.503153482068E+03));
#4205 = CARTESIAN_POINT('',(37.218494153784,-7.689453769182,
    3.502896194917E+03));
#4206 = CARTESIAN_POINT('',(37.124711796758,-8.130641071388,
    3.502624097729E+03));
#4207 = CARTESIAN_POINT('',(37.0286181083,-8.55361154215,
    3.502338648648E+03));
#4208 = CARTESIAN_POINT('',(36.931074298434,-8.95852896799,
    3.502041165771E+03));
#4209 = CARTESIAN_POINT('',(36.752968691677,-9.660476480944,
    3.501482039087E+03));
#4210 = CARTESIAN_POINT('',(36.67262010737,-9.963597142426,
    3.501224020957E+03));
#4211 = CARTESIAN_POINT('',(36.592209997635,-10.25517266029,
    3.500959347943E+03));
#4212 = CARTESIAN_POINT('',(36.512103900763,-10.53539016134,
    3.50068853088E+03));
#4213 = CARTESIAN_POINT('',(36.432634791153,-10.80443839679,
    3.500412018707E+03));
#4214 = CARTESIAN_POINT('',(36.287768195146,-11.28050543317,
    3.499892137929E+03));
#4215 = CARTESIAN_POINT('',(36.222101737152,-11.49066967763,
    3.499650289024E+03));
#4216 = CARTESIAN_POINT('',(36.157289155852,-11.69310701133,
    3.499404892995E+03));
#4217 = CARTESIAN_POINT('',(36.09350164761,-11.88791901266,
    3.49915616848E+03));
#4218 = CARTESIAN_POINT('',(36.030897626731,-12.07520251604,
    3.498904311354E+03));
#4219 = CARTESIAN_POINT('',(35.918764834578,-12.40432188778,
    3.498437998077E+03));
#4220 = CARTESIAN_POINT('',(35.868823855075,-12.54846804091,
    3.49822446753E+03));
#4221 = CARTESIAN_POINT('',(35.819884327582,-12.68753739663,
    3.498009006577E+03));
#4222 = CARTESIAN_POINT('',(35.772026332924,-12.82157488073,
    3.497791713647E+03));
#4223 = CARTESIAN_POINT('',(35.725325492124,-12.95062101942,
    3.497572682104E+03));
#4224 = CARTESIAN_POINT('',(35.642542900939,-13.17652815186,
    3.497170931481E+03));
#4225 = CARTESIAN_POINT('',(35.606059827855,-13.27500840592,
    3.496988752079E+03));
#4226 = CARTESIAN_POINT('',(35.570443133356,-13.37017260684,
    3.496805511088E+03));
#4227 = CARTESIAN_POINT('',(35.53573034504,-13.46203884696,
    3.496621256256E+03));
#4228 = CARTESIAN_POINT('',(35.501957131894,-13.55062340569,
    3.496436034037E+03));
#4229 = CARTESIAN_POINT('',(35.441489848744,-13.70790801239,
    3.496092872202E+03));
#4230 = CARTESIAN_POINT('',(35.414514997093,-13.77755055971,
    3.495935198726E+03));
#4231 = CARTESIAN_POINT('',(35.388253056602,-13.84487707719,
    3.495776896337E+03));
#4232 = CARTESIAN_POINT('',(35.362723395245,-13.9098954689,
    3.495617991853E+03));
#4233 = CARTESIAN_POINT('',(35.337944441704,-13.9726128572,
    3.495458511733E+03));
#4234 = CARTESIAN_POINT('',(35.184200346511,-14.35950767765,
    3.494433820378E+03));
#4235 = CARTESIAN_POINT('',(35.076836633786,-14.61913347138,
    3.493552736798E+03));
#4236 = CARTESIAN_POINT('',(34.994712807905,-14.81261839837,
    3.49265983656E+03));
#4237 = CARTESIAN_POINT('',(34.939754605145,-14.94047213753,
    3.491759208948E+03));
#4238 = CARTESIAN_POINT('',(34.912920744475,-15.00293224213,
    3.490854669354E+03));
#4239 = CARTESIAN_POINT('',(34.91548753557,-14.99695770898,
    3.489062316057E+03));
#4240 = CARTESIAN_POINT('',(34.943841073277,-14.93096039579,
    3.488175042108E+03));
#4241 = CARTESIAN_POINT('',(34.999220384492,-14.80199008221,
    3.487291745767E+03));
#4242 = CARTESIAN_POINT('',(35.080686048353,-14.60981361373,
    3.486416033774E+03));
#4243 = CARTESIAN_POINT('',(35.186404108368,-14.35394408738,
    3.485551771924E+03));
#4244 = CARTESIAN_POINT('',(35.337597114813,-13.97349023569,
    3.484543750832E+03));
#4245 = CARTESIAN_POINT('',(35.362292514793,-13.91098899931,
    3.484384741695E+03));
#4246 = CARTESIAN_POINT('',(35.387734316804,-13.84620059976,
    3.484226304476E+03));
#4247 = CARTESIAN_POINT('',(35.413904265354,-13.77911798501,
    3.484068465395E+03));
#4248 = CARTESIAN_POINT('',(35.44078317681,-13.70973333111,
    3.483911251024E+03));
#4249 = CARTESIAN_POINT('',(35.501000940043,-13.55312541196,
    3.483569262528E+03));
#4250 = CARTESIAN_POINT('',(35.534617178712,-13.464971641,
    3.483384750961E+03));
#4251 = CARTESIAN_POINT('',(35.569166267298,-13.37356245421,
    3.483201198205E+03));
#4252 = CARTESIAN_POINT('',(35.604612988767,-13.27888179356,
    3.483018650145E+03));
#4253 = CARTESIAN_POINT('',(35.640920297149,-13.18091181803,
    3.482837153935E+03));
#4254 = CARTESIAN_POINT('',(35.723352415569,-12.95605709864,
    3.482436647294E+03));
#4255 = CARTESIAN_POINT('',(35.769878752591,-12.82755507364,
    3.482218175206E+03));
#4256 = CARTESIAN_POINT('',(35.817557850551,-12.69409109487,
    3.482001429223E+03));
#4257 = CARTESIAN_POINT('',(35.866314827453,-12.55562507856,
    3.481786501818E+03));
#4258 = CARTESIAN_POINT('',(35.916070397352,-12.41211259095,
    3.481573490444E+03));
#4259 = CARTESIAN_POINT('',(36.028165466147,-12.08335712161,
    3.481106724234E+03));
#4260 = CARTESIAN_POINT('',(36.090932625404,-11.89572660353,
    3.480853924305E+03));
#4261 = CARTESIAN_POINT('',(36.15489552634,-11.70052048078,
    3.480604272183E+03));
#4262 = CARTESIAN_POINT('',(36.21989441283,-11.49764112251,
    3.480357965323E+03));
#4263 = CARTESIAN_POINT('',(36.285756594419,-11.28698608028,
    3.480115224205E+03));
#4264 = CARTESIAN_POINT('',(36.43068319518,-10.8110011263,
    3.479594820522E+03));
#4265 = CARTESIAN_POINT('',(36.51001045645,-10.54261337661,
    3.479318634008E+03));
#4266 = CARTESIAN_POINT('',(36.589978115349,-10.26309524475,
    3.479048117204E+03));
#4267 = CARTESIAN_POINT('',(36.670255203883,-9.972258883069,
    3.478783716113E+03));
#4268 = CARTESIAN_POINT('',(36.750478433442,-9.669917975699,
    3.478525938171E+03));
#4269 = CARTESIAN_POINT('',(36.92970915041,-8.964360942522,
    3.477962926617E+03));
#4270 = CARTESIAN_POINT('',(37.028490628546,-8.554568723009,
    3.47766160465E+03));
#4271 = CARTESIAN_POINT('',(37.125790874879,-8.126270352039,
    3.477372610567E+03));
#4272 = CARTESIAN_POINT('',(37.220715795535,-7.679296745756,
    3.477097312878E+03));
#4273 = CARTESIAN_POINT('',(37.312290762873,-7.213552090188,
    3.476837227028E+03));
#4274 = CARTESIAN_POINT('',(37.466453452826,-6.356725006777,
    3.476407150144E+03));
#4275 = CARTESIAN_POINT('',(37.530851698315,-5.973286287033,
    3.476230218611E+03));
#4276 = CARTESIAN_POINT('',(37.592126522394,-5.579030819584,
    3.476064159669E+03));
#4277 = CARTESIAN_POINT('',(37.649737939863,-5.174343128392,
    3.475909883152E+03));
#4278 = CARTESIAN_POINT('',(37.703155441436,-4.759661239169,
    3.475768276323E+03));
#4279 = CARTESIAN_POINT('',(37.82974091079,-3.657397716277,
    3.475435483345E+03));
#4280 = CARTESIAN_POINT('',(37.895744856032,-2.953715141742,
    3.47526495458E+03));
#4281 = CARTESIAN_POINT('',(37.947282248823,-2.230000445471,
    3.475133551091E+03));
#4282 = CARTESIAN_POINT('',(37.982386866838,-1.492276156714,
    3.475044620083E+03));
#4283 = CARTESIAN_POINT('',(38.,-0.746826428577,3.475E+03));
#4284 = CARTESIAN_POINT('',(38.,-7.105427357601E-15,3.475E+03));
#4285 = PCURVE('',#3798,#4286);
#4286 = DEFINITIONAL_REPRESENTATION('',(#4287),#4380);
#4287 = B_SPLINE_CURVE_WITH_KNOTS('',6,(#4288,#4289,#4290,#4291,#4292,
    #4293,#4294,#4295,#4296,#4297,#4298,#4299,#4300,#4301,#4302,#4303,
    #4304,#4305,#4306,#4307,#4308,#4309,#4310,#4311,#4312,#4313,#4314,
    #4315,#4316,#4317,#4318,#4319,#4320,#4321,#4322,#4323,#4324,#4325,
    #4326,#4327,#4328,#4329,#4330,#4331,#4332,#4333,#4334,#4335,#4336,
    #4337,#4338,#4339,#4340,#4341,#4342,#4343,#4344,#4345,#4346,#4347,
    #4348,#4349,#4350,#4351,#4352,#4353,#4354,#4355,#4356,#4357,#4358,
    #4359,#4360,#4361,#4362,#4363,#4364,#4365,#4366,#4367,#4368,#4369,
    #4370,#4371,#4372,#4373,#4374,#4375,#4376,#4377,#4378,#4379),
  .UNSPECIFIED.,.F.,.F.,(7,5,5,5,5,5,5,5,5,5,5,5,5,5,5,5,5,5,7),(0.,
    7.737113599598E-02,0.125657875011,0.187572141786,0.237931229543,
    0.280470745504,0.315778351328,0.344748131723,0.369184848919,
    0.50121971146,0.630775610546,0.65513877695,0.68399340005,
    0.719200464633,0.761879752634,0.812157751973,0.874843307053,
    0.923007381441,1.),.UNSPECIFIED.);
#4288 = CARTESIAN_POINT('',(6.28318530718,105.));
#4289 = CARTESIAN_POINT('',(6.263435121022,105.));
#4290 = CARTESIAN_POINT('',(6.243722450087,104.9549390181));
#4291 = CARTESIAN_POINT('',(6.224202483965,104.86513880609));
#4292 = CARTESIAN_POINT('',(6.205028798345,104.73247269229));
#4293 = CARTESIAN_POINT('',(6.18635218678,104.56034440276));
#4294 = CARTESIAN_POINT('',(6.157061664552,104.22483779468));
#4295 = CARTESIAN_POINT('',(6.146042322831,104.08233583697));
#4296 = CARTESIAN_POINT('',(6.135270896802,103.92713280253));
#4297 = CARTESIAN_POINT('',(6.124758331985,103.76012172049));
#4298 = CARTESIAN_POINT('',(6.114514730582,103.58221705813));
#4299 = CARTESIAN_POINT('',(6.091771433372,103.15348206773));
#4300 = CARTESIAN_POINT('',(6.079448460205,102.89619491658));
#4301 = CARTESIAN_POINT('',(6.067580741688,102.62409772896));
#4302 = CARTESIAN_POINT('',(6.056167802449,102.33864864816));
#4303 = CARTESIAN_POINT('',(6.045208056727,102.04116577142));
#4304 = CARTESIAN_POINT('',(6.026150411303,101.48203908725));
#4305 = CARTESIAN_POINT('',(6.017898535926,101.22402095723));
#4306 = CARTESIAN_POINT('',(6.009939627556,100.95934794266));
#4307 = CARTESIAN_POINT('',(6.00227054026,100.68853087997));
#4308 = CARTESIAN_POINT('',(5.994888175467,100.41201870749));
#4309 = CARTESIAN_POINT('',(5.981792899369,99.892137929475));
#4310 = CARTESIAN_POINT('',(5.975998732808,99.650289024158));
#4311 = CARTESIAN_POINT('',(5.970405263361,99.40489299468));
#4312 = CARTESIAN_POINT('',(5.965010976151,99.156168479951));
#4313 = CARTESIAN_POINT('',(5.959814480217,98.904311353969));
#4314 = CARTESIAN_POINT('',(5.950664554619,98.437998077094));
#4315 = CARTESIAN_POINT('',(5.946650071028,98.224467530315));
#4316 = CARTESIAN_POINT('',(5.942770422897,98.009006577248));
#4317 = CARTESIAN_POINT('',(5.939025080577,97.791713646585));
#4318 = CARTESIAN_POINT('',(5.935413619617,97.572682103946));
#4319 = CARTESIAN_POINT('',(5.929082115599,97.170931480923));
#4320 = CARTESIAN_POINT('',(5.926318426288,96.988752078968));
#4321 = CARTESIAN_POINT('',(5.923644477266,96.805511088091));
#4322 = CARTESIAN_POINT('',(5.921060131596,96.621256256132));
#4323 = CARTESIAN_POINT('',(5.918565290963,96.436034036694));
#4324 = CARTESIAN_POINT('',(5.914130886014,96.092872202041));
#4325 = CARTESIAN_POINT('',(5.912165518844,95.935198725917));
#4326 = CARTESIAN_POINT('',(5.910263758068,95.776896336922));
#4327 = CARTESIAN_POINT('',(5.908425581751,95.617991852816));
#4328 = CARTESIAN_POINT('',(5.906650982117,95.458511732966));
#4329 = CARTESIAN_POINT('',(5.895695113425,94.43382037761));
#4330 = CARTESIAN_POINT('',(5.888302422219,93.552736798362));
#4331 = CARTESIAN_POINT('',(5.882771107818,92.65983656041));
#4332 = CARTESIAN_POINT('',(5.87910886087,91.759208947657));
#4333 = CARTESIAN_POINT('',(5.877319906138,90.854669353729));
#4334 = CARTESIAN_POINT('',(5.877491026495,89.062316057234));
#4335 = CARTESIAN_POINT('',(5.879381292842,88.175042107728));
#4336 = CARTESIAN_POINT('',(5.883074911366,87.291745766552));
#4337 = CARTESIAN_POINT('',(5.888567752538,86.416033773692));
#4338 = CARTESIAN_POINT('',(5.895852591073,85.551771923817));
#4339 = CARTESIAN_POINT('',(5.90662614989,84.543750832089));
#4340 = CARTESIAN_POINT('',(5.908394651335,84.384741695017));
#4341 = CARTESIAN_POINT('',(5.910226348987,84.226304476089));
#4342 = CARTESIAN_POINT('',(5.912121250436,84.06846539478));
#4343 = CARTESIAN_POINT('',(5.914079377248,83.911251023905));
#4344 = CARTESIAN_POINT('',(5.918494804382,83.569262527868));
#4345 = CARTESIAN_POINT('',(5.92097758077,83.384750961086));
#4346 = CARTESIAN_POINT('',(5.923549152727,83.201198205066));
#4347 = CARTESIAN_POINT('',(5.926209616805,83.018650144808));
#4348 = CARTESIAN_POINT('',(5.928959107509,82.83715393453));
#4349 = CARTESIAN_POINT('',(5.935261434113,82.43664729381));
#4350 = CARTESIAN_POINT('',(5.938857868523,82.218175205769));
#4351 = CARTESIAN_POINT('',(5.94258741513,82.001429223453));
#4352 = CARTESIAN_POINT('',(5.946450492465,81.786501818435));
#4353 = CARTESIAN_POINT('',(5.950447622982,81.573490443936));
#4354 = CARTESIAN_POINT('',(5.959588163976,81.106724233631));
#4355 = CARTESIAN_POINT('',(5.964794681628,80.853924305359));
#4356 = CARTESIAN_POINT('',(5.970200260883,80.604272182917));
#4357 = CARTESIAN_POINT('',(5.97580630223,80.357965322787));
#4358 = CARTESIAN_POINT('',(5.981614331787,80.115224205028));
#4359 = CARTESIAN_POINT('',(5.994708001253,79.59482052218));
#4360 = CARTESIAN_POINT('',(6.002072641239,79.318634008019));
#4361 = CARTESIAN_POINT('',(6.009723035058,79.048117203622));
#4362 = CARTESIAN_POINT('',(6.017662265712,78.783716112668));
#4363 = CARTESIAN_POINT('',(6.02589346482,78.525938171132));
#4364 = CARTESIAN_POINT('',(6.045050462648,77.962926616844));
#4365 = CARTESIAN_POINT('',(6.056142525129,77.661604649949));
#4366 = CARTESIAN_POINT('',(6.06769916656,77.372610566631));
#4367 = CARTESIAN_POINT('',(6.079722004892,77.097312877508));
#4368 = CARTESIAN_POINT('',(6.092211487567,76.83722702824));
#4369 = CARTESIAN_POINT('',(6.115121627362,76.407150144056));
#4370 = CARTESIAN_POINT('',(6.125352751422,76.230218611427));
#4371 = CARTESIAN_POINT('',(6.13585124477,76.064159669116));
#4372 = CARTESIAN_POINT('',(6.146606910564,75.909883151698));
#4373 = CARTESIAN_POINT('',(6.157608714752,75.768276323298));
#4374 = CARTESIAN_POINT('',(6.186806302628,75.43548334504));
#4375 = CARTESIAN_POINT('',(6.205401521818,75.264954580232));
#4376 = CARTESIAN_POINT('',(6.224487434777,75.133551090545));
#4377 = CARTESIAN_POINT('',(6.243914878543,75.044620083279));
#4378 = CARTESIAN_POINT('',(6.263531980112,75.));
#4379 = CARTESIAN_POINT('',(6.28318530718,75.));
#4380 = ( GEOMETRIC_REPRESENTATION_CONTEXT(2) 
PARAMETRIC_REPRESENTATION_CONTEXT() REPRESENTATION_CONTEXT('2D SPACE',''
  ) );
#4381 = PCURVE('',#4039,#4382);
#4382 = DEFINITIONAL_REPRESENTATION('',(#4383),#4476);
#4383 = B_SPLINE_CURVE_WITH_KNOTS('',6,(#4384,#4385,#4386,#4387,#4388,
    #4389,#4390,#4391,#4392,#4393,#4394,#4395,#4396,#4397,#4398,#4399,
    #4400,#4401,#4402,#4403,#4404,#4405,#4406,#4407,#4408,#4409,#4410,
    #4411,#4412,#4413,#4414,#4415,#4416,#4417,#4418,#4419,#4420,#4421,
    #4422,#4423,#4424,#4425,#4426,#4427,#4428,#4429,#4430,#4431,#4432,
    #4433,#4434,#4435,#4436,#4437,#4438,#4439,#4440,#4441,#4442,#4443,
    #4444,#4445,#4446,#4447,#4448,#4449,#4450,#4451,#4452,#4453,#4454,
    #4455,#4456,#4457,#4458,#4459,#4460,#4461,#4462,#4463,#4464,#4465,
    #4466,#4467,#4468,#4469,#4470,#4471,#4472,#4473,#4474,#4475),
  .UNSPECIFIED.,.F.,.F.,(7,5,5,5,5,5,5,5,5,5,5,5,5,5,5,5,5,5,7),(0.,
    7.737113599598E-02,0.125657875011,0.187572141786,0.237931229543,
    0.280470745504,0.315778351328,0.344748131723,0.369184848919,
    0.50121971146,0.630775610546,0.65513877695,0.68399340005,
    0.719200464633,0.761879752634,0.812157751973,0.874843307053,
    0.923007381441,1.),.UNSPECIFIED.);
#4384 = CARTESIAN_POINT('',(3.14159265359,7.));
#4385 = CARTESIAN_POINT('',(3.191626458522,7.));
#4386 = CARTESIAN_POINT('',(3.241565211261,6.982212832065));
#4387 = CARTESIAN_POINT('',(3.291206188729,6.946765090637));
#4388 = CARTESIAN_POINT('',(3.34034668395,6.894735912703));
#4389 = CARTESIAN_POINT('',(3.388764367055,6.828126089802));
#4390 = CARTESIAN_POINT('',(3.465796764529,6.700554261789));
#4391 = CARTESIAN_POINT('',(3.495049937121,6.646821811784));
#4392 = CARTESIAN_POINT('',(3.523953497316,6.588893086773));
#4393 = CARTESIAN_POINT('',(3.55250369776,6.527302350529));
#4394 = CARTESIAN_POINT('',(3.580694312851,6.462592769009));
#4395 = CARTESIAN_POINT('',(3.64419063806,6.309027231489));
#4396 = CARTESIAN_POINT('',(3.679265858309,6.218494153784));
#4397 = CARTESIAN_POINT('',(3.713777100702,6.124711796758));
#4398 = CARTESIAN_POINT('',(3.747754418852,6.0286181083));
#4399 = CARTESIAN_POINT('',(3.781225468764,5.931074298434));
#4400 = CARTESIAN_POINT('',(3.841053108601,5.752968691677));
#4401 = CARTESIAN_POINT('',(3.867576684351,5.67262010737));
#4402 = CARTESIAN_POINT('',(3.893809416606,5.592209997635));
#4403 = CARTESIAN_POINT('',(3.919770629718,5.512103900763));
#4404 = CARTESIAN_POINT('',(3.945479203981,5.432634791153));
#4405 = CARTESIAN_POINT('',(3.992474042775,5.287768195146));
#4406 = CARTESIAN_POINT('',(4.013827259596,5.222101737152));
#4407 = CARTESIAN_POINT('',(4.035024808876,5.157289155852));
#4408 = CARTESIAN_POINT('',(4.056077187502,5.09350164761));
#4409 = CARTESIAN_POINT('',(4.07699470695,5.030897626731));
#4410 = CARTESIAN_POINT('',(4.115045411896,4.918764834578));
#4411 = CARTESIAN_POINT('',(4.132217067803,4.868823855075));
#4412 = CARTESIAN_POINT('',(4.149307921707,4.819884327582));
#4413 = CARTESIAN_POINT('',(4.166323165595,4.772026332924));
#4414 = CARTESIAN_POINT('',(4.183267722744,4.725325492124));
#4415 = CARTESIAN_POINT('',(4.213995024798,4.642542900939));
#4416 = CARTESIAN_POINT('',(4.227799340968,4.606059827855));
#4417 = CARTESIAN_POINT('',(4.241561763059,4.570443133356));
#4418 = CARTESIAN_POINT('',(4.25528474543,4.53573034504));
#4419 = CARTESIAN_POINT('',(4.268970629981,4.501957131894));
#4420 = CARTESIAN_POINT('',(4.294136611629,4.441489848744));
#4421 = CARTESIAN_POINT('',(4.305626766232,4.414514997093));
#4422 = CARTESIAN_POINT('',(4.317093447437,4.388253056602));
#4423 = CARTESIAN_POINT('',(4.328537942167,4.362723395245));
#4424 = CARTESIAN_POINT('',(4.339961486779,4.337944441704));
#4425 = CARTESIAN_POINT('',(4.412981422438,4.184200346511));
#4426 = CARTESIAN_POINT('',(4.474047657561,4.076836633786));
#4427 = CARTESIAN_POINT('',(4.534714337892,3.994712807905));
#4428 = CARTESIAN_POINT('',(4.595122256222,3.939754605145));
#4429 = CARTESIAN_POINT('',(4.655410694578,3.912920744475));
#4430 = CARTESIAN_POINT('',(4.774901578182,3.91548753557));
#4431 = CARTESIAN_POINT('',(4.834067524467,3.943841073277));
#4432 = CARTESIAN_POINT('',(4.893355283245,3.999220384492));
#4433 = CARTESIAN_POINT('',(4.952896966087,4.080686048353));
#4434 = CARTESIAN_POINT('',(5.012826148196,4.186404108368));
#4435 = CARTESIAN_POINT('',(5.084654698837,4.337597114813));
#4436 = CARTESIAN_POINT('',(5.096043758884,4.362292514793));
#4437 = CARTESIAN_POINT('',(5.107453631094,4.387734316804));
#4438 = CARTESIAN_POINT('',(5.11888554032,4.413904265354));
#4439 = CARTESIAN_POINT('',(5.130340761354,4.44078317681));
#4440 = CARTESIAN_POINT('',(5.155416838644,4.501000940043));
#4441 = CARTESIAN_POINT('',(5.169047614754,4.534617178712));
#4442 = CARTESIAN_POINT('',(5.182715148993,4.569166267298));
#4443 = CARTESIAN_POINT('',(5.196421753731,4.604612988767));
#4444 = CARTESIAN_POINT('',(5.210169851971,4.640920297149));
#4445 = CARTESIAN_POINT('',(5.240790485109,4.723352415569));
#4446 = CARTESIAN_POINT('',(5.257684529134,4.769878752591));
#4447 = CARTESIAN_POINT('',(5.274648719163,4.817557850551));
#4448 = CARTESIAN_POINT('',(5.291687930647,4.866314827453));
#4449 = CARTESIAN_POINT('',(5.308807304747,4.916070397352));
#4450 = CARTESIAN_POINT('',(5.346868708569,5.028165466147));
#4451 = CARTESIAN_POINT('',(5.367850419786,5.090932625404));
#4452 = CARTESIAN_POINT('',(5.388967598887,5.15489552634));
#4453 = CARTESIAN_POINT('',(5.410230649811,5.21989441283));
#4454 = CARTESIAN_POINT('',(5.431650163528,5.285756594419));
#4455 = CARTESIAN_POINT('',(5.478667024311,5.43068319518));
#4456 = CARTESIAN_POINT('',(5.504329399181,5.51001045645));
#4457 = CARTESIAN_POINT('',(5.530243282156,5.589978115349));
#4458 = CARTESIAN_POINT('',(5.556427460592,5.670255203883));
#4459 = CARTESIAN_POINT('',(5.582901162179,5.750478433442));
#4460 = CARTESIAN_POINT('',(5.643078409165,5.92970915041));
#4461 = CARTESIAN_POINT('',(5.676961961096,6.028490628546));
#4462 = CARTESIAN_POINT('',(5.711364349143,6.125790874879));
#4463 = CARTESIAN_POINT('',(5.74631417844,6.220715795535));
#4464 = CARTESIAN_POINT('',(5.781842580323,6.312290762873));
#4465 = CARTESIAN_POINT('',(5.845756368687,6.466453452826));
#4466 = CARTESIAN_POINT('',(5.873893909355,6.530851698315));
#4467 = CARTESIAN_POINT('',(5.902389336545,6.592126522394));
#4468 = CARTESIAN_POINT('',(5.931236136826,6.649737939863));
#4469 = CARTESIAN_POINT('',(5.960430270311,6.703155441436));
#4470 = CARTESIAN_POINT('',(6.037190677937,6.82974091079));
#4471 = CARTESIAN_POINT('',(6.085386492134,6.895744856032));
#4472 = CARTESIAN_POINT('',(6.13429643645,6.947282248823));
#4473 = CARTESIAN_POINT('',(6.183700234141,6.982386866838));
#4474 = CARTESIAN_POINT('',(6.233396878608,7.));
#4475 = CARTESIAN_POINT('',(6.28318530718,7.));
#4476 = ( GEOMETRIC_REPRESENTATION_CONTEXT(2) 
PARAMETRIC_REPRESENTATION_CONTEXT() REPRESENTATION_CONTEXT('2D SPACE',''
  ) );
#4477 = ADVANCED_FACE('',(#4478),#4039,.F.);
#4478 = FACE_BOUND('',#4479,.F.);
#4479 = EDGE_LOOP('',(#4480,#4481,#4504,#4531,#4532));
#4480 = ORIENTED_EDGE('',*,*,#3845,.F.);
#4481 = ORIENTED_EDGE('',*,*,#4482,.F.);
#4482 = EDGE_CURVE('',#4483,#3846,#4485,.T.);
#4483 = VERTEX_POINT('',#4484);
#4484 = CARTESIAN_POINT('',(31.,-3.673940397442E-15,3.475E+03));
#4485 = SEAM_CURVE('',#4486,(#4490,#4497),.PCURVE_S1.);
#4486 = LINE('',#4487,#4488);
#4487 = CARTESIAN_POINT('',(31.,-3.673940397442E-15,3.475E+03));
#4488 = VECTOR('',#4489,1.);
#4489 = DIRECTION('',(1.,0.,2.22044604925E-16));
#4490 = PCURVE('',#4039,#4491);
#4491 = DEFINITIONAL_REPRESENTATION('',(#4492),#4496);
#4492 = LINE('',#4493,#4494);
#4493 = CARTESIAN_POINT('',(6.28318530718,-0.));
#4494 = VECTOR('',#4495,1.);
#4495 = DIRECTION('',(0.,1.));
#4496 = ( GEOMETRIC_REPRESENTATION_CONTEXT(2) 
PARAMETRIC_REPRESENTATION_CONTEXT() REPRESENTATION_CONTEXT('2D SPACE',''
  ) );
#4497 = PCURVE('',#4039,#4498);
#4498 = DEFINITIONAL_REPRESENTATION('',(#4499),#4503);
#4499 = LINE('',#4500,#4501);
#4500 = CARTESIAN_POINT('',(0.,-0.));
#4501 = VECTOR('',#4502,1.);
#4502 = DIRECTION('',(0.,1.));
#4503 = ( GEOMETRIC_REPRESENTATION_CONTEXT(2) 
PARAMETRIC_REPRESENTATION_CONTEXT() REPRESENTATION_CONTEXT('2D SPACE',''
  ) );
#4504 = ORIENTED_EDGE('',*,*,#4505,.T.);
#4505 = EDGE_CURVE('',#4483,#4483,#4506,.T.);
#4506 = SURFACE_CURVE('',#4507,(#4512,#4519),.PCURVE_S1.);
#4507 = CIRCLE('',#4508,15.);
#4508 = AXIS2_PLACEMENT_3D('',#4509,#4510,#4511);
#4509 = CARTESIAN_POINT('',(31.,0.,3.49E+03));
#4510 = DIRECTION('',(1.,-0.,2.22044604925E-16));
#4511 = DIRECTION('',(2.22044604925E-16,0.,-1.));
#4512 = PCURVE('',#4039,#4513);
#4513 = DEFINITIONAL_REPRESENTATION('',(#4514),#4518);
#4514 = LINE('',#4515,#4516);
#4515 = CARTESIAN_POINT('',(0.,0.));
#4516 = VECTOR('',#4517,1.);
#4517 = DIRECTION('',(1.,0.));
#4518 = ( GEOMETRIC_REPRESENTATION_CONTEXT(2) 
PARAMETRIC_REPRESENTATION_CONTEXT() REPRESENTATION_CONTEXT('2D SPACE',''
  ) );
#4519 = PCURVE('',#4520,#4525);
#4520 = PLANE('',#4521);
#4521 = AXIS2_PLACEMENT_3D('',#4522,#4523,#4524);
#4522 = CARTESIAN_POINT('',(31.,0.,3.49E+03));
#4523 = DIRECTION('',(1.,0.,2.22044604925E-16));
#4524 = DIRECTION('',(2.22044604925E-16,0.,-1.));
#4525 = DEFINITIONAL_REPRESENTATION('',(#4526),#4530);
#4526 = CIRCLE('',#4527,15.);
#4527 = AXIS2_PLACEMENT_2D('',#4528,#4529);
#4528 = CARTESIAN_POINT('',(0.,0.));
#4529 = DIRECTION('',(1.,0.));
#4530 = ( GEOMETRIC_REPRESENTATION_CONTEXT(2) 
PARAMETRIC_REPRESENTATION_CONTEXT() REPRESENTATION_CONTEXT('2D SPACE',''
  ) );
#4531 = ORIENTED_EDGE('',*,*,#4482,.T.);
#4532 = ORIENTED_EDGE('',*,*,#4190,.F.);
#4533 = ADVANCED_FACE('',(#4534),#4178,.T.);
#4534 = FACE_BOUND('',#4535,.T.);
#4535 = EDGE_LOOP('',(#4536,#4537,#4560,#4587));
#4536 = ORIENTED_EDGE('',*,*,#4163,.F.);
#4537 = ORIENTED_EDGE('',*,*,#4538,.F.);
#4538 = EDGE_CURVE('',#4539,#4141,#4541,.T.);
#4539 = VERTEX_POINT('',#4540);
#4540 = CARTESIAN_POINT('',(12.,-2.939152317954E-15,3.37E+03));
#4541 = SEAM_CURVE('',#4542,(#4546,#4553),.PCURVE_S1.);
#4542 = LINE('',#4543,#4544);
#4543 = CARTESIAN_POINT('',(12.,-2.939152317954E-15,3.37E+03));
#4544 = VECTOR('',#4545,1.);
#4545 = DIRECTION('',(0.654930538418,-1.604117175075E-16,0.75568908279)
  );
#4546 = PCURVE('',#4178,#4547);
#4547 = DEFINITIONAL_REPRESENTATION('',(#4548),#4552);
#4548 = LINE('',#4549,#4550);
#4549 = CARTESIAN_POINT('',(6.28318530718,-0.));
#4550 = VECTOR('',#4551,1.);
#4551 = DIRECTION('',(0.,1.));
#4552 = ( GEOMETRIC_REPRESENTATION_CONTEXT(2) 
PARAMETRIC_REPRESENTATION_CONTEXT() REPRESENTATION_CONTEXT('2D SPACE',''
  ) );
#4553 = PCURVE('',#4178,#4554);
#4554 = DEFINITIONAL_REPRESENTATION('',(#4555),#4559);
#4555 = LINE('',#4556,#4557);
#4556 = CARTESIAN_POINT('',(0.,-0.));
#4557 = VECTOR('',#4558,1.);
#4558 = DIRECTION('',(0.,1.));
#4559 = ( GEOMETRIC_REPRESENTATION_CONTEXT(2) 
PARAMETRIC_REPRESENTATION_CONTEXT() REPRESENTATION_CONTEXT('2D SPACE',''
  ) );
#4560 = ORIENTED_EDGE('',*,*,#4561,.T.);
#4561 = EDGE_CURVE('',#4539,#4539,#4562,.T.);
#4562 = SURFACE_CURVE('',#4563,(#4568,#4575),.PCURVE_S1.);
#4563 = CIRCLE('',#4564,12.);
#4564 = AXIS2_PLACEMENT_3D('',#4565,#4566,#4567);
#4565 = CARTESIAN_POINT('',(0.,0.,3.37E+03));
#4566 = DIRECTION('',(0.,0.,1.));
#4567 = DIRECTION('',(1.,0.,-0.));
#4568 = PCURVE('',#4178,#4569);
#4569 = DEFINITIONAL_REPRESENTATION('',(#4570),#4574);
#4570 = LINE('',#4571,#4572);
#4571 = CARTESIAN_POINT('',(0.,0.));
#4572 = VECTOR('',#4573,1.);
#4573 = DIRECTION('',(1.,0.));
#4574 = ( GEOMETRIC_REPRESENTATION_CONTEXT(2) 
PARAMETRIC_REPRESENTATION_CONTEXT() REPRESENTATION_CONTEXT('2D SPACE',''
  ) );
#4575 = PCURVE('',#4576,#4581);
#4576 = PLANE('',#4577);
#4577 = AXIS2_PLACEMENT_3D('',#4578,#4579,#4580);
#4578 = CARTESIAN_POINT('',(0.,0.,3.37E+03));
#4579 = DIRECTION('',(0.,0.,1.));
#4580 = DIRECTION('',(1.,0.,-0.));
#4581 = DEFINITIONAL_REPRESENTATION('',(#4582),#4586);
#4582 = CIRCLE('',#4583,12.);
#4583 = AXIS2_PLACEMENT_2D('',#4584,#4585);
#4584 = CARTESIAN_POINT('',(0.,0.));
#4585 = DIRECTION('',(1.,0.));
#4586 = ( GEOMETRIC_REPRESENTATION_CONTEXT(2) 
PARAMETRIC_REPRESENTATION_CONTEXT() REPRESENTATION_CONTEXT('2D SPACE',''
  ) );
#4587 = ORIENTED_EDGE('',*,*,#4538,.T.);
#4588 = ADVANCED_FACE('',(#4589,#4592,#4623),#3832,.T.);
#4589 = FACE_BOUND('',#4590,.T.);
#4590 = EDGE_LOOP('',(#4591));
#4591 = ORIENTED_EDGE('',*,*,#3817,.T.);
#4592 = FACE_BOUND('',#4593,.T.);
#4593 = EDGE_LOOP('',(#4594));
#4594 = ORIENTED_EDGE('',*,*,#4595,.F.);
#4595 = EDGE_CURVE('',#4596,#4596,#4598,.T.);
#4596 = VERTEX_POINT('',#4597);
#4597 = CARTESIAN_POINT('',(14.,-3.429011037613E-15,3.54E+03));
#4598 = SURFACE_CURVE('',#4599,(#4604,#4611),.PCURVE_S1.);
#4599 = CIRCLE('',#4600,14.);
#4600 = AXIS2_PLACEMENT_3D('',#4601,#4602,#4603);
#4601 = CARTESIAN_POINT('',(0.,0.,3.54E+03));
#4602 = DIRECTION('',(0.,0.,1.));
#4603 = DIRECTION('',(1.,0.,-0.));
#4604 = PCURVE('',#3832,#4605);
#4605 = DEFINITIONAL_REPRESENTATION('',(#4606),#4610);
#4606 = CIRCLE('',#4607,14.);
#4607 = AXIS2_PLACEMENT_2D('',#4608,#4609);
#4608 = CARTESIAN_POINT('',(0.,0.));
#4609 = DIRECTION('',(1.,0.));
#4610 = ( GEOMETRIC_REPRESENTATION_CONTEXT(2) 
PARAMETRIC_REPRESENTATION_CONTEXT() REPRESENTATION_CONTEXT('2D SPACE',''
  ) );
#4611 = PCURVE('',#4612,#4617);
#4612 = CYLINDRICAL_SURFACE('',#4613,14.);
#4613 = AXIS2_PLACEMENT_3D('',#4614,#4615,#4616);
#4614 = CARTESIAN_POINT('',(0.,0.,3.54E+03));
#4615 = DIRECTION('',(0.,0.,1.));
#4616 = DIRECTION('',(1.,0.,-0.));
#4617 = DEFINITIONAL_REPRESENTATION('',(#4618),#4622);
#4618 = LINE('',#4619,#4620);
#4619 = CARTESIAN_POINT('',(0.,0.));
#4620 = VECTOR('',#4621,1.);
#4621 = DIRECTION('',(1.,0.));
#4622 = ( GEOMETRIC_REPRESENTATION_CONTEXT(2) 
PARAMETRIC_REPRESENTATION_CONTEXT() REPRESENTATION_CONTEXT('2D SPACE',''
  ) );
#4623 = FACE_BOUND('',#4624,.T.);
#4624 = EDGE_LOOP('',(#4625));
#4625 = ORIENTED_EDGE('',*,*,#4626,.F.);
#4626 = EDGE_CURVE('',#4627,#4627,#4629,.T.);
#4627 = VERTEX_POINT('',#4628);
#4628 = CARTESIAN_POINT('',(37.,-1.714505518806E-15,3.54E+03));
#4629 = SURFACE_CURVE('',#4630,(#4635,#4642),.PCURVE_S1.);
#4630 = CIRCLE('',#4631,7.);
#4631 = AXIS2_PLACEMENT_3D('',#4632,#4633,#4634);
#4632 = CARTESIAN_POINT('',(30.,0.,3.54E+03));
#4633 = DIRECTION('',(0.,0.,1.));
#4634 = DIRECTION('',(1.,0.,-0.));
#4635 = PCURVE('',#3832,#4636);
#4636 = DEFINITIONAL_REPRESENTATION('',(#4637),#4641);
#4637 = CIRCLE('',#4638,7.);
#4638 = AXIS2_PLACEMENT_2D('',#4639,#4640);
#4639 = CARTESIAN_POINT('',(30.,0.));
#4640 = DIRECTION('',(1.,0.));
#4641 = ( GEOMETRIC_REPRESENTATION_CONTEXT(2) 
PARAMETRIC_REPRESENTATION_CONTEXT() REPRESENTATION_CONTEXT('2D SPACE',''
  ) );
#4642 = PCURVE('',#4643,#4648);
#4643 = CYLINDRICAL_SURFACE('',#4644,7.);
#4644 = AXIS2_PLACEMENT_3D('',#4645,#4646,#4647);
#4645 = CARTESIAN_POINT('',(30.,0.,3.54E+03));
#4646 = DIRECTION('',(0.,0.,1.));
#4647 = DIRECTION('',(1.,0.,-0.));
#4648 = DEFINITIONAL_REPRESENTATION('',(#4649),#4653);
#4649 = LINE('',#4650,#4651);
#4650 = CARTESIAN_POINT('',(0.,0.));
#4651 = VECTOR('',#4652,1.);
#4652 = DIRECTION('',(1.,0.));
#4653 = ( GEOMETRIC_REPRESENTATION_CONTEXT(2) 
PARAMETRIC_REPRESENTATION_CONTEXT() REPRESENTATION_CONTEXT('2D SPACE',''
  ) );
#4654 = ADVANCED_FACE('',(#4655),#4520,.T.);
#4655 = FACE_BOUND('',#4656,.F.);
#4656 = EDGE_LOOP('',(#4657));
#4657 = ORIENTED_EDGE('',*,*,#4505,.F.);
#4658 = ADVANCED_FACE('',(#4659,#4662),#4576,.F.);
#4659 = FACE_BOUND('',#4660,.F.);
#4660 = EDGE_LOOP('',(#4661));
#4661 = ORIENTED_EDGE('',*,*,#4561,.T.);
#4662 = FACE_BOUND('',#4663,.F.);
#4663 = EDGE_LOOP('',(#4664));
#4664 = ORIENTED_EDGE('',*,*,#4665,.F.);
#4665 = EDGE_CURVE('',#4666,#4666,#4668,.T.);
#4666 = VERTEX_POINT('',#4667);
#4667 = CARTESIAN_POINT('',(4.,-9.797174393179E-16,3.37E+03));
#4668 = SURFACE_CURVE('',#4669,(#4674,#4681),.PCURVE_S1.);
#4669 = CIRCLE('',#4670,4.);
#4670 = AXIS2_PLACEMENT_3D('',#4671,#4672,#4673);
#4671 = CARTESIAN_POINT('',(0.,0.,3.37E+03));
#4672 = DIRECTION('',(0.,0.,1.));
#4673 = DIRECTION('',(1.,0.,-0.));
#4674 = PCURVE('',#4576,#4675);
#4675 = DEFINITIONAL_REPRESENTATION('',(#4676),#4680);
#4676 = CIRCLE('',#4677,4.);
#4677 = AXIS2_PLACEMENT_2D('',#4678,#4679);
#4678 = CARTESIAN_POINT('',(0.,0.));
#4679 = DIRECTION('',(1.,0.));
#4680 = ( GEOMETRIC_REPRESENTATION_CONTEXT(2) 
PARAMETRIC_REPRESENTATION_CONTEXT() REPRESENTATION_CONTEXT('2D SPACE',''
  ) );
#4681 = PCURVE('',#4682,#4687);
#4682 = CYLINDRICAL_SURFACE('',#4683,4.);
#4683 = AXIS2_PLACEMENT_3D('',#4684,#4685,#4686);
#4684 = CARTESIAN_POINT('',(0.,0.,3.3E+03));
#4685 = DIRECTION('',(0.,0.,1.));
#4686 = DIRECTION('',(1.,0.,-0.));
#4687 = DEFINITIONAL_REPRESENTATION('',(#4688),#4692);
#4688 = LINE('',#4689,#4690);
#4689 = CARTESIAN_POINT('',(0.,70.));
#4690 = VECTOR('',#4691,1.);
#4691 = DIRECTION('',(1.,0.));
#4692 = ( GEOMETRIC_REPRESENTATION_CONTEXT(2) 
PARAMETRIC_REPRESENTATION_CONTEXT() REPRESENTATION_CONTEXT('2D SPACE',''
  ) );
#4693 = ADVANCED_FACE('',(#4694),#4612,.T.);
#4694 = FACE_BOUND('',#4695,.T.);
#4695 = EDGE_LOOP('',(#4696,#4725,#4746,#4747));
#4696 = ORIENTED_EDGE('',*,*,#4697,.F.);
#4697 = EDGE_CURVE('',#4698,#4698,#4700,.T.);
#4698 = VERTEX_POINT('',#4699);
#4699 = CARTESIAN_POINT('',(14.,-3.429011037613E-15,3.56E+03));
#4700 = SURFACE_CURVE('',#4701,(#4706,#4713),.PCURVE_S1.);
#4701 = CIRCLE('',#4702,14.);
#4702 = AXIS2_PLACEMENT_3D('',#4703,#4704,#4705);
#4703 = CARTESIAN_POINT('',(0.,0.,3.56E+03));
#4704 = DIRECTION('',(0.,0.,1.));
#4705 = DIRECTION('',(1.,0.,-0.));
#4706 = PCURVE('',#4612,#4707);
#4707 = DEFINITIONAL_REPRESENTATION('',(#4708),#4712);
#4708 = LINE('',#4709,#4710);
#4709 = CARTESIAN_POINT('',(0.,20.));
#4710 = VECTOR('',#4711,1.);
#4711 = DIRECTION('',(1.,0.));
#4712 = ( GEOMETRIC_REPRESENTATION_CONTEXT(2) 
PARAMETRIC_REPRESENTATION_CONTEXT() REPRESENTATION_CONTEXT('2D SPACE',''
  ) );
#4713 = PCURVE('',#4714,#4719);
#4714 = PLANE('',#4715);
#4715 = AXIS2_PLACEMENT_3D('',#4716,#4717,#4718);
#4716 = CARTESIAN_POINT('',(0.,0.,3.56E+03));
#4717 = DIRECTION('',(0.,0.,1.));
#4718 = DIRECTION('',(1.,0.,-0.));
#4719 = DEFINITIONAL_REPRESENTATION('',(#4720),#4724);
#4720 = CIRCLE('',#4721,14.);
#4721 = AXIS2_PLACEMENT_2D('',#4722,#4723);
#4722 = CARTESIAN_POINT('',(0.,0.));
#4723 = DIRECTION('',(1.,0.));
#4724 = ( GEOMETRIC_REPRESENTATION_CONTEXT(2) 
PARAMETRIC_REPRESENTATION_CONTEXT() REPRESENTATION_CONTEXT('2D SPACE',''
  ) );
#4725 = ORIENTED_EDGE('',*,*,#4726,.F.);
#4726 = EDGE_CURVE('',#4596,#4698,#4727,.T.);
#4727 = SEAM_CURVE('',#4728,(#4732,#4739),.PCURVE_S1.);
#4728 = LINE('',#4729,#4730);
#4729 = CARTESIAN_POINT('',(14.,-3.429011037613E-15,3.54E+03));
#4730 = VECTOR('',#4731,1.);
#4731 = DIRECTION('',(0.,0.,1.));
#4732 = PCURVE('',#4612,#4733);
#4733 = DEFINITIONAL_REPRESENTATION('',(#4734),#4738);
#4734 = LINE('',#4735,#4736);
#4735 = CARTESIAN_POINT('',(6.28318530718,-0.));
#4736 = VECTOR('',#4737,1.);
#4737 = DIRECTION('',(0.,1.));
#4738 = ( GEOMETRIC_REPRESENTATION_CONTEXT(2) 
PARAMETRIC_REPRESENTATION_CONTEXT() REPRESENTATION_CONTEXT('2D SPACE',''
  ) );
#4739 = PCURVE('',#4612,#4740);
#4740 = DEFINITIONAL_REPRESENTATION('',(#4741),#4745);
#4741 = LINE('',#4742,#4743);
#4742 = CARTESIAN_POINT('',(0.,-0.));
#4743 = VECTOR('',#4744,1.);
#4744 = DIRECTION('',(0.,1.));
#4745 = ( GEOMETRIC_REPRESENTATION_CONTEXT(2) 
PARAMETRIC_REPRESENTATION_CONTEXT() REPRESENTATION_CONTEXT('2D SPACE',''
  ) );
#4746 = ORIENTED_EDGE('',*,*,#4595,.T.);
#4747 = ORIENTED_EDGE('',*,*,#4726,.T.);
#4748 = ADVANCED_FACE('',(#4749),#4643,.T.);
#4749 = FACE_BOUND('',#4750,.T.);
#4750 = EDGE_LOOP('',(#4751,#4780,#4801,#4802));
#4751 = ORIENTED_EDGE('',*,*,#4752,.F.);
#4752 = EDGE_CURVE('',#4753,#4753,#4755,.T.);
#4753 = VERTEX_POINT('',#4754);
#4754 = CARTESIAN_POINT('',(37.,-1.714505518806E-15,3.556E+03));
#4755 = SURFACE_CURVE('',#4756,(#4761,#4768),.PCURVE_S1.);
#4756 = CIRCLE('',#4757,7.);
#4757 = AXIS2_PLACEMENT_3D('',#4758,#4759,#4760);
#4758 = CARTESIAN_POINT('',(30.,0.,3.556E+03));
#4759 = DIRECTION('',(0.,0.,1.));
#4760 = DIRECTION('',(1.,0.,-0.));
#4761 = PCURVE('',#4643,#4762);
#4762 = DEFINITIONAL_REPRESENTATION('',(#4763),#4767);
#4763 = LINE('',#4764,#4765);
#4764 = CARTESIAN_POINT('',(0.,16.));
#4765 = VECTOR('',#4766,1.);
#4766 = DIRECTION('',(1.,0.));
#4767 = ( GEOMETRIC_REPRESENTATION_CONTEXT(2) 
PARAMETRIC_REPRESENTATION_CONTEXT() REPRESENTATION_CONTEXT('2D SPACE',''
  ) );
#4768 = PCURVE('',#4769,#4774);
#4769 = PLANE('',#4770);
#4770 = AXIS2_PLACEMENT_3D('',#4771,#4772,#4773);
#4771 = CARTESIAN_POINT('',(30.,0.,3.556E+03));
#4772 = DIRECTION('',(0.,0.,1.));
#4773 = DIRECTION('',(1.,0.,-0.));
#4774 = DEFINITIONAL_REPRESENTATION('',(#4775),#4779);
#4775 = CIRCLE('',#4776,7.);
#4776 = AXIS2_PLACEMENT_2D('',#4777,#4778);
#4777 = CARTESIAN_POINT('',(0.,0.));
#4778 = DIRECTION('',(1.,0.));
#4779 = ( GEOMETRIC_REPRESENTATION_CONTEXT(2) 
PARAMETRIC_REPRESENTATION_CONTEXT() REPRESENTATION_CONTEXT('2D SPACE',''
  ) );
#4780 = ORIENTED_EDGE('',*,*,#4781,.F.);
#4781 = EDGE_CURVE('',#4627,#4753,#4782,.T.);
#4782 = SEAM_CURVE('',#4783,(#4787,#4794),.PCURVE_S1.);
#4783 = LINE('',#4784,#4785);
#4784 = CARTESIAN_POINT('',(37.,-1.714505518806E-15,3.54E+03));
#4785 = VECTOR('',#4786,1.);
#4786 = DIRECTION('',(0.,0.,1.));
#4787 = PCURVE('',#4643,#4788);
#4788 = DEFINITIONAL_REPRESENTATION('',(#4789),#4793);
#4789 = LINE('',#4790,#4791);
#4790 = CARTESIAN_POINT('',(6.28318530718,-0.));
#4791 = VECTOR('',#4792,1.);
#4792 = DIRECTION('',(0.,1.));
#4793 = ( GEOMETRIC_REPRESENTATION_CONTEXT(2) 
PARAMETRIC_REPRESENTATION_CONTEXT() REPRESENTATION_CONTEXT('2D SPACE',''
  ) );
#4794 = PCURVE('',#4643,#4795);
#4795 = DEFINITIONAL_REPRESENTATION('',(#4796),#4800);
#4796 = LINE('',#4797,#4798);
#4797 = CARTESIAN_POINT('',(0.,-0.));
#4798 = VECTOR('',#4799,1.);
#4799 = DIRECTION('',(0.,1.));
#4800 = ( GEOMETRIC_REPRESENTATION_CONTEXT(2) 
PARAMETRIC_REPRESENTATION_CONTEXT() REPRESENTATION_CONTEXT('2D SPACE',''
  ) );
#4801 = ORIENTED_EDGE('',*,*,#4626,.T.);
#4802 = ORIENTED_EDGE('',*,*,#4781,.T.);
#4803 = ADVANCED_FACE('',(#4804),#4682,.F.);
#4804 = FACE_BOUND('',#4805,.F.);
#4805 = EDGE_LOOP('',(#4806,#4830,#4851,#4852));
#4806 = ORIENTED_EDGE('',*,*,#4807,.F.);
#4807 = EDGE_CURVE('',#4808,#4808,#4810,.T.);
#4808 = VERTEX_POINT('',#4809);
#4809 = CARTESIAN_POINT('',(4.,-9.797174393179E-16,3.56E+03));
#4810 = SURFACE_CURVE('',#4811,(#4816,#4823),.PCURVE_S1.);
#4811 = CIRCLE('',#4812,4.);
#4812 = AXIS2_PLACEMENT_3D('',#4813,#4814,#4815);
#4813 = CARTESIAN_POINT('',(0.,0.,3.56E+03));
#4814 = DIRECTION('',(0.,0.,1.));
#4815 = DIRECTION('',(1.,0.,-0.));
#4816 = PCURVE('',#4682,#4817);
#4817 = DEFINITIONAL_REPRESENTATION('',(#4818),#4822);
#4818 = LINE('',#4819,#4820);
#4819 = CARTESIAN_POINT('',(0.,260.));
#4820 = VECTOR('',#4821,1.);
#4821 = DIRECTION('',(1.,0.));
#4822 = ( GEOMETRIC_REPRESENTATION_CONTEXT(2) 
PARAMETRIC_REPRESENTATION_CONTEXT() REPRESENTATION_CONTEXT('2D SPACE',''
  ) );
#4823 = PCURVE('',#4714,#4824);
#4824 = DEFINITIONAL_REPRESENTATION('',(#4825),#4829);
#4825 = CIRCLE('',#4826,4.);
#4826 = AXIS2_PLACEMENT_2D('',#4827,#4828);
#4827 = CARTESIAN_POINT('',(0.,0.));
#4828 = DIRECTION('',(1.,0.));
#4829 = ( GEOMETRIC_REPRESENTATION_CONTEXT(2) 
PARAMETRIC_REPRESENTATION_CONTEXT() REPRESENTATION_CONTEXT('2D SPACE',''
  ) );
#4830 = ORIENTED_EDGE('',*,*,#4831,.F.);
#4831 = EDGE_CURVE('',#4666,#4808,#4832,.T.);
#4832 = SEAM_CURVE('',#4833,(#4837,#4844),.PCURVE_S1.);
#4833 = LINE('',#4834,#4835);
#4834 = CARTESIAN_POINT('',(4.,-9.797174393179E-16,3.3E+03));
#4835 = VECTOR('',#4836,1.);
#4836 = DIRECTION('',(0.,0.,1.));
#4837 = PCURVE('',#4682,#4838);
#4838 = DEFINITIONAL_REPRESENTATION('',(#4839),#4843);
#4839 = LINE('',#4840,#4841);
#4840 = CARTESIAN_POINT('',(6.28318530718,-0.));
#4841 = VECTOR('',#4842,1.);
#4842 = DIRECTION('',(0.,1.));
#4843 = ( GEOMETRIC_REPRESENTATION_CONTEXT(2) 
PARAMETRIC_REPRESENTATION_CONTEXT() REPRESENTATION_CONTEXT('2D SPACE',''
  ) );
#4844 = PCURVE('',#4682,#4845);
#4845 = DEFINITIONAL_REPRESENTATION('',(#4846),#4850);
#4846 = LINE('',#4847,#4848);
#4847 = CARTESIAN_POINT('',(0.,-0.));
#4848 = VECTOR('',#4849,1.);
#4849 = DIRECTION('',(0.,1.));
#4850 = ( GEOMETRIC_REPRESENTATION_CONTEXT(2) 
PARAMETRIC_REPRESENTATION_CONTEXT() REPRESENTATION_CONTEXT('2D SPACE',''
  ) );
#4851 = ORIENTED_EDGE('',*,*,#4665,.T.);
#4852 = ORIENTED_EDGE('',*,*,#4831,.T.);
#4853 = ADVANCED_FACE('',(#4854,#4857),#4714,.T.);
#4854 = FACE_BOUND('',#4855,.T.);
#4855 = EDGE_LOOP('',(#4856));
#4856 = ORIENTED_EDGE('',*,*,#4697,.T.);
#4857 = FACE_BOUND('',#4858,.T.);
#4858 = EDGE_LOOP('',(#4859));
#4859 = ORIENTED_EDGE('',*,*,#4807,.F.);
#4860 = ADVANCED_FACE('',(#4861),#4769,.T.);
#4861 = FACE_BOUND('',#4862,.T.);
#4862 = EDGE_LOOP('',(#4863));
#4863 = ORIENTED_EDGE('',*,*,#4752,.T.);
#4864 = MANIFOLD_SOLID_BREP('',#4865);
#4865 = CLOSED_SHELL('',(#4866,#5560,#5616,#5671,#5737,#5741,#5776,#5831
    ,#5886,#5936,#5943));
#4866 = ADVANCED_FACE('',(#4867),#4881,.T.);
#4867 = FACE_BOUND('',#4868,.T.);
#4868 = EDGE_LOOP('',(#4869,#4899,#4926,#4927,#5222,#5245,#5271,#5272));
#4869 = ORIENTED_EDGE('',*,*,#4870,.T.);
#4870 = EDGE_CURVE('',#4871,#4873,#4875,.T.);
#4871 = VERTEX_POINT('',#4872);
#4872 = CARTESIAN_POINT('',(38.,-9.30731567352E-15,4.445E+03));
#4873 = VERTEX_POINT('',#4874);
#4874 = CARTESIAN_POINT('',(38.,-9.30731567352E-15,4.48E+03));
#4875 = SEAM_CURVE('',#4876,(#4880,#4892),.PCURVE_S1.);
#4876 = LINE('',#4877,#4878);
#4877 = CARTESIAN_POINT('',(38.,-9.30731567352E-15,4.34E+03));
#4878 = VECTOR('',#4879,1.);
#4879 = DIRECTION('',(0.,0.,1.));
#4880 = PCURVE('',#4881,#4886);
#4881 = CYLINDRICAL_SURFACE('',#4882,38.);
#4882 = AXIS2_PLACEMENT_3D('',#4883,#4884,#4885);
#4883 = CARTESIAN_POINT('',(0.,0.,4.34E+03));
#4884 = DIRECTION('',(0.,0.,1.));
#4885 = DIRECTION('',(1.,0.,-0.));
#4886 = DEFINITIONAL_REPRESENTATION('',(#4887),#4891);
#4887 = LINE('',#4888,#4889);
#4888 = CARTESIAN_POINT('',(6.28318530718,-0.));
#4889 = VECTOR('',#4890,1.);
#4890 = DIRECTION('',(0.,1.));
#4891 = ( GEOMETRIC_REPRESENTATION_CONTEXT(2) 
PARAMETRIC_REPRESENTATION_CONTEXT() REPRESENTATION_CONTEXT('2D SPACE',''
  ) );
#4892 = PCURVE('',#4881,#4893);
#4893 = DEFINITIONAL_REPRESENTATION('',(#4894),#4898);
#4894 = LINE('',#4895,#4896);
#4895 = CARTESIAN_POINT('',(0.,-0.));
#4896 = VECTOR('',#4897,1.);
#4897 = DIRECTION('',(0.,1.));
#4898 = ( GEOMETRIC_REPRESENTATION_CONTEXT(2) 
PARAMETRIC_REPRESENTATION_CONTEXT() REPRESENTATION_CONTEXT('2D SPACE',''
  ) );
#4899 = ORIENTED_EDGE('',*,*,#4900,.F.);
#4900 = EDGE_CURVE('',#4873,#4873,#4901,.T.);
#4901 = SURFACE_CURVE('',#4902,(#4907,#4914),.PCURVE_S1.);
#4902 = CIRCLE('',#4903,38.);
#4903 = AXIS2_PLACEMENT_3D('',#4904,#4905,#4906);
#4904 = CARTESIAN_POINT('',(0.,0.,4.48E+03));
#4905 = DIRECTION('',(0.,0.,1.));
#4906 = DIRECTION('',(1.,0.,-0.));
#4907 = PCURVE('',#4881,#4908);
#4908 = DEFINITIONAL_REPRESENTATION('',(#4909),#4913);
#4909 = LINE('',#4910,#4911);
#4910 = CARTESIAN_POINT('',(0.,140.));
#4911 = VECTOR('',#4912,1.);
#4912 = DIRECTION('',(1.,0.));
#4913 = ( GEOMETRIC_REPRESENTATION_CONTEXT(2) 
PARAMETRIC_REPRESENTATION_CONTEXT() REPRESENTATION_CONTEXT('2D SPACE',''
  ) );
#4914 = PCURVE('',#4915,#4920);
#4915 = PLANE('',#4916);
#4916 = AXIS2_PLACEMENT_3D('',#4917,#4918,#4919);
#4917 = CARTESIAN_POINT('',(0.,0.,4.48E+03));
#4918 = DIRECTION('',(0.,0.,1.));
#4919 = DIRECTION('',(1.,0.,-0.));
#4920 = DEFINITIONAL_REPRESENTATION('',(#4921),#4925);
#4921 = CIRCLE('',#4922,38.);
#4922 = AXIS2_PLACEMENT_2D('',#4923,#4924);
#4923 = CARTESIAN_POINT('',(0.,0.));
#4924 = DIRECTION('',(1.,0.));
#4925 = ( GEOMETRIC_REPRESENTATION_CONTEXT(2) 
PARAMETRIC_REPRESENTATION_CONTEXT() REPRESENTATION_CONTEXT('2D SPACE',''
  ) );
#4926 = ORIENTED_EDGE('',*,*,#4870,.F.);
#4927 = ORIENTED_EDGE('',*,*,#4928,.F.);
#4928 = EDGE_CURVE('',#4929,#4871,#4931,.T.);
#4929 = VERTEX_POINT('',#4930);
#4930 = CARTESIAN_POINT('',(38.,-6.490628035481E-15,4.415E+03));
#4931 = SURFACE_CURVE('',#4932,(#5025,#5121),.PCURVE_S1.);
#4932 = B_SPLINE_CURVE_WITH_KNOTS('',6,(#4933,#4934,#4935,#4936,#4937,
    #4938,#4939,#4940,#4941,#4942,#4943,#4944,#4945,#4946,#4947,#4948,
    #4949,#4950,#4951,#4952,#4953,#4954,#4955,#4956,#4957,#4958,#4959,
    #4960,#4961,#4962,#4963,#4964,#4965,#4966,#4967,#4968,#4969,#4970,
    #4971,#4972,#4973,#4974,#4975,#4976,#4977,#4978,#4979,#4980,#4981,
    #4982,#4983,#4984,#4985,#4986,#4987,#4988,#4989,#4990,#4991,#4992,
    #4993,#4994,#4995,#4996,#4997,#4998,#4999,#5000,#5001,#5002,#5003,
    #5004,#5005,#5006,#5007,#5008,#5009,#5010,#5011,#5012,#5013,#5014,
    #5015,#5016,#5017,#5018,#5019,#5020,#5021,#5022,#5023,#5024),
  .UNSPECIFIED.,.F.,.F.,(7,5,5,5,5,5,5,5,5,5,5,5,5,5,5,5,5,5,7),(0.,
    7.737113598679E-02,0.125657874997,0.187572141763,0.237931229511,
    0.280470745465,0.315778351282,0.344748131672,0.369184848864,
    0.501219711383,0.630775610448,0.655138776849,0.683993399945,
    0.719200464523,0.761879752518,0.81215775185,0.874843306925,
    0.923007381319,1.),.UNSPECIFIED.);
#4933 = CARTESIAN_POINT('',(38.,-1.836970198721E-15,4.415E+03));
#4934 = CARTESIAN_POINT('',(38.,0.750507073978,4.415E+03));
#4935 = CARTESIAN_POINT('',(37.982212832065,1.499588430135,
    4.415045060982E+03));
#4936 = CARTESIAN_POINT('',(37.946765090637,2.240820885326,
    4.415134861194E+03));
#4937 = CARTESIAN_POINT('',(37.894735912703,2.967848171029,
    4.415267527308E+03));
#4938 = CARTESIAN_POINT('',(37.828126089802,3.674582185984,
    4.415439655597E+03));
#4939 = CARTESIAN_POINT('',(37.700554261788,4.780286994943,
    4.415775162205E+03));
#4940 = CARTESIAN_POINT('',(37.646821811784,5.19560039529,
    4.415917664163E+03));
#4941 = CARTESIAN_POINT('',(37.588893086774,5.600848011862,
    4.416072867197E+03));
#4942 = CARTESIAN_POINT('',(37.527302350529,5.995595619775,
    4.41623987828E+03));
#4943 = CARTESIAN_POINT('',(37.462592769008,6.379462843458,
    4.416417782942E+03));
#4944 = CARTESIAN_POINT('',(37.309027231493,7.22995537949,
    4.416846517932E+03));
#4945 = CARTESIAN_POINT('',(37.218494153783,7.689453769188,
    4.417103805083E+03));
#4946 = CARTESIAN_POINT('',(37.124711796754,8.130641071407,
    4.417375902271E+03));
#4947 = CARTESIAN_POINT('',(37.028618108299,8.553611542154,
    4.417661351352E+03));
#4948 = CARTESIAN_POINT('',(36.931074298438,8.958528967973,
    4.417958834229E+03));
#4949 = CARTESIAN_POINT('',(36.752968691677,9.660476480943,
    4.418517960913E+03));
#4950 = CARTESIAN_POINT('',(36.67262010737,9.963597142427,
    4.418775979043E+03));
#4951 = CARTESIAN_POINT('',(36.592209997635,10.255172660293,
    4.419040652057E+03));
#4952 = CARTESIAN_POINT('',(36.512103900763,10.535390161345,
    4.41931146912E+03));
#4953 = CARTESIAN_POINT('',(36.432634791153,10.804438396796,
    4.419587981293E+03));
#4954 = CARTESIAN_POINT('',(36.287768195146,11.28050543317,
    4.420107862071E+03));
#4955 = CARTESIAN_POINT('',(36.222101737152,11.490669677638,
    4.420349710976E+03));
#4956 = CARTESIAN_POINT('',(36.157289155852,11.693107011329,
    4.420595107005E+03));
#4957 = CARTESIAN_POINT('',(36.09350164761,11.887919012666,
    4.42084383152E+03));
#4958 = CARTESIAN_POINT('',(36.030897626731,12.075202516042,
    4.421095688646E+03));
#4959 = CARTESIAN_POINT('',(35.918764834578,12.404321887784,
    4.421562001923E+03));
#4960 = CARTESIAN_POINT('',(35.868823855075,12.548468040919,
    4.42177553247E+03));
#4961 = CARTESIAN_POINT('',(35.819884327582,12.687537396631,
    4.421990993423E+03));
#4962 = CARTESIAN_POINT('',(35.772026332925,12.82157488073,
    4.422208286353E+03));
#4963 = CARTESIAN_POINT('',(35.725325492124,12.950621019427,
    4.422427317896E+03));
#4964 = CARTESIAN_POINT('',(35.642542900939,13.176528151864,
    4.422829068519E+03));
#4965 = CARTESIAN_POINT('',(35.606059827855,13.275008405929,
    4.423011247921E+03));
#4966 = CARTESIAN_POINT('',(35.570443133356,13.370172606842,
    4.423194488912E+03));
#4967 = CARTESIAN_POINT('',(35.53573034504,13.462038846964,
    4.423378743744E+03));
#4968 = CARTESIAN_POINT('',(35.501957131894,13.550623405697,
    4.423563965963E+03));
#4969 = CARTESIAN_POINT('',(35.441489848744,13.707908012399,
    4.423907127798E+03));
#4970 = CARTESIAN_POINT('',(35.414514997093,13.77755055971,
    4.424064801274E+03));
#4971 = CARTESIAN_POINT('',(35.388253056602,13.844877077194,
    4.424223103663E+03));
#4972 = CARTESIAN_POINT('',(35.362723395245,13.909895468908,
    4.424382008147E+03));
#4973 = CARTESIAN_POINT('',(35.337944441704,13.9726128572,
    4.424541488267E+03));
#4974 = CARTESIAN_POINT('',(35.184200346508,14.35950767766,
    4.425566179622E+03));
#4975 = CARTESIAN_POINT('',(35.076836633787,14.619133471383,
    4.426447263202E+03));
#4976 = CARTESIAN_POINT('',(34.994712807906,14.812618398367,
    4.42734016344E+03));
#4977 = CARTESIAN_POINT('',(34.939754605144,14.940472137532,
    4.428240791052E+03));
#4978 = CARTESIAN_POINT('',(34.912920744475,15.002932242136,
    4.429145330646E+03));
#4979 = CARTESIAN_POINT('',(34.91548753557,14.996957708981,
    4.430937683943E+03));
#4980 = CARTESIAN_POINT('',(34.943841073276,14.930960395798,
    4.431824957892E+03));
#4981 = CARTESIAN_POINT('',(34.999220384495,14.801990082211,
    4.432708254233E+03));
#4982 = CARTESIAN_POINT('',(35.080686048348,14.609813613744,
    4.433583966226E+03));
#4983 = CARTESIAN_POINT('',(35.186404108371,14.353944087376,
    4.434448228076E+03));
#4984 = CARTESIAN_POINT('',(35.337597114813,13.973490235692,
    4.435456249168E+03));
#4985 = CARTESIAN_POINT('',(35.362292514793,13.910988999318,
    4.435615258305E+03));
#4986 = CARTESIAN_POINT('',(35.387734316804,13.846200599761,
    4.435773695524E+03));
#4987 = CARTESIAN_POINT('',(35.413904265354,13.779117985011,
    4.435931534605E+03));
#4988 = CARTESIAN_POINT('',(35.44078317681,13.709733331116,
    4.436088748976E+03));
#4989 = CARTESIAN_POINT('',(35.501000940043,13.553125411963,
    4.436430737472E+03));
#4990 = CARTESIAN_POINT('',(35.534617178712,13.464971641,
    4.436615249039E+03));
#4991 = CARTESIAN_POINT('',(35.569166267298,13.373562454214,
    4.436798801795E+03));
#4992 = CARTESIAN_POINT('',(35.604612988767,13.278881793562,
    4.436981349855E+03));
#4993 = CARTESIAN_POINT('',(35.640920297149,13.180911818038,
    4.437162846065E+03));
#4994 = CARTESIAN_POINT('',(35.72335241557,12.956057098643,
    4.437563352706E+03));
#4995 = CARTESIAN_POINT('',(35.769878752591,12.827555073644,
    4.437781824794E+03));
#4996 = CARTESIAN_POINT('',(35.817557850552,12.694091094878,
    4.437998570777E+03));
#4997 = CARTESIAN_POINT('',(35.866314827453,12.555625078566,
    4.438213498182E+03));
#4998 = CARTESIAN_POINT('',(35.916070397353,12.41211259095,
    4.438426509556E+03));
#4999 = CARTESIAN_POINT('',(36.028165466147,12.083357121609,
    4.438893275766E+03));
#5000 = CARTESIAN_POINT('',(36.090932625404,11.895726603534,
    4.439146075695E+03));
#5001 = CARTESIAN_POINT('',(36.15489552634,11.700520480788,
    4.439395727817E+03));
#5002 = CARTESIAN_POINT('',(36.21989441283,11.497641122515,
    4.439642034677E+03));
#5003 = CARTESIAN_POINT('',(36.285756594419,11.286986080282,
    4.439884775795E+03));
#5004 = CARTESIAN_POINT('',(36.430683195181,10.811001126303,
    4.440405179478E+03));
#5005 = CARTESIAN_POINT('',(36.51001045645,10.542613376615,
    4.440681365992E+03));
#5006 = CARTESIAN_POINT('',(36.589978115349,10.263095244754,
    4.440951882796E+03));
#5007 = CARTESIAN_POINT('',(36.670255203883,9.972258883068,
    4.441216283887E+03));
#5008 = CARTESIAN_POINT('',(36.750478433442,9.669917975698,
    4.441474061829E+03));
#5009 = CARTESIAN_POINT('',(36.929709150415,8.964360942503,
    4.442037073383E+03));
#5010 = CARTESIAN_POINT('',(37.028490628545,8.554568723011,
    4.44233839535E+03));
#5011 = CARTESIAN_POINT('',(37.125790874875,8.126270352059,
    4.442627389433E+03));
#5012 = CARTESIAN_POINT('',(37.220715795535,7.679296745763,
    4.442902687122E+03));
#5013 = CARTESIAN_POINT('',(37.312290762877,7.213552090162,
    4.443162772972E+03));
#5014 = CARTESIAN_POINT('',(37.46645345284,6.356725006701,
    4.443592849856E+03));
#5015 = CARTESIAN_POINT('',(37.530851698309,5.973286287052,
    4.443769781389E+03));
#5016 = CARTESIAN_POINT('',(37.592126522383,5.579030819666,
    4.443935840331E+03));
#5017 = CARTESIAN_POINT('',(37.649737939863,5.174343128413,
    4.444090116848E+03));
#5018 = CARTESIAN_POINT('',(37.703155441447,4.759661239075,
    4.444231723677E+03));
#5019 = CARTESIAN_POINT('',(37.829740910884,3.657397715457,
    4.444564516655E+03));
#5020 = CARTESIAN_POINT('',(37.895744855971,2.953715141954,
    4.44473504542E+03));
#5021 = CARTESIAN_POINT('',(37.947282248773,2.230000446288,
    4.444866448909E+03));
#5022 = CARTESIAN_POINT('',(37.982386866877,1.492276156939,
    4.444955379917E+03));
#5023 = CARTESIAN_POINT('',(38.,0.746826427754,4.445E+03));
#5024 = CARTESIAN_POINT('',(38.,2.755455298082E-15,4.445E+03));
#5025 = PCURVE('',#4881,#5026);
#5026 = DEFINITIONAL_REPRESENTATION('',(#5027),#5120);
#5027 = B_SPLINE_CURVE_WITH_KNOTS('',6,(#5028,#5029,#5030,#5031,#5032,
    #5033,#5034,#5035,#5036,#5037,#5038,#5039,#5040,#5041,#5042,#5043,
    #5044,#5045,#5046,#5047,#5048,#5049,#5050,#5051,#5052,#5053,#5054,
    #5055,#5056,#5057,#5058,#5059,#5060,#5061,#5062,#5063,#5064,#5065,
    #5066,#5067,#5068,#5069,#5070,#5071,#5072,#5073,#5074,#5075,#5076,
    #5077,#5078,#5079,#5080,#5081,#5082,#5083,#5084,#5085,#5086,#5087,
    #5088,#5089,#5090,#5091,#5092,#5093,#5094,#5095,#5096,#5097,#5098,
    #5099,#5100,#5101,#5102,#5103,#5104,#5105,#5106,#5107,#5108,#5109,
    #5110,#5111,#5112,#5113,#5114,#5115,#5116,#5117,#5118,#5119),
  .UNSPECIFIED.,.F.,.F.,(7,5,5,5,5,5,5,5,5,5,5,5,5,5,5,5,5,5,7),(0.,
    7.737113598679E-02,0.125657874997,0.187572141763,0.237931229511,
    0.280470745465,0.315778351282,0.344748131672,0.369184848864,
    0.501219711383,0.630775610448,0.655138776849,0.683993399945,
    0.719200464523,0.761879752518,0.81215775185,0.874843306925,
    0.923007381319,1.),.UNSPECIFIED.);
#5028 = CARTESIAN_POINT('',(0.,75.));
#5029 = CARTESIAN_POINT('',(1.975018615732E-02,75.));
#5030 = CARTESIAN_POINT('',(3.946285709243E-02,75.045060981898));
#5031 = CARTESIAN_POINT('',(5.898282321444E-02,75.134861193909));
#5032 = CARTESIAN_POINT('',(7.815650883462E-02,75.267527307706));
#5033 = CARTESIAN_POINT('',(9.683312039932E-02,75.439655597232));
#5034 = CARTESIAN_POINT('',(0.126123642628,75.775162205318));
#5035 = CARTESIAN_POINT('',(0.137142984349,75.917664163025));
#5036 = CARTESIAN_POINT('',(0.147914410377,76.072867197464));
#5037 = CARTESIAN_POINT('',(0.158426975195,76.239878279503));
#5038 = CARTESIAN_POINT('',(0.168670576598,76.417782941866));
#5039 = CARTESIAN_POINT('',(0.191413873807,76.846517932252));
#5040 = CARTESIAN_POINT('',(0.203736846974,77.103805083417));
#5041 = CARTESIAN_POINT('',(0.215604565492,77.375902271047));
#5042 = CARTESIAN_POINT('',(0.227017504731,77.661351351844));
#5043 = CARTESIAN_POINT('',(0.237977250452,77.958834228566));
#5044 = CARTESIAN_POINT('',(0.257034895877,78.51796091275));
#5045 = CARTESIAN_POINT('',(0.265286771254,78.775979042766));
#5046 = CARTESIAN_POINT('',(0.273245679623,79.040652057334));
#5047 = CARTESIAN_POINT('',(0.28091476692,79.311469120021));
#5048 = CARTESIAN_POINT('',(0.288297131713,79.587981292506));
#5049 = CARTESIAN_POINT('',(0.30139240781,80.107862070524));
#5050 = CARTESIAN_POINT('',(0.307186574371,80.349710975841));
#5051 = CARTESIAN_POINT('',(0.312780043818,80.59510700532));
#5052 = CARTESIAN_POINT('',(0.318174331028,80.843831520049));
#5053 = CARTESIAN_POINT('',(0.323370826962,81.095688646031));
#5054 = CARTESIAN_POINT('',(0.332520752561,81.562001922906));
#5055 = CARTESIAN_POINT('',(0.336535236152,81.775532469685));
#5056 = CARTESIAN_POINT('',(0.340414884283,81.990993422752));
#5057 = CARTESIAN_POINT('',(0.344160226602,82.208286353415));
#5058 = CARTESIAN_POINT('',(0.347771687562,82.427317896054));
#5059 = CARTESIAN_POINT('',(0.354103191581,82.829068519077));
#5060 = CARTESIAN_POINT('',(0.356866880891,83.011247921032));
#5061 = CARTESIAN_POINT('',(0.359540829913,83.194488911909));
#5062 = CARTESIAN_POINT('',(0.362125175583,83.378743743867));
#5063 = CARTESIAN_POINT('',(0.364620016216,83.563965963306));
#5064 = CARTESIAN_POINT('',(0.369054421166,83.907127797959));
#5065 = CARTESIAN_POINT('',(0.371019788336,84.064801274083));
#5066 = CARTESIAN_POINT('',(0.372921549112,84.223103663078));
#5067 = CARTESIAN_POINT('',(0.374759725429,84.382008147184));
#5068 = CARTESIAN_POINT('',(0.376534325062,84.541488267034));
#5069 = CARTESIAN_POINT('',(0.387490193755,85.566179622407));
#5070 = CARTESIAN_POINT('',(0.394882884961,86.447263201634));
#5071 = CARTESIAN_POINT('',(0.400414199361,87.340163439572));
#5072 = CARTESIAN_POINT('',(0.40407644631,88.240791052339));
#5073 = CARTESIAN_POINT('',(0.405865401042,89.145330646288));
#5074 = CARTESIAN_POINT('',(0.405694280685,90.937683942751));
#5075 = CARTESIAN_POINT('',(0.403804014338,91.8249578923));
#5076 = CARTESIAN_POINT('',(0.400110395814,92.708254233446));
#5077 = CARTESIAN_POINT('',(0.394617554642,93.583966226281));
#5078 = CARTESIAN_POINT('',(0.387332716106,94.448228076202));
#5079 = CARTESIAN_POINT('',(0.37655915729,95.456249167912));
#5080 = CARTESIAN_POINT('',(0.374790655844,95.615258304983));
#5081 = CARTESIAN_POINT('',(0.372958958193,95.773695523912));
#5082 = CARTESIAN_POINT('',(0.371064056744,95.931534605221));
#5083 = CARTESIAN_POINT('',(0.369105929932,96.088748976095));
#5084 = CARTESIAN_POINT('',(0.364690502797,96.430737472133));
#5085 = CARTESIAN_POINT('',(0.362207726409,96.615249038915));
#5086 = CARTESIAN_POINT('',(0.359636154452,96.798801794935));
#5087 = CARTESIAN_POINT('',(0.356975690375,96.981349855193));
#5088 = CARTESIAN_POINT('',(0.35422619967,97.162846065471));
#5089 = CARTESIAN_POINT('',(0.347923873066,97.563352706191));
#5090 = CARTESIAN_POINT('',(0.344327438657,97.781824794232));
#5091 = CARTESIAN_POINT('',(0.340597892049,97.998570776548));
#5092 = CARTESIAN_POINT('',(0.336734814715,98.213498181566));
#5093 = CARTESIAN_POINT('',(0.332737684197,98.426509556065));
#5094 = CARTESIAN_POINT('',(0.323597143203,98.89327576637));
#5095 = CARTESIAN_POINT('',(0.318390625552,99.146075694642));
#5096 = CARTESIAN_POINT('',(0.312985046297,99.395727817083));
#5097 = CARTESIAN_POINT('',(0.307379004949,99.642034677213));
#5098 = CARTESIAN_POINT('',(0.301570975393,99.884775794973));
#5099 = CARTESIAN_POINT('',(0.288477305927,100.40517947782));
#5100 = CARTESIAN_POINT('',(0.281112665941,100.68136599198));
#5101 = CARTESIAN_POINT('',(0.273462272121,100.95188279637));
#5102 = CARTESIAN_POINT('',(0.265523041467,101.21628388733));
#5103 = CARTESIAN_POINT('',(0.257291842359,101.47406182886));
#5104 = CARTESIAN_POINT('',(0.238134844531,102.03707338317));
#5105 = CARTESIAN_POINT('',(0.227042782051,102.33839535004));
#5106 = CARTESIAN_POINT('',(0.215486140621,102.62738943335));
#5107 = CARTESIAN_POINT('',(0.203463302288,102.90268712249));
#5108 = CARTESIAN_POINT('',(0.190973819612,103.16277297177));
#5109 = CARTESIAN_POINT('',(0.168063679816,103.59284985598));
#5110 = CARTESIAN_POINT('',(0.157832555758,103.76978138855));
#5111 = CARTESIAN_POINT('',(0.147334062412,103.93584033085));
#5112 = CARTESIAN_POINT('',(0.136578396616,104.0901168483));
#5113 = CARTESIAN_POINT('',(0.125576592425,104.23172367673));
#5114 = CARTESIAN_POINT('',(9.637900452964E-02,104.5645166552));
#5115 = CARTESIAN_POINT('',(7.778378536707E-02,104.7350454196));
#5116 = CARTESIAN_POINT('',(5.869787242372E-02,104.86644890933));
#5117 = CARTESIAN_POINT('',(3.927042864207E-02,104.95537991681));
#5118 = CARTESIAN_POINT('',(1.965332704615E-02,105.));
#5119 = CARTESIAN_POINT('',(0.,105.));
#5120 = ( GEOMETRIC_REPRESENTATION_CONTEXT(2) 
PARAMETRIC_REPRESENTATION_CONTEXT() REPRESENTATION_CONTEXT('2D SPACE',''
  ) );
#5121 = PCURVE('',#5122,#5127);
#5122 = CYLINDRICAL_SURFACE('',#5123,15.);
#5123 = AXIS2_PLACEMENT_3D('',#5124,#5125,#5126);
#5124 = CARTESIAN_POINT('',(31.,0.,4.43E+03));
#5125 = DIRECTION('',(1.,0.,2.22044604925E-16));
#5126 = DIRECTION('',(2.22044604925E-16,0.,-1.));
#5127 = DEFINITIONAL_REPRESENTATION('',(#5128),#5221);
#5128 = B_SPLINE_CURVE_WITH_KNOTS('',6,(#5129,#5130,#5131,#5132,#5133,
    #5134,#5135,#5136,#5137,#5138,#5139,#5140,#5141,#5142,#5143,#5144,
    #5145,#5146,#5147,#5148,#5149,#5150,#5151,#5152,#5153,#5154,#5155,
    #5156,#5157,#5158,#5159,#5160,#5161,#5162,#5163,#5164,#5165,#5166,
    #5167,#5168,#5169,#5170,#5171,#5172,#5173,#5174,#5175,#5176,#5177,
    #5178,#5179,#5180,#5181,#5182,#5183,#5184,#5185,#5186,#5187,#5188,
    #5189,#5190,#5191,#5192,#5193,#5194,#5195,#5196,#5197,#5198,#5199,
    #5200,#5201,#5202,#5203,#5204,#5205,#5206,#5207,#5208,#5209,#5210,
    #5211,#5212,#5213,#5214,#5215,#5216,#5217,#5218,#5219,#5220),
  .UNSPECIFIED.,.F.,.F.,(7,5,5,5,5,5,5,5,5,5,5,5,5,5,5,5,5,5,7),(0.,
    7.737113598679E-02,0.125657874997,0.187572141763,0.237931229511,
    0.280470745465,0.315778351282,0.344748131672,0.369184848864,
    0.501219711383,0.630775610448,0.655138776849,0.683993399945,
    0.719200464523,0.761879752518,0.81215775185,0.874843306925,
    0.923007381319,1.),.UNSPECIFIED.);
#5129 = CARTESIAN_POINT('',(0.,7.));
#5130 = CARTESIAN_POINT('',(5.003380493188E-02,7.));
#5131 = CARTESIAN_POINT('',(9.99725576716E-02,6.982212832065));
#5132 = CARTESIAN_POINT('',(0.14961353514,6.946765090637));
#5133 = CARTESIAN_POINT('',(0.19875403036,6.894735912703));
#5134 = CARTESIAN_POINT('',(0.247171713465,6.828126089802));
#5135 = CARTESIAN_POINT('',(0.324204110939,6.700554261788));
#5136 = CARTESIAN_POINT('',(0.353457283531,6.646821811784));
#5137 = CARTESIAN_POINT('',(0.382360843726,6.588893086774));
#5138 = CARTESIAN_POINT('',(0.41091104417,6.527302350529));
#5139 = CARTESIAN_POINT('',(0.439101659262,6.462592769008));
#5140 = CARTESIAN_POINT('',(0.502597984469,6.309027231493));
#5141 = CARTESIAN_POINT('',(0.53767320472,6.218494153783));
#5142 = CARTESIAN_POINT('',(0.572184447114,6.124711796754));
#5143 = CARTESIAN_POINT('',(0.606161765263,6.028618108299));
#5144 = CARTESIAN_POINT('',(0.639632815173,5.931074298438));
#5145 = CARTESIAN_POINT('',(0.699460455011,5.752968691677));
#5146 = CARTESIAN_POINT('',(0.725984030761,5.67262010737));
#5147 = CARTESIAN_POINT('',(0.752216763016,5.592209997635));
#5148 = CARTESIAN_POINT('',(0.778177976128,5.512103900763));
#5149 = CARTESIAN_POINT('',(0.803886550391,5.432634791153));
#5150 = CARTESIAN_POINT('',(0.850881389185,5.287768195146));
#5151 = CARTESIAN_POINT('',(0.872234606006,5.222101737152));
#5152 = CARTESIAN_POINT('',(0.893432155287,5.157289155852));
#5153 = CARTESIAN_POINT('',(0.914484533912,5.09350164761));
#5154 = CARTESIAN_POINT('',(0.935402053361,5.030897626731));
#5155 = CARTESIAN_POINT('',(0.973452758306,4.918764834578));
#5156 = CARTESIAN_POINT('',(0.990624414213,4.868823855075));
#5157 = CARTESIAN_POINT('',(1.007715268117,4.819884327582));
#5158 = CARTESIAN_POINT('',(1.024730512005,4.772026332925));
#5159 = CARTESIAN_POINT('',(1.041675069155,4.725325492124));
#5160 = CARTESIAN_POINT('',(1.072402371208,4.642542900939));
#5161 = CARTESIAN_POINT('',(1.086206687378,4.606059827855));
#5162 = CARTESIAN_POINT('',(1.099969109469,4.570443133356));
#5163 = CARTESIAN_POINT('',(1.113692091841,4.53573034504));
#5164 = CARTESIAN_POINT('',(1.127377976391,4.501957131894));
#5165 = CARTESIAN_POINT('',(1.152543958039,4.441489848744));
#5166 = CARTESIAN_POINT('',(1.164034112642,4.414514997093));
#5167 = CARTESIAN_POINT('',(1.175500793848,4.388253056602));
#5168 = CARTESIAN_POINT('',(1.186945288577,4.362723395245));
#5169 = CARTESIAN_POINT('',(1.198368833189,4.337944441704));
#5170 = CARTESIAN_POINT('',(1.27138876885,4.184200346508));
#5171 = CARTESIAN_POINT('',(1.33245500397,4.076836633787));
#5172 = CARTESIAN_POINT('',(1.393121684301,3.994712807906));
#5173 = CARTESIAN_POINT('',(1.453529602631,3.939754605144));
#5174 = CARTESIAN_POINT('',(1.513818040989,3.912920744475));
#5175 = CARTESIAN_POINT('',(1.633308924591,3.91548753557));
#5176 = CARTESIAN_POINT('',(1.692474870879,3.943841073276));
#5177 = CARTESIAN_POINT('',(1.751762629655,3.999220384495));
#5178 = CARTESIAN_POINT('',(1.811304312495,4.080686048348));
#5179 = CARTESIAN_POINT('',(1.871233494607,4.186404108371));
#5180 = CARTESIAN_POINT('',(1.943062045248,4.337597114813));
#5181 = CARTESIAN_POINT('',(1.954451105294,4.362292514793));
#5182 = CARTESIAN_POINT('',(1.965860977504,4.387734316804));
#5183 = CARTESIAN_POINT('',(1.97729288673,4.413904265354));
#5184 = CARTESIAN_POINT('',(1.988748107764,4.44078317681));
#5185 = CARTESIAN_POINT('',(2.013824185054,4.501000940043));
#5186 = CARTESIAN_POINT('',(2.027454961164,4.534617178712));
#5187 = CARTESIAN_POINT('',(2.041122495403,4.569166267298));
#5188 = CARTESIAN_POINT('',(2.054829100142,4.604612988767));
#5189 = CARTESIAN_POINT('',(2.068577198382,4.640920297149));
#5190 = CARTESIAN_POINT('',(2.099197831519,4.72335241557));
#5191 = CARTESIAN_POINT('',(2.116091875544,4.769878752591));
#5192 = CARTESIAN_POINT('',(2.133056065573,4.817557850552));
#5193 = CARTESIAN_POINT('',(2.150095277057,4.866314827453));
#5194 = CARTESIAN_POINT('',(2.167214651157,4.916070397353));
#5195 = CARTESIAN_POINT('',(2.205276054979,5.028165466147));
#5196 = CARTESIAN_POINT('',(2.226257766196,5.090932625404));
#5197 = CARTESIAN_POINT('',(2.247374945297,5.15489552634));
#5198 = CARTESIAN_POINT('',(2.268637996221,5.21989441283));
#5199 = CARTESIAN_POINT('',(2.290057509938,5.285756594419));
#5200 = CARTESIAN_POINT('',(2.337074370722,5.430683195181));
#5201 = CARTESIAN_POINT('',(2.362736745591,5.51001045645));
#5202 = CARTESIAN_POINT('',(2.388650628567,5.589978115349));
#5203 = CARTESIAN_POINT('',(2.414834807002,5.670255203883));
#5204 = CARTESIAN_POINT('',(2.441308508589,5.750478433442));
#5205 = CARTESIAN_POINT('',(2.501485755577,5.929709150415));
#5206 = CARTESIAN_POINT('',(2.535369307506,6.028490628545));
#5207 = CARTESIAN_POINT('',(2.569771695552,6.125790874875));
#5208 = CARTESIAN_POINT('',(2.60472152485,6.220715795535));
#5209 = CARTESIAN_POINT('',(2.640249926735,6.312290762877));
#5210 = CARTESIAN_POINT('',(2.704163715103,6.46645345284));
#5211 = CARTESIAN_POINT('',(2.732301255763,6.530851698309));
#5212 = CARTESIAN_POINT('',(2.760796682949,6.592126522383));
#5213 = CARTESIAN_POINT('',(2.789643483235,6.649737939863));
#5214 = CARTESIAN_POINT('',(2.818837616727,6.703155441447));
#5215 = CARTESIAN_POINT('',(2.895598024404,6.829740910884));
#5216 = CARTESIAN_POINT('',(2.943793838527,6.895744855971));
#5217 = CARTESIAN_POINT('',(2.992703782806,6.947282248773));
#5218 = CARTESIAN_POINT('',(3.042107580536,6.982386866877));
#5219 = CARTESIAN_POINT('',(3.091804225073,7.));
#5220 = CARTESIAN_POINT('',(3.14159265359,7.));
#5221 = ( GEOMETRIC_REPRESENTATION_CONTEXT(2) 
PARAMETRIC_REPRESENTATION_CONTEXT() REPRESENTATION_CONTEXT('2D SPACE',''
  ) );
#5222 = ORIENTED_EDGE('',*,*,#5223,.F.);
#5223 = EDGE_CURVE('',#5224,#4929,#5226,.T.);
#5224 = VERTEX_POINT('',#5225);
#5225 = CARTESIAN_POINT('',(38.,-9.30731567352E-15,4.34E+03));
#5226 = SEAM_CURVE('',#5227,(#5231,#5238),.PCURVE_S1.);
#5227 = LINE('',#5228,#5229);
#5228 = CARTESIAN_POINT('',(38.,-9.30731567352E-15,4.34E+03));
#5229 = VECTOR('',#5230,1.);
#5230 = DIRECTION('',(0.,0.,1.));
#5231 = PCURVE('',#4881,#5232);
#5232 = DEFINITIONAL_REPRESENTATION('',(#5233),#5237);
#5233 = LINE('',#5234,#5235);
#5234 = CARTESIAN_POINT('',(6.28318530718,-0.));
#5235 = VECTOR('',#5236,1.);
#5236 = DIRECTION('',(0.,1.));
#5237 = ( GEOMETRIC_REPRESENTATION_CONTEXT(2) 
PARAMETRIC_REPRESENTATION_CONTEXT() REPRESENTATION_CONTEXT('2D SPACE',''
  ) );
#5238 = PCURVE('',#4881,#5239);
#5239 = DEFINITIONAL_REPRESENTATION('',(#5240),#5244);
#5240 = LINE('',#5241,#5242);
#5241 = CARTESIAN_POINT('',(0.,-0.));
#5242 = VECTOR('',#5243,1.);
#5243 = DIRECTION('',(0.,1.));
#5244 = ( GEOMETRIC_REPRESENTATION_CONTEXT(2) 
PARAMETRIC_REPRESENTATION_CONTEXT() REPRESENTATION_CONTEXT('2D SPACE',''
  ) );
#5245 = ORIENTED_EDGE('',*,*,#5246,.T.);
#5246 = EDGE_CURVE('',#5224,#5224,#5247,.T.);
#5247 = SURFACE_CURVE('',#5248,(#5253,#5260),.PCURVE_S1.);
#5248 = CIRCLE('',#5249,38.);
#5249 = AXIS2_PLACEMENT_3D('',#5250,#5251,#5252);
#5250 = CARTESIAN_POINT('',(0.,0.,4.34E+03));
#5251 = DIRECTION('',(0.,0.,1.));
#5252 = DIRECTION('',(1.,0.,-0.));
#5253 = PCURVE('',#4881,#5254);
#5254 = DEFINITIONAL_REPRESENTATION('',(#5255),#5259);
#5255 = LINE('',#5256,#5257);
#5256 = CARTESIAN_POINT('',(0.,0.));
#5257 = VECTOR('',#5258,1.);
#5258 = DIRECTION('',(1.,0.));
#5259 = ( GEOMETRIC_REPRESENTATION_CONTEXT(2) 
PARAMETRIC_REPRESENTATION_CONTEXT() REPRESENTATION_CONTEXT('2D SPACE',''
  ) );
#5260 = PCURVE('',#5261,#5266);
#5261 = CONICAL_SURFACE('',#5262,12.,0.714090698612);
#5262 = AXIS2_PLACEMENT_3D('',#5263,#5264,#5265);
#5263 = CARTESIAN_POINT('',(0.,0.,4.31E+03));
#5264 = DIRECTION('',(0.,0.,1.));
#5265 = DIRECTION('',(1.,0.,-0.));
#5266 = DEFINITIONAL_REPRESENTATION('',(#5267),#5270);
#5267 = B_SPLINE_CURVE_WITH_KNOTS('',1,(#5268,#5269),.UNSPECIFIED.,.F.,
  .F.,(2,2),(0.,6.28318530718),.PIECEWISE_BEZIER_KNOTS.);
#5268 = CARTESIAN_POINT('',(0.,30.));
#5269 = CARTESIAN_POINT('',(6.28318530718,30.));
#5270 = ( GEOMETRIC_REPRESENTATION_CONTEXT(2) 
PARAMETRIC_REPRESENTATION_CONTEXT() REPRESENTATION_CONTEXT('2D SPACE',''
  ) );
#5271 = ORIENTED_EDGE('',*,*,#5223,.T.);
#5272 = ORIENTED_EDGE('',*,*,#5273,.F.);
#5273 = EDGE_CURVE('',#4871,#4929,#5274,.T.);
#5274 = SURFACE_CURVE('',#5275,(#5368,#5464),.PCURVE_S1.);
#5275 = B_SPLINE_CURVE_WITH_KNOTS('',6,(#5276,#5277,#5278,#5279,#5280,
    #5281,#5282,#5283,#5284,#5285,#5286,#5287,#5288,#5289,#5290,#5291,
    #5292,#5293,#5294,#5295,#5296,#5297,#5298,#5299,#5300,#5301,#5302,
    #5303,#5304,#5305,#5306,#5307,#5308,#5309,#5310,#5311,#5312,#5313,
    #5314,#5315,#5316,#5317,#5318,#5319,#5320,#5321,#5322,#5323,#5324,
    #5325,#5326,#5327,#5328,#5329,#5330,#5331,#5332,#5333,#5334,#5335,
    #5336,#5337,#5338,#5339,#5340,#5341,#5342,#5343,#5344,#5345,#5346,
    #5347,#5348,#5349,#5350,#5351,#5352,#5353,#5354,#5355,#5356,#5357,
    #5358,#5359,#5360,#5361,#5362,#5363,#5364,#5365,#5366,#5367),
  .UNSPECIFIED.,.F.,.F.,(7,5,5,5,5,5,5,5,5,5,5,5,5,5,5,5,5,5,7),(0.,
    7.737113599598E-02,0.125657875011,0.187572141786,0.237931229543,
    0.280470745504,0.315778351328,0.344748131723,0.369184848919,
    0.50121971146,0.630775610546,0.65513877695,0.68399340005,
    0.719200464633,0.761879752634,0.812157751973,0.874843307053,
    0.923007381441,1.),.UNSPECIFIED.);
#5276 = CARTESIAN_POINT('',(38.,-1.7763568394E-15,4.445E+03));
#5277 = CARTESIAN_POINT('',(38.,-0.750507073977,4.445E+03));
#5278 = CARTESIAN_POINT('',(37.982212832065,-1.499588430135,
    4.444954939018E+03));
#5279 = CARTESIAN_POINT('',(37.946765090638,-2.240820885327,
    4.444865138806E+03));
#5280 = CARTESIAN_POINT('',(37.894735912703,-2.967848171029,
    4.444732472692E+03));
#5281 = CARTESIAN_POINT('',(37.828126089802,-3.674582185984,
    4.444560344403E+03));
#5282 = CARTESIAN_POINT('',(37.700554261789,-4.780286994936,
    4.444224837795E+03));
#5283 = CARTESIAN_POINT('',(37.646821811784,-5.195600395292,
    4.444082335837E+03));
#5284 = CARTESIAN_POINT('',(37.588893086773,-5.600848011867,
    4.443927132803E+03));
#5285 = CARTESIAN_POINT('',(37.527302350529,-5.995595619776,
    4.44376012172E+03));
#5286 = CARTESIAN_POINT('',(37.462592769009,-6.379462843454,
    4.443582217058E+03));
#5287 = CARTESIAN_POINT('',(37.309027231489,-7.229955379512,
    4.443153482068E+03));
#5288 = CARTESIAN_POINT('',(37.218494153784,-7.689453769182,
    4.442896194917E+03));
#5289 = CARTESIAN_POINT('',(37.124711796758,-8.130641071388,
    4.442624097729E+03));
#5290 = CARTESIAN_POINT('',(37.0286181083,-8.55361154215,
    4.442338648648E+03));
#5291 = CARTESIAN_POINT('',(36.931074298434,-8.95852896799,
    4.442041165771E+03));
#5292 = CARTESIAN_POINT('',(36.752968691677,-9.660476480944,
    4.441482039087E+03));
#5293 = CARTESIAN_POINT('',(36.67262010737,-9.963597142426,
    4.441224020957E+03));
#5294 = CARTESIAN_POINT('',(36.592209997635,-10.25517266029,
    4.440959347943E+03));
#5295 = CARTESIAN_POINT('',(36.512103900763,-10.53539016134,
    4.44068853088E+03));
#5296 = CARTESIAN_POINT('',(36.432634791153,-10.80443839679,
    4.440412018707E+03));
#5297 = CARTESIAN_POINT('',(36.287768195146,-11.28050543317,
    4.439892137929E+03));
#5298 = CARTESIAN_POINT('',(36.222101737152,-11.49066967763,
    4.439650289024E+03));
#5299 = CARTESIAN_POINT('',(36.157289155852,-11.69310701133,
    4.439404892995E+03));
#5300 = CARTESIAN_POINT('',(36.09350164761,-11.88791901266,
    4.43915616848E+03));
#5301 = CARTESIAN_POINT('',(36.030897626731,-12.07520251604,
    4.438904311354E+03));
#5302 = CARTESIAN_POINT('',(35.918764834578,-12.40432188778,
    4.438437998077E+03));
#5303 = CARTESIAN_POINT('',(35.868823855075,-12.54846804091,
    4.43822446753E+03));
#5304 = CARTESIAN_POINT('',(35.819884327582,-12.68753739663,
    4.438009006577E+03));
#5305 = CARTESIAN_POINT('',(35.772026332924,-12.82157488073,
    4.437791713647E+03));
#5306 = CARTESIAN_POINT('',(35.725325492124,-12.95062101942,
    4.437572682104E+03));
#5307 = CARTESIAN_POINT('',(35.642542900939,-13.17652815186,
    4.437170931481E+03));
#5308 = CARTESIAN_POINT('',(35.606059827855,-13.27500840592,
    4.436988752079E+03));
#5309 = CARTESIAN_POINT('',(35.570443133356,-13.37017260684,
    4.436805511088E+03));
#5310 = CARTESIAN_POINT('',(35.53573034504,-13.46203884696,
    4.436621256256E+03));
#5311 = CARTESIAN_POINT('',(35.501957131894,-13.55062340569,
    4.436436034037E+03));
#5312 = CARTESIAN_POINT('',(35.441489848744,-13.70790801239,
    4.436092872202E+03));
#5313 = CARTESIAN_POINT('',(35.414514997093,-13.77755055971,
    4.435935198726E+03));
#5314 = CARTESIAN_POINT('',(35.388253056602,-13.84487707719,
    4.435776896337E+03));
#5315 = CARTESIAN_POINT('',(35.362723395245,-13.9098954689,
    4.435617991853E+03));
#5316 = CARTESIAN_POINT('',(35.337944441704,-13.9726128572,
    4.435458511733E+03));
#5317 = CARTESIAN_POINT('',(35.184200346511,-14.35950767765,
    4.434433820378E+03));
#5318 = CARTESIAN_POINT('',(35.076836633786,-14.61913347138,
    4.433552736798E+03));
#5319 = CARTESIAN_POINT('',(34.994712807905,-14.81261839837,
    4.43265983656E+03));
#5320 = CARTESIAN_POINT('',(34.939754605145,-14.94047213753,
    4.431759208948E+03));
#5321 = CARTESIAN_POINT('',(34.912920744475,-15.00293224213,
    4.430854669354E+03));
#5322 = CARTESIAN_POINT('',(34.91548753557,-14.99695770898,
    4.429062316057E+03));
#5323 = CARTESIAN_POINT('',(34.943841073277,-14.93096039579,
    4.428175042108E+03));
#5324 = CARTESIAN_POINT('',(34.999220384492,-14.80199008221,
    4.427291745767E+03));
#5325 = CARTESIAN_POINT('',(35.080686048353,-14.60981361373,
    4.426416033774E+03));
#5326 = CARTESIAN_POINT('',(35.186404108368,-14.35394408738,
    4.425551771924E+03));
#5327 = CARTESIAN_POINT('',(35.337597114813,-13.97349023569,
    4.424543750832E+03));
#5328 = CARTESIAN_POINT('',(35.362292514793,-13.91098899931,
    4.424384741695E+03));
#5329 = CARTESIAN_POINT('',(35.387734316804,-13.84620059976,
    4.424226304476E+03));
#5330 = CARTESIAN_POINT('',(35.413904265354,-13.77911798501,
    4.424068465395E+03));
#5331 = CARTESIAN_POINT('',(35.44078317681,-13.70973333111,
    4.423911251024E+03));
#5332 = CARTESIAN_POINT('',(35.501000940043,-13.55312541196,
    4.423569262528E+03));
#5333 = CARTESIAN_POINT('',(35.534617178712,-13.464971641,
    4.423384750961E+03));
#5334 = CARTESIAN_POINT('',(35.569166267298,-13.37356245421,
    4.423201198205E+03));
#5335 = CARTESIAN_POINT('',(35.604612988767,-13.27888179356,
    4.423018650145E+03));
#5336 = CARTESIAN_POINT('',(35.640920297149,-13.18091181803,
    4.422837153935E+03));
#5337 = CARTESIAN_POINT('',(35.723352415569,-12.95605709864,
    4.422436647294E+03));
#5338 = CARTESIAN_POINT('',(35.769878752591,-12.82755507364,
    4.422218175206E+03));
#5339 = CARTESIAN_POINT('',(35.817557850551,-12.69409109487,
    4.422001429223E+03));
#5340 = CARTESIAN_POINT('',(35.866314827453,-12.55562507856,
    4.421786501818E+03));
#5341 = CARTESIAN_POINT('',(35.916070397352,-12.41211259095,
    4.421573490444E+03));
#5342 = CARTESIAN_POINT('',(36.028165466147,-12.08335712161,
    4.421106724234E+03));
#5343 = CARTESIAN_POINT('',(36.090932625404,-11.89572660353,
    4.420853924305E+03));
#5344 = CARTESIAN_POINT('',(36.15489552634,-11.70052048078,
    4.420604272183E+03));
#5345 = CARTESIAN_POINT('',(36.21989441283,-11.49764112251,
    4.420357965323E+03));
#5346 = CARTESIAN_POINT('',(36.285756594419,-11.28698608028,
    4.420115224205E+03));
#5347 = CARTESIAN_POINT('',(36.43068319518,-10.8110011263,
    4.419594820522E+03));
#5348 = CARTESIAN_POINT('',(36.51001045645,-10.54261337661,
    4.419318634008E+03));
#5349 = CARTESIAN_POINT('',(36.589978115349,-10.26309524475,
    4.419048117204E+03));
#5350 = CARTESIAN_POINT('',(36.670255203883,-9.972258883069,
    4.418783716113E+03));
#5351 = CARTESIAN_POINT('',(36.750478433442,-9.669917975699,
    4.418525938171E+03));
#5352 = CARTESIAN_POINT('',(36.92970915041,-8.964360942522,
    4.417962926617E+03));
#5353 = CARTESIAN_POINT('',(37.028490628546,-8.554568723009,
    4.41766160465E+03));
#5354 = CARTESIAN_POINT('',(37.125790874879,-8.126270352039,
    4.417372610567E+03));
#5355 = CARTESIAN_POINT('',(37.220715795535,-7.679296745756,
    4.417097312878E+03));
#5356 = CARTESIAN_POINT('',(37.312290762873,-7.213552090188,
    4.416837227028E+03));
#5357 = CARTESIAN_POINT('',(37.466453452826,-6.356725006777,
    4.416407150144E+03));
#5358 = CARTESIAN_POINT('',(37.530851698315,-5.973286287033,
    4.416230218611E+03));
#5359 = CARTESIAN_POINT('',(37.592126522394,-5.579030819584,
    4.416064159669E+03));
#5360 = CARTESIAN_POINT('',(37.649737939863,-5.174343128392,
    4.415909883152E+03));
#5361 = CARTESIAN_POINT('',(37.703155441436,-4.759661239169,
    4.415768276323E+03));
#5362 = CARTESIAN_POINT('',(37.82974091079,-3.657397716277,
    4.415435483345E+03));
#5363 = CARTESIAN_POINT('',(37.895744856032,-2.953715141742,
    4.41526495458E+03));
#5364 = CARTESIAN_POINT('',(37.947282248823,-2.230000445471,
    4.415133551091E+03));
#5365 = CARTESIAN_POINT('',(37.982386866838,-1.492276156714,
    4.415044620083E+03));
#5366 = CARTESIAN_POINT('',(38.,-0.746826428577,4.415E+03));
#5367 = CARTESIAN_POINT('',(38.,-7.105427357601E-15,4.415E+03));
#5368 = PCURVE('',#4881,#5369);
#5369 = DEFINITIONAL_REPRESENTATION('',(#5370),#5463);
#5370 = B_SPLINE_CURVE_WITH_KNOTS('',6,(#5371,#5372,#5373,#5374,#5375,
    #5376,#5377,#5378,#5379,#5380,#5381,#5382,#5383,#5384,#5385,#5386,
    #5387,#5388,#5389,#5390,#5391,#5392,#5393,#5394,#5395,#5396,#5397,
    #5398,#5399,#5400,#5401,#5402,#5403,#5404,#5405,#5406,#5407,#5408,
    #5409,#5410,#5411,#5412,#5413,#5414,#5415,#5416,#5417,#5418,#5419,
    #5420,#5421,#5422,#5423,#5424,#5425,#5426,#5427,#5428,#5429,#5430,
    #5431,#5432,#5433,#5434,#5435,#5436,#5437,#5438,#5439,#5440,#5441,
    #5442,#5443,#5444,#5445,#5446,#5447,#5448,#5449,#5450,#5451,#5452,
    #5453,#5454,#5455,#5456,#5457,#5458,#5459,#5460,#5461,#5462),
  .UNSPECIFIED.,.F.,.F.,(7,5,5,5,5,5,5,5,5,5,5,5,5,5,5,5,5,5,7),(0.,
    7.737113599598E-02,0.125657875011,0.187572141786,0.237931229543,
    0.280470745504,0.315778351328,0.344748131723,0.369184848919,
    0.50121971146,0.630775610546,0.65513877695,0.68399340005,
    0.719200464633,0.761879752634,0.812157751973,0.874843307053,
    0.923007381441,1.),.UNSPECIFIED.);
#5371 = CARTESIAN_POINT('',(6.28318530718,105.));
#5372 = CARTESIAN_POINT('',(6.263435121022,105.));
#5373 = CARTESIAN_POINT('',(6.243722450087,104.9549390181));
#5374 = CARTESIAN_POINT('',(6.224202483965,104.86513880609));
#5375 = CARTESIAN_POINT('',(6.205028798345,104.73247269229));
#5376 = CARTESIAN_POINT('',(6.18635218678,104.56034440276));
#5377 = CARTESIAN_POINT('',(6.157061664552,104.22483779468));
#5378 = CARTESIAN_POINT('',(6.146042322831,104.08233583697));
#5379 = CARTESIAN_POINT('',(6.135270896802,103.92713280253));
#5380 = CARTESIAN_POINT('',(6.124758331985,103.76012172049));
#5381 = CARTESIAN_POINT('',(6.114514730582,103.58221705813));
#5382 = CARTESIAN_POINT('',(6.091771433372,103.15348206773));
#5383 = CARTESIAN_POINT('',(6.079448460205,102.89619491658));
#5384 = CARTESIAN_POINT('',(6.067580741688,102.62409772896));
#5385 = CARTESIAN_POINT('',(6.056167802449,102.33864864816));
#5386 = CARTESIAN_POINT('',(6.045208056727,102.04116577142));
#5387 = CARTESIAN_POINT('',(6.026150411303,101.48203908725));
#5388 = CARTESIAN_POINT('',(6.017898535926,101.22402095723));
#5389 = CARTESIAN_POINT('',(6.009939627556,100.95934794266));
#5390 = CARTESIAN_POINT('',(6.00227054026,100.68853087997));
#5391 = CARTESIAN_POINT('',(5.994888175467,100.41201870749));
#5392 = CARTESIAN_POINT('',(5.981792899369,99.892137929475));
#5393 = CARTESIAN_POINT('',(5.975998732808,99.650289024158));
#5394 = CARTESIAN_POINT('',(5.970405263361,99.40489299468));
#5395 = CARTESIAN_POINT('',(5.965010976151,99.156168479951));
#5396 = CARTESIAN_POINT('',(5.959814480217,98.904311353969));
#5397 = CARTESIAN_POINT('',(5.950664554619,98.437998077094));
#5398 = CARTESIAN_POINT('',(5.946650071028,98.224467530315));
#5399 = CARTESIAN_POINT('',(5.942770422897,98.009006577248));
#5400 = CARTESIAN_POINT('',(5.939025080577,97.791713646585));
#5401 = CARTESIAN_POINT('',(5.935413619617,97.572682103946));
#5402 = CARTESIAN_POINT('',(5.929082115599,97.170931480923));
#5403 = CARTESIAN_POINT('',(5.926318426288,96.988752078968));
#5404 = CARTESIAN_POINT('',(5.923644477266,96.805511088091));
#5405 = CARTESIAN_POINT('',(5.921060131596,96.621256256132));
#5406 = CARTESIAN_POINT('',(5.918565290963,96.436034036694));
#5407 = CARTESIAN_POINT('',(5.914130886014,96.092872202041));
#5408 = CARTESIAN_POINT('',(5.912165518844,95.935198725917));
#5409 = CARTESIAN_POINT('',(5.910263758068,95.776896336922));
#5410 = CARTESIAN_POINT('',(5.908425581751,95.617991852816));
#5411 = CARTESIAN_POINT('',(5.906650982117,95.458511732966));
#5412 = CARTESIAN_POINT('',(5.895695113425,94.43382037761));
#5413 = CARTESIAN_POINT('',(5.888302422219,93.552736798362));
#5414 = CARTESIAN_POINT('',(5.882771107818,92.65983656041));
#5415 = CARTESIAN_POINT('',(5.87910886087,91.759208947657));
#5416 = CARTESIAN_POINT('',(5.877319906138,90.854669353729));
#5417 = CARTESIAN_POINT('',(5.877491026495,89.062316057234));
#5418 = CARTESIAN_POINT('',(5.879381292842,88.175042107728));
#5419 = CARTESIAN_POINT('',(5.883074911366,87.291745766552));
#5420 = CARTESIAN_POINT('',(5.888567752538,86.416033773692));
#5421 = CARTESIAN_POINT('',(5.895852591073,85.551771923817));
#5422 = CARTESIAN_POINT('',(5.90662614989,84.543750832089));
#5423 = CARTESIAN_POINT('',(5.908394651335,84.384741695017));
#5424 = CARTESIAN_POINT('',(5.910226348987,84.226304476089));
#5425 = CARTESIAN_POINT('',(5.912121250436,84.06846539478));
#5426 = CARTESIAN_POINT('',(5.914079377248,83.911251023905));
#5427 = CARTESIAN_POINT('',(5.918494804382,83.569262527868));
#5428 = CARTESIAN_POINT('',(5.92097758077,83.384750961086));
#5429 = CARTESIAN_POINT('',(5.923549152727,83.201198205066));
#5430 = CARTESIAN_POINT('',(5.926209616805,83.018650144808));
#5431 = CARTESIAN_POINT('',(5.928959107509,82.83715393453));
#5432 = CARTESIAN_POINT('',(5.935261434113,82.43664729381));
#5433 = CARTESIAN_POINT('',(5.938857868523,82.218175205769));
#5434 = CARTESIAN_POINT('',(5.94258741513,82.001429223453));
#5435 = CARTESIAN_POINT('',(5.946450492465,81.786501818435));
#5436 = CARTESIAN_POINT('',(5.950447622982,81.573490443936));
#5437 = CARTESIAN_POINT('',(5.959588163976,81.106724233631));
#5438 = CARTESIAN_POINT('',(5.964794681628,80.853924305359));
#5439 = CARTESIAN_POINT('',(5.970200260883,80.604272182917));
#5440 = CARTESIAN_POINT('',(5.97580630223,80.357965322787));
#5441 = CARTESIAN_POINT('',(5.981614331787,80.115224205028));
#5442 = CARTESIAN_POINT('',(5.994708001253,79.59482052218));
#5443 = CARTESIAN_POINT('',(6.002072641239,79.318634008019));
#5444 = CARTESIAN_POINT('',(6.009723035058,79.048117203622));
#5445 = CARTESIAN_POINT('',(6.017662265712,78.783716112668));
#5446 = CARTESIAN_POINT('',(6.02589346482,78.525938171132));
#5447 = CARTESIAN_POINT('',(6.045050462648,77.962926616844));
#5448 = CARTESIAN_POINT('',(6.056142525129,77.661604649949));
#5449 = CARTESIAN_POINT('',(6.06769916656,77.372610566631));
#5450 = CARTESIAN_POINT('',(6.079722004892,77.097312877508));
#5451 = CARTESIAN_POINT('',(6.092211487567,76.83722702824));
#5452 = CARTESIAN_POINT('',(6.115121627362,76.407150144056));
#5453 = CARTESIAN_POINT('',(6.125352751422,76.230218611427));
#5454 = CARTESIAN_POINT('',(6.13585124477,76.064159669116));
#5455 = CARTESIAN_POINT('',(6.146606910564,75.909883151698));
#5456 = CARTESIAN_POINT('',(6.157608714752,75.768276323298));
#5457 = CARTESIAN_POINT('',(6.186806302628,75.43548334504));
#5458 = CARTESIAN_POINT('',(6.205401521818,75.264954580232));
#5459 = CARTESIAN_POINT('',(6.224487434777,75.133551090545));
#5460 = CARTESIAN_POINT('',(6.243914878543,75.044620083279));
#5461 = CARTESIAN_POINT('',(6.263531980112,75.));
#5462 = CARTESIAN_POINT('',(6.28318530718,75.));
#5463 = ( GEOMETRIC_REPRESENTATION_CONTEXT(2) 
PARAMETRIC_REPRESENTATION_CONTEXT() REPRESENTATION_CONTEXT('2D SPACE',''
  ) );
#5464 = PCURVE('',#5122,#5465);
#5465 = DEFINITIONAL_REPRESENTATION('',(#5466),#5559);
#5466 = B_SPLINE_CURVE_WITH_KNOTS('',6,(#5467,#5468,#5469,#5470,#5471,
    #5472,#5473,#5474,#5475,#5476,#5477,#5478,#5479,#5480,#5481,#5482,
    #5483,#5484,#5485,#5486,#5487,#5488,#5489,#5490,#5491,#5492,#5493,
    #5494,#5495,#5496,#5497,#5498,#5499,#5500,#5501,#5502,#5503,#5504,
    #5505,#5506,#5507,#5508,#5509,#5510,#5511,#5512,#5513,#5514,#5515,
    #5516,#5517,#5518,#5519,#5520,#5521,#5522,#5523,#5524,#5525,#5526,
    #5527,#5528,#5529,#5530,#5531,#5532,#5533,#5534,#5535,#5536,#5537,
    #5538,#5539,#5540,#5541,#5542,#5543,#5544,#5545,#5546,#5547,#5548,
    #5549,#5550,#5551,#5552,#5553,#5554,#5555,#5556,#5557,#5558),
  .UNSPECIFIED.,.F.,.F.,(7,5,5,5,5,5,5,5,5,5,5,5,5,5,5,5,5,5,7),(0.,
    7.737113599598E-02,0.125657875011,0.187572141786,0.237931229543,
    0.280470745504,0.315778351328,0.344748131723,0.369184848919,
    0.50121971146,0.630775610546,0.65513877695,0.68399340005,
    0.719200464633,0.761879752634,0.812157751973,0.874843307053,
    0.923007381441,1.),.UNSPECIFIED.);
#5467 = CARTESIAN_POINT('',(3.14159265359,7.));
#5468 = CARTESIAN_POINT('',(3.191626458522,7.));
#5469 = CARTESIAN_POINT('',(3.241565211261,6.982212832065));
#5470 = CARTESIAN_POINT('',(3.291206188729,6.946765090637));
#5471 = CARTESIAN_POINT('',(3.34034668395,6.894735912703));
#5472 = CARTESIAN_POINT('',(3.388764367055,6.828126089802));
#5473 = CARTESIAN_POINT('',(3.465796764529,6.700554261789));
#5474 = CARTESIAN_POINT('',(3.495049937121,6.646821811784));
#5475 = CARTESIAN_POINT('',(3.523953497316,6.588893086773));
#5476 = CARTESIAN_POINT('',(3.55250369776,6.527302350529));
#5477 = CARTESIAN_POINT('',(3.580694312851,6.462592769009));
#5478 = CARTESIAN_POINT('',(3.64419063806,6.309027231489));
#5479 = CARTESIAN_POINT('',(3.679265858309,6.218494153784));
#5480 = CARTESIAN_POINT('',(3.713777100702,6.124711796758));
#5481 = CARTESIAN_POINT('',(3.747754418852,6.0286181083));
#5482 = CARTESIAN_POINT('',(3.781225468764,5.931074298434));
#5483 = CARTESIAN_POINT('',(3.841053108601,5.752968691677));
#5484 = CARTESIAN_POINT('',(3.867576684351,5.67262010737));
#5485 = CARTESIAN_POINT('',(3.893809416606,5.592209997635));
#5486 = CARTESIAN_POINT('',(3.919770629718,5.512103900763));
#5487 = CARTESIAN_POINT('',(3.945479203981,5.432634791153));
#5488 = CARTESIAN_POINT('',(3.992474042775,5.287768195146));
#5489 = CARTESIAN_POINT('',(4.013827259596,5.222101737152));
#5490 = CARTESIAN_POINT('',(4.035024808876,5.157289155852));
#5491 = CARTESIAN_POINT('',(4.056077187502,5.09350164761));
#5492 = CARTESIAN_POINT('',(4.07699470695,5.030897626731));
#5493 = CARTESIAN_POINT('',(4.115045411896,4.918764834578));
#5494 = CARTESIAN_POINT('',(4.132217067803,4.868823855075));
#5495 = CARTESIAN_POINT('',(4.149307921707,4.819884327582));
#5496 = CARTESIAN_POINT('',(4.166323165595,4.772026332924));
#5497 = CARTESIAN_POINT('',(4.183267722744,4.725325492124));
#5498 = CARTESIAN_POINT('',(4.213995024798,4.642542900939));
#5499 = CARTESIAN_POINT('',(4.227799340968,4.606059827855));
#5500 = CARTESIAN_POINT('',(4.241561763059,4.570443133356));
#5501 = CARTESIAN_POINT('',(4.25528474543,4.53573034504));
#5502 = CARTESIAN_POINT('',(4.268970629981,4.501957131894));
#5503 = CARTESIAN_POINT('',(4.294136611629,4.441489848744));
#5504 = CARTESIAN_POINT('',(4.305626766232,4.414514997093));
#5505 = CARTESIAN_POINT('',(4.317093447437,4.388253056602));
#5506 = CARTESIAN_POINT('',(4.328537942167,4.362723395245));
#5507 = CARTESIAN_POINT('',(4.339961486779,4.337944441704));
#5508 = CARTESIAN_POINT('',(4.412981422438,4.184200346511));
#5509 = CARTESIAN_POINT('',(4.474047657561,4.076836633786));
#5510 = CARTESIAN_POINT('',(4.534714337892,3.994712807905));
#5511 = CARTESIAN_POINT('',(4.595122256222,3.939754605145));
#5512 = CARTESIAN_POINT('',(4.655410694578,3.912920744475));
#5513 = CARTESIAN_POINT('',(4.774901578182,3.91548753557));
#5514 = CARTESIAN_POINT('',(4.834067524467,3.943841073277));
#5515 = CARTESIAN_POINT('',(4.893355283245,3.999220384492));
#5516 = CARTESIAN_POINT('',(4.952896966087,4.080686048353));
#5517 = CARTESIAN_POINT('',(5.012826148196,4.186404108368));
#5518 = CARTESIAN_POINT('',(5.084654698837,4.337597114813));
#5519 = CARTESIAN_POINT('',(5.096043758884,4.362292514793));
#5520 = CARTESIAN_POINT('',(5.107453631094,4.387734316804));
#5521 = CARTESIAN_POINT('',(5.11888554032,4.413904265354));
#5522 = CARTESIAN_POINT('',(5.130340761354,4.44078317681));
#5523 = CARTESIAN_POINT('',(5.155416838644,4.501000940043));
#5524 = CARTESIAN_POINT('',(5.169047614754,4.534617178712));
#5525 = CARTESIAN_POINT('',(5.182715148993,4.569166267298));
#5526 = CARTESIAN_POINT('',(5.196421753731,4.604612988767));
#5527 = CARTESIAN_POINT('',(5.210169851971,4.640920297149));
#5528 = CARTESIAN_POINT('',(5.240790485109,4.723352415569));
#5529 = CARTESIAN_POINT('',(5.257684529134,4.769878752591));
#5530 = CARTESIAN_POINT('',(5.274648719163,4.817557850551));
#5531 = CARTESIAN_POINT('',(5.291687930647,4.866314827453));
#5532 = CARTESIAN_POINT('',(5.308807304747,4.916070397352));
#5533 = CARTESIAN_POINT('',(5.346868708569,5.028165466147));
#5534 = CARTESIAN_POINT('',(5.367850419786,5.090932625404));
#5535 = CARTESIAN_POINT('',(5.388967598887,5.15489552634));
#5536 = CARTESIAN_POINT('',(5.410230649811,5.21989441283));
#5537 = CARTESIAN_POINT('',(5.431650163528,5.285756594419));
#5538 = CARTESIAN_POINT('',(5.478667024311,5.43068319518));
#5539 = CARTESIAN_POINT('',(5.504329399181,5.51001045645));
#5540 = CARTESIAN_POINT('',(5.530243282156,5.589978115349));
#5541 = CARTESIAN_POINT('',(5.556427460592,5.670255203883));
#5542 = CARTESIAN_POINT('',(5.582901162179,5.750478433442));
#5543 = CARTESIAN_POINT('',(5.643078409165,5.92970915041));
#5544 = CARTESIAN_POINT('',(5.676961961096,6.028490628546));
#5545 = CARTESIAN_POINT('',(5.711364349143,6.125790874879));
#5546 = CARTESIAN_POINT('',(5.74631417844,6.220715795535));
#5547 = CARTESIAN_POINT('',(5.781842580323,6.312290762873));
#5548 = CARTESIAN_POINT('',(5.845756368687,6.466453452826));
#5549 = CARTESIAN_POINT('',(5.873893909355,6.530851698315));
#5550 = CARTESIAN_POINT('',(5.902389336545,6.592126522394));
#5551 = CARTESIAN_POINT('',(5.931236136826,6.649737939863));
#5552 = CARTESIAN_POINT('',(5.960430270311,6.703155441436));
#5553 = CARTESIAN_POINT('',(6.037190677937,6.82974091079));
#5554 = CARTESIAN_POINT('',(6.085386492134,6.895744856032));
#5555 = CARTESIAN_POINT('',(6.13429643645,6.947282248823));
#5556 = CARTESIAN_POINT('',(6.183700234141,6.982386866838));
#5557 = CARTESIAN_POINT('',(6.233396878608,7.));
#5558 = CARTESIAN_POINT('',(6.28318530718,7.));
#5559 = ( GEOMETRIC_REPRESENTATION_CONTEXT(2) 
PARAMETRIC_REPRESENTATION_CONTEXT() REPRESENTATION_CONTEXT('2D SPACE',''
  ) );
#5560 = ADVANCED_FACE('',(#5561),#5122,.F.);
#5561 = FACE_BOUND('',#5562,.F.);
#5562 = EDGE_LOOP('',(#5563,#5564,#5587,#5614,#5615));
#5563 = ORIENTED_EDGE('',*,*,#4928,.F.);
#5564 = ORIENTED_EDGE('',*,*,#5565,.F.);
#5565 = EDGE_CURVE('',#5566,#4929,#5568,.T.);
#5566 = VERTEX_POINT('',#5567);
#5567 = CARTESIAN_POINT('',(31.,-3.673940397442E-15,4.415E+03));
#5568 = SEAM_CURVE('',#5569,(#5573,#5580),.PCURVE_S1.);
#5569 = LINE('',#5570,#5571);
#5570 = CARTESIAN_POINT('',(31.,-3.673940397442E-15,4.415E+03));
#5571 = VECTOR('',#5572,1.);
#5572 = DIRECTION('',(1.,0.,2.22044604925E-16));
#5573 = PCURVE('',#5122,#5574);
#5574 = DEFINITIONAL_REPRESENTATION('',(#5575),#5579);
#5575 = LINE('',#5576,#5577);
#5576 = CARTESIAN_POINT('',(6.28318530718,-0.));
#5577 = VECTOR('',#5578,1.);
#5578 = DIRECTION('',(0.,1.));
#5579 = ( GEOMETRIC_REPRESENTATION_CONTEXT(2) 
PARAMETRIC_REPRESENTATION_CONTEXT() REPRESENTATION_CONTEXT('2D SPACE',''
  ) );
#5580 = PCURVE('',#5122,#5581);
#5581 = DEFINITIONAL_REPRESENTATION('',(#5582),#5586);
#5582 = LINE('',#5583,#5584);
#5583 = CARTESIAN_POINT('',(0.,-0.));
#5584 = VECTOR('',#5585,1.);
#5585 = DIRECTION('',(0.,1.));
#5586 = ( GEOMETRIC_REPRESENTATION_CONTEXT(2) 
PARAMETRIC_REPRESENTATION_CONTEXT() REPRESENTATION_CONTEXT('2D SPACE',''
  ) );
#5587 = ORIENTED_EDGE('',*,*,#5588,.T.);
#5588 = EDGE_CURVE('',#5566,#5566,#5589,.T.);
#5589 = SURFACE_CURVE('',#5590,(#5595,#5602),.PCURVE_S1.);
#5590 = CIRCLE('',#5591,15.);
#5591 = AXIS2_PLACEMENT_3D('',#5592,#5593,#5594);
#5592 = CARTESIAN_POINT('',(31.,0.,4.43E+03));
#5593 = DIRECTION('',(1.,-0.,2.22044604925E-16));
#5594 = DIRECTION('',(2.22044604925E-16,0.,-1.));
#5595 = PCURVE('',#5122,#5596);
#5596 = DEFINITIONAL_REPRESENTATION('',(#5597),#5601);
#5597 = LINE('',#5598,#5599);
#5598 = CARTESIAN_POINT('',(0.,0.));
#5599 = VECTOR('',#5600,1.);
#5600 = DIRECTION('',(1.,0.));
#5601 = ( GEOMETRIC_REPRESENTATION_CONTEXT(2) 
PARAMETRIC_REPRESENTATION_CONTEXT() REPRESENTATION_CONTEXT('2D SPACE',''
  ) );
#5602 = PCURVE('',#5603,#5608);
#5603 = PLANE('',#5604);
#5604 = AXIS2_PLACEMENT_3D('',#5605,#5606,#5607);
#5605 = CARTESIAN_POINT('',(31.,0.,4.43E+03));
#5606 = DIRECTION('',(1.,0.,2.22044604925E-16));
#5607 = DIRECTION('',(2.22044604925E-16,0.,-1.));
#5608 = DEFINITIONAL_REPRESENTATION('',(#5609),#5613);
#5609 = CIRCLE('',#5610,15.);
#5610 = AXIS2_PLACEMENT_2D('',#5611,#5612);
#5611 = CARTESIAN_POINT('',(0.,0.));
#5612 = DIRECTION('',(1.,0.));
#5613 = ( GEOMETRIC_REPRESENTATION_CONTEXT(2) 
PARAMETRIC_REPRESENTATION_CONTEXT() REPRESENTATION_CONTEXT('2D SPACE',''
  ) );
#5614 = ORIENTED_EDGE('',*,*,#5565,.T.);
#5615 = ORIENTED_EDGE('',*,*,#5273,.F.);
#5616 = ADVANCED_FACE('',(#5617),#5261,.T.);
#5617 = FACE_BOUND('',#5618,.T.);
#5618 = EDGE_LOOP('',(#5619,#5620,#5643,#5670));
#5619 = ORIENTED_EDGE('',*,*,#5246,.F.);
#5620 = ORIENTED_EDGE('',*,*,#5621,.F.);
#5621 = EDGE_CURVE('',#5622,#5224,#5624,.T.);
#5622 = VERTEX_POINT('',#5623);
#5623 = CARTESIAN_POINT('',(12.,-2.939152317954E-15,4.31E+03));
#5624 = SEAM_CURVE('',#5625,(#5629,#5636),.PCURVE_S1.);
#5625 = LINE('',#5626,#5627);
#5626 = CARTESIAN_POINT('',(12.,-2.939152317954E-15,4.31E+03));
#5627 = VECTOR('',#5628,1.);
#5628 = DIRECTION('',(0.654930538418,-1.604117175075E-16,0.75568908279)
  );
#5629 = PCURVE('',#5261,#5630);
#5630 = DEFINITIONAL_REPRESENTATION('',(#5631),#5635);
#5631 = LINE('',#5632,#5633);
#5632 = CARTESIAN_POINT('',(6.28318530718,-0.));
#5633 = VECTOR('',#5634,1.);
#5634 = DIRECTION('',(0.,1.));
#5635 = ( GEOMETRIC_REPRESENTATION_CONTEXT(2) 
PARAMETRIC_REPRESENTATION_CONTEXT() REPRESENTATION_CONTEXT('2D SPACE',''
  ) );
#5636 = PCURVE('',#5261,#5637);
#5637 = DEFINITIONAL_REPRESENTATION('',(#5638),#5642);
#5638 = LINE('',#5639,#5640);
#5639 = CARTESIAN_POINT('',(0.,-0.));
#5640 = VECTOR('',#5641,1.);
#5641 = DIRECTION('',(0.,1.));
#5642 = ( GEOMETRIC_REPRESENTATION_CONTEXT(2) 
PARAMETRIC_REPRESENTATION_CONTEXT() REPRESENTATION_CONTEXT('2D SPACE',''
  ) );
#5643 = ORIENTED_EDGE('',*,*,#5644,.T.);
#5644 = EDGE_CURVE('',#5622,#5622,#5645,.T.);
#5645 = SURFACE_CURVE('',#5646,(#5651,#5658),.PCURVE_S1.);
#5646 = CIRCLE('',#5647,12.);
#5647 = AXIS2_PLACEMENT_3D('',#5648,#5649,#5650);
#5648 = CARTESIAN_POINT('',(0.,0.,4.31E+03));
#5649 = DIRECTION('',(0.,0.,1.));
#5650 = DIRECTION('',(1.,0.,-0.));
#5651 = PCURVE('',#5261,#5652);
#5652 = DEFINITIONAL_REPRESENTATION('',(#5653),#5657);
#5653 = LINE('',#5654,#5655);
#5654 = CARTESIAN_POINT('',(0.,0.));
#5655 = VECTOR('',#5656,1.);
#5656 = DIRECTION('',(1.,0.));
#5657 = ( GEOMETRIC_REPRESENTATION_CONTEXT(2) 
PARAMETRIC_REPRESENTATION_CONTEXT() REPRESENTATION_CONTEXT('2D SPACE',''
  ) );
#5658 = PCURVE('',#5659,#5664);
#5659 = PLANE('',#5660);
#5660 = AXIS2_PLACEMENT_3D('',#5661,#5662,#5663);
#5661 = CARTESIAN_POINT('',(0.,0.,4.31E+03));
#5662 = DIRECTION('',(0.,0.,1.));
#5663 = DIRECTION('',(1.,0.,-0.));
#5664 = DEFINITIONAL_REPRESENTATION('',(#5665),#5669);
#5665 = CIRCLE('',#5666,12.);
#5666 = AXIS2_PLACEMENT_2D('',#5667,#5668);
#5667 = CARTESIAN_POINT('',(0.,0.));
#5668 = DIRECTION('',(1.,0.));
#5669 = ( GEOMETRIC_REPRESENTATION_CONTEXT(2) 
PARAMETRIC_REPRESENTATION_CONTEXT() REPRESENTATION_CONTEXT('2D SPACE',''
  ) );
#5670 = ORIENTED_EDGE('',*,*,#5621,.T.);
#5671 = ADVANCED_FACE('',(#5672,#5675,#5706),#4915,.T.);
#5672 = FACE_BOUND('',#5673,.T.);
#5673 = EDGE_LOOP('',(#5674));
#5674 = ORIENTED_EDGE('',*,*,#4900,.T.);
#5675 = FACE_BOUND('',#5676,.T.);
#5676 = EDGE_LOOP('',(#5677));
#5677 = ORIENTED_EDGE('',*,*,#5678,.F.);
#5678 = EDGE_CURVE('',#5679,#5679,#5681,.T.);
#5679 = VERTEX_POINT('',#5680);
#5680 = CARTESIAN_POINT('',(14.,-3.429011037613E-15,4.48E+03));
#5681 = SURFACE_CURVE('',#5682,(#5687,#5694),.PCURVE_S1.);
#5682 = CIRCLE('',#5683,14.);
#5683 = AXIS2_PLACEMENT_3D('',#5684,#5685,#5686);
#5684 = CARTESIAN_POINT('',(0.,0.,4.48E+03));
#5685 = DIRECTION('',(0.,0.,1.));
#5686 = DIRECTION('',(1.,0.,-0.));
#5687 = PCURVE('',#4915,#5688);
#5688 = DEFINITIONAL_REPRESENTATION('',(#5689),#5693);
#5689 = CIRCLE('',#5690,14.);
#5690 = AXIS2_PLACEMENT_2D('',#5691,#5692);
#5691 = CARTESIAN_POINT('',(0.,0.));
#5692 = DIRECTION('',(1.,0.));
#5693 = ( GEOMETRIC_REPRESENTATION_CONTEXT(2) 
PARAMETRIC_REPRESENTATION_CONTEXT() REPRESENTATION_CONTEXT('2D SPACE',''
  ) );
#5694 = PCURVE('',#5695,#5700);
#5695 = CYLINDRICAL_SURFACE('',#5696,14.);
#5696 = AXIS2_PLACEMENT_3D('',#5697,#5698,#5699);
#5697 = CARTESIAN_POINT('',(0.,0.,4.48E+03));
#5698 = DIRECTION('',(0.,0.,1.));
#5699 = DIRECTION('',(1.,0.,-0.));
#5700 = DEFINITIONAL_REPRESENTATION('',(#5701),#5705);
#5701 = LINE('',#5702,#5703);
#5702 = CARTESIAN_POINT('',(0.,0.));
#5703 = VECTOR('',#5704,1.);
#5704 = DIRECTION('',(1.,0.));
#5705 = ( GEOMETRIC_REPRESENTATION_CONTEXT(2) 
PARAMETRIC_REPRESENTATION_CONTEXT() REPRESENTATION_CONTEXT('2D SPACE',''
  ) );
#5706 = FACE_BOUND('',#5707,.T.);
#5707 = EDGE_LOOP('',(#5708));
#5708 = ORIENTED_EDGE('',*,*,#5709,.F.);
#5709 = EDGE_CURVE('',#5710,#5710,#5712,.T.);
#5710 = VERTEX_POINT('',#5711);
#5711 = CARTESIAN_POINT('',(37.,-1.714505518806E-15,4.48E+03));
#5712 = SURFACE_CURVE('',#5713,(#5718,#5725),.PCURVE_S1.);
#5713 = CIRCLE('',#5714,7.);
#5714 = AXIS2_PLACEMENT_3D('',#5715,#5716,#5717);
#5715 = CARTESIAN_POINT('',(30.,0.,4.48E+03));
#5716 = DIRECTION('',(0.,0.,1.));
#5717 = DIRECTION('',(1.,0.,-0.));
#5718 = PCURVE('',#4915,#5719);
#5719 = DEFINITIONAL_REPRESENTATION('',(#5720),#5724);
#5720 = CIRCLE('',#5721,7.);
#5721 = AXIS2_PLACEMENT_2D('',#5722,#5723);
#5722 = CARTESIAN_POINT('',(30.,0.));
#5723 = DIRECTION('',(1.,0.));
#5724 = ( GEOMETRIC_REPRESENTATION_CONTEXT(2) 
PARAMETRIC_REPRESENTATION_CONTEXT() REPRESENTATION_CONTEXT('2D SPACE',''
  ) );
#5725 = PCURVE('',#5726,#5731);
#5726 = CYLINDRICAL_SURFACE('',#5727,7.);
#5727 = AXIS2_PLACEMENT_3D('',#5728,#5729,#5730);
#5728 = CARTESIAN_POINT('',(30.,0.,4.48E+03));
#5729 = DIRECTION('',(0.,0.,1.));
#5730 = DIRECTION('',(1.,0.,-0.));
#5731 = DEFINITIONAL_REPRESENTATION('',(#5732),#5736);
#5732 = LINE('',#5733,#5734);
#5733 = CARTESIAN_POINT('',(0.,0.));
#5734 = VECTOR('',#5735,1.);
#5735 = DIRECTION('',(1.,0.));
#5736 = ( GEOMETRIC_REPRESENTATION_CONTEXT(2) 
PARAMETRIC_REPRESENTATION_CONTEXT() REPRESENTATION_CONTEXT('2D SPACE',''
  ) );
#5737 = ADVANCED_FACE('',(#5738),#5603,.T.);
#5738 = FACE_BOUND('',#5739,.F.);
#5739 = EDGE_LOOP('',(#5740));
#5740 = ORIENTED_EDGE('',*,*,#5588,.F.);
#5741 = ADVANCED_FACE('',(#5742,#5745),#5659,.F.);
#5742 = FACE_BOUND('',#5743,.F.);
#5743 = EDGE_LOOP('',(#5744));
#5744 = ORIENTED_EDGE('',*,*,#5644,.T.);
#5745 = FACE_BOUND('',#5746,.F.);
#5746 = EDGE_LOOP('',(#5747));
#5747 = ORIENTED_EDGE('',*,*,#5748,.F.);
#5748 = EDGE_CURVE('',#5749,#5749,#5751,.T.);
#5749 = VERTEX_POINT('',#5750);
#5750 = CARTESIAN_POINT('',(4.,-9.797174393179E-16,4.31E+03));
#5751 = SURFACE_CURVE('',#5752,(#5757,#5764),.PCURVE_S1.);
#5752 = CIRCLE('',#5753,4.);
#5753 = AXIS2_PLACEMENT_3D('',#5754,#5755,#5756);
#5754 = CARTESIAN_POINT('',(0.,0.,4.31E+03));
#5755 = DIRECTION('',(0.,0.,1.));
#5756 = DIRECTION('',(1.,0.,-0.));
#5757 = PCURVE('',#5659,#5758);
#5758 = DEFINITIONAL_REPRESENTATION('',(#5759),#5763);
#5759 = CIRCLE('',#5760,4.);
#5760 = AXIS2_PLACEMENT_2D('',#5761,#5762);
#5761 = CARTESIAN_POINT('',(0.,0.));
#5762 = DIRECTION('',(1.,0.));
#5763 = ( GEOMETRIC_REPRESENTATION_CONTEXT(2) 
PARAMETRIC_REPRESENTATION_CONTEXT() REPRESENTATION_CONTEXT('2D SPACE',''
  ) );
#5764 = PCURVE('',#5765,#5770);
#5765 = CYLINDRICAL_SURFACE('',#5766,4.);
#5766 = AXIS2_PLACEMENT_3D('',#5767,#5768,#5769);
#5767 = CARTESIAN_POINT('',(0.,0.,4.24E+03));
#5768 = DIRECTION('',(0.,0.,1.));
#5769 = DIRECTION('',(1.,0.,-0.));
#5770 = DEFINITIONAL_REPRESENTATION('',(#5771),#5775);
#5771 = LINE('',#5772,#5773);
#5772 = CARTESIAN_POINT('',(0.,70.));
#5773 = VECTOR('',#5774,1.);
#5774 = DIRECTION('',(1.,0.));
#5775 = ( GEOMETRIC_REPRESENTATION_CONTEXT(2) 
PARAMETRIC_REPRESENTATION_CONTEXT() REPRESENTATION_CONTEXT('2D SPACE',''
  ) );
#5776 = ADVANCED_FACE('',(#5777),#5695,.T.);
#5777 = FACE_BOUND('',#5778,.T.);
#5778 = EDGE_LOOP('',(#5779,#5808,#5829,#5830));
#5779 = ORIENTED_EDGE('',*,*,#5780,.F.);
#5780 = EDGE_CURVE('',#5781,#5781,#5783,.T.);
#5781 = VERTEX_POINT('',#5782);
#5782 = CARTESIAN_POINT('',(14.,-3.429011037613E-15,4.5E+03));
#5783 = SURFACE_CURVE('',#5784,(#5789,#5796),.PCURVE_S1.);
#5784 = CIRCLE('',#5785,14.);
#5785 = AXIS2_PLACEMENT_3D('',#5786,#5787,#5788);
#5786 = CARTESIAN_POINT('',(0.,0.,4.5E+03));
#5787 = DIRECTION('',(0.,0.,1.));
#5788 = DIRECTION('',(1.,0.,-0.));
#5789 = PCURVE('',#5695,#5790);
#5790 = DEFINITIONAL_REPRESENTATION('',(#5791),#5795);
#5791 = LINE('',#5792,#5793);
#5792 = CARTESIAN_POINT('',(0.,20.));
#5793 = VECTOR('',#5794,1.);
#5794 = DIRECTION('',(1.,0.));
#5795 = ( GEOMETRIC_REPRESENTATION_CONTEXT(2) 
PARAMETRIC_REPRESENTATION_CONTEXT() REPRESENTATION_CONTEXT('2D SPACE',''
  ) );
#5796 = PCURVE('',#5797,#5802);
#5797 = PLANE('',#5798);
#5798 = AXIS2_PLACEMENT_3D('',#5799,#5800,#5801);
#5799 = CARTESIAN_POINT('',(0.,0.,4.5E+03));
#5800 = DIRECTION('',(0.,0.,1.));
#5801 = DIRECTION('',(1.,0.,-0.));
#5802 = DEFINITIONAL_REPRESENTATION('',(#5803),#5807);
#5803 = CIRCLE('',#5804,14.);
#5804 = AXIS2_PLACEMENT_2D('',#5805,#5806);
#5805 = CARTESIAN_POINT('',(0.,0.));
#5806 = DIRECTION('',(1.,0.));
#5807 = ( GEOMETRIC_REPRESENTATION_CONTEXT(2) 
PARAMETRIC_REPRESENTATION_CONTEXT() REPRESENTATION_CONTEXT('2D SPACE',''
  ) );
#5808 = ORIENTED_EDGE('',*,*,#5809,.F.);
#5809 = EDGE_CURVE('',#5679,#5781,#5810,.T.);
#5810 = SEAM_CURVE('',#5811,(#5815,#5822),.PCURVE_S1.);
#5811 = LINE('',#5812,#5813);
#5812 = CARTESIAN_POINT('',(14.,-3.429011037613E-15,4.48E+03));
#5813 = VECTOR('',#5814,1.);
#5814 = DIRECTION('',(0.,0.,1.));
#5815 = PCURVE('',#5695,#5816);
#5816 = DEFINITIONAL_REPRESENTATION('',(#5817),#5821);
#5817 = LINE('',#5818,#5819);
#5818 = CARTESIAN_POINT('',(6.28318530718,-0.));
#5819 = VECTOR('',#5820,1.);
#5820 = DIRECTION('',(0.,1.));
#5821 = ( GEOMETRIC_REPRESENTATION_CONTEXT(2) 
PARAMETRIC_REPRESENTATION_CONTEXT() REPRESENTATION_CONTEXT('2D SPACE',''
  ) );
#5822 = PCURVE('',#5695,#5823);
#5823 = DEFINITIONAL_REPRESENTATION('',(#5824),#5828);
#5824 = LINE('',#5825,#5826);
#5825 = CARTESIAN_POINT('',(0.,-0.));
#5826 = VECTOR('',#5827,1.);
#5827 = DIRECTION('',(0.,1.));
#5828 = ( GEOMETRIC_REPRESENTATION_CONTEXT(2) 
PARAMETRIC_REPRESENTATION_CONTEXT() REPRESENTATION_CONTEXT('2D SPACE',''
  ) );
#5829 = ORIENTED_EDGE('',*,*,#5678,.T.);
#5830 = ORIENTED_EDGE('',*,*,#5809,.T.);
#5831 = ADVANCED_FACE('',(#5832),#5726,.T.);
#5832 = FACE_BOUND('',#5833,.T.);
#5833 = EDGE_LOOP('',(#5834,#5863,#5884,#5885));
#5834 = ORIENTED_EDGE('',*,*,#5835,.F.);
#5835 = EDGE_CURVE('',#5836,#5836,#5838,.T.);
#5836 = VERTEX_POINT('',#5837);
#5837 = CARTESIAN_POINT('',(37.,-1.714505518806E-15,4.496E+03));
#5838 = SURFACE_CURVE('',#5839,(#5844,#5851),.PCURVE_S1.);
#5839 = CIRCLE('',#5840,7.);
#5840 = AXIS2_PLACEMENT_3D('',#5841,#5842,#5843);
#5841 = CARTESIAN_POINT('',(30.,0.,4.496E+03));
#5842 = DIRECTION('',(0.,0.,1.));
#5843 = DIRECTION('',(1.,0.,-0.));
#5844 = PCURVE('',#5726,#5845);
#5845 = DEFINITIONAL_REPRESENTATION('',(#5846),#5850);
#5846 = LINE('',#5847,#5848);
#5847 = CARTESIAN_POINT('',(0.,16.));
#5848 = VECTOR('',#5849,1.);
#5849 = DIRECTION('',(1.,0.));
#5850 = ( GEOMETRIC_REPRESENTATION_CONTEXT(2) 
PARAMETRIC_REPRESENTATION_CONTEXT() REPRESENTATION_CONTEXT('2D SPACE',''
  ) );
#5851 = PCURVE('',#5852,#5857);
#5852 = PLANE('',#5853);
#5853 = AXIS2_PLACEMENT_3D('',#5854,#5855,#5856);
#5854 = CARTESIAN_POINT('',(30.,0.,4.496E+03));
#5855 = DIRECTION('',(0.,0.,1.));
#5856 = DIRECTION('',(1.,0.,-0.));
#5857 = DEFINITIONAL_REPRESENTATION('',(#5858),#5862);
#5858 = CIRCLE('',#5859,7.);
#5859 = AXIS2_PLACEMENT_2D('',#5860,#5861);
#5860 = CARTESIAN_POINT('',(0.,0.));
#5861 = DIRECTION('',(1.,0.));
#5862 = ( GEOMETRIC_REPRESENTATION_CONTEXT(2) 
PARAMETRIC_REPRESENTATION_CONTEXT() REPRESENTATION_CONTEXT('2D SPACE',''
  ) );
#5863 = ORIENTED_EDGE('',*,*,#5864,.F.);
#5864 = EDGE_CURVE('',#5710,#5836,#5865,.T.);
#5865 = SEAM_CURVE('',#5866,(#5870,#5877),.PCURVE_S1.);
#5866 = LINE('',#5867,#5868);
#5867 = CARTESIAN_POINT('',(37.,-1.714505518806E-15,4.48E+03));
#5868 = VECTOR('',#5869,1.);
#5869 = DIRECTION('',(0.,0.,1.));
#5870 = PCURVE('',#5726,#5871);
#5871 = DEFINITIONAL_REPRESENTATION('',(#5872),#5876);
#5872 = LINE('',#5873,#5874);
#5873 = CARTESIAN_POINT('',(6.28318530718,-0.));
#5874 = VECTOR('',#5875,1.);
#5875 = DIRECTION('',(0.,1.));
#5876 = ( GEOMETRIC_REPRESENTATION_CONTEXT(2) 
PARAMETRIC_REPRESENTATION_CONTEXT() REPRESENTATION_CONTEXT('2D SPACE',''
  ) );
#5877 = PCURVE('',#5726,#5878);
#5878 = DEFINITIONAL_REPRESENTATION('',(#5879),#5883);
#5879 = LINE('',#5880,#5881);
#5880 = CARTESIAN_POINT('',(0.,-0.));
#5881 = VECTOR('',#5882,1.);
#5882 = DIRECTION('',(0.,1.));
#5883 = ( GEOMETRIC_REPRESENTATION_CONTEXT(2) 
PARAMETRIC_REPRESENTATION_CONTEXT() REPRESENTATION_CONTEXT('2D SPACE',''
  ) );
#5884 = ORIENTED_EDGE('',*,*,#5709,.T.);
#5885 = ORIENTED_EDGE('',*,*,#5864,.T.);
#5886 = ADVANCED_FACE('',(#5887),#5765,.F.);
#5887 = FACE_BOUND('',#5888,.F.);
#5888 = EDGE_LOOP('',(#5889,#5913,#5934,#5935));
#5889 = ORIENTED_EDGE('',*,*,#5890,.F.);
#5890 = EDGE_CURVE('',#5891,#5891,#5893,.T.);
#5891 = VERTEX_POINT('',#5892);
#5892 = CARTESIAN_POINT('',(4.,-9.797174393179E-16,4.5E+03));
#5893 = SURFACE_CURVE('',#5894,(#5899,#5906),.PCURVE_S1.);
#5894 = CIRCLE('',#5895,4.);
#5895 = AXIS2_PLACEMENT_3D('',#5896,#5897,#5898);
#5896 = CARTESIAN_POINT('',(0.,0.,4.5E+03));
#5897 = DIRECTION('',(0.,0.,1.));
#5898 = DIRECTION('',(1.,0.,-0.));
#5899 = PCURVE('',#5765,#5900);
#5900 = DEFINITIONAL_REPRESENTATION('',(#5901),#5905);
#5901 = LINE('',#5902,#5903);
#5902 = CARTESIAN_POINT('',(0.,260.));
#5903 = VECTOR('',#5904,1.);
#5904 = DIRECTION('',(1.,0.));
#5905 = ( GEOMETRIC_REPRESENTATION_CONTEXT(2) 
PARAMETRIC_REPRESENTATION_CONTEXT() REPRESENTATION_CONTEXT('2D SPACE',''
  ) );
#5906 = PCURVE('',#5797,#5907);
#5907 = DEFINITIONAL_REPRESENTATION('',(#5908),#5912);
#5908 = CIRCLE('',#5909,4.);
#5909 = AXIS2_PLACEMENT_2D('',#5910,#5911);
#5910 = CARTESIAN_POINT('',(0.,0.));
#5911 = DIRECTION('',(1.,0.));
#5912 = ( GEOMETRIC_REPRESENTATION_CONTEXT(2) 
PARAMETRIC_REPRESENTATION_CONTEXT() REPRESENTATION_CONTEXT('2D SPACE',''
  ) );
#5913 = ORIENTED_EDGE('',*,*,#5914,.F.);
#5914 = EDGE_CURVE('',#5749,#5891,#5915,.T.);
#5915 = SEAM_CURVE('',#5916,(#5920,#5927),.PCURVE_S1.);
#5916 = LINE('',#5917,#5918);
#5917 = CARTESIAN_POINT('',(4.,-9.797174393179E-16,4.24E+03));
#5918 = VECTOR('',#5919,1.);
#5919 = DIRECTION('',(0.,0.,1.));
#5920 = PCURVE('',#5765,#5921);
#5921 = DEFINITIONAL_REPRESENTATION('',(#5922),#5926);
#5922 = LINE('',#5923,#5924);
#5923 = CARTESIAN_POINT('',(6.28318530718,-0.));
#5924 = VECTOR('',#5925,1.);
#5925 = DIRECTION('',(0.,1.));
#5926 = ( GEOMETRIC_REPRESENTATION_CONTEXT(2) 
PARAMETRIC_REPRESENTATION_CONTEXT() REPRESENTATION_CONTEXT('2D SPACE',''
  ) );
#5927 = PCURVE('',#5765,#5928);
#5928 = DEFINITIONAL_REPRESENTATION('',(#5929),#5933);
#5929 = LINE('',#5930,#5931);
#5930 = CARTESIAN_POINT('',(0.,-0.));
#5931 = VECTOR('',#5932,1.);
#5932 = DIRECTION('',(0.,1.));
#5933 = ( GEOMETRIC_REPRESENTATION_CONTEXT(2) 
PARAMETRIC_REPRESENTATION_CONTEXT() REPRESENTATION_CONTEXT('2D SPACE',''
  ) );
#5934 = ORIENTED_EDGE('',*,*,#5748,.T.);
#5935 = ORIENTED_EDGE('',*,*,#5914,.T.);
#5936 = ADVANCED_FACE('',(#5937,#5940),#5797,.T.);
#5937 = FACE_BOUND('',#5938,.T.);
#5938 = EDGE_LOOP('',(#5939));
#5939 = ORIENTED_EDGE('',*,*,#5780,.T.);
#5940 = FACE_BOUND('',#5941,.T.);
#5941 = EDGE_LOOP('',(#5942));
#5942 = ORIENTED_EDGE('',*,*,#5890,.F.);
#5943 = ADVANCED_FACE('',(#5944),#5852,.T.);
#5944 = FACE_BOUND('',#5945,.T.);
#5945 = EDGE_LOOP('',(#5946));
#5946 = ORIENTED_EDGE('',*,*,#5835,.T.);
#5947 = MANIFOLD_SOLID_BREP('',#5948);
#5948 = CLOSED_SHELL('',(#5949,#6643,#6699,#6754,#6820,#6824,#6859,#6914
    ,#6969,#7019,#7026));
#5949 = ADVANCED_FACE('',(#5950),#5964,.T.);
#5950 = FACE_BOUND('',#5951,.T.);
#5951 = EDGE_LOOP('',(#5952,#5982,#6009,#6010,#6305,#6328,#6354,#6355));
#5952 = ORIENTED_EDGE('',*,*,#5953,.T.);
#5953 = EDGE_CURVE('',#5954,#5956,#5958,.T.);
#5954 = VERTEX_POINT('',#5955);
#5955 = CARTESIAN_POINT('',(38.,-9.30731567352E-15,5.385E+03));
#5956 = VERTEX_POINT('',#5957);
#5957 = CARTESIAN_POINT('',(38.,-9.30731567352E-15,5.42E+03));
#5958 = SEAM_CURVE('',#5959,(#5963,#5975),.PCURVE_S1.);
#5959 = LINE('',#5960,#5961);
#5960 = CARTESIAN_POINT('',(38.,-9.30731567352E-15,5.28E+03));
#5961 = VECTOR('',#5962,1.);
#5962 = DIRECTION('',(0.,0.,1.));
#5963 = PCURVE('',#5964,#5969);
#5964 = CYLINDRICAL_SURFACE('',#5965,38.);
#5965 = AXIS2_PLACEMENT_3D('',#5966,#5967,#5968);
#5966 = CARTESIAN_POINT('',(0.,0.,5.28E+03));
#5967 = DIRECTION('',(0.,0.,1.));
#5968 = DIRECTION('',(1.,0.,-0.));
#5969 = DEFINITIONAL_REPRESENTATION('',(#5970),#5974);
#5970 = LINE('',#5971,#5972);
#5971 = CARTESIAN_POINT('',(6.28318530718,-0.));
#5972 = VECTOR('',#5973,1.);
#5973 = DIRECTION('',(0.,1.));
#5974 = ( GEOMETRIC_REPRESENTATION_CONTEXT(2) 
PARAMETRIC_REPRESENTATION_CONTEXT() REPRESENTATION_CONTEXT('2D SPACE',''
  ) );
#5975 = PCURVE('',#5964,#5976);
#5976 = DEFINITIONAL_REPRESENTATION('',(#5977),#5981);
#5977 = LINE('',#5978,#5979);
#5978 = CARTESIAN_POINT('',(0.,-0.));
#5979 = VECTOR('',#5980,1.);
#5980 = DIRECTION('',(0.,1.));
#5981 = ( GEOMETRIC_REPRESENTATION_CONTEXT(2) 
PARAMETRIC_REPRESENTATION_CONTEXT() REPRESENTATION_CONTEXT('2D SPACE',''
  ) );
#5982 = ORIENTED_EDGE('',*,*,#5983,.F.);
#5983 = EDGE_CURVE('',#5956,#5956,#5984,.T.);
#5984 = SURFACE_CURVE('',#5985,(#5990,#5997),.PCURVE_S1.);
#5985 = CIRCLE('',#5986,38.);
#5986 = AXIS2_PLACEMENT_3D('',#5987,#5988,#5989);
#5987 = CARTESIAN_POINT('',(0.,0.,5.42E+03));
#5988 = DIRECTION('',(0.,0.,1.));
#5989 = DIRECTION('',(1.,0.,-0.));
#5990 = PCURVE('',#5964,#5991);
#5991 = DEFINITIONAL_REPRESENTATION('',(#5992),#5996);
#5992 = LINE('',#5993,#5994);
#5993 = CARTESIAN_POINT('',(0.,140.));
#5994 = VECTOR('',#5995,1.);
#5995 = DIRECTION('',(1.,0.));
#5996 = ( GEOMETRIC_REPRESENTATION_CONTEXT(2) 
PARAMETRIC_REPRESENTATION_CONTEXT() REPRESENTATION_CONTEXT('2D SPACE',''
  ) );
#5997 = PCURVE('',#5998,#6003);
#5998 = PLANE('',#5999);
#5999 = AXIS2_PLACEMENT_3D('',#6000,#6001,#6002);
#6000 = CARTESIAN_POINT('',(0.,0.,5.42E+03));
#6001 = DIRECTION('',(0.,0.,1.));
#6002 = DIRECTION('',(1.,0.,-0.));
#6003 = DEFINITIONAL_REPRESENTATION('',(#6004),#6008);
#6004 = CIRCLE('',#6005,38.);
#6005 = AXIS2_PLACEMENT_2D('',#6006,#6007);
#6006 = CARTESIAN_POINT('',(0.,0.));
#6007 = DIRECTION('',(1.,0.));
#6008 = ( GEOMETRIC_REPRESENTATION_CONTEXT(2) 
PARAMETRIC_REPRESENTATION_CONTEXT() REPRESENTATION_CONTEXT('2D SPACE',''
  ) );
#6009 = ORIENTED_EDGE('',*,*,#5953,.F.);
#6010 = ORIENTED_EDGE('',*,*,#6011,.F.);
#6011 = EDGE_CURVE('',#6012,#5954,#6014,.T.);
#6012 = VERTEX_POINT('',#6013);
#6013 = CARTESIAN_POINT('',(38.,-6.490628035481E-15,5.355E+03));
#6014 = SURFACE_CURVE('',#6015,(#6108,#6204),.PCURVE_S1.);
#6015 = B_SPLINE_CURVE_WITH_KNOTS('',6,(#6016,#6017,#6018,#6019,#6020,
    #6021,#6022,#6023,#6024,#6025,#6026,#6027,#6028,#6029,#6030,#6031,
    #6032,#6033,#6034,#6035,#6036,#6037,#6038,#6039,#6040,#6041,#6042,
    #6043,#6044,#6045,#6046,#6047,#6048,#6049,#6050,#6051,#6052,#6053,
    #6054,#6055,#6056,#6057,#6058,#6059,#6060,#6061,#6062,#6063,#6064,
    #6065,#6066,#6067,#6068,#6069,#6070,#6071,#6072,#6073,#6074,#6075,
    #6076,#6077,#6078,#6079,#6080,#6081,#6082,#6083,#6084,#6085,#6086,
    #6087,#6088,#6089,#6090,#6091,#6092,#6093,#6094,#6095,#6096,#6097,
    #6098,#6099,#6100,#6101,#6102,#6103,#6104,#6105,#6106,#6107),
  .UNSPECIFIED.,.F.,.F.,(7,5,5,5,5,5,5,5,5,5,5,5,5,5,5,5,5,5,7),(0.,
    7.737113598679E-02,0.125657874997,0.187572141763,0.237931229511,
    0.280470745465,0.315778351282,0.344748131672,0.369184848864,
    0.501219711383,0.630775610448,0.655138776849,0.683993399945,
    0.719200464523,0.761879752518,0.81215775185,0.874843306925,
    0.923007381319,1.),.UNSPECIFIED.);
#6016 = CARTESIAN_POINT('',(38.,-1.836970198721E-15,5.355E+03));
#6017 = CARTESIAN_POINT('',(38.,0.750507073978,5.355E+03));
#6018 = CARTESIAN_POINT('',(37.982212832065,1.499588430135,
    5.355045060982E+03));
#6019 = CARTESIAN_POINT('',(37.946765090637,2.240820885326,
    5.355134861194E+03));
#6020 = CARTESIAN_POINT('',(37.894735912703,2.967848171029,
    5.355267527308E+03));
#6021 = CARTESIAN_POINT('',(37.828126089802,3.674582185984,
    5.355439655597E+03));
#6022 = CARTESIAN_POINT('',(37.700554261788,4.780286994943,
    5.355775162205E+03));
#6023 = CARTESIAN_POINT('',(37.646821811784,5.19560039529,
    5.355917664163E+03));
#6024 = CARTESIAN_POINT('',(37.588893086774,5.600848011862,
    5.356072867197E+03));
#6025 = CARTESIAN_POINT('',(37.527302350529,5.995595619775,
    5.35623987828E+03));
#6026 = CARTESIAN_POINT('',(37.462592769008,6.379462843458,
    5.356417782942E+03));
#6027 = CARTESIAN_POINT('',(37.309027231493,7.22995537949,
    5.356846517932E+03));
#6028 = CARTESIAN_POINT('',(37.218494153783,7.689453769188,
    5.357103805083E+03));
#6029 = CARTESIAN_POINT('',(37.124711796754,8.130641071407,
    5.357375902271E+03));
#6030 = CARTESIAN_POINT('',(37.028618108299,8.553611542154,
    5.357661351352E+03));
#6031 = CARTESIAN_POINT('',(36.931074298438,8.958528967973,
    5.357958834229E+03));
#6032 = CARTESIAN_POINT('',(36.752968691677,9.660476480943,
    5.358517960913E+03));
#6033 = CARTESIAN_POINT('',(36.67262010737,9.963597142427,
    5.358775979043E+03));
#6034 = CARTESIAN_POINT('',(36.592209997635,10.255172660293,
    5.359040652057E+03));
#6035 = CARTESIAN_POINT('',(36.512103900763,10.535390161345,
    5.35931146912E+03));
#6036 = CARTESIAN_POINT('',(36.432634791153,10.804438396796,
    5.359587981293E+03));
#6037 = CARTESIAN_POINT('',(36.287768195146,11.28050543317,
    5.360107862071E+03));
#6038 = CARTESIAN_POINT('',(36.222101737152,11.490669677638,
    5.360349710976E+03));
#6039 = CARTESIAN_POINT('',(36.157289155852,11.693107011329,
    5.360595107005E+03));
#6040 = CARTESIAN_POINT('',(36.09350164761,11.887919012666,
    5.36084383152E+03));
#6041 = CARTESIAN_POINT('',(36.030897626731,12.075202516042,
    5.361095688646E+03));
#6042 = CARTESIAN_POINT('',(35.918764834578,12.404321887784,
    5.361562001923E+03));
#6043 = CARTESIAN_POINT('',(35.868823855075,12.548468040919,
    5.36177553247E+03));
#6044 = CARTESIAN_POINT('',(35.819884327582,12.687537396631,
    5.361990993423E+03));
#6045 = CARTESIAN_POINT('',(35.772026332925,12.82157488073,
    5.362208286353E+03));
#6046 = CARTESIAN_POINT('',(35.725325492124,12.950621019427,
    5.362427317896E+03));
#6047 = CARTESIAN_POINT('',(35.642542900939,13.176528151864,
    5.362829068519E+03));
#6048 = CARTESIAN_POINT('',(35.606059827855,13.275008405929,
    5.363011247921E+03));
#6049 = CARTESIAN_POINT('',(35.570443133356,13.370172606842,
    5.363194488912E+03));
#6050 = CARTESIAN_POINT('',(35.53573034504,13.462038846964,
    5.363378743744E+03));
#6051 = CARTESIAN_POINT('',(35.501957131894,13.550623405697,
    5.363563965963E+03));
#6052 = CARTESIAN_POINT('',(35.441489848744,13.707908012399,
    5.363907127798E+03));
#6053 = CARTESIAN_POINT('',(35.414514997093,13.77755055971,
    5.364064801274E+03));
#6054 = CARTESIAN_POINT('',(35.388253056602,13.844877077194,
    5.364223103663E+03));
#6055 = CARTESIAN_POINT('',(35.362723395245,13.909895468908,
    5.364382008147E+03));
#6056 = CARTESIAN_POINT('',(35.337944441704,13.9726128572,
    5.364541488267E+03));
#6057 = CARTESIAN_POINT('',(35.184200346508,14.35950767766,
    5.365566179622E+03));
#6058 = CARTESIAN_POINT('',(35.076836633787,14.619133471383,
    5.366447263202E+03));
#6059 = CARTESIAN_POINT('',(34.994712807906,14.812618398367,
    5.36734016344E+03));
#6060 = CARTESIAN_POINT('',(34.939754605144,14.940472137532,
    5.368240791052E+03));
#6061 = CARTESIAN_POINT('',(34.912920744475,15.002932242136,
    5.369145330646E+03));
#6062 = CARTESIAN_POINT('',(34.91548753557,14.996957708981,
    5.370937683943E+03));
#6063 = CARTESIAN_POINT('',(34.943841073276,14.930960395798,
    5.371824957892E+03));
#6064 = CARTESIAN_POINT('',(34.999220384495,14.801990082211,
    5.372708254233E+03));
#6065 = CARTESIAN_POINT('',(35.080686048348,14.609813613744,
    5.373583966226E+03));
#6066 = CARTESIAN_POINT('',(35.186404108371,14.353944087376,
    5.374448228076E+03));
#6067 = CARTESIAN_POINT('',(35.337597114813,13.973490235692,
    5.375456249168E+03));
#6068 = CARTESIAN_POINT('',(35.362292514793,13.910988999318,
    5.375615258305E+03));
#6069 = CARTESIAN_POINT('',(35.387734316804,13.846200599761,
    5.375773695524E+03));
#6070 = CARTESIAN_POINT('',(35.413904265354,13.779117985011,
    5.375931534605E+03));
#6071 = CARTESIAN_POINT('',(35.44078317681,13.709733331116,
    5.376088748976E+03));
#6072 = CARTESIAN_POINT('',(35.501000940043,13.553125411963,
    5.376430737472E+03));
#6073 = CARTESIAN_POINT('',(35.534617178712,13.464971641,
    5.376615249039E+03));
#6074 = CARTESIAN_POINT('',(35.569166267298,13.373562454214,
    5.376798801795E+03));
#6075 = CARTESIAN_POINT('',(35.604612988767,13.278881793562,
    5.376981349855E+03));
#6076 = CARTESIAN_POINT('',(35.640920297149,13.180911818038,
    5.377162846065E+03));
#6077 = CARTESIAN_POINT('',(35.72335241557,12.956057098643,
    5.377563352706E+03));
#6078 = CARTESIAN_POINT('',(35.769878752591,12.827555073644,
    5.377781824794E+03));
#6079 = CARTESIAN_POINT('',(35.817557850552,12.694091094878,
    5.377998570777E+03));
#6080 = CARTESIAN_POINT('',(35.866314827453,12.555625078566,
    5.378213498182E+03));
#6081 = CARTESIAN_POINT('',(35.916070397353,12.41211259095,
    5.378426509556E+03));
#6082 = CARTESIAN_POINT('',(36.028165466147,12.083357121609,
    5.378893275766E+03));
#6083 = CARTESIAN_POINT('',(36.090932625404,11.895726603534,
    5.379146075695E+03));
#6084 = CARTESIAN_POINT('',(36.15489552634,11.700520480788,
    5.379395727817E+03));
#6085 = CARTESIAN_POINT('',(36.21989441283,11.497641122515,
    5.379642034677E+03));
#6086 = CARTESIAN_POINT('',(36.285756594419,11.286986080282,
    5.379884775795E+03));
#6087 = CARTESIAN_POINT('',(36.430683195181,10.811001126303,
    5.380405179478E+03));
#6088 = CARTESIAN_POINT('',(36.51001045645,10.542613376615,
    5.380681365992E+03));
#6089 = CARTESIAN_POINT('',(36.589978115349,10.263095244754,
    5.380951882796E+03));
#6090 = CARTESIAN_POINT('',(36.670255203883,9.972258883068,
    5.381216283887E+03));
#6091 = CARTESIAN_POINT('',(36.750478433442,9.669917975698,
    5.381474061829E+03));
#6092 = CARTESIAN_POINT('',(36.929709150415,8.964360942503,
    5.382037073383E+03));
#6093 = CARTESIAN_POINT('',(37.028490628545,8.554568723011,
    5.38233839535E+03));
#6094 = CARTESIAN_POINT('',(37.125790874875,8.126270352059,
    5.382627389433E+03));
#6095 = CARTESIAN_POINT('',(37.220715795535,7.679296745763,
    5.382902687122E+03));
#6096 = CARTESIAN_POINT('',(37.312290762877,7.213552090162,
    5.383162772972E+03));
#6097 = CARTESIAN_POINT('',(37.46645345284,6.356725006701,
    5.383592849856E+03));
#6098 = CARTESIAN_POINT('',(37.530851698309,5.973286287052,
    5.383769781389E+03));
#6099 = CARTESIAN_POINT('',(37.592126522383,5.579030819666,
    5.383935840331E+03));
#6100 = CARTESIAN_POINT('',(37.649737939863,5.174343128413,
    5.384090116848E+03));
#6101 = CARTESIAN_POINT('',(37.703155441447,4.759661239075,
    5.384231723677E+03));
#6102 = CARTESIAN_POINT('',(37.829740910884,3.657397715457,
    5.384564516655E+03));
#6103 = CARTESIAN_POINT('',(37.895744855971,2.953715141954,
    5.38473504542E+03));
#6104 = CARTESIAN_POINT('',(37.947282248773,2.230000446288,
    5.384866448909E+03));
#6105 = CARTESIAN_POINT('',(37.982386866877,1.492276156939,
    5.384955379917E+03));
#6106 = CARTESIAN_POINT('',(38.,0.746826427754,5.385E+03));
#6107 = CARTESIAN_POINT('',(38.,2.755455298082E-15,5.385E+03));
#6108 = PCURVE('',#5964,#6109);
#6109 = DEFINITIONAL_REPRESENTATION('',(#6110),#6203);
#6110 = B_SPLINE_CURVE_WITH_KNOTS('',6,(#6111,#6112,#6113,#6114,#6115,
    #6116,#6117,#6118,#6119,#6120,#6121,#6122,#6123,#6124,#6125,#6126,
    #6127,#6128,#6129,#6130,#6131,#6132,#6133,#6134,#6135,#6136,#6137,
    #6138,#6139,#6140,#6141,#6142,#6143,#6144,#6145,#6146,#6147,#6148,
    #6149,#6150,#6151,#6152,#6153,#6154,#6155,#6156,#6157,#6158,#6159,
    #6160,#6161,#6162,#6163,#6164,#6165,#6166,#6167,#6168,#6169,#6170,
    #6171,#6172,#6173,#6174,#6175,#6176,#6177,#6178,#6179,#6180,#6181,
    #6182,#6183,#6184,#6185,#6186,#6187,#6188,#6189,#6190,#6191,#6192,
    #6193,#6194,#6195,#6196,#6197,#6198,#6199,#6200,#6201,#6202),
  .UNSPECIFIED.,.F.,.F.,(7,5,5,5,5,5,5,5,5,5,5,5,5,5,5,5,5,5,7),(0.,
    7.737113598679E-02,0.125657874997,0.187572141763,0.237931229511,
    0.280470745465,0.315778351282,0.344748131672,0.369184848864,
    0.501219711383,0.630775610448,0.655138776849,0.683993399945,
    0.719200464523,0.761879752518,0.81215775185,0.874843306925,
    0.923007381319,1.),.UNSPECIFIED.);
#6111 = CARTESIAN_POINT('',(0.,75.));
#6112 = CARTESIAN_POINT('',(1.975018615732E-02,75.));
#6113 = CARTESIAN_POINT('',(3.946285709243E-02,75.045060981898));
#6114 = CARTESIAN_POINT('',(5.898282321444E-02,75.134861193909));
#6115 = CARTESIAN_POINT('',(7.815650883462E-02,75.267527307706));
#6116 = CARTESIAN_POINT('',(9.683312039932E-02,75.439655597232));
#6117 = CARTESIAN_POINT('',(0.126123642628,75.775162205318));
#6118 = CARTESIAN_POINT('',(0.137142984349,75.917664163025));
#6119 = CARTESIAN_POINT('',(0.147914410377,76.072867197464));
#6120 = CARTESIAN_POINT('',(0.158426975195,76.239878279503));
#6121 = CARTESIAN_POINT('',(0.168670576598,76.417782941866));
#6122 = CARTESIAN_POINT('',(0.191413873807,76.846517932252));
#6123 = CARTESIAN_POINT('',(0.203736846974,77.103805083417));
#6124 = CARTESIAN_POINT('',(0.215604565492,77.375902271047));
#6125 = CARTESIAN_POINT('',(0.227017504731,77.661351351844));
#6126 = CARTESIAN_POINT('',(0.237977250452,77.958834228566));
#6127 = CARTESIAN_POINT('',(0.257034895877,78.51796091275));
#6128 = CARTESIAN_POINT('',(0.265286771254,78.775979042766));
#6129 = CARTESIAN_POINT('',(0.273245679623,79.040652057334));
#6130 = CARTESIAN_POINT('',(0.28091476692,79.311469120021));
#6131 = CARTESIAN_POINT('',(0.288297131713,79.587981292506));
#6132 = CARTESIAN_POINT('',(0.30139240781,80.107862070524));
#6133 = CARTESIAN_POINT('',(0.307186574371,80.349710975841));
#6134 = CARTESIAN_POINT('',(0.312780043818,80.59510700532));
#6135 = CARTESIAN_POINT('',(0.318174331028,80.843831520049));
#6136 = CARTESIAN_POINT('',(0.323370826962,81.095688646031));
#6137 = CARTESIAN_POINT('',(0.332520752561,81.562001922906));
#6138 = CARTESIAN_POINT('',(0.336535236152,81.775532469685));
#6139 = CARTESIAN_POINT('',(0.340414884283,81.990993422752));
#6140 = CARTESIAN_POINT('',(0.344160226602,82.208286353415));
#6141 = CARTESIAN_POINT('',(0.347771687562,82.427317896054));
#6142 = CARTESIAN_POINT('',(0.354103191581,82.829068519077));
#6143 = CARTESIAN_POINT('',(0.356866880891,83.011247921032));
#6144 = CARTESIAN_POINT('',(0.359540829913,83.194488911909));
#6145 = CARTESIAN_POINT('',(0.362125175583,83.378743743867));
#6146 = CARTESIAN_POINT('',(0.364620016216,83.563965963306));
#6147 = CARTESIAN_POINT('',(0.369054421166,83.907127797959));
#6148 = CARTESIAN_POINT('',(0.371019788336,84.064801274083));
#6149 = CARTESIAN_POINT('',(0.372921549112,84.223103663078));
#6150 = CARTESIAN_POINT('',(0.374759725429,84.382008147184));
#6151 = CARTESIAN_POINT('',(0.376534325062,84.541488267034));
#6152 = CARTESIAN_POINT('',(0.387490193755,85.566179622407));
#6153 = CARTESIAN_POINT('',(0.394882884961,86.447263201634));
#6154 = CARTESIAN_POINT('',(0.400414199361,87.340163439572));
#6155 = CARTESIAN_POINT('',(0.40407644631,88.240791052339));
#6156 = CARTESIAN_POINT('',(0.405865401042,89.145330646288));
#6157 = CARTESIAN_POINT('',(0.405694280685,90.937683942751));
#6158 = CARTESIAN_POINT('',(0.403804014338,91.8249578923));
#6159 = CARTESIAN_POINT('',(0.400110395814,92.708254233446));
#6160 = CARTESIAN_POINT('',(0.394617554642,93.583966226281));
#6161 = CARTESIAN_POINT('',(0.387332716106,94.448228076202));
#6162 = CARTESIAN_POINT('',(0.37655915729,95.456249167912));
#6163 = CARTESIAN_POINT('',(0.374790655844,95.615258304983));
#6164 = CARTESIAN_POINT('',(0.372958958193,95.773695523912));
#6165 = CARTESIAN_POINT('',(0.371064056744,95.931534605221));
#6166 = CARTESIAN_POINT('',(0.369105929932,96.088748976095));
#6167 = CARTESIAN_POINT('',(0.364690502797,96.430737472133));
#6168 = CARTESIAN_POINT('',(0.362207726409,96.615249038915));
#6169 = CARTESIAN_POINT('',(0.359636154452,96.798801794935));
#6170 = CARTESIAN_POINT('',(0.356975690375,96.981349855193));
#6171 = CARTESIAN_POINT('',(0.35422619967,97.162846065471));
#6172 = CARTESIAN_POINT('',(0.347923873066,97.563352706191));
#6173 = CARTESIAN_POINT('',(0.344327438657,97.781824794232));
#6174 = CARTESIAN_POINT('',(0.340597892049,97.998570776548));
#6175 = CARTESIAN_POINT('',(0.336734814715,98.213498181566));
#6176 = CARTESIAN_POINT('',(0.332737684197,98.426509556065));
#6177 = CARTESIAN_POINT('',(0.323597143203,98.89327576637));
#6178 = CARTESIAN_POINT('',(0.318390625552,99.146075694642));
#6179 = CARTESIAN_POINT('',(0.312985046297,99.395727817083));
#6180 = CARTESIAN_POINT('',(0.307379004949,99.642034677213));
#6181 = CARTESIAN_POINT('',(0.301570975393,99.884775794973));
#6182 = CARTESIAN_POINT('',(0.288477305927,100.40517947782));
#6183 = CARTESIAN_POINT('',(0.281112665941,100.68136599198));
#6184 = CARTESIAN_POINT('',(0.273462272121,100.95188279637));
#6185 = CARTESIAN_POINT('',(0.265523041467,101.21628388733));
#6186 = CARTESIAN_POINT('',(0.257291842359,101.47406182886));
#6187 = CARTESIAN_POINT('',(0.238134844531,102.03707338317));
#6188 = CARTESIAN_POINT('',(0.227042782051,102.33839535004));
#6189 = CARTESIAN_POINT('',(0.215486140621,102.62738943335));
#6190 = CARTESIAN_POINT('',(0.203463302288,102.90268712249));
#6191 = CARTESIAN_POINT('',(0.190973819612,103.16277297177));
#6192 = CARTESIAN_POINT('',(0.168063679816,103.59284985598));
#6193 = CARTESIAN_POINT('',(0.157832555758,103.76978138855));
#6194 = CARTESIAN_POINT('',(0.147334062412,103.93584033085));
#6195 = CARTESIAN_POINT('',(0.136578396616,104.0901168483));
#6196 = CARTESIAN_POINT('',(0.125576592425,104.23172367673));
#6197 = CARTESIAN_POINT('',(9.637900452964E-02,104.5645166552));
#6198 = CARTESIAN_POINT('',(7.778378536707E-02,104.7350454196));
#6199 = CARTESIAN_POINT('',(5.869787242372E-02,104.86644890933));
#6200 = CARTESIAN_POINT('',(3.927042864207E-02,104.95537991681));
#6201 = CARTESIAN_POINT('',(1.965332704615E-02,105.));
#6202 = CARTESIAN_POINT('',(0.,105.));
#6203 = ( GEOMETRIC_REPRESENTATION_CONTEXT(2) 
PARAMETRIC_REPRESENTATION_CONTEXT() REPRESENTATION_CONTEXT('2D SPACE',''
  ) );
#6204 = PCURVE('',#6205,#6210);
#6205 = CYLINDRICAL_SURFACE('',#6206,15.);
#6206 = AXIS2_PLACEMENT_3D('',#6207,#6208,#6209);
#6207 = CARTESIAN_POINT('',(31.,0.,5.37E+03));
#6208 = DIRECTION('',(1.,0.,2.22044604925E-16));
#6209 = DIRECTION('',(2.22044604925E-16,0.,-1.));
#6210 = DEFINITIONAL_REPRESENTATION('',(#6211),#6304);
#6211 = B_SPLINE_CURVE_WITH_KNOTS('',6,(#6212,#6213,#6214,#6215,#6216,
    #6217,#6218,#6219,#6220,#6221,#6222,#6223,#6224,#6225,#6226,#6227,
    #6228,#6229,#6230,#6231,#6232,#6233,#6234,#6235,#6236,#6237,#6238,
    #6239,#6240,#6241,#6242,#6243,#6244,#6245,#6246,#6247,#6248,#6249,
    #6250,#6251,#6252,#6253,#6254,#6255,#6256,#6257,#6258,#6259,#6260,
    #6261,#6262,#6263,#6264,#6265,#6266,#6267,#6268,#6269,#6270,#6271,
    #6272,#6273,#6274,#6275,#6276,#6277,#6278,#6279,#6280,#6281,#6282,
    #6283,#6284,#6285,#6286,#6287,#6288,#6289,#6290,#6291,#6292,#6293,
    #6294,#6295,#6296,#6297,#6298,#6299,#6300,#6301,#6302,#6303),
  .UNSPECIFIED.,.F.,.F.,(7,5,5,5,5,5,5,5,5,5,5,5,5,5,5,5,5,5,7),(0.,
    7.737113598679E-02,0.125657874997,0.187572141763,0.237931229511,
    0.280470745465,0.315778351282,0.344748131672,0.369184848864,
    0.501219711383,0.630775610448,0.655138776849,0.683993399945,
    0.719200464523,0.761879752518,0.81215775185,0.874843306925,
    0.923007381319,1.),.UNSPECIFIED.);
#6212 = CARTESIAN_POINT('',(0.,7.));
#6213 = CARTESIAN_POINT('',(5.003380493188E-02,7.));
#6214 = CARTESIAN_POINT('',(9.99725576716E-02,6.982212832065));
#6215 = CARTESIAN_POINT('',(0.14961353514,6.946765090637));
#6216 = CARTESIAN_POINT('',(0.19875403036,6.894735912703));
#6217 = CARTESIAN_POINT('',(0.247171713465,6.828126089802));
#6218 = CARTESIAN_POINT('',(0.324204110939,6.700554261788));
#6219 = CARTESIAN_POINT('',(0.353457283531,6.646821811784));
#6220 = CARTESIAN_POINT('',(0.382360843726,6.588893086774));
#6221 = CARTESIAN_POINT('',(0.41091104417,6.527302350529));
#6222 = CARTESIAN_POINT('',(0.439101659262,6.462592769008));
#6223 = CARTESIAN_POINT('',(0.502597984469,6.309027231493));
#6224 = CARTESIAN_POINT('',(0.53767320472,6.218494153783));
#6225 = CARTESIAN_POINT('',(0.572184447114,6.124711796754));
#6226 = CARTESIAN_POINT('',(0.606161765263,6.028618108299));
#6227 = CARTESIAN_POINT('',(0.639632815173,5.931074298438));
#6228 = CARTESIAN_POINT('',(0.699460455011,5.752968691677));
#6229 = CARTESIAN_POINT('',(0.725984030761,5.67262010737));
#6230 = CARTESIAN_POINT('',(0.752216763016,5.592209997635));
#6231 = CARTESIAN_POINT('',(0.778177976128,5.512103900763));
#6232 = CARTESIAN_POINT('',(0.803886550391,5.432634791153));
#6233 = CARTESIAN_POINT('',(0.850881389185,5.287768195146));
#6234 = CARTESIAN_POINT('',(0.872234606006,5.222101737152));
#6235 = CARTESIAN_POINT('',(0.893432155287,5.157289155852));
#6236 = CARTESIAN_POINT('',(0.914484533912,5.09350164761));
#6237 = CARTESIAN_POINT('',(0.935402053361,5.030897626731));
#6238 = CARTESIAN_POINT('',(0.973452758306,4.918764834578));
#6239 = CARTESIAN_POINT('',(0.990624414213,4.868823855075));
#6240 = CARTESIAN_POINT('',(1.007715268117,4.819884327582));
#6241 = CARTESIAN_POINT('',(1.024730512005,4.772026332925));
#6242 = CARTESIAN_POINT('',(1.041675069155,4.725325492124));
#6243 = CARTESIAN_POINT('',(1.072402371208,4.642542900939));
#6244 = CARTESIAN_POINT('',(1.086206687378,4.606059827855));
#6245 = CARTESIAN_POINT('',(1.099969109469,4.570443133356));
#6246 = CARTESIAN_POINT('',(1.113692091841,4.53573034504));
#6247 = CARTESIAN_POINT('',(1.127377976391,4.501957131894));
#6248 = CARTESIAN_POINT('',(1.152543958039,4.441489848744));
#6249 = CARTESIAN_POINT('',(1.164034112642,4.414514997093));
#6250 = CARTESIAN_POINT('',(1.175500793848,4.388253056602));
#6251 = CARTESIAN_POINT('',(1.186945288577,4.362723395245));
#6252 = CARTESIAN_POINT('',(1.198368833189,4.337944441704));
#6253 = CARTESIAN_POINT('',(1.27138876885,4.184200346508));
#6254 = CARTESIAN_POINT('',(1.33245500397,4.076836633787));
#6255 = CARTESIAN_POINT('',(1.393121684301,3.994712807906));
#6256 = CARTESIAN_POINT('',(1.453529602631,3.939754605144));
#6257 = CARTESIAN_POINT('',(1.513818040989,3.912920744475));
#6258 = CARTESIAN_POINT('',(1.633308924591,3.91548753557));
#6259 = CARTESIAN_POINT('',(1.692474870879,3.943841073276));
#6260 = CARTESIAN_POINT('',(1.751762629655,3.999220384495));
#6261 = CARTESIAN_POINT('',(1.811304312495,4.080686048348));
#6262 = CARTESIAN_POINT('',(1.871233494607,4.186404108371));
#6263 = CARTESIAN_POINT('',(1.943062045248,4.337597114813));
#6264 = CARTESIAN_POINT('',(1.954451105294,4.362292514793));
#6265 = CARTESIAN_POINT('',(1.965860977504,4.387734316804));
#6266 = CARTESIAN_POINT('',(1.97729288673,4.413904265354));
#6267 = CARTESIAN_POINT('',(1.988748107764,4.44078317681));
#6268 = CARTESIAN_POINT('',(2.013824185054,4.501000940043));
#6269 = CARTESIAN_POINT('',(2.027454961164,4.534617178712));
#6270 = CARTESIAN_POINT('',(2.041122495403,4.569166267298));
#6271 = CARTESIAN_POINT('',(2.054829100142,4.604612988767));
#6272 = CARTESIAN_POINT('',(2.068577198382,4.640920297149));
#6273 = CARTESIAN_POINT('',(2.099197831519,4.72335241557));
#6274 = CARTESIAN_POINT('',(2.116091875544,4.769878752591));
#6275 = CARTESIAN_POINT('',(2.133056065573,4.817557850552));
#6276 = CARTESIAN_POINT('',(2.150095277057,4.866314827453));
#6277 = CARTESIAN_POINT('',(2.167214651157,4.916070397353));
#6278 = CARTESIAN_POINT('',(2.205276054979,5.028165466147));
#6279 = CARTESIAN_POINT('',(2.226257766196,5.090932625404));
#6280 = CARTESIAN_POINT('',(2.247374945297,5.15489552634));
#6281 = CARTESIAN_POINT('',(2.268637996221,5.21989441283));
#6282 = CARTESIAN_POINT('',(2.290057509938,5.285756594419));
#6283 = CARTESIAN_POINT('',(2.337074370722,5.430683195181));
#6284 = CARTESIAN_POINT('',(2.362736745591,5.51001045645));
#6285 = CARTESIAN_POINT('',(2.388650628567,5.589978115349));
#6286 = CARTESIAN_POINT('',(2.414834807002,5.670255203883));
#6287 = CARTESIAN_POINT('',(2.441308508589,5.750478433442));
#6288 = CARTESIAN_POINT('',(2.501485755577,5.929709150415));
#6289 = CARTESIAN_POINT('',(2.535369307506,6.028490628545));
#6290 = CARTESIAN_POINT('',(2.569771695552,6.125790874875));
#6291 = CARTESIAN_POINT('',(2.60472152485,6.220715795535));
#6292 = CARTESIAN_POINT('',(2.640249926735,6.312290762877));
#6293 = CARTESIAN_POINT('',(2.704163715103,6.46645345284));
#6294 = CARTESIAN_POINT('',(2.732301255763,6.530851698309));
#6295 = CARTESIAN_POINT('',(2.760796682949,6.592126522383));
#6296 = CARTESIAN_POINT('',(2.789643483235,6.649737939863));
#6297 = CARTESIAN_POINT('',(2.818837616727,6.703155441447));
#6298 = CARTESIAN_POINT('',(2.895598024404,6.829740910884));
#6299 = CARTESIAN_POINT('',(2.943793838527,6.895744855971));
#6300 = CARTESIAN_POINT('',(2.992703782806,6.947282248773));
#6301 = CARTESIAN_POINT('',(3.042107580536,6.982386866877));
#6302 = CARTESIAN_POINT('',(3.091804225073,7.));
#6303 = CARTESIAN_POINT('',(3.14159265359,7.));
#6304 = ( GEOMETRIC_REPRESENTATION_CONTEXT(2) 
PARAMETRIC_REPRESENTATION_CONTEXT() REPRESENTATION_CONTEXT('2D SPACE',''
  ) );
#6305 = ORIENTED_EDGE('',*,*,#6306,.F.);
#6306 = EDGE_CURVE('',#6307,#6012,#6309,.T.);
#6307 = VERTEX_POINT('',#6308);
#6308 = CARTESIAN_POINT('',(38.,-9.30731567352E-15,5.28E+03));
#6309 = SEAM_CURVE('',#6310,(#6314,#6321),.PCURVE_S1.);
#6310 = LINE('',#6311,#6312);
#6311 = CARTESIAN_POINT('',(38.,-9.30731567352E-15,5.28E+03));
#6312 = VECTOR('',#6313,1.);
#6313 = DIRECTION('',(0.,0.,1.));
#6314 = PCURVE('',#5964,#6315);
#6315 = DEFINITIONAL_REPRESENTATION('',(#6316),#6320);
#6316 = LINE('',#6317,#6318);
#6317 = CARTESIAN_POINT('',(6.28318530718,-0.));
#6318 = VECTOR('',#6319,1.);
#6319 = DIRECTION('',(0.,1.));
#6320 = ( GEOMETRIC_REPRESENTATION_CONTEXT(2) 
PARAMETRIC_REPRESENTATION_CONTEXT() REPRESENTATION_CONTEXT('2D SPACE',''
  ) );
#6321 = PCURVE('',#5964,#6322);
#6322 = DEFINITIONAL_REPRESENTATION('',(#6323),#6327);
#6323 = LINE('',#6324,#6325);
#6324 = CARTESIAN_POINT('',(0.,-0.));
#6325 = VECTOR('',#6326,1.);
#6326 = DIRECTION('',(0.,1.));
#6327 = ( GEOMETRIC_REPRESENTATION_CONTEXT(2) 
PARAMETRIC_REPRESENTATION_CONTEXT() REPRESENTATION_CONTEXT('2D SPACE',''
  ) );
#6328 = ORIENTED_EDGE('',*,*,#6329,.T.);
#6329 = EDGE_CURVE('',#6307,#6307,#6330,.T.);
#6330 = SURFACE_CURVE('',#6331,(#6336,#6343),.PCURVE_S1.);
#6331 = CIRCLE('',#6332,38.);
#6332 = AXIS2_PLACEMENT_3D('',#6333,#6334,#6335);
#6333 = CARTESIAN_POINT('',(0.,0.,5.28E+03));
#6334 = DIRECTION('',(0.,0.,1.));
#6335 = DIRECTION('',(1.,0.,-0.));
#6336 = PCURVE('',#5964,#6337);
#6337 = DEFINITIONAL_REPRESENTATION('',(#6338),#6342);
#6338 = LINE('',#6339,#6340);
#6339 = CARTESIAN_POINT('',(0.,0.));
#6340 = VECTOR('',#6341,1.);
#6341 = DIRECTION('',(1.,0.));
#6342 = ( GEOMETRIC_REPRESENTATION_CONTEXT(2) 
PARAMETRIC_REPRESENTATION_CONTEXT() REPRESENTATION_CONTEXT('2D SPACE',''
  ) );
#6343 = PCURVE('',#6344,#6349);
#6344 = CONICAL_SURFACE('',#6345,12.,0.714090698612);
#6345 = AXIS2_PLACEMENT_3D('',#6346,#6347,#6348);
#6346 = CARTESIAN_POINT('',(0.,0.,5.25E+03));
#6347 = DIRECTION('',(0.,0.,1.));
#6348 = DIRECTION('',(1.,0.,-0.));
#6349 = DEFINITIONAL_REPRESENTATION('',(#6350),#6353);
#6350 = B_SPLINE_CURVE_WITH_KNOTS('',1,(#6351,#6352),.UNSPECIFIED.,.F.,
  .F.,(2,2),(0.,6.28318530718),.PIECEWISE_BEZIER_KNOTS.);
#6351 = CARTESIAN_POINT('',(0.,30.));
#6352 = CARTESIAN_POINT('',(6.28318530718,30.));
#6353 = ( GEOMETRIC_REPRESENTATION_CONTEXT(2) 
PARAMETRIC_REPRESENTATION_CONTEXT() REPRESENTATION_CONTEXT('2D SPACE',''
  ) );
#6354 = ORIENTED_EDGE('',*,*,#6306,.T.);
#6355 = ORIENTED_EDGE('',*,*,#6356,.F.);
#6356 = EDGE_CURVE('',#5954,#6012,#6357,.T.);
#6357 = SURFACE_CURVE('',#6358,(#6451,#6547),.PCURVE_S1.);
#6358 = B_SPLINE_CURVE_WITH_KNOTS('',6,(#6359,#6360,#6361,#6362,#6363,
    #6364,#6365,#6366,#6367,#6368,#6369,#6370,#6371,#6372,#6373,#6374,
    #6375,#6376,#6377,#6378,#6379,#6380,#6381,#6382,#6383,#6384,#6385,
    #6386,#6387,#6388,#6389,#6390,#6391,#6392,#6393,#6394,#6395,#6396,
    #6397,#6398,#6399,#6400,#6401,#6402,#6403,#6404,#6405,#6406,#6407,
    #6408,#6409,#6410,#6411,#6412,#6413,#6414,#6415,#6416,#6417,#6418,
    #6419,#6420,#6421,#6422,#6423,#6424,#6425,#6426,#6427,#6428,#6429,
    #6430,#6431,#6432,#6433,#6434,#6435,#6436,#6437,#6438,#6439,#6440,
    #6441,#6442,#6443,#6444,#6445,#6446,#6447,#6448,#6449,#6450),
  .UNSPECIFIED.,.F.,.F.,(7,5,5,5,5,5,5,5,5,5,5,5,5,5,5,5,5,5,7),(0.,
    7.737113599598E-02,0.125657875011,0.187572141786,0.237931229543,
    0.280470745504,0.315778351328,0.344748131723,0.369184848919,
    0.50121971146,0.630775610546,0.65513877695,0.68399340005,
    0.719200464633,0.761879752634,0.812157751973,0.874843307053,
    0.923007381441,1.),.UNSPECIFIED.);
#6359 = CARTESIAN_POINT('',(38.,-1.7763568394E-15,5.385E+03));
#6360 = CARTESIAN_POINT('',(38.,-0.750507073977,5.385E+03));
#6361 = CARTESIAN_POINT('',(37.982212832065,-1.499588430135,
    5.384954939018E+03));
#6362 = CARTESIAN_POINT('',(37.946765090638,-2.240820885327,
    5.384865138806E+03));
#6363 = CARTESIAN_POINT('',(37.894735912703,-2.967848171029,
    5.384732472692E+03));
#6364 = CARTESIAN_POINT('',(37.828126089802,-3.674582185984,
    5.384560344403E+03));
#6365 = CARTESIAN_POINT('',(37.700554261789,-4.780286994936,
    5.384224837795E+03));
#6366 = CARTESIAN_POINT('',(37.646821811784,-5.195600395292,
    5.384082335837E+03));
#6367 = CARTESIAN_POINT('',(37.588893086773,-5.600848011867,
    5.383927132803E+03));
#6368 = CARTESIAN_POINT('',(37.527302350529,-5.995595619776,
    5.38376012172E+03));
#6369 = CARTESIAN_POINT('',(37.462592769009,-6.379462843454,
    5.383582217058E+03));
#6370 = CARTESIAN_POINT('',(37.309027231489,-7.229955379512,
    5.383153482068E+03));
#6371 = CARTESIAN_POINT('',(37.218494153784,-7.689453769182,
    5.382896194917E+03));
#6372 = CARTESIAN_POINT('',(37.124711796758,-8.130641071388,
    5.382624097729E+03));
#6373 = CARTESIAN_POINT('',(37.0286181083,-8.55361154215,
    5.382338648648E+03));
#6374 = CARTESIAN_POINT('',(36.931074298434,-8.95852896799,
    5.382041165771E+03));
#6375 = CARTESIAN_POINT('',(36.752968691677,-9.660476480944,
    5.381482039087E+03));
#6376 = CARTESIAN_POINT('',(36.67262010737,-9.963597142426,
    5.381224020957E+03));
#6377 = CARTESIAN_POINT('',(36.592209997635,-10.25517266029,
    5.380959347943E+03));
#6378 = CARTESIAN_POINT('',(36.512103900763,-10.53539016134,
    5.38068853088E+03));
#6379 = CARTESIAN_POINT('',(36.432634791153,-10.80443839679,
    5.380412018707E+03));
#6380 = CARTESIAN_POINT('',(36.287768195146,-11.28050543317,
    5.379892137929E+03));
#6381 = CARTESIAN_POINT('',(36.222101737152,-11.49066967763,
    5.379650289024E+03));
#6382 = CARTESIAN_POINT('',(36.157289155852,-11.69310701133,
    5.379404892995E+03));
#6383 = CARTESIAN_POINT('',(36.09350164761,-11.88791901266,
    5.37915616848E+03));
#6384 = CARTESIAN_POINT('',(36.030897626731,-12.07520251604,
    5.378904311354E+03));
#6385 = CARTESIAN_POINT('',(35.918764834578,-12.40432188778,
    5.378437998077E+03));
#6386 = CARTESIAN_POINT('',(35.868823855075,-12.54846804091,
    5.37822446753E+03));
#6387 = CARTESIAN_POINT('',(35.819884327582,-12.68753739663,
    5.378009006577E+03));
#6388 = CARTESIAN_POINT('',(35.772026332924,-12.82157488073,
    5.377791713647E+03));
#6389 = CARTESIAN_POINT('',(35.725325492124,-12.95062101942,
    5.377572682104E+03));
#6390 = CARTESIAN_POINT('',(35.642542900939,-13.17652815186,
    5.377170931481E+03));
#6391 = CARTESIAN_POINT('',(35.606059827855,-13.27500840592,
    5.376988752079E+03));
#6392 = CARTESIAN_POINT('',(35.570443133356,-13.37017260684,
    5.376805511088E+03));
#6393 = CARTESIAN_POINT('',(35.53573034504,-13.46203884696,
    5.376621256256E+03));
#6394 = CARTESIAN_POINT('',(35.501957131894,-13.55062340569,
    5.376436034037E+03));
#6395 = CARTESIAN_POINT('',(35.441489848744,-13.70790801239,
    5.376092872202E+03));
#6396 = CARTESIAN_POINT('',(35.414514997093,-13.77755055971,
    5.375935198726E+03));
#6397 = CARTESIAN_POINT('',(35.388253056602,-13.84487707719,
    5.375776896337E+03));
#6398 = CARTESIAN_POINT('',(35.362723395245,-13.9098954689,
    5.375617991853E+03));
#6399 = CARTESIAN_POINT('',(35.337944441704,-13.9726128572,
    5.375458511733E+03));
#6400 = CARTESIAN_POINT('',(35.184200346511,-14.35950767765,
    5.374433820378E+03));
#6401 = CARTESIAN_POINT('',(35.076836633786,-14.61913347138,
    5.373552736798E+03));
#6402 = CARTESIAN_POINT('',(34.994712807905,-14.81261839837,
    5.37265983656E+03));
#6403 = CARTESIAN_POINT('',(34.939754605145,-14.94047213753,
    5.371759208948E+03));
#6404 = CARTESIAN_POINT('',(34.912920744475,-15.00293224213,
    5.370854669354E+03));
#6405 = CARTESIAN_POINT('',(34.91548753557,-14.99695770898,
    5.369062316057E+03));
#6406 = CARTESIAN_POINT('',(34.943841073277,-14.93096039579,
    5.368175042108E+03));
#6407 = CARTESIAN_POINT('',(34.999220384492,-14.80199008221,
    5.367291745767E+03));
#6408 = CARTESIAN_POINT('',(35.080686048353,-14.60981361373,
    5.366416033774E+03));
#6409 = CARTESIAN_POINT('',(35.186404108368,-14.35394408738,
    5.365551771924E+03));
#6410 = CARTESIAN_POINT('',(35.337597114813,-13.97349023569,
    5.364543750832E+03));
#6411 = CARTESIAN_POINT('',(35.362292514793,-13.91098899931,
    5.364384741695E+03));
#6412 = CARTESIAN_POINT('',(35.387734316804,-13.84620059976,
    5.364226304476E+03));
#6413 = CARTESIAN_POINT('',(35.413904265354,-13.77911798501,
    5.364068465395E+03));
#6414 = CARTESIAN_POINT('',(35.44078317681,-13.70973333111,
    5.363911251024E+03));
#6415 = CARTESIAN_POINT('',(35.501000940043,-13.55312541196,
    5.363569262528E+03));
#6416 = CARTESIAN_POINT('',(35.534617178712,-13.464971641,
    5.363384750961E+03));
#6417 = CARTESIAN_POINT('',(35.569166267298,-13.37356245421,
    5.363201198205E+03));
#6418 = CARTESIAN_POINT('',(35.604612988767,-13.27888179356,
    5.363018650145E+03));
#6419 = CARTESIAN_POINT('',(35.640920297149,-13.18091181803,
    5.362837153935E+03));
#6420 = CARTESIAN_POINT('',(35.723352415569,-12.95605709864,
    5.362436647294E+03));
#6421 = CARTESIAN_POINT('',(35.769878752591,-12.82755507364,
    5.362218175206E+03));
#6422 = CARTESIAN_POINT('',(35.817557850551,-12.69409109487,
    5.362001429223E+03));
#6423 = CARTESIAN_POINT('',(35.866314827453,-12.55562507856,
    5.361786501818E+03));
#6424 = CARTESIAN_POINT('',(35.916070397352,-12.41211259095,
    5.361573490444E+03));
#6425 = CARTESIAN_POINT('',(36.028165466147,-12.08335712161,
    5.361106724234E+03));
#6426 = CARTESIAN_POINT('',(36.090932625404,-11.89572660353,
    5.360853924305E+03));
#6427 = CARTESIAN_POINT('',(36.15489552634,-11.70052048078,
    5.360604272183E+03));
#6428 = CARTESIAN_POINT('',(36.21989441283,-11.49764112251,
    5.360357965323E+03));
#6429 = CARTESIAN_POINT('',(36.285756594419,-11.28698608028,
    5.360115224205E+03));
#6430 = CARTESIAN_POINT('',(36.43068319518,-10.8110011263,
    5.359594820522E+03));
#6431 = CARTESIAN_POINT('',(36.51001045645,-10.54261337661,
    5.359318634008E+03));
#6432 = CARTESIAN_POINT('',(36.589978115349,-10.26309524475,
    5.359048117204E+03));
#6433 = CARTESIAN_POINT('',(36.670255203883,-9.972258883069,
    5.358783716113E+03));
#6434 = CARTESIAN_POINT('',(36.750478433442,-9.669917975699,
    5.358525938171E+03));
#6435 = CARTESIAN_POINT('',(36.92970915041,-8.964360942522,
    5.357962926617E+03));
#6436 = CARTESIAN_POINT('',(37.028490628546,-8.554568723009,
    5.35766160465E+03));
#6437 = CARTESIAN_POINT('',(37.125790874879,-8.126270352039,
    5.357372610567E+03));
#6438 = CARTESIAN_POINT('',(37.220715795535,-7.679296745756,
    5.357097312878E+03));
#6439 = CARTESIAN_POINT('',(37.312290762873,-7.213552090188,
    5.356837227028E+03));
#6440 = CARTESIAN_POINT('',(37.466453452826,-6.356725006777,
    5.356407150144E+03));
#6441 = CARTESIAN_POINT('',(37.530851698315,-5.973286287033,
    5.356230218611E+03));
#6442 = CARTESIAN_POINT('',(37.592126522394,-5.579030819584,
    5.356064159669E+03));
#6443 = CARTESIAN_POINT('',(37.649737939863,-5.174343128392,
    5.355909883152E+03));
#6444 = CARTESIAN_POINT('',(37.703155441436,-4.759661239169,
    5.355768276323E+03));
#6445 = CARTESIAN_POINT('',(37.82974091079,-3.657397716277,
    5.355435483345E+03));
#6446 = CARTESIAN_POINT('',(37.895744856032,-2.953715141742,
    5.35526495458E+03));
#6447 = CARTESIAN_POINT('',(37.947282248823,-2.230000445471,
    5.355133551091E+03));
#6448 = CARTESIAN_POINT('',(37.982386866838,-1.492276156714,
    5.355044620083E+03));
#6449 = CARTESIAN_POINT('',(38.,-0.746826428577,5.355E+03));
#6450 = CARTESIAN_POINT('',(38.,-7.105427357601E-15,5.355E+03));
#6451 = PCURVE('',#5964,#6452);
#6452 = DEFINITIONAL_REPRESENTATION('',(#6453),#6546);
#6453 = B_SPLINE_CURVE_WITH_KNOTS('',6,(#6454,#6455,#6456,#6457,#6458,
    #6459,#6460,#6461,#6462,#6463,#6464,#6465,#6466,#6467,#6468,#6469,
    #6470,#6471,#6472,#6473,#6474,#6475,#6476,#6477,#6478,#6479,#6480,
    #6481,#6482,#6483,#6484,#6485,#6486,#6487,#6488,#6489,#6490,#6491,
    #6492,#6493,#6494,#6495,#6496,#6497,#6498,#6499,#6500,#6501,#6502,
    #6503,#6504,#6505,#6506,#6507,#6508,#6509,#6510,#6511,#6512,#6513,
    #6514,#6515,#6516,#6517,#6518,#6519,#6520,#6521,#6522,#6523,#6524,
    #6525,#6526,#6527,#6528,#6529,#6530,#6531,#6532,#6533,#6534,#6535,
    #6536,#6537,#6538,#6539,#6540,#6541,#6542,#6543,#6544,#6545),
  .UNSPECIFIED.,.F.,.F.,(7,5,5,5,5,5,5,5,5,5,5,5,5,5,5,5,5,5,7),(0.,
    7.737113599598E-02,0.125657875011,0.187572141786,0.237931229543,
    0.280470745504,0.315778351328,0.344748131723,0.369184848919,
    0.50121971146,0.630775610546,0.65513877695,0.68399340005,
    0.719200464633,0.761879752634,0.812157751973,0.874843307053,
    0.923007381441,1.),.UNSPECIFIED.);
#6454 = CARTESIAN_POINT('',(6.28318530718,105.));
#6455 = CARTESIAN_POINT('',(6.263435121022,105.));
#6456 = CARTESIAN_POINT('',(6.243722450087,104.9549390181));
#6457 = CARTESIAN_POINT('',(6.224202483965,104.86513880609));
#6458 = CARTESIAN_POINT('',(6.205028798345,104.73247269229));
#6459 = CARTESIAN_POINT('',(6.18635218678,104.56034440276));
#6460 = CARTESIAN_POINT('',(6.157061664552,104.22483779468));
#6461 = CARTESIAN_POINT('',(6.146042322831,104.08233583697));
#6462 = CARTESIAN_POINT('',(6.135270896802,103.92713280253));
#6463 = CARTESIAN_POINT('',(6.124758331985,103.76012172049));
#6464 = CARTESIAN_POINT('',(6.114514730582,103.58221705813));
#6465 = CARTESIAN_POINT('',(6.091771433372,103.15348206773));
#6466 = CARTESIAN_POINT('',(6.079448460205,102.89619491658));
#6467 = CARTESIAN_POINT('',(6.067580741688,102.62409772896));
#6468 = CARTESIAN_POINT('',(6.056167802449,102.33864864816));
#6469 = CARTESIAN_POINT('',(6.045208056727,102.04116577142));
#6470 = CARTESIAN_POINT('',(6.026150411303,101.48203908725));
#6471 = CARTESIAN_POINT('',(6.017898535926,101.22402095723));
#6472 = CARTESIAN_POINT('',(6.009939627556,100.95934794266));
#6473 = CARTESIAN_POINT('',(6.00227054026,100.68853087997));
#6474 = CARTESIAN_POINT('',(5.994888175467,100.41201870749));
#6475 = CARTESIAN_POINT('',(5.981792899369,99.892137929475));
#6476 = CARTESIAN_POINT('',(5.975998732808,99.650289024158));
#6477 = CARTESIAN_POINT('',(5.970405263361,99.40489299468));
#6478 = CARTESIAN_POINT('',(5.965010976151,99.156168479951));
#6479 = CARTESIAN_POINT('',(5.959814480217,98.904311353969));
#6480 = CARTESIAN_POINT('',(5.950664554619,98.437998077094));
#6481 = CARTESIAN_POINT('',(5.946650071028,98.224467530315));
#6482 = CARTESIAN_POINT('',(5.942770422897,98.009006577248));
#6483 = CARTESIAN_POINT('',(5.939025080577,97.791713646585));
#6484 = CARTESIAN_POINT('',(5.935413619617,97.572682103946));
#6485 = CARTESIAN_POINT('',(5.929082115599,97.170931480923));
#6486 = CARTESIAN_POINT('',(5.926318426288,96.988752078968));
#6487 = CARTESIAN_POINT('',(5.923644477266,96.805511088091));
#6488 = CARTESIAN_POINT('',(5.921060131596,96.621256256132));
#6489 = CARTESIAN_POINT('',(5.918565290963,96.436034036694));
#6490 = CARTESIAN_POINT('',(5.914130886014,96.092872202041));
#6491 = CARTESIAN_POINT('',(5.912165518844,95.935198725917));
#6492 = CARTESIAN_POINT('',(5.910263758068,95.776896336922));
#6493 = CARTESIAN_POINT('',(5.908425581751,95.617991852816));
#6494 = CARTESIAN_POINT('',(5.906650982117,95.458511732966));
#6495 = CARTESIAN_POINT('',(5.895695113425,94.43382037761));
#6496 = CARTESIAN_POINT('',(5.888302422219,93.552736798362));
#6497 = CARTESIAN_POINT('',(5.882771107818,92.65983656041));
#6498 = CARTESIAN_POINT('',(5.87910886087,91.759208947657));
#6499 = CARTESIAN_POINT('',(5.877319906138,90.854669353729));
#6500 = CARTESIAN_POINT('',(5.877491026495,89.062316057234));
#6501 = CARTESIAN_POINT('',(5.879381292842,88.175042107728));
#6502 = CARTESIAN_POINT('',(5.883074911366,87.291745766552));
#6503 = CARTESIAN_POINT('',(5.888567752538,86.416033773692));
#6504 = CARTESIAN_POINT('',(5.895852591073,85.551771923817));
#6505 = CARTESIAN_POINT('',(5.90662614989,84.543750832089));
#6506 = CARTESIAN_POINT('',(5.908394651335,84.384741695017));
#6507 = CARTESIAN_POINT('',(5.910226348987,84.226304476089));
#6508 = CARTESIAN_POINT('',(5.912121250436,84.06846539478));
#6509 = CARTESIAN_POINT('',(5.914079377248,83.911251023905));
#6510 = CARTESIAN_POINT('',(5.918494804382,83.569262527868));
#6511 = CARTESIAN_POINT('',(5.92097758077,83.384750961086));
#6512 = CARTESIAN_POINT('',(5.923549152727,83.201198205066));
#6513 = CARTESIAN_POINT('',(5.926209616805,83.018650144808));
#6514 = CARTESIAN_POINT('',(5.928959107509,82.83715393453));
#6515 = CARTESIAN_POINT('',(5.935261434113,82.43664729381));
#6516 = CARTESIAN_POINT('',(5.938857868523,82.218175205769));
#6517 = CARTESIAN_POINT('',(5.94258741513,82.001429223453));
#6518 = CARTESIAN_POINT('',(5.946450492465,81.786501818435));
#6519 = CARTESIAN_POINT('',(5.950447622982,81.573490443936));
#6520 = CARTESIAN_POINT('',(5.959588163976,81.106724233631));
#6521 = CARTESIAN_POINT('',(5.964794681628,80.853924305359));
#6522 = CARTESIAN_POINT('',(5.970200260883,80.604272182917));
#6523 = CARTESIAN_POINT('',(5.97580630223,80.357965322787));
#6524 = CARTESIAN_POINT('',(5.981614331787,80.115224205028));
#6525 = CARTESIAN_POINT('',(5.994708001253,79.59482052218));
#6526 = CARTESIAN_POINT('',(6.002072641239,79.318634008019));
#6527 = CARTESIAN_POINT('',(6.009723035058,79.048117203622));
#6528 = CARTESIAN_POINT('',(6.017662265712,78.783716112668));
#6529 = CARTESIAN_POINT('',(6.02589346482,78.525938171132));
#6530 = CARTESIAN_POINT('',(6.045050462648,77.962926616844));
#6531 = CARTESIAN_POINT('',(6.056142525129,77.661604649949));
#6532 = CARTESIAN_POINT('',(6.06769916656,77.372610566631));
#6533 = CARTESIAN_POINT('',(6.079722004892,77.097312877508));
#6534 = CARTESIAN_POINT('',(6.092211487567,76.83722702824));
#6535 = CARTESIAN_POINT('',(6.115121627362,76.407150144056));
#6536 = CARTESIAN_POINT('',(6.125352751422,76.230218611427));
#6537 = CARTESIAN_POINT('',(6.13585124477,76.064159669116));
#6538 = CARTESIAN_POINT('',(6.146606910564,75.909883151698));
#6539 = CARTESIAN_POINT('',(6.157608714752,75.768276323298));
#6540 = CARTESIAN_POINT('',(6.186806302628,75.43548334504));
#6541 = CARTESIAN_POINT('',(6.205401521818,75.264954580232));
#6542 = CARTESIAN_POINT('',(6.224487434777,75.133551090545));
#6543 = CARTESIAN_POINT('',(6.243914878543,75.044620083279));
#6544 = CARTESIAN_POINT('',(6.263531980112,75.));
#6545 = CARTESIAN_POINT('',(6.28318530718,75.));
#6546 = ( GEOMETRIC_REPRESENTATION_CONTEXT(2) 
PARAMETRIC_REPRESENTATION_CONTEXT() REPRESENTATION_CONTEXT('2D SPACE',''
  ) );
#6547 = PCURVE('',#6205,#6548);
#6548 = DEFINITIONAL_REPRESENTATION('',(#6549),#6642);
#6549 = B_SPLINE_CURVE_WITH_KNOTS('',6,(#6550,#6551,#6552,#6553,#6554,
    #6555,#6556,#6557,#6558,#6559,#6560,#6561,#6562,#6563,#6564,#6565,
    #6566,#6567,#6568,#6569,#6570,#6571,#6572,#6573,#6574,#6575,#6576,
    #6577,#6578,#6579,#6580,#6581,#6582,#6583,#6584,#6585,#6586,#6587,
    #6588,#6589,#6590,#6591,#6592,#6593,#6594,#6595,#6596,#6597,#6598,
    #6599,#6600,#6601,#6602,#6603,#6604,#6605,#6606,#6607,#6608,#6609,
    #6610,#6611,#6612,#6613,#6614,#6615,#6616,#6617,#6618,#6619,#6620,
    #6621,#6622,#6623,#6624,#6625,#6626,#6627,#6628,#6629,#6630,#6631,
    #6632,#6633,#6634,#6635,#6636,#6637,#6638,#6639,#6640,#6641),
  .UNSPECIFIED.,.F.,.F.,(7,5,5,5,5,5,5,5,5,5,5,5,5,5,5,5,5,5,7),(0.,
    7.737113599598E-02,0.125657875011,0.187572141786,0.237931229543,
    0.280470745504,0.315778351328,0.344748131723,0.369184848919,
    0.50121971146,0.630775610546,0.65513877695,0.68399340005,
    0.719200464633,0.761879752634,0.812157751973,0.874843307053,
    0.923007381441,1.),.UNSPECIFIED.);
#6550 = CARTESIAN_POINT('',(3.14159265359,7.));
#6551 = CARTESIAN_POINT('',(3.191626458522,7.));
#6552 = CARTESIAN_POINT('',(3.241565211261,6.982212832065));
#6553 = CARTESIAN_POINT('',(3.291206188729,6.946765090637));
#6554 = CARTESIAN_POINT('',(3.34034668395,6.894735912703));
#6555 = CARTESIAN_POINT('',(3.388764367055,6.828126089802));
#6556 = CARTESIAN_POINT('',(3.465796764529,6.700554261789));
#6557 = CARTESIAN_POINT('',(3.495049937121,6.646821811784));
#6558 = CARTESIAN_POINT('',(3.523953497316,6.588893086773));
#6559 = CARTESIAN_POINT('',(3.55250369776,6.527302350529));
#6560 = CARTESIAN_POINT('',(3.580694312851,6.462592769009));
#6561 = CARTESIAN_POINT('',(3.64419063806,6.309027231489));
#6562 = CARTESIAN_POINT('',(3.679265858309,6.218494153784));
#6563 = CARTESIAN_POINT('',(3.713777100702,6.124711796758));
#6564 = CARTESIAN_POINT('',(3.747754418852,6.0286181083));
#6565 = CARTESIAN_POINT('',(3.781225468764,5.931074298434));
#6566 = CARTESIAN_POINT('',(3.841053108601,5.752968691677));
#6567 = CARTESIAN_POINT('',(3.867576684351,5.67262010737));
#6568 = CARTESIAN_POINT('',(3.893809416606,5.592209997635));
#6569 = CARTESIAN_POINT('',(3.919770629718,5.512103900763));
#6570 = CARTESIAN_POINT('',(3.945479203981,5.432634791153));
#6571 = CARTESIAN_POINT('',(3.992474042775,5.287768195146));
#6572 = CARTESIAN_POINT('',(4.013827259596,5.222101737152));
#6573 = CARTESIAN_POINT('',(4.035024808876,5.157289155852));
#6574 = CARTESIAN_POINT('',(4.056077187502,5.09350164761));
#6575 = CARTESIAN_POINT('',(4.07699470695,5.030897626731));
#6576 = CARTESIAN_POINT('',(4.115045411896,4.918764834578));
#6577 = CARTESIAN_POINT('',(4.132217067803,4.868823855075));
#6578 = CARTESIAN_POINT('',(4.149307921707,4.819884327582));
#6579 = CARTESIAN_POINT('',(4.166323165595,4.772026332924));
#6580 = CARTESIAN_POINT('',(4.183267722744,4.725325492124));
#6581 = CARTESIAN_POINT('',(4.213995024798,4.642542900939));
#6582 = CARTESIAN_POINT('',(4.227799340968,4.606059827855));
#6583 = CARTESIAN_POINT('',(4.241561763059,4.570443133356));
#6584 = CARTESIAN_POINT('',(4.25528474543,4.53573034504));
#6585 = CARTESIAN_POINT('',(4.268970629981,4.501957131894));
#6586 = CARTESIAN_POINT('',(4.294136611629,4.441489848744));
#6587 = CARTESIAN_POINT('',(4.305626766232,4.414514997093));
#6588 = CARTESIAN_POINT('',(4.317093447437,4.388253056602));
#6589 = CARTESIAN_POINT('',(4.328537942167,4.362723395245));
#6590 = CARTESIAN_POINT('',(4.339961486779,4.337944441704));
#6591 = CARTESIAN_POINT('',(4.412981422438,4.184200346511));
#6592 = CARTESIAN_POINT('',(4.474047657561,4.076836633786));
#6593 = CARTESIAN_POINT('',(4.534714337892,3.994712807905));
#6594 = CARTESIAN_POINT('',(4.595122256222,3.939754605145));
#6595 = CARTESIAN_POINT('',(4.655410694578,3.912920744475));
#6596 = CARTESIAN_POINT('',(4.774901578182,3.91548753557));
#6597 = CARTESIAN_POINT('',(4.834067524467,3.943841073277));
#6598 = CARTESIAN_POINT('',(4.893355283245,3.999220384492));
#6599 = CARTESIAN_POINT('',(4.952896966087,4.080686048353));
#6600 = CARTESIAN_POINT('',(5.012826148196,4.186404108368));
#6601 = CARTESIAN_POINT('',(5.084654698837,4.337597114813));
#6602 = CARTESIAN_POINT('',(5.096043758884,4.362292514793));
#6603 = CARTESIAN_POINT('',(5.107453631094,4.387734316804));
#6604 = CARTESIAN_POINT('',(5.11888554032,4.413904265354));
#6605 = CARTESIAN_POINT('',(5.130340761354,4.44078317681));
#6606 = CARTESIAN_POINT('',(5.155416838644,4.501000940043));
#6607 = CARTESIAN_POINT('',(5.169047614754,4.534617178712));
#6608 = CARTESIAN_POINT('',(5.182715148993,4.569166267298));
#6609 = CARTESIAN_POINT('',(5.196421753731,4.604612988767));
#6610 = CARTESIAN_POINT('',(5.210169851971,4.640920297149));
#6611 = CARTESIAN_POINT('',(5.240790485109,4.723352415569));
#6612 = CARTESIAN_POINT('',(5.257684529134,4.769878752591));
#6613 = CARTESIAN_POINT('',(5.274648719163,4.817557850551));
#6614 = CARTESIAN_POINT('',(5.291687930647,4.866314827453));
#6615 = CARTESIAN_POINT('',(5.308807304747,4.916070397352));
#6616 = CARTESIAN_POINT('',(5.346868708569,5.028165466147));
#6617 = CARTESIAN_POINT('',(5.367850419786,5.090932625404));
#6618 = CARTESIAN_POINT('',(5.388967598887,5.15489552634));
#6619 = CARTESIAN_POINT('',(5.410230649811,5.21989441283));
#6620 = CARTESIAN_POINT('',(5.431650163528,5.285756594419));
#6621 = CARTESIAN_POINT('',(5.478667024311,5.43068319518));
#6622 = CARTESIAN_POINT('',(5.504329399181,5.51001045645));
#6623 = CARTESIAN_POINT('',(5.530243282156,5.589978115349));
#6624 = CARTESIAN_POINT('',(5.556427460592,5.670255203883));
#6625 = CARTESIAN_POINT('',(5.582901162179,5.750478433442));
#6626 = CARTESIAN_POINT('',(5.643078409165,5.92970915041));
#6627 = CARTESIAN_POINT('',(5.676961961096,6.028490628546));
#6628 = CARTESIAN_POINT('',(5.711364349143,6.125790874879));
#6629 = CARTESIAN_POINT('',(5.74631417844,6.220715795535));
#6630 = CARTESIAN_POINT('',(5.781842580323,6.312290762873));
#6631 = CARTESIAN_POINT('',(5.845756368687,6.466453452826));
#6632 = CARTESIAN_POINT('',(5.873893909355,6.530851698315));
#6633 = CARTESIAN_POINT('',(5.902389336545,6.592126522394));
#6634 = CARTESIAN_POINT('',(5.931236136826,6.649737939863));
#6635 = CARTESIAN_POINT('',(5.960430270311,6.703155441436));
#6636 = CARTESIAN_POINT('',(6.037190677937,6.82974091079));
#6637 = CARTESIAN_POINT('',(6.085386492134,6.895744856032));
#6638 = CARTESIAN_POINT('',(6.13429643645,6.947282248823));
#6639 = CARTESIAN_POINT('',(6.183700234141,6.982386866838));
#6640 = CARTESIAN_POINT('',(6.233396878608,7.));
#6641 = CARTESIAN_POINT('',(6.28318530718,7.));
#6642 = ( GEOMETRIC_REPRESENTATION_CONTEXT(2) 
PARAMETRIC_REPRESENTATION_CONTEXT() REPRESENTATION_CONTEXT('2D SPACE',''
  ) );
#6643 = ADVANCED_FACE('',(#6644),#6205,.F.);
#6644 = FACE_BOUND('',#6645,.F.);
#6645 = EDGE_LOOP('',(#6646,#6647,#6670,#6697,#6698));
#6646 = ORIENTED_EDGE('',*,*,#6011,.F.);
#6647 = ORIENTED_EDGE('',*,*,#6648,.F.);
#6648 = EDGE_CURVE('',#6649,#6012,#6651,.T.);
#6649 = VERTEX_POINT('',#6650);
#6650 = CARTESIAN_POINT('',(31.,-3.673940397442E-15,5.355E+03));
#6651 = SEAM_CURVE('',#6652,(#6656,#6663),.PCURVE_S1.);
#6652 = LINE('',#6653,#6654);
#6653 = CARTESIAN_POINT('',(31.,-3.673940397442E-15,5.355E+03));
#6654 = VECTOR('',#6655,1.);
#6655 = DIRECTION('',(1.,0.,2.22044604925E-16));
#6656 = PCURVE('',#6205,#6657);
#6657 = DEFINITIONAL_REPRESENTATION('',(#6658),#6662);
#6658 = LINE('',#6659,#6660);
#6659 = CARTESIAN_POINT('',(6.28318530718,-0.));
#6660 = VECTOR('',#6661,1.);
#6661 = DIRECTION('',(0.,1.));
#6662 = ( GEOMETRIC_REPRESENTATION_CONTEXT(2) 
PARAMETRIC_REPRESENTATION_CONTEXT() REPRESENTATION_CONTEXT('2D SPACE',''
  ) );
#6663 = PCURVE('',#6205,#6664);
#6664 = DEFINITIONAL_REPRESENTATION('',(#6665),#6669);
#6665 = LINE('',#6666,#6667);
#6666 = CARTESIAN_POINT('',(0.,-0.));
#6667 = VECTOR('',#6668,1.);
#6668 = DIRECTION('',(0.,1.));
#6669 = ( GEOMETRIC_REPRESENTATION_CONTEXT(2) 
PARAMETRIC_REPRESENTATION_CONTEXT() REPRESENTATION_CONTEXT('2D SPACE',''
  ) );
#6670 = ORIENTED_EDGE('',*,*,#6671,.T.);
#6671 = EDGE_CURVE('',#6649,#6649,#6672,.T.);
#6672 = SURFACE_CURVE('',#6673,(#6678,#6685),.PCURVE_S1.);
#6673 = CIRCLE('',#6674,15.);
#6674 = AXIS2_PLACEMENT_3D('',#6675,#6676,#6677);
#6675 = CARTESIAN_POINT('',(31.,0.,5.37E+03));
#6676 = DIRECTION('',(1.,-0.,2.22044604925E-16));
#6677 = DIRECTION('',(2.22044604925E-16,0.,-1.));
#6678 = PCURVE('',#6205,#6679);
#6679 = DEFINITIONAL_REPRESENTATION('',(#6680),#6684);
#6680 = LINE('',#6681,#6682);
#6681 = CARTESIAN_POINT('',(0.,0.));
#6682 = VECTOR('',#6683,1.);
#6683 = DIRECTION('',(1.,0.));
#6684 = ( GEOMETRIC_REPRESENTATION_CONTEXT(2) 
PARAMETRIC_REPRESENTATION_CONTEXT() REPRESENTATION_CONTEXT('2D SPACE',''
  ) );
#6685 = PCURVE('',#6686,#6691);
#6686 = PLANE('',#6687);
#6687 = AXIS2_PLACEMENT_3D('',#6688,#6689,#6690);
#6688 = CARTESIAN_POINT('',(31.,0.,5.37E+03));
#6689 = DIRECTION('',(1.,0.,2.22044604925E-16));
#6690 = DIRECTION('',(2.22044604925E-16,0.,-1.));
#6691 = DEFINITIONAL_REPRESENTATION('',(#6692),#6696);
#6692 = CIRCLE('',#6693,15.);
#6693 = AXIS2_PLACEMENT_2D('',#6694,#6695);
#6694 = CARTESIAN_POINT('',(0.,0.));
#6695 = DIRECTION('',(1.,0.));
#6696 = ( GEOMETRIC_REPRESENTATION_CONTEXT(2) 
PARAMETRIC_REPRESENTATION_CONTEXT() REPRESENTATION_CONTEXT('2D SPACE',''
  ) );
#6697 = ORIENTED_EDGE('',*,*,#6648,.T.);
#6698 = ORIENTED_EDGE('',*,*,#6356,.F.);
#6699 = ADVANCED_FACE('',(#6700),#6344,.T.);
#6700 = FACE_BOUND('',#6701,.T.);
#6701 = EDGE_LOOP('',(#6702,#6703,#6726,#6753));
#6702 = ORIENTED_EDGE('',*,*,#6329,.F.);
#6703 = ORIENTED_EDGE('',*,*,#6704,.F.);
#6704 = EDGE_CURVE('',#6705,#6307,#6707,.T.);
#6705 = VERTEX_POINT('',#6706);
#6706 = CARTESIAN_POINT('',(12.,-2.939152317954E-15,5.25E+03));
#6707 = SEAM_CURVE('',#6708,(#6712,#6719),.PCURVE_S1.);
#6708 = LINE('',#6709,#6710);
#6709 = CARTESIAN_POINT('',(12.,-2.939152317954E-15,5.25E+03));
#6710 = VECTOR('',#6711,1.);
#6711 = DIRECTION('',(0.654930538418,-1.604117175075E-16,0.75568908279)
  );
#6712 = PCURVE('',#6344,#6713);
#6713 = DEFINITIONAL_REPRESENTATION('',(#6714),#6718);
#6714 = LINE('',#6715,#6716);
#6715 = CARTESIAN_POINT('',(6.28318530718,-0.));
#6716 = VECTOR('',#6717,1.);
#6717 = DIRECTION('',(0.,1.));
#6718 = ( GEOMETRIC_REPRESENTATION_CONTEXT(2) 
PARAMETRIC_REPRESENTATION_CONTEXT() REPRESENTATION_CONTEXT('2D SPACE',''
  ) );
#6719 = PCURVE('',#6344,#6720);
#6720 = DEFINITIONAL_REPRESENTATION('',(#6721),#6725);
#6721 = LINE('',#6722,#6723);
#6722 = CARTESIAN_POINT('',(0.,-0.));
#6723 = VECTOR('',#6724,1.);
#6724 = DIRECTION('',(0.,1.));
#6725 = ( GEOMETRIC_REPRESENTATION_CONTEXT(2) 
PARAMETRIC_REPRESENTATION_CONTEXT() REPRESENTATION_CONTEXT('2D SPACE',''
  ) );
#6726 = ORIENTED_EDGE('',*,*,#6727,.T.);
#6727 = EDGE_CURVE('',#6705,#6705,#6728,.T.);
#6728 = SURFACE_CURVE('',#6729,(#6734,#6741),.PCURVE_S1.);
#6729 = CIRCLE('',#6730,12.);
#6730 = AXIS2_PLACEMENT_3D('',#6731,#6732,#6733);
#6731 = CARTESIAN_POINT('',(0.,0.,5.25E+03));
#6732 = DIRECTION('',(0.,0.,1.));
#6733 = DIRECTION('',(1.,0.,-0.));
#6734 = PCURVE('',#6344,#6735);
#6735 = DEFINITIONAL_REPRESENTATION('',(#6736),#6740);
#6736 = LINE('',#6737,#6738);
#6737 = CARTESIAN_POINT('',(0.,0.));
#6738 = VECTOR('',#6739,1.);
#6739 = DIRECTION('',(1.,0.));
#6740 = ( GEOMETRIC_REPRESENTATION_CONTEXT(2) 
PARAMETRIC_REPRESENTATION_CONTEXT() REPRESENTATION_CONTEXT('2D SPACE',''
  ) );
#6741 = PCURVE('',#6742,#6747);
#6742 = PLANE('',#6743);
#6743 = AXIS2_PLACEMENT_3D('',#6744,#6745,#6746);
#6744 = CARTESIAN_POINT('',(0.,0.,5.25E+03));
#6745 = DIRECTION('',(0.,0.,1.));
#6746 = DIRECTION('',(1.,0.,-0.));
#6747 = DEFINITIONAL_REPRESENTATION('',(#6748),#6752);
#6748 = CIRCLE('',#6749,12.);
#6749 = AXIS2_PLACEMENT_2D('',#6750,#6751);
#6750 = CARTESIAN_POINT('',(0.,0.));
#6751 = DIRECTION('',(1.,0.));
#6752 = ( GEOMETRIC_REPRESENTATION_CONTEXT(2) 
PARAMETRIC_REPRESENTATION_CONTEXT() REPRESENTATION_CONTEXT('2D SPACE',''
  ) );
#6753 = ORIENTED_EDGE('',*,*,#6704,.T.);
#6754 = ADVANCED_FACE('',(#6755,#6758,#6789),#5998,.T.);
#6755 = FACE_BOUND('',#6756,.T.);
#6756 = EDGE_LOOP('',(#6757));
#6757 = ORIENTED_EDGE('',*,*,#5983,.T.);
#6758 = FACE_BOUND('',#6759,.T.);
#6759 = EDGE_LOOP('',(#6760));
#6760 = ORIENTED_EDGE('',*,*,#6761,.F.);
#6761 = EDGE_CURVE('',#6762,#6762,#6764,.T.);
#6762 = VERTEX_POINT('',#6763);
#6763 = CARTESIAN_POINT('',(14.,-3.429011037613E-15,5.42E+03));
#6764 = SURFACE_CURVE('',#6765,(#6770,#6777),.PCURVE_S1.);
#6765 = CIRCLE('',#6766,14.);
#6766 = AXIS2_PLACEMENT_3D('',#6767,#6768,#6769);
#6767 = CARTESIAN_POINT('',(0.,0.,5.42E+03));
#6768 = DIRECTION('',(0.,0.,1.));
#6769 = DIRECTION('',(1.,0.,-0.));
#6770 = PCURVE('',#5998,#6771);
#6771 = DEFINITIONAL_REPRESENTATION('',(#6772),#6776);
#6772 = CIRCLE('',#6773,14.);
#6773 = AXIS2_PLACEMENT_2D('',#6774,#6775);
#6774 = CARTESIAN_POINT('',(0.,0.));
#6775 = DIRECTION('',(1.,0.));
#6776 = ( GEOMETRIC_REPRESENTATION_CONTEXT(2) 
PARAMETRIC_REPRESENTATION_CONTEXT() REPRESENTATION_CONTEXT('2D SPACE',''
  ) );
#6777 = PCURVE('',#6778,#6783);
#6778 = CYLINDRICAL_SURFACE('',#6779,14.);
#6779 = AXIS2_PLACEMENT_3D('',#6780,#6781,#6782);
#6780 = CARTESIAN_POINT('',(0.,0.,5.42E+03));
#6781 = DIRECTION('',(0.,0.,1.));
#6782 = DIRECTION('',(1.,0.,-0.));
#6783 = DEFINITIONAL_REPRESENTATION('',(#6784),#6788);
#6784 = LINE('',#6785,#6786);
#6785 = CARTESIAN_POINT('',(0.,0.));
#6786 = VECTOR('',#6787,1.);
#6787 = DIRECTION('',(1.,0.));
#6788 = ( GEOMETRIC_REPRESENTATION_CONTEXT(2) 
PARAMETRIC_REPRESENTATION_CONTEXT() REPRESENTATION_CONTEXT('2D SPACE',''
  ) );
#6789 = FACE_BOUND('',#6790,.T.);
#6790 = EDGE_LOOP('',(#6791));
#6791 = ORIENTED_EDGE('',*,*,#6792,.F.);
#6792 = EDGE_CURVE('',#6793,#6793,#6795,.T.);
#6793 = VERTEX_POINT('',#6794);
#6794 = CARTESIAN_POINT('',(37.,-1.714505518806E-15,5.42E+03));
#6795 = SURFACE_CURVE('',#6796,(#6801,#6808),.PCURVE_S1.);
#6796 = CIRCLE('',#6797,7.);
#6797 = AXIS2_PLACEMENT_3D('',#6798,#6799,#6800);
#6798 = CARTESIAN_POINT('',(30.,0.,5.42E+03));
#6799 = DIRECTION('',(0.,0.,1.));
#6800 = DIRECTION('',(1.,0.,-0.));
#6801 = PCURVE('',#5998,#6802);
#6802 = DEFINITIONAL_REPRESENTATION('',(#6803),#6807);
#6803 = CIRCLE('',#6804,7.);
#6804 = AXIS2_PLACEMENT_2D('',#6805,#6806);
#6805 = CARTESIAN_POINT('',(30.,0.));
#6806 = DIRECTION('',(1.,0.));
#6807 = ( GEOMETRIC_REPRESENTATION_CONTEXT(2) 
PARAMETRIC_REPRESENTATION_CONTEXT() REPRESENTATION_CONTEXT('2D SPACE',''
  ) );
#6808 = PCURVE('',#6809,#6814);
#6809 = CYLINDRICAL_SURFACE('',#6810,7.);
#6810 = AXIS2_PLACEMENT_3D('',#6811,#6812,#6813);
#6811 = CARTESIAN_POINT('',(30.,0.,5.42E+03));
#6812 = DIRECTION('',(0.,0.,1.));
#6813 = DIRECTION('',(1.,0.,-0.));
#6814 = DEFINITIONAL_REPRESENTATION('',(#6815),#6819);
#6815 = LINE('',#6816,#6817);
#6816 = CARTESIAN_POINT('',(0.,0.));
#6817 = VECTOR('',#6818,1.);
#6818 = DIRECTION('',(1.,0.));
#6819 = ( GEOMETRIC_REPRESENTATION_CONTEXT(2) 
PARAMETRIC_REPRESENTATION_CONTEXT() REPRESENTATION_CONTEXT('2D SPACE',''
  ) );
#6820 = ADVANCED_FACE('',(#6821),#6686,.T.);
#6821 = FACE_BOUND('',#6822,.F.);
#6822 = EDGE_LOOP('',(#6823));
#6823 = ORIENTED_EDGE('',*,*,#6671,.F.);
#6824 = ADVANCED_FACE('',(#6825,#6828),#6742,.F.);
#6825 = FACE_BOUND('',#6826,.F.);
#6826 = EDGE_LOOP('',(#6827));
#6827 = ORIENTED_EDGE('',*,*,#6727,.T.);
#6828 = FACE_BOUND('',#6829,.F.);
#6829 = EDGE_LOOP('',(#6830));
#6830 = ORIENTED_EDGE('',*,*,#6831,.F.);
#6831 = EDGE_CURVE('',#6832,#6832,#6834,.T.);
#6832 = VERTEX_POINT('',#6833);
#6833 = CARTESIAN_POINT('',(4.,-9.797174393179E-16,5.25E+03));
#6834 = SURFACE_CURVE('',#6835,(#6840,#6847),.PCURVE_S1.);
#6835 = CIRCLE('',#6836,4.);
#6836 = AXIS2_PLACEMENT_3D('',#6837,#6838,#6839);
#6837 = CARTESIAN_POINT('',(0.,0.,5.25E+03));
#6838 = DIRECTION('',(0.,0.,1.));
#6839 = DIRECTION('',(1.,0.,-0.));
#6840 = PCURVE('',#6742,#6841);
#6841 = DEFINITIONAL_REPRESENTATION('',(#6842),#6846);
#6842 = CIRCLE('',#6843,4.);
#6843 = AXIS2_PLACEMENT_2D('',#6844,#6845);
#6844 = CARTESIAN_POINT('',(0.,0.));
#6845 = DIRECTION('',(1.,0.));
#6846 = ( GEOMETRIC_REPRESENTATION_CONTEXT(2) 
PARAMETRIC_REPRESENTATION_CONTEXT() REPRESENTATION_CONTEXT('2D SPACE',''
  ) );
#6847 = PCURVE('',#6848,#6853);
#6848 = CYLINDRICAL_SURFACE('',#6849,4.);
#6849 = AXIS2_PLACEMENT_3D('',#6850,#6851,#6852);
#6850 = CARTESIAN_POINT('',(0.,0.,5.18E+03));
#6851 = DIRECTION('',(0.,0.,1.));
#6852 = DIRECTION('',(1.,0.,-0.));
#6853 = DEFINITIONAL_REPRESENTATION('',(#6854),#6858);
#6854 = LINE('',#6855,#6856);
#6855 = CARTESIAN_POINT('',(0.,70.));
#6856 = VECTOR('',#6857,1.);
#6857 = DIRECTION('',(1.,0.));
#6858 = ( GEOMETRIC_REPRESENTATION_CONTEXT(2) 
PARAMETRIC_REPRESENTATION_CONTEXT() REPRESENTATION_CONTEXT('2D SPACE',''
  ) );
#6859 = ADVANCED_FACE('',(#6860),#6778,.T.);
#6860 = FACE_BOUND('',#6861,.T.);
#6861 = EDGE_LOOP('',(#6862,#6891,#6912,#6913));
#6862 = ORIENTED_EDGE('',*,*,#6863,.F.);
#6863 = EDGE_CURVE('',#6864,#6864,#6866,.T.);
#6864 = VERTEX_POINT('',#6865);
#6865 = CARTESIAN_POINT('',(14.,-3.429011037613E-15,5.44E+03));
#6866 = SURFACE_CURVE('',#6867,(#6872,#6879),.PCURVE_S1.);
#6867 = CIRCLE('',#6868,14.);
#6868 = AXIS2_PLACEMENT_3D('',#6869,#6870,#6871);
#6869 = CARTESIAN_POINT('',(0.,0.,5.44E+03));
#6870 = DIRECTION('',(0.,0.,1.));
#6871 = DIRECTION('',(1.,0.,-0.));
#6872 = PCURVE('',#6778,#6873);
#6873 = DEFINITIONAL_REPRESENTATION('',(#6874),#6878);
#6874 = LINE('',#6875,#6876);
#6875 = CARTESIAN_POINT('',(0.,20.));
#6876 = VECTOR('',#6877,1.);
#6877 = DIRECTION('',(1.,0.));
#6878 = ( GEOMETRIC_REPRESENTATION_CONTEXT(2) 
PARAMETRIC_REPRESENTATION_CONTEXT() REPRESENTATION_CONTEXT('2D SPACE',''
  ) );
#6879 = PCURVE('',#6880,#6885);
#6880 = PLANE('',#6881);
#6881 = AXIS2_PLACEMENT_3D('',#6882,#6883,#6884);
#6882 = CARTESIAN_POINT('',(0.,0.,5.44E+03));
#6883 = DIRECTION('',(0.,0.,1.));
#6884 = DIRECTION('',(1.,0.,-0.));
#6885 = DEFINITIONAL_REPRESENTATION('',(#6886),#6890);
#6886 = CIRCLE('',#6887,14.);
#6887 = AXIS2_PLACEMENT_2D('',#6888,#6889);
#6888 = CARTESIAN_POINT('',(0.,0.));
#6889 = DIRECTION('',(1.,0.));
#6890 = ( GEOMETRIC_REPRESENTATION_CONTEXT(2) 
PARAMETRIC_REPRESENTATION_CONTEXT() REPRESENTATION_CONTEXT('2D SPACE',''
  ) );
#6891 = ORIENTED_EDGE('',*,*,#6892,.F.);
#6892 = EDGE_CURVE('',#6762,#6864,#6893,.T.);
#6893 = SEAM_CURVE('',#6894,(#6898,#6905),.PCURVE_S1.);
#6894 = LINE('',#6895,#6896);
#6895 = CARTESIAN_POINT('',(14.,-3.429011037613E-15,5.42E+03));
#6896 = VECTOR('',#6897,1.);
#6897 = DIRECTION('',(0.,0.,1.));
#6898 = PCURVE('',#6778,#6899);
#6899 = DEFINITIONAL_REPRESENTATION('',(#6900),#6904);
#6900 = LINE('',#6901,#6902);
#6901 = CARTESIAN_POINT('',(6.28318530718,-0.));
#6902 = VECTOR('',#6903,1.);
#6903 = DIRECTION('',(0.,1.));
#6904 = ( GEOMETRIC_REPRESENTATION_CONTEXT(2) 
PARAMETRIC_REPRESENTATION_CONTEXT() REPRESENTATION_CONTEXT('2D SPACE',''
  ) );
#6905 = PCURVE('',#6778,#6906);
#6906 = DEFINITIONAL_REPRESENTATION('',(#6907),#6911);
#6907 = LINE('',#6908,#6909);
#6908 = CARTESIAN_POINT('',(0.,-0.));
#6909 = VECTOR('',#6910,1.);
#6910 = DIRECTION('',(0.,1.));
#6911 = ( GEOMETRIC_REPRESENTATION_CONTEXT(2) 
PARAMETRIC_REPRESENTATION_CONTEXT() REPRESENTATION_CONTEXT('2D SPACE',''
  ) );
#6912 = ORIENTED_EDGE('',*,*,#6761,.T.);
#6913 = ORIENTED_EDGE('',*,*,#6892,.T.);
#6914 = ADVANCED_FACE('',(#6915),#6809,.T.);
#6915 = FACE_BOUND('',#6916,.T.);
#6916 = EDGE_LOOP('',(#6917,#6946,#6967,#6968));
#6917 = ORIENTED_EDGE('',*,*,#6918,.F.);
#6918 = EDGE_CURVE('',#6919,#6919,#6921,.T.);
#6919 = VERTEX_POINT('',#6920);
#6920 = CARTESIAN_POINT('',(37.,-1.714505518806E-15,5.436E+03));
#6921 = SURFACE_CURVE('',#6922,(#6927,#6934),.PCURVE_S1.);
#6922 = CIRCLE('',#6923,7.);
#6923 = AXIS2_PLACEMENT_3D('',#6924,#6925,#6926);
#6924 = CARTESIAN_POINT('',(30.,0.,5.436E+03));
#6925 = DIRECTION('',(0.,0.,1.));
#6926 = DIRECTION('',(1.,0.,-0.));
#6927 = PCURVE('',#6809,#6928);
#6928 = DEFINITIONAL_REPRESENTATION('',(#6929),#6933);
#6929 = LINE('',#6930,#6931);
#6930 = CARTESIAN_POINT('',(0.,16.));
#6931 = VECTOR('',#6932,1.);
#6932 = DIRECTION('',(1.,0.));
#6933 = ( GEOMETRIC_REPRESENTATION_CONTEXT(2) 
PARAMETRIC_REPRESENTATION_CONTEXT() REPRESENTATION_CONTEXT('2D SPACE',''
  ) );
#6934 = PCURVE('',#6935,#6940);
#6935 = PLANE('',#6936);
#6936 = AXIS2_PLACEMENT_3D('',#6937,#6938,#6939);
#6937 = CARTESIAN_POINT('',(30.,0.,5.436E+03));
#6938 = DIRECTION('',(0.,0.,1.));
#6939 = DIRECTION('',(1.,0.,-0.));
#6940 = DEFINITIONAL_REPRESENTATION('',(#6941),#6945);
#6941 = CIRCLE('',#6942,7.);
#6942 = AXIS2_PLACEMENT_2D('',#6943,#6944);
#6943 = CARTESIAN_POINT('',(0.,0.));
#6944 = DIRECTION('',(1.,0.));
#6945 = ( GEOMETRIC_REPRESENTATION_CONTEXT(2) 
PARAMETRIC_REPRESENTATION_CONTEXT() REPRESENTATION_CONTEXT('2D SPACE',''
  ) );
#6946 = ORIENTED_EDGE('',*,*,#6947,.F.);
#6947 = EDGE_CURVE('',#6793,#6919,#6948,.T.);
#6948 = SEAM_CURVE('',#6949,(#6953,#6960),.PCURVE_S1.);
#6949 = LINE('',#6950,#6951);
#6950 = CARTESIAN_POINT('',(37.,-1.714505518806E-15,5.42E+03));
#6951 = VECTOR('',#6952,1.);
#6952 = DIRECTION('',(0.,0.,1.));
#6953 = PCURVE('',#6809,#6954);
#6954 = DEFINITIONAL_REPRESENTATION('',(#6955),#6959);
#6955 = LINE('',#6956,#6957);
#6956 = CARTESIAN_POINT('',(6.28318530718,-0.));
#6957 = VECTOR('',#6958,1.);
#6958 = DIRECTION('',(0.,1.));
#6959 = ( GEOMETRIC_REPRESENTATION_CONTEXT(2) 
PARAMETRIC_REPRESENTATION_CONTEXT() REPRESENTATION_CONTEXT('2D SPACE',''
  ) );
#6960 = PCURVE('',#6809,#6961);
#6961 = DEFINITIONAL_REPRESENTATION('',(#6962),#6966);
#6962 = LINE('',#6963,#6964);
#6963 = CARTESIAN_POINT('',(0.,-0.));
#6964 = VECTOR('',#6965,1.);
#6965 = DIRECTION('',(0.,1.));
#6966 = ( GEOMETRIC_REPRESENTATION_CONTEXT(2) 
PARAMETRIC_REPRESENTATION_CONTEXT() REPRESENTATION_CONTEXT('2D SPACE',''
  ) );
#6967 = ORIENTED_EDGE('',*,*,#6792,.T.);
#6968 = ORIENTED_EDGE('',*,*,#6947,.T.);
#6969 = ADVANCED_FACE('',(#6970),#6848,.F.);
#6970 = FACE_BOUND('',#6971,.F.);
#6971 = EDGE_LOOP('',(#6972,#6996,#7017,#7018));
#6972 = ORIENTED_EDGE('',*,*,#6973,.F.);
#6973 = EDGE_CURVE('',#6974,#6974,#6976,.T.);
#6974 = VERTEX_POINT('',#6975);
#6975 = CARTESIAN_POINT('',(4.,-9.797174393179E-16,5.44E+03));
#6976 = SURFACE_CURVE('',#6977,(#6982,#6989),.PCURVE_S1.);
#6977 = CIRCLE('',#6978,4.);
#6978 = AXIS2_PLACEMENT_3D('',#6979,#6980,#6981);
#6979 = CARTESIAN_POINT('',(0.,0.,5.44E+03));
#6980 = DIRECTION('',(0.,0.,1.));
#6981 = DIRECTION('',(1.,0.,-0.));
#6982 = PCURVE('',#6848,#6983);
#6983 = DEFINITIONAL_REPRESENTATION('',(#6984),#6988);
#6984 = LINE('',#6985,#6986);
#6985 = CARTESIAN_POINT('',(0.,260.));
#6986 = VECTOR('',#6987,1.);
#6987 = DIRECTION('',(1.,0.));
#6988 = ( GEOMETRIC_REPRESENTATION_CONTEXT(2) 
PARAMETRIC_REPRESENTATION_CONTEXT() REPRESENTATION_CONTEXT('2D SPACE',''
  ) );
#6989 = PCURVE('',#6880,#6990);
#6990 = DEFINITIONAL_REPRESENTATION('',(#6991),#6995);
#6991 = CIRCLE('',#6992,4.);
#6992 = AXIS2_PLACEMENT_2D('',#6993,#6994);
#6993 = CARTESIAN_POINT('',(0.,0.));
#6994 = DIRECTION('',(1.,0.));
#6995 = ( GEOMETRIC_REPRESENTATION_CONTEXT(2) 
PARAMETRIC_REPRESENTATION_CONTEXT() REPRESENTATION_CONTEXT('2D SPACE',''
  ) );
#6996 = ORIENTED_EDGE('',*,*,#6997,.F.);
#6997 = EDGE_CURVE('',#6832,#6974,#6998,.T.);
#6998 = SEAM_CURVE('',#6999,(#7003,#7010),.PCURVE_S1.);
#6999 = LINE('',#7000,#7001);
#7000 = CARTESIAN_POINT('',(4.,-9.797174393179E-16,5.18E+03));
#7001 = VECTOR('',#7002,1.);
#7002 = DIRECTION('',(0.,0.,1.));
#7003 = PCURVE('',#6848,#7004);
#7004 = DEFINITIONAL_REPRESENTATION('',(#7005),#7009);
#7005 = LINE('',#7006,#7007);
#7006 = CARTESIAN_POINT('',(6.28318530718,-0.));
#7007 = VECTOR('',#7008,1.);
#7008 = DIRECTION('',(0.,1.));
#7009 = ( GEOMETRIC_REPRESENTATION_CONTEXT(2) 
PARAMETRIC_REPRESENTATION_CONTEXT() REPRESENTATION_CONTEXT('2D SPACE',''
  ) );
#7010 = PCURVE('',#6848,#7011);
#7011 = DEFINITIONAL_REPRESENTATION('',(#7012),#7016);
#7012 = LINE('',#7013,#7014);
#7013 = CARTESIAN_POINT('',(0.,-0.));
#7014 = VECTOR('',#7015,1.);
#7015 = DIRECTION('',(0.,1.));
#7016 = ( GEOMETRIC_REPRESENTATION_CONTEXT(2) 
PARAMETRIC_REPRESENTATION_CONTEXT() REPRESENTATION_CONTEXT('2D SPACE',''
  ) );
#7017 = ORIENTED_EDGE('',*,*,#6831,.T.);
#7018 = ORIENTED_EDGE('',*,*,#6997,.T.);
#7019 = ADVANCED_FACE('',(#7020,#7023),#6880,.T.);
#7020 = FACE_BOUND('',#7021,.T.);
#7021 = EDGE_LOOP('',(#7022));
#7022 = ORIENTED_EDGE('',*,*,#6863,.T.);
#7023 = FACE_BOUND('',#7024,.T.);
#7024 = EDGE_LOOP('',(#7025));
#7025 = ORIENTED_EDGE('',*,*,#6973,.F.);
#7026 = ADVANCED_FACE('',(#7027),#6935,.T.);
#7027 = FACE_BOUND('',#7028,.T.);
#7028 = EDGE_LOOP('',(#7029));
#7029 = ORIENTED_EDGE('',*,*,#6918,.T.);
#7030 = ( GEOMETRIC_REPRESENTATION_CONTEXT(3) 
GLOBAL_UNCERTAINTY_ASSIGNED_CONTEXT((#7034)) 
GLOBAL_UNIT_ASSIGNED_CONTEXT((#7031,#7032,#7033)) REPRESENTATION_CONTEXT
('Context #1','3D Context with UNIT and UNCERTAINTY') );
#7031 = ( LENGTH_UNIT() NAMED_UNIT(*) SI_UNIT(.MILLI.,.METRE.) );
#7032 = ( NAMED_UNIT(*) PLANE_ANGLE_UNIT() SI_UNIT($,.RADIAN.) );
#7033 = ( NAMED_UNIT(*) SI_UNIT($,.STERADIAN.) SOLID_ANGLE_UNIT() );
#7034 = UNCERTAINTY_MEASURE_WITH_UNIT(LENGTH_MEASURE(1.E-07),#7031,
  'distance_accuracy_value','confusion accuracy');
#7035 = CONTEXT_DEPENDENT_SHAPE_REPRESENTATION(#7036,#7038);
#7036 = ( REPRESENTATION_RELATIONSHIP('','',#531,#10) 
REPRESENTATION_RELATIONSHIP_WITH_TRANSFORMATION(#7037) 
SHAPE_REPRESENTATION_RELATIONSHIP() );
#7037 = ITEM_DEFINED_TRANSFORMATION('','',#11,#19);
#7038 = PRODUCT_DEFINITION_SHAPE('Placement','Placement of an item',
  #7039);
#7039 = NEXT_ASSEMBLY_USAGE_OCCURRENCE('2','=>[0:1:1:3]','',#5,#526,$);
#7040 = PRODUCT_RELATED_PRODUCT_CATEGORY('part',$,(#528));
#7041 = SHAPE_DEFINITION_REPRESENTATION(#7042,#7048);
#7042 = PRODUCT_DEFINITION_SHAPE('','',#7043);
#7043 = PRODUCT_DEFINITION('design','',#7044,#7047);
#7044 = PRODUCT_DEFINITION_FORMATION('','',#7045);
#7045 = PRODUCT('SOLID','SOLID','',(#7046));
#7046 = PRODUCT_CONTEXT('',#2,'mechanical');
#7047 = PRODUCT_DEFINITION_CONTEXT('part definition',#2,'design');
#7048 = ADVANCED_BREP_SHAPE_REPRESENTATION('',(#11,#7049),#7969);
#7049 = MANIFOLD_SOLID_BREP('',#7050);
#7050 = CLOSED_SHELL('',(#7051,#7222,#7250,#7439,#7443,#7448,#7635,#7658
    ,#7663,#7691,#7849,#7854,#7883,#7960,#7965));
#7051 = ADVANCED_FACE('',(#7052),#7067,.T.);
#7052 = FACE_BOUND('',#7053,.T.);
#7053 = EDGE_LOOP('',(#7054,#7090,#7127,#7150,#7177,#7178));
#7054 = ORIENTED_EDGE('',*,*,#7055,.F.);
#7055 = EDGE_CURVE('',#7056,#7058,#7060,.T.);
#7056 = VERTEX_POINT('',#7057);
#7057 = CARTESIAN_POINT('',(32.716778128181,2.93583320409,
    7.104826488926E+03));
#7058 = VERTEX_POINT('',#7059);
#7059 = CARTESIAN_POINT('',(27.283221871819,-2.93583320409,
    7.104826488926E+03));
#7060 = SURFACE_CURVE('',#7061,(#7066,#7078),.PCURVE_S1.);
#7061 = CIRCLE('',#7062,4.);
#7062 = AXIS2_PLACEMENT_3D('',#7063,#7064,#7065);
#7063 = CARTESIAN_POINT('',(30.,0.,7.104826488926E+03));
#7064 = DIRECTION('',(0.,0.,1.));
#7065 = DIRECTION('',(1.,0.,-0.));
#7066 = PCURVE('',#7067,#7072);
#7067 = CYLINDRICAL_SURFACE('',#7068,4.);
#7068 = AXIS2_PLACEMENT_3D('',#7069,#7070,#7071);
#7069 = CARTESIAN_POINT('',(30.,0.,720.));
#7070 = DIRECTION('',(0.,0.,1.));
#7071 = DIRECTION('',(1.,0.,-0.));
#7072 = DEFINITIONAL_REPRESENTATION('',(#7073),#7077);
#7073 = LINE('',#7074,#7075);
#7074 = CARTESIAN_POINT('',(0.,6.384826488926E+03));
#7075 = VECTOR('',#7076,1.);
#7076 = DIRECTION('',(1.,0.));
#7077 = ( GEOMETRIC_REPRESENTATION_CONTEXT(2) 
PARAMETRIC_REPRESENTATION_CONTEXT() REPRESENTATION_CONTEXT('2D SPACE',''
  ) );
#7078 = PCURVE('',#7079,#7084);
#7079 = PLANE('',#7080);
#7080 = AXIS2_PLACEMENT_3D('',#7081,#7082,#7083);
#7081 = CARTESIAN_POINT('',(30.,0.,7.104826488926E+03));
#7082 = DIRECTION('',(0.,0.,1.));
#7083 = DIRECTION('',(1.,0.,-0.));
#7084 = DEFINITIONAL_REPRESENTATION('',(#7085),#7089);
#7085 = CIRCLE('',#7086,4.);
#7086 = AXIS2_PLACEMENT_2D('',#7087,#7088);
#7087 = CARTESIAN_POINT('',(0.,0.));
#7088 = DIRECTION('',(1.,0.));
#7089 = ( GEOMETRIC_REPRESENTATION_CONTEXT(2) 
PARAMETRIC_REPRESENTATION_CONTEXT() REPRESENTATION_CONTEXT('2D SPACE',''
  ) );
#7090 = ORIENTED_EDGE('',*,*,#7091,.F.);
#7091 = EDGE_CURVE('',#7092,#7056,#7094,.T.);
#7092 = VERTEX_POINT('',#7093);
#7093 = CARTESIAN_POINT('',(34.,-9.797174393179E-16,7.102034661545E+03)
  );
#7094 = SURFACE_CURVE('',#7095,(#7100,#7111),.PCURVE_S1.);
#7095 = ELLIPSE('',#7096,5.519860617301,4.);
#7096 = AXIS2_PLACEMENT_3D('',#7097,#7098,#7099);
#7097 = CARTESIAN_POINT('',(30.,0.,7.104826488926E+03));
#7098 = DIRECTION('',(0.505778601203,-0.468040295864,0.724655979077));
#7099 = DIRECTION('',(-0.531867271229,0.492182378603,0.68911081256));
#7100 = PCURVE('',#7067,#7101);
#7101 = DEFINITIONAL_REPRESENTATION('',(#7102),#7110);
#7102 = B_SPLINE_CURVE_WITH_KNOTS('',6,(#7103,#7104,#7105,#7106,#7107,
    #7108,#7109),.UNSPECIFIED.,.F.,.F.,(7,7),(3.888257300217,
    4.712388959453),.PIECEWISE_BEZIER_KNOTS.);
#7103 = CARTESIAN_POINT('',(1.312994712954E-10,6.382034661544E+03));
#7104 = CARTESIAN_POINT('',(0.137355276671,6.382389521263E+03));
#7105 = CARTESIAN_POINT('',(0.27471055321,6.382807586292E+03));
#7106 = CARTESIAN_POINT('',(0.412065829749,6.383276813048E+03));
#7107 = CARTESIAN_POINT('',(0.549421106289,6.383781547089E+03));
#7108 = CARTESIAN_POINT('',(0.686776382828,6.384304017445E+03));
#7109 = CARTESIAN_POINT('',(0.824131659367,6.384826488846E+03));
#7110 = ( GEOMETRIC_REPRESENTATION_CONTEXT(2) 
PARAMETRIC_REPRESENTATION_CONTEXT() REPRESENTATION_CONTEXT('2D SPACE',''
  ) );
#7111 = PCURVE('',#7112,#7117);
#7112 = CYLINDRICAL_SURFACE('',#7113,4.);
#7113 = AXIS2_PLACEMENT_3D('',#7114,#7115,#7116);
#7114 = CARTESIAN_POINT('',(30.,0.,7.104826488926E+03));
#7115 = DIRECTION('',(0.733030974902,-0.678336397694,5.025257602473E-02)
  );
#7116 = DIRECTION('',(0.679194532045,0.733958301023,3.469446951954E-18)
  );
#7117 = DEFINITIONAL_REPRESENTATION('',(#7118),#7126);
#7118 = B_SPLINE_CURVE_WITH_KNOTS('',6,(#7119,#7120,#7121,#7122,#7123,
    #7124,#7125),.UNSPECIFIED.,.F.,.F.,(7,7),(3.888257300217,
    4.712388959453),.PIECEWISE_BEZIER_KNOTS.);
#7119 = CARTESIAN_POINT('',(5.459053627011,2.791827381515));
#7120 = CARTESIAN_POINT('',(5.596408903551,2.436967662502));
#7121 = CARTESIAN_POINT('',(5.73376418009,2.018902633987));
#7122 = CARTESIAN_POINT('',(5.871119456627,1.549675877092));
#7123 = CARTESIAN_POINT('',(6.00847473317,1.044941836672));
#7124 = CARTESIAN_POINT('',(6.145830009708,0.522471480994));
#7125 = CARTESIAN_POINT('',(6.283185286247,7.962125891936E-08));
#7126 = ( GEOMETRIC_REPRESENTATION_CONTEXT(2) 
PARAMETRIC_REPRESENTATION_CONTEXT() REPRESENTATION_CONTEXT('2D SPACE',''
  ) );
#7127 = ORIENTED_EDGE('',*,*,#7128,.F.);
#7128 = EDGE_CURVE('',#7129,#7092,#7131,.T.);
#7129 = VERTEX_POINT('',#7130);
#7130 = CARTESIAN_POINT('',(34.,-9.797174393179E-16,720.));
#7131 = SEAM_CURVE('',#7132,(#7136,#7143),.PCURVE_S1.);
#7132 = LINE('',#7133,#7134);
#7133 = CARTESIAN_POINT('',(34.,-9.797174393179E-16,720.));
#7134 = VECTOR('',#7135,1.);
#7135 = DIRECTION('',(0.,0.,1.));
#7136 = PCURVE('',#7067,#7137);
#7137 = DEFINITIONAL_REPRESENTATION('',(#7138),#7142);
#7138 = LINE('',#7139,#7140);
#7139 = CARTESIAN_POINT('',(6.28318530718,-0.));
#7140 = VECTOR('',#7141,1.);
#7141 = DIRECTION('',(0.,1.));
#7142 = ( GEOMETRIC_REPRESENTATION_CONTEXT(2) 
PARAMETRIC_REPRESENTATION_CONTEXT() REPRESENTATION_CONTEXT('2D SPACE',''
  ) );
#7143 = PCURVE('',#7067,#7144);
#7144 = DEFINITIONAL_REPRESENTATION('',(#7145),#7149);
#7145 = LINE('',#7146,#7147);
#7146 = CARTESIAN_POINT('',(0.,-0.));
#7147 = VECTOR('',#7148,1.);
#7148 = DIRECTION('',(0.,1.));
#7149 = ( GEOMETRIC_REPRESENTATION_CONTEXT(2) 
PARAMETRIC_REPRESENTATION_CONTEXT() REPRESENTATION_CONTEXT('2D SPACE',''
  ) );
#7150 = ORIENTED_EDGE('',*,*,#7151,.T.);
#7151 = EDGE_CURVE('',#7129,#7129,#7152,.T.);
#7152 = SURFACE_CURVE('',#7153,(#7158,#7165),.PCURVE_S1.);
#7153 = CIRCLE('',#7154,4.);
#7154 = AXIS2_PLACEMENT_3D('',#7155,#7156,#7157);
#7155 = CARTESIAN_POINT('',(30.,0.,720.));
#7156 = DIRECTION('',(0.,0.,1.));
#7157 = DIRECTION('',(1.,0.,-0.));
#7158 = PCURVE('',#7067,#7159);
#7159 = DEFINITIONAL_REPRESENTATION('',(#7160),#7164);
#7160 = LINE('',#7161,#7162);
#7161 = CARTESIAN_POINT('',(0.,0.));
#7162 = VECTOR('',#7163,1.);
#7163 = DIRECTION('',(1.,0.));
#7164 = ( GEOMETRIC_REPRESENTATION_CONTEXT(2) 
PARAMETRIC_REPRESENTATION_CONTEXT() REPRESENTATION_CONTEXT('2D SPACE',''
  ) );
#7165 = PCURVE('',#7166,#7171);
#7166 = PLANE('',#7167);
#7167 = AXIS2_PLACEMENT_3D('',#7168,#7169,#7170);
#7168 = CARTESIAN_POINT('',(30.,0.,720.));
#7169 = DIRECTION('',(0.,0.,1.));
#7170 = DIRECTION('',(1.,0.,-0.));
#7171 = DEFINITIONAL_REPRESENTATION('',(#7172),#7176);
#7172 = CIRCLE('',#7173,4.);
#7173 = AXIS2_PLACEMENT_2D('',#7174,#7175);
#7174 = CARTESIAN_POINT('',(0.,0.));
#7175 = DIRECTION('',(1.,0.));
#7176 = ( GEOMETRIC_REPRESENTATION_CONTEXT(2) 
PARAMETRIC_REPRESENTATION_CONTEXT() REPRESENTATION_CONTEXT('2D SPACE',''
  ) );
#7177 = ORIENTED_EDGE('',*,*,#7128,.T.);
#7178 = ORIENTED_EDGE('',*,*,#7179,.F.);
#7179 = EDGE_CURVE('',#7058,#7092,#7180,.T.);
#7180 = SURFACE_CURVE('',#7181,(#7186,#7204),.PCURVE_S1.);
#7181 = ELLIPSE('',#7182,5.519860617301,4.);
#7182 = AXIS2_PLACEMENT_3D('',#7183,#7184,#7185);
#7183 = CARTESIAN_POINT('',(30.,0.,7.104826488926E+03));
#7184 = DIRECTION('',(0.505778601203,-0.468040295864,0.724655979077));
#7185 = DIRECTION('',(-0.531867271229,0.492182378603,0.68911081256));
#7186 = PCURVE('',#7067,#7187);
#7187 = DEFINITIONAL_REPRESENTATION('',(#7188),#7203);
#7188 = B_SPLINE_CURVE_WITH_KNOTS('',7,(#7189,#7190,#7191,#7192,#7193,
    #7194,#7195,#7196,#7197,#7198,#7199,#7200,#7201,#7202),
  .UNSPECIFIED.,.F.,.F.,(8,6,8),(1.570796171058,2.729526735637,
    3.888257300217),.UNSPECIFIED.);
#7189 = CARTESIAN_POINT('',(3.965724178152,6.384826489518E+03));
#7190 = CARTESIAN_POINT('',(4.13125711595,6.384196836052E+03));
#7191 = CARTESIAN_POINT('',(4.296790053747,6.383567182802E+03));
#7192 = CARTESIAN_POINT('',(4.462322991543,6.382965708174E+03));
#7193 = CARTESIAN_POINT('',(4.627855929341,6.382420599457E+03));
#7194 = CARTESIAN_POINT('',(4.793388867138,6.381956866601E+03));
#7195 = CARTESIAN_POINT('',(4.958921804935,6.381593266799E+03));
#7196 = CARTESIAN_POINT('',(5.289987680529,6.381088910378E+03));
#7197 = CARTESIAN_POINT('',(5.455520618326,6.380948153948E+03));
#7198 = CARTESIAN_POINT('',(5.621053556123,6.380930101838E+03));
#7199 = CARTESIAN_POINT('',(5.78658649392,6.381038575062E+03));
#7200 = CARTESIAN_POINT('',(5.952119431717,6.381268596785E+03));
#7201 = CARTESIAN_POINT('',(6.117652369514,6.381607004353E+03));
#7202 = CARTESIAN_POINT('',(6.283185307311,6.382034661544E+03));
#7203 = ( GEOMETRIC_REPRESENTATION_CONTEXT(2) 
PARAMETRIC_REPRESENTATION_CONTEXT() REPRESENTATION_CONTEXT('2D SPACE',''
  ) );
#7204 = PCURVE('',#7112,#7205);
#7205 = DEFINITIONAL_REPRESENTATION('',(#7206),#7221);
#7206 = B_SPLINE_CURVE_WITH_KNOTS('',7,(#7207,#7208,#7209,#7210,#7211,
    #7212,#7213,#7214,#7215,#7216,#7217,#7218,#7219,#7220),
  .UNSPECIFIED.,.F.,.F.,(8,6,8),(1.570796171058,2.729526735637,
    3.888257300217),.UNSPECIFIED.);
#7207 = CARTESIAN_POINT('',(3.141592497853,-5.923907338001E-07));
#7208 = CARTESIAN_POINT('',(3.30712543565,0.629652873885));
#7209 = CARTESIAN_POINT('',(3.472658373446,1.259306123161));
#7210 = CARTESIAN_POINT('',(3.638191311247,1.860780751437));
#7211 = CARTESIAN_POINT('',(3.803724249038,2.405889469198));
#7212 = CARTESIAN_POINT('',(3.969257186839,2.86962232414));
#7213 = CARTESIAN_POINT('',(4.134790124635,3.233222126189));
#7214 = CARTESIAN_POINT('',(4.465856000229,3.737578547667));
#7215 = CARTESIAN_POINT('',(4.631388938025,3.878334978111));
#7216 = CARTESIAN_POINT('',(4.796921875827,3.896387086283));
#7217 = CARTESIAN_POINT('',(4.962454813617,3.787913865539));
#7218 = CARTESIAN_POINT('',(5.127987751418,3.557892139737));
#7219 = CARTESIAN_POINT('',(5.293520689214,3.219484572954));
#7220 = CARTESIAN_POINT('',(5.459053627011,2.791827381515));
#7221 = ( GEOMETRIC_REPRESENTATION_CONTEXT(2) 
PARAMETRIC_REPRESENTATION_CONTEXT() REPRESENTATION_CONTEXT('2D SPACE',''
  ) );
#7222 = ADVANCED_FACE('',(#7223),#7079,.T.);
#7223 = FACE_BOUND('',#7224,.T.);
#7224 = EDGE_LOOP('',(#7225,#7249));
#7225 = ORIENTED_EDGE('',*,*,#7226,.T.);
#7226 = EDGE_CURVE('',#7058,#7056,#7227,.T.);
#7227 = SURFACE_CURVE('',#7228,(#7232,#7238),.PCURVE_S1.);
#7228 = LINE('',#7229,#7230);
#7229 = CARTESIAN_POINT('',(30.,0.,7.104826488926E+03));
#7230 = VECTOR('',#7231,1.);
#7231 = DIRECTION('',(0.679194532045,0.733958301023,-0.));
#7232 = PCURVE('',#7079,#7233);
#7233 = DEFINITIONAL_REPRESENTATION('',(#7234),#7237);
#7234 = B_SPLINE_CURVE_WITH_KNOTS('',1,(#7235,#7236),.UNSPECIFIED.,.F.,
  .F.,(2,2),(-4.,4.),.PIECEWISE_BEZIER_KNOTS.);
#7235 = CARTESIAN_POINT('',(-2.716778128181,-2.93583320409));
#7236 = CARTESIAN_POINT('',(2.716778128181,2.93583320409));
#7237 = ( GEOMETRIC_REPRESENTATION_CONTEXT(2) 
PARAMETRIC_REPRESENTATION_CONTEXT() REPRESENTATION_CONTEXT('2D SPACE',''
  ) );
#7238 = PCURVE('',#7239,#7244);
#7239 = PLANE('',#7240);
#7240 = AXIS2_PLACEMENT_3D('',#7241,#7242,#7243);
#7241 = CARTESIAN_POINT('',(30.,0.,7.104826488926E+03));
#7242 = DIRECTION('',(0.733030974902,-0.678336397694,5.025257602473E-02)
  );
#7243 = DIRECTION('',(0.679194532045,0.733958301023,3.469446951954E-18)
  );
#7244 = DEFINITIONAL_REPRESENTATION('',(#7245),#7248);
#7245 = B_SPLINE_CURVE_WITH_KNOTS('',1,(#7246,#7247),.UNSPECIFIED.,.F.,
  .F.,(2,2),(-4.,4.),.PIECEWISE_BEZIER_KNOTS.);
#7246 = CARTESIAN_POINT('',(-4.,1.387778780781E-17));
#7247 = CARTESIAN_POINT('',(4.,-1.387778780781E-17));
#7248 = ( GEOMETRIC_REPRESENTATION_CONTEXT(2) 
PARAMETRIC_REPRESENTATION_CONTEXT() REPRESENTATION_CONTEXT('2D SPACE',''
  ) );
#7249 = ORIENTED_EDGE('',*,*,#7055,.T.);
#7250 = ADVANCED_FACE('',(#7251),#7112,.T.);
#7251 = FACE_BOUND('',#7252,.T.);
#7252 = EDGE_LOOP('',(#7253,#7254,#7277,#7312,#7358,#7387,#7415,#7416,
    #7438));
#7253 = ORIENTED_EDGE('',*,*,#7091,.T.);
#7254 = ORIENTED_EDGE('',*,*,#7255,.T.);
#7255 = EDGE_CURVE('',#7056,#7256,#7258,.T.);
#7256 = VERTEX_POINT('',#7257);
#7257 = CARTESIAN_POINT('',(324.38918945454,-266.9736516335,
    7.124821946862E+03));
#7258 = SEAM_CURVE('',#7259,(#7263,#7270),.PCURVE_S1.);
#7259 = LINE('',#7260,#7261);
#7260 = CARTESIAN_POINT('',(32.716778128181,2.93583320409,
    7.104826488926E+03));
#7261 = VECTOR('',#7262,1.);
#7262 = DIRECTION('',(0.733030974902,-0.678336397694,5.025257602473E-02)
  );
#7263 = PCURVE('',#7112,#7264);
#7264 = DEFINITIONAL_REPRESENTATION('',(#7265),#7269);
#7265 = LINE('',#7266,#7267);
#7266 = CARTESIAN_POINT('',(0.,-0.));
#7267 = VECTOR('',#7268,1.);
#7268 = DIRECTION('',(0.,1.));
#7269 = ( GEOMETRIC_REPRESENTATION_CONTEXT(2) 
PARAMETRIC_REPRESENTATION_CONTEXT() REPRESENTATION_CONTEXT('2D SPACE',''
  ) );
#7270 = PCURVE('',#7112,#7271);
#7271 = DEFINITIONAL_REPRESENTATION('',(#7272),#7276);
#7272 = LINE('',#7273,#7274);
#7273 = CARTESIAN_POINT('',(6.28318530718,-0.));
#7274 = VECTOR('',#7275,1.);
#7275 = DIRECTION('',(0.,1.));
#7276 = ( GEOMETRIC_REPRESENTATION_CONTEXT(2) 
PARAMETRIC_REPRESENTATION_CONTEXT() REPRESENTATION_CONTEXT('2D SPACE',''
  ) );
#7277 = ORIENTED_EDGE('',*,*,#7278,.F.);
#7278 = EDGE_CURVE('',#7279,#7256,#7281,.T.);
#7279 = VERTEX_POINT('',#7280);
#7280 = CARTESIAN_POINT('',(324.37896775425,-266.9646430469,
    7.124769770169E+03));
#7281 = SURFACE_CURVE('',#7282,(#7287,#7297),.PCURVE_S1.);
#7282 = ELLIPSE('',#7283,4.195524159654,4.);
#7283 = AXIS2_PLACEMENT_3D('',#7284,#7285,#7286);
#7284 = CARTESIAN_POINT('',(321.73866610997,-269.9707960683,
    7.124826488926E+03));
#7285 = DIRECTION('',(0.72460145526,-0.641183874467,-0.252657812385));
#7286 = DIRECTION('',(0.139859194408,-0.222172567289,0.964924222975));
#7287 = PCURVE('',#7112,#7288);
#7288 = DEFINITIONAL_REPRESENTATION('',(#7289),#7296);
#7289 = B_SPLINE_CURVE_WITH_KNOTS('',5,(#7290,#7291,#7292,#7293,#7294,
    #7295),.UNSPECIFIED.,.F.,.F.,(6,6),(4.628069928954,4.6409268521),
  .PIECEWISE_BEZIER_KNOTS.);
#7290 = CARTESIAN_POINT('',(6.270328382495,397.88293724797));
#7291 = CARTESIAN_POINT('',(6.272899767124,397.88618071838));
#7292 = CARTESIAN_POINT('',(6.275471151754,397.88942506992));
#7293 = CARTESIAN_POINT('',(6.278042536383,397.89267025793));
#7294 = CARTESIAN_POINT('',(6.280613921012,397.89591623768));
#7295 = CARTESIAN_POINT('',(6.283185305642,397.89916296447));
#7296 = ( GEOMETRIC_REPRESENTATION_CONTEXT(2) 
PARAMETRIC_REPRESENTATION_CONTEXT() REPRESENTATION_CONTEXT('2D SPACE',''
  ) );
#7297 = PCURVE('',#7298,#7303);
#7298 = CYLINDRICAL_SURFACE('',#7299,4.);
#7299 = AXIS2_PLACEMENT_3D('',#7300,#7301,#7302);
#7300 = CARTESIAN_POINT('',(321.73866610997,-269.9707960683,
    7.124826488926E+03));
#7301 = DIRECTION('',(0.648634681519,-0.544269122031,-0.532018958999));
#7302 = DIRECTION('',(0.642787609687,0.766044443119,0.));
#7303 = DEFINITIONAL_REPRESENTATION('',(#7304),#7311);
#7304 = B_SPLINE_CURVE_WITH_KNOTS('',5,(#7305,#7306,#7307,#7308,#7309,
    #7310),.UNSPECIFIED.,.F.,.F.,(6,6),(4.628069928954,4.6409268521),
  .PIECEWISE_BEZIER_KNOTS.);
#7305 = CARTESIAN_POINT('',(-6.86895873514E-10,0.10661039543));
#7306 = CARTESIAN_POINT('',(2.571383942401E-03,0.103366925023));
#7307 = CARTESIAN_POINT('',(5.142768571106E-03,0.100122573476));
#7308 = CARTESIAN_POINT('',(7.714153201065E-03,9.687738547566E-02));
#7309 = CARTESIAN_POINT('',(1.028553783022E-02,9.363140571637E-02));
#7310 = CARTESIAN_POINT('',(1.285692245952E-02,9.038467892651E-02));
#7311 = ( GEOMETRIC_REPRESENTATION_CONTEXT(2) 
PARAMETRIC_REPRESENTATION_CONTEXT() REPRESENTATION_CONTEXT('2D SPACE',''
  ) );
#7312 = ORIENTED_EDGE('',*,*,#7313,.F.);
#7313 = EDGE_CURVE('',#7314,#7279,#7316,.T.);
#7314 = VERTEX_POINT('',#7315);
#7315 = CARTESIAN_POINT('',(319.03935616326,-272.9088841254,
    7.124541244504E+03));
#7316 = SURFACE_CURVE('',#7317,(#7322,#7340),.PCURVE_S1.);
#7317 = ELLIPSE('',#7318,4.195524159654,4.);
#7318 = AXIS2_PLACEMENT_3D('',#7319,#7320,#7321);
#7319 = CARTESIAN_POINT('',(321.73866610997,-269.9707960683,
    7.124826488926E+03));
#7320 = DIRECTION('',(0.72460145526,-0.641183874467,-0.252657812385));
#7321 = DIRECTION('',(0.139859194408,-0.222172567289,0.964924222975));
#7322 = PCURVE('',#7112,#7323);
#7323 = DEFINITIONAL_REPRESENTATION('',(#7324),#7339);
#7324 = B_SPLINE_CURVE_WITH_KNOTS('',7,(#7325,#7326,#7327,#7328,#7329,
    #7330,#7331,#7332,#7333,#7334,#7335,#7336,#7337,#7338),
  .UNSPECIFIED.,.F.,.F.,(8,6,8),(1.570796089802,3.099433009378,
    4.628069928954),.UNSPECIFIED.);
#7325 = CARTESIAN_POINT('',(3.213054543344,397.9895479434));
#7326 = CARTESIAN_POINT('',(3.43143124614,397.71311176153));
#7327 = CARTESIAN_POINT('',(3.649807948936,397.43667647134));
#7328 = CARTESIAN_POINT('',(3.868184651736,397.18176674476));
#7329 = CARTESIAN_POINT('',(4.08656135453,396.96994159388));
#7330 = CARTESIAN_POINT('',(4.304938057327,396.81847287781));
#7331 = CARTESIAN_POINT('',(4.523314760123,396.73645500908));
#7332 = CARTESIAN_POINT('',(4.960068165716,396.71315301133));
#7333 = CARTESIAN_POINT('',(5.178444868512,396.7718689589));
#7334 = CARTESIAN_POINT('',(5.396821571308,396.90185023774));
#7335 = CARTESIAN_POINT('',(5.615198274107,397.09581973723));
#7336 = CARTESIAN_POINT('',(5.833574976902,397.33796151763));
#7337 = CARTESIAN_POINT('',(6.051951679699,397.60748317352));
#7338 = CARTESIAN_POINT('',(6.270328382495,397.88293724797));
#7339 = ( GEOMETRIC_REPRESENTATION_CONTEXT(2) 
PARAMETRIC_REPRESENTATION_CONTEXT() REPRESENTATION_CONTEXT('2D SPACE',''
  ) );
#7340 = PCURVE('',#7298,#7341);
#7341 = DEFINITIONAL_REPRESENTATION('',(#7342),#7357);
#7342 = B_SPLINE_CURVE_WITH_KNOTS('',7,(#7343,#7344,#7345,#7346,#7347,
    #7348,#7349,#7350,#7351,#7352,#7353,#7354,#7355,#7356),
  .UNSPECIFIED.,.F.,.F.,(8,6,8),(1.570796089802,3.099433009378,
    4.628069928954),.UNSPECIFIED.);
#7343 = CARTESIAN_POINT('',(3.225911467341,-3.000013748533E-07));
#7344 = CARTESIAN_POINT('',(3.444288170138,0.276435881867));
#7345 = CARTESIAN_POINT('',(3.662664872934,0.552871172073));
#7346 = CARTESIAN_POINT('',(3.881041575731,0.807780898689));
#7347 = CARTESIAN_POINT('',(4.099418278528,1.019606049702));
#7348 = CARTESIAN_POINT('',(4.317794981324,1.171074765582));
#7349 = CARTESIAN_POINT('',(4.53617168412,1.253092634317));
#7350 = CARTESIAN_POINT('',(4.972925089713,1.276394632069));
#7351 = CARTESIAN_POINT('',(5.19130179251,1.21767868452));
#7352 = CARTESIAN_POINT('',(5.409678495307,1.087697405822));
#7353 = CARTESIAN_POINT('',(5.628055198104,0.893727906147));
#7354 = CARTESIAN_POINT('',(5.846431900899,0.651586125724));
#7355 = CARTESIAN_POINT('',(6.064808603696,0.382064469882));
#7356 = CARTESIAN_POINT('',(6.283185306493,0.10661039543));
#7357 = ( GEOMETRIC_REPRESENTATION_CONTEXT(2) 
PARAMETRIC_REPRESENTATION_CONTEXT() REPRESENTATION_CONTEXT('2D SPACE',''
  ) );
#7358 = ORIENTED_EDGE('',*,*,#7359,.F.);
#7359 = EDGE_CURVE('',#7360,#7314,#7362,.T.);
#7360 = VERTEX_POINT('',#7361);
#7361 = CARTESIAN_POINT('',(324.43797605667,-267.0327080112,
    7.125111733347E+03));
#7362 = SURFACE_CURVE('',#7363,(#7368,#7375),.PCURVE_S1.);
#7363 = CIRCLE('',#7364,4.);
#7364 = AXIS2_PLACEMENT_3D('',#7365,#7366,#7367);
#7365 = CARTESIAN_POINT('',(321.73866610997,-269.9707960683,
    7.124826488926E+03));
#7366 = DIRECTION('',(0.733030974902,-0.678336397694,5.025257602473E-02)
  );
#7367 = DIRECTION('',(0.679194532045,0.733958301023,3.469446951954E-18)
  );
#7368 = PCURVE('',#7112,#7369);
#7369 = DEFINITIONAL_REPRESENTATION('',(#7370),#7374);
#7370 = LINE('',#7371,#7372);
#7371 = CARTESIAN_POINT('',(0.,397.9895476434));
#7372 = VECTOR('',#7373,1.);
#7373 = DIRECTION('',(1.,0.));
#7374 = ( GEOMETRIC_REPRESENTATION_CONTEXT(2) 
PARAMETRIC_REPRESENTATION_CONTEXT() REPRESENTATION_CONTEXT('2D SPACE',''
  ) );
#7375 = PCURVE('',#7376,#7381);
#7376 = PLANE('',#7377);
#7377 = AXIS2_PLACEMENT_3D('',#7378,#7379,#7380);
#7378 = CARTESIAN_POINT('',(321.73866610997,-269.9707960683,
    7.124826488926E+03));
#7379 = DIRECTION('',(0.733030974902,-0.678336397694,5.025257602473E-02)
  );
#7380 = DIRECTION('',(0.679194532045,0.733958301023,3.469446951954E-18)
  );
#7381 = DEFINITIONAL_REPRESENTATION('',(#7382),#7386);
#7382 = CIRCLE('',#7383,4.);
#7383 = AXIS2_PLACEMENT_2D('',#7384,#7385);
#7384 = CARTESIAN_POINT('',(0.,0.));
#7385 = DIRECTION('',(1.,0.));
#7386 = ( GEOMETRIC_REPRESENTATION_CONTEXT(2) 
PARAMETRIC_REPRESENTATION_CONTEXT() REPRESENTATION_CONTEXT('2D SPACE',''
  ) );
#7387 = ORIENTED_EDGE('',*,*,#7388,.F.);
#7388 = EDGE_CURVE('',#7256,#7360,#7389,.T.);
#7389 = SURFACE_CURVE('',#7390,(#7395,#7405),.PCURVE_S1.);
#7390 = ELLIPSE('',#7391,4.195524159654,4.);
#7391 = AXIS2_PLACEMENT_3D('',#7392,#7393,#7394);
#7392 = CARTESIAN_POINT('',(321.73866610997,-269.9707960683,
    7.124826488926E+03));
#7393 = DIRECTION('',(0.72460145526,-0.641183874467,-0.252657812385));
#7394 = DIRECTION('',(0.139859194408,-0.222172567289,0.964924222975));
#7395 = PCURVE('',#7112,#7396);
#7396 = DEFINITIONAL_REPRESENTATION('',(#7397),#7404);
#7397 = B_SPLINE_CURVE_WITH_KNOTS('',5,(#7398,#7399,#7400,#7401,#7402,
    #7403),.UNSPECIFIED.,.F.,.F.,(6,6),(4.6409268521,4.712389217376),
  .PIECEWISE_BEZIER_KNOTS.);
#7398 = CARTESIAN_POINT('',(-1.537955540698E-09,397.89916296447));
#7399 = CARTESIAN_POINT('',(1.429247151723E-02,397.91720917764));
#7400 = CARTESIAN_POINT('',(2.858494457223E-02,397.93527846995));
#7401 = CARTESIAN_POINT('',(4.287741762737E-02,397.95336316143));
#7402 = CARTESIAN_POINT('',(5.716989068291E-02,397.97145555245));
#7403 = CARTESIAN_POINT('',(7.14623637381E-02,397.9895479434));
#7404 = ( GEOMETRIC_REPRESENTATION_CONTEXT(2) 
PARAMETRIC_REPRESENTATION_CONTEXT() REPRESENTATION_CONTEXT('2D SPACE',''
  ) );
#7405 = PCURVE('',#7298,#7406);
#7406 = DEFINITIONAL_REPRESENTATION('',(#7407),#7414);
#7407 = B_SPLINE_CURVE_WITH_KNOTS('',5,(#7408,#7409,#7410,#7411,#7412,
    #7413),.UNSPECIFIED.,.F.,.F.,(6,6),(4.6409268521,4.712389217376),
  .PIECEWISE_BEZIER_KNOTS.);
#7408 = CARTESIAN_POINT('',(1.285692245952E-02,9.038467892651E-02));
#7409 = CARTESIAN_POINT('',(2.71493955147E-02,7.233846575681E-02));
#7410 = CARTESIAN_POINT('',(4.144186857033E-02,5.426917344746E-02));
#7411 = CARTESIAN_POINT('',(5.573434162442E-02,3.61844819732E-02));
#7412 = CARTESIAN_POINT('',(7.002681468038E-02,1.809209094752E-02));
#7413 = CARTESIAN_POINT('',(8.431928773556E-02,-3.000000106113E-07));
#7414 = ( GEOMETRIC_REPRESENTATION_CONTEXT(2) 
PARAMETRIC_REPRESENTATION_CONTEXT() REPRESENTATION_CONTEXT('2D SPACE',''
  ) );
#7415 = ORIENTED_EDGE('',*,*,#7255,.F.);
#7416 = ORIENTED_EDGE('',*,*,#7417,.T.);
#7417 = EDGE_CURVE('',#7056,#7058,#7418,.T.);
#7418 = SURFACE_CURVE('',#7419,(#7424,#7431),.PCURVE_S1.);
#7419 = CIRCLE('',#7420,4.);
#7420 = AXIS2_PLACEMENT_3D('',#7421,#7422,#7423);
#7421 = CARTESIAN_POINT('',(30.,0.,7.104826488926E+03));
#7422 = DIRECTION('',(0.733030974902,-0.678336397694,5.025257602473E-02)
  );
#7423 = DIRECTION('',(0.679194532045,0.733958301023,3.469446951954E-18)
  );
#7424 = PCURVE('',#7112,#7425);
#7425 = DEFINITIONAL_REPRESENTATION('',(#7426),#7430);
#7426 = LINE('',#7427,#7428);
#7427 = CARTESIAN_POINT('',(0.,0.));
#7428 = VECTOR('',#7429,1.);
#7429 = DIRECTION('',(1.,0.));
#7430 = ( GEOMETRIC_REPRESENTATION_CONTEXT(2) 
PARAMETRIC_REPRESENTATION_CONTEXT() REPRESENTATION_CONTEXT('2D SPACE',''
  ) );
#7431 = PCURVE('',#7239,#7432);
#7432 = DEFINITIONAL_REPRESENTATION('',(#7433),#7437);
#7433 = CIRCLE('',#7434,4.);
#7434 = AXIS2_PLACEMENT_2D('',#7435,#7436);
#7435 = CARTESIAN_POINT('',(0.,0.));
#7436 = DIRECTION('',(1.,0.));
#7437 = ( GEOMETRIC_REPRESENTATION_CONTEXT(2) 
PARAMETRIC_REPRESENTATION_CONTEXT() REPRESENTATION_CONTEXT('2D SPACE',''
  ) );
#7438 = ORIENTED_EDGE('',*,*,#7179,.T.);
#7439 = ADVANCED_FACE('',(#7440),#7166,.F.);
#7440 = FACE_BOUND('',#7441,.T.);
#7441 = EDGE_LOOP('',(#7442));
#7442 = ORIENTED_EDGE('',*,*,#7151,.F.);
#7443 = ADVANCED_FACE('',(#7444),#7239,.F.);
#7444 = FACE_BOUND('',#7445,.F.);
#7445 = EDGE_LOOP('',(#7446,#7447));
#7446 = ORIENTED_EDGE('',*,*,#7226,.T.);
#7447 = ORIENTED_EDGE('',*,*,#7417,.T.);
#7448 = ADVANCED_FACE('',(#7449),#7298,.T.);
#7449 = FACE_BOUND('',#7450,.T.);
#7450 = EDGE_LOOP('',(#7451,#7452,#7475,#7510,#7546,#7578,#7605,#7606,
    #7607,#7608));
#7451 = ORIENTED_EDGE('',*,*,#7313,.T.);
#7452 = ORIENTED_EDGE('',*,*,#7453,.T.);
#7453 = EDGE_CURVE('',#7279,#7454,#7456,.T.);
#7454 = VERTEX_POINT('',#7455);
#7455 = CARTESIAN_POINT('',(2.158986257819E+03,-1.806382943495E+03,
    5.62E+03));
#7456 = SEAM_CURVE('',#7457,(#7461,#7468),.PCURVE_S1.);
#7457 = LINE('',#7458,#7459);
#7458 = CARTESIAN_POINT('',(324.30981654871,-266.9066182958,
    7.124826488926E+03));
#7459 = VECTOR('',#7460,1.);
#7460 = DIRECTION('',(0.648634681519,-0.544269122031,-0.532018958999));
#7461 = PCURVE('',#7298,#7462);
#7462 = DEFINITIONAL_REPRESENTATION('',(#7463),#7467);
#7463 = LINE('',#7464,#7465);
#7464 = CARTESIAN_POINT('',(0.,-0.));
#7465 = VECTOR('',#7466,1.);
#7466 = DIRECTION('',(0.,1.));
#7467 = ( GEOMETRIC_REPRESENTATION_CONTEXT(2) 
PARAMETRIC_REPRESENTATION_CONTEXT() REPRESENTATION_CONTEXT('2D SPACE',''
  ) );
#7468 = PCURVE('',#7298,#7469);
#7469 = DEFINITIONAL_REPRESENTATION('',(#7470),#7474);
#7470 = LINE('',#7471,#7472);
#7471 = CARTESIAN_POINT('',(6.28318530718,-0.));
#7472 = VECTOR('',#7473,1.);
#7473 = DIRECTION('',(0.,1.));
#7474 = ( GEOMETRIC_REPRESENTATION_CONTEXT(2) 
PARAMETRIC_REPRESENTATION_CONTEXT() REPRESENTATION_CONTEXT('2D SPACE',''
  ) );
#7475 = ORIENTED_EDGE('',*,*,#7476,.F.);
#7476 = EDGE_CURVE('',#7477,#7454,#7479,.T.);
#7477 = VERTEX_POINT('',#7478);
#7478 = CARTESIAN_POINT('',(2.158986228311E+03,-1.806382918736E+03,
    5.619999978711E+03));
#7479 = SURFACE_CURVE('',#7480,(#7485,#7495),.PCURVE_S1.);
#7480 = ELLIPSE('',#7481,4.570281169718,4.);
#7481 = AXIS2_PLACEMENT_3D('',#7482,#7483,#7484);
#7482 = CARTESIAN_POINT('',(2.15641510738E+03,-1.809447121268E+03,
    5.62E+03));
#7483 = DIRECTION('',(0.370555358871,-0.31093286496,-0.875219674996));
#7484 = DIRECTION('',(0.670457168539,-0.562580362841,0.483725666572));
#7485 = PCURVE('',#7298,#7486);
#7486 = DEFINITIONAL_REPRESENTATION('',(#7487),#7494);
#7487 = B_SPLINE_CURVE_WITH_KNOTS('',5,(#7488,#7489,#7490,#7491,#7492,
    #7493),.UNSPECIFIED.,.F.,.F.,(6,6),(4.712379350701,4.712388980385),
  .PIECEWISE_BEZIER_KNOTS.);
#7488 = CARTESIAN_POINT('',(6.283175677496,2.828520397901E+03));
#7489 = CARTESIAN_POINT('',(6.283177603432,2.828520402158E+03));
#7490 = CARTESIAN_POINT('',(6.283179529368,2.828520406416E+03));
#7491 = CARTESIAN_POINT('',(6.283181455306,2.828520410674E+03));
#7492 = CARTESIAN_POINT('',(6.283183381243,2.828520414932E+03));
#7493 = CARTESIAN_POINT('',(6.28318530718,2.828520419189E+03));
#7494 = ( GEOMETRIC_REPRESENTATION_CONTEXT(2) 
PARAMETRIC_REPRESENTATION_CONTEXT() REPRESENTATION_CONTEXT('2D SPACE',''
  ) );
#7495 = PCURVE('',#7496,#7501);
#7496 = CYLINDRICAL_SURFACE('',#7497,4.);
#7497 = AXIS2_PLACEMENT_3D('',#7498,#7499,#7500);
#7498 = CARTESIAN_POINT('',(2.15641510738E+03,-1.809447121268E+03,
    5.62E+03));
#7499 = DIRECTION('',(0.,0.,-1.));
#7500 = DIRECTION('',(-1.,0.,-0.));
#7501 = DEFINITIONAL_REPRESENTATION('',(#7502),#7509);
#7502 = B_SPLINE_CURVE_WITH_KNOTS('',5,(#7503,#7504,#7505,#7506,#7507,
    #7508),.UNSPECIFIED.,.F.,.F.,(6,6),(4.712379350701,4.712388980385),
  .PIECEWISE_BEZIER_KNOTS.);
#7503 = CARTESIAN_POINT('',(2.268918397908,2.128894266207E-05));
#7504 = CARTESIAN_POINT('',(2.268920323845,1.703115413484E-05));
#7505 = CARTESIAN_POINT('',(2.268922249782,1.277336694173E-05));
#7506 = CARTESIAN_POINT('',(2.268924175719,8.515575720156E-06));
#7507 = CARTESIAN_POINT('',(2.268926101656,4.257788527424E-06));
#7508 = CARTESIAN_POINT('',(2.268928027593,0.));
#7509 = ( GEOMETRIC_REPRESENTATION_CONTEXT(2) 
PARAMETRIC_REPRESENTATION_CONTEXT() REPRESENTATION_CONTEXT('2D SPACE',''
  ) );
#7510 = ORIENTED_EDGE('',*,*,#7511,.F.);
#7511 = EDGE_CURVE('',#7512,#7477,#7514,.T.);
#7512 = VERTEX_POINT('',#7513);
#7513 = CARTESIAN_POINT('',(2.15241510738E+03,-1.809447121268E+03,
    5.61830645782E+03));
#7514 = SURFACE_CURVE('',#7515,(#7520,#7533),.PCURVE_S1.);
#7515 = ELLIPSE('',#7516,4.570281169718,4.);
#7516 = AXIS2_PLACEMENT_3D('',#7517,#7518,#7519);
#7517 = CARTESIAN_POINT('',(2.15641510738E+03,-1.809447121268E+03,
    5.62E+03));
#7518 = DIRECTION('',(0.370555358871,-0.31093286496,-0.875219674996));
#7519 = DIRECTION('',(0.670457168539,-0.562580362841,0.483725666572));
#7520 = PCURVE('',#7298,#7521);
#7521 = DEFINITIONAL_REPRESENTATION('',(#7522),#7532);
#7522 = B_SPLINE_CURVE_WITH_KNOTS('',8,(#7523,#7524,#7525,#7526,#7527,
    #7528,#7529,#7530,#7531),.UNSPECIFIED.,.F.,.F.,(9,9),(2.443460952836
    ,4.712379350701),.PIECEWISE_BEZIER_KNOTS.);
#7523 = CARTESIAN_POINT('',(4.014257279631,2.82682687701E+03));
#7524 = CARTESIAN_POINT('',(4.297872079364,2.826423846024E+03));
#7525 = CARTESIAN_POINT('',(4.581486879102,2.826176500986E+03));
#7526 = CARTESIAN_POINT('',(4.86510167881,2.826134230668E+03));
#7527 = CARTESIAN_POINT('',(5.148716478601,2.826319762981E+03));
#7528 = CARTESIAN_POINT('',(5.432331278269,2.826716253443E+03));
#7529 = CARTESIAN_POINT('',(5.715946078034,2.82726638822E+03));
#7530 = CARTESIAN_POINT('',(5.999560877763,2.827893392992E+03));
#7531 = CARTESIAN_POINT('',(6.283175677496,2.828520397901E+03));
#7532 = ( GEOMETRIC_REPRESENTATION_CONTEXT(2) 
PARAMETRIC_REPRESENTATION_CONTEXT() REPRESENTATION_CONTEXT('2D SPACE',''
  ) );
#7533 = PCURVE('',#7496,#7534);
#7534 = DEFINITIONAL_REPRESENTATION('',(#7535),#7545);
#7535 = B_SPLINE_CURVE_WITH_KNOTS('',8,(#7536,#7537,#7538,#7539,#7540,
    #7541,#7542,#7543,#7544),.UNSPECIFIED.,.F.,.F.,(9,9),(2.443460952836
    ,4.712379350701),.PIECEWISE_BEZIER_KNOTS.);
#7536 = CARTESIAN_POINT('',(4.439471013029E-11,1.693542179051));
#7537 = CARTESIAN_POINT('',(0.283614799777,2.0965731654));
#7538 = CARTESIAN_POINT('',(0.56722959951,2.343918202591));
#7539 = CARTESIAN_POINT('',(0.850844399242,2.386188514367));
#7540 = CARTESIAN_POINT('',(1.134459198971,2.200656212583));
#7541 = CARTESIAN_POINT('',(1.418073998707,1.804165738355));
#7542 = CARTESIAN_POINT('',(1.701688798442,1.254030967668));
#7543 = CARTESIAN_POINT('',(1.985303598175,0.627026197372));
#7544 = CARTESIAN_POINT('',(2.268918397908,2.128894266207E-05));
#7545 = ( GEOMETRIC_REPRESENTATION_CONTEXT(2) 
PARAMETRIC_REPRESENTATION_CONTEXT() REPRESENTATION_CONTEXT('2D SPACE',''
  ) );
#7546 = ORIENTED_EDGE('',*,*,#7547,.F.);
#7547 = EDGE_CURVE('',#7548,#7512,#7550,.T.);
#7548 = VERTEX_POINT('',#7549);
#7549 = CARTESIAN_POINT('',(2.153843956941E+03,-1.81251129904E+03,
    5.62E+03));
#7550 = SURFACE_CURVE('',#7551,(#7556,#7567),.PCURVE_S1.);
#7551 = ELLIPSE('',#7552,4.570281169718,4.);
#7552 = AXIS2_PLACEMENT_3D('',#7553,#7554,#7555);
#7553 = CARTESIAN_POINT('',(2.15641510738E+03,-1.809447121268E+03,
    5.62E+03));
#7554 = DIRECTION('',(0.370555358871,-0.31093286496,-0.875219674996));
#7555 = DIRECTION('',(0.670457168539,-0.562580362841,0.483725666572));
#7556 = PCURVE('',#7298,#7557);
#7557 = DEFINITIONAL_REPRESENTATION('',(#7558),#7566);
#7558 = B_SPLINE_CURVE_WITH_KNOTS('',6,(#7559,#7560,#7561,#7562,#7563,
    #7564,#7565),.UNSPECIFIED.,.F.,.F.,(7,7),(1.570795907671,
    2.443460952836),.PIECEWISE_BEZIER_KNOTS.);
#7559 = CARTESIAN_POINT('',(3.141592234466,2.828520420116E+03));
#7560 = CARTESIAN_POINT('',(3.28703640866,2.828198877618E+03));
#7561 = CARTESIAN_POINT('',(3.432480582852,2.827877335994E+03));
#7562 = CARTESIAN_POINT('',(3.577924757052,2.827568032086E+03));
#7563 = CARTESIAN_POINT('',(3.723368931241,2.827283233459E+03));
#7564 = CARTESIAN_POINT('',(3.868813105437,2.827033560544E+03));
#7565 = CARTESIAN_POINT('',(4.014257279631,2.82682687701E+03));
#7566 = ( GEOMETRIC_REPRESENTATION_CONTEXT(2) 
PARAMETRIC_REPRESENTATION_CONTEXT() REPRESENTATION_CONTEXT('2D SPACE',''
  ) );
#7567 = PCURVE('',#7496,#7568);
#7568 = DEFINITIONAL_REPRESENTATION('',(#7569),#7577);
#7569 = B_SPLINE_CURVE_WITH_KNOTS('',6,(#7570,#7571,#7572,#7573,#7574,
    #7575,#7576),.UNSPECIFIED.,.F.,.F.,(7,7),(1.570795907671,
    2.443460952836),.PIECEWISE_BEZIER_KNOTS.);
#7570 = CARTESIAN_POINT('',(5.410520262058,-9.265831977245E-07));
#7571 = CARTESIAN_POINT('',(5.555964436253,0.321541571243));
#7572 = CARTESIAN_POINT('',(5.701408610447,0.643083195813));
#7573 = CARTESIAN_POINT('',(5.846852784642,0.952387103568));
#7574 = CARTESIAN_POINT('',(5.992296958835,1.237185730674));
#7575 = CARTESIAN_POINT('',(6.13774113303,1.486858645472));
#7576 = CARTESIAN_POINT('',(6.283185307224,1.693542179051));
#7577 = ( GEOMETRIC_REPRESENTATION_CONTEXT(2) 
PARAMETRIC_REPRESENTATION_CONTEXT() REPRESENTATION_CONTEXT('2D SPACE',''
  ) );
#7578 = ORIENTED_EDGE('',*,*,#7579,.F.);
#7579 = EDGE_CURVE('',#7454,#7548,#7580,.T.);
#7580 = SURFACE_CURVE('',#7581,(#7586,#7593),.PCURVE_S1.);
#7581 = CIRCLE('',#7582,4.);
#7582 = AXIS2_PLACEMENT_3D('',#7583,#7584,#7585);
#7583 = CARTESIAN_POINT('',(2.15641510738E+03,-1.809447121268E+03,
    5.62E+03));
#7584 = DIRECTION('',(0.648634681519,-0.544269122031,-0.532018958999));
#7585 = DIRECTION('',(0.642787609687,0.766044443119,0.));
#7586 = PCURVE('',#7298,#7587);
#7587 = DEFINITIONAL_REPRESENTATION('',(#7588),#7592);
#7588 = LINE('',#7589,#7590);
#7589 = CARTESIAN_POINT('',(0.,2.828520419189E+03));
#7590 = VECTOR('',#7591,1.);
#7591 = DIRECTION('',(1.,0.));
#7592 = ( GEOMETRIC_REPRESENTATION_CONTEXT(2) 
PARAMETRIC_REPRESENTATION_CONTEXT() REPRESENTATION_CONTEXT('2D SPACE',''
  ) );
#7593 = PCURVE('',#7594,#7599);
#7594 = PLANE('',#7595);
#7595 = AXIS2_PLACEMENT_3D('',#7596,#7597,#7598);
#7596 = CARTESIAN_POINT('',(2.15641510738E+03,-1.809447121268E+03,
    5.62E+03));
#7597 = DIRECTION('',(0.648634681519,-0.544269122031,-0.532018958999));
#7598 = DIRECTION('',(0.642787609687,0.766044443119,0.));
#7599 = DEFINITIONAL_REPRESENTATION('',(#7600),#7604);
#7600 = CIRCLE('',#7601,4.);
#7601 = AXIS2_PLACEMENT_2D('',#7602,#7603);
#7602 = CARTESIAN_POINT('',(0.,0.));
#7603 = DIRECTION('',(1.,0.));
#7604 = ( GEOMETRIC_REPRESENTATION_CONTEXT(2) 
PARAMETRIC_REPRESENTATION_CONTEXT() REPRESENTATION_CONTEXT('2D SPACE',''
  ) );
#7605 = ORIENTED_EDGE('',*,*,#7453,.F.);
#7606 = ORIENTED_EDGE('',*,*,#7278,.T.);
#7607 = ORIENTED_EDGE('',*,*,#7388,.T.);
#7608 = ORIENTED_EDGE('',*,*,#7609,.T.);
#7609 = EDGE_CURVE('',#7360,#7314,#7610,.T.);
#7610 = SURFACE_CURVE('',#7611,(#7616,#7623),.PCURVE_S1.);
#7611 = CIRCLE('',#7612,4.);
#7612 = AXIS2_PLACEMENT_3D('',#7613,#7614,#7615);
#7613 = CARTESIAN_POINT('',(321.73866610997,-269.9707960683,
    7.124826488926E+03));
#7614 = DIRECTION('',(0.648634681519,-0.544269122031,-0.532018958999));
#7615 = DIRECTION('',(0.642787609687,0.766044443119,0.));
#7616 = PCURVE('',#7298,#7617);
#7617 = DEFINITIONAL_REPRESENTATION('',(#7618),#7622);
#7618 = LINE('',#7619,#7620);
#7619 = CARTESIAN_POINT('',(0.,0.));
#7620 = VECTOR('',#7621,1.);
#7621 = DIRECTION('',(1.,0.));
#7622 = ( GEOMETRIC_REPRESENTATION_CONTEXT(2) 
PARAMETRIC_REPRESENTATION_CONTEXT() REPRESENTATION_CONTEXT('2D SPACE',''
  ) );
#7623 = PCURVE('',#7624,#7629);
#7624 = PLANE('',#7625);
#7625 = AXIS2_PLACEMENT_3D('',#7626,#7627,#7628);
#7626 = CARTESIAN_POINT('',(321.73866610997,-269.9707960683,
    7.124826488926E+03));
#7627 = DIRECTION('',(0.648634681519,-0.544269122031,-0.532018958999));
#7628 = DIRECTION('',(0.642787609687,0.766044443119,0.));
#7629 = DEFINITIONAL_REPRESENTATION('',(#7630),#7634);
#7630 = CIRCLE('',#7631,4.);
#7631 = AXIS2_PLACEMENT_2D('',#7632,#7633);
#7632 = CARTESIAN_POINT('',(0.,0.));
#7633 = DIRECTION('',(1.,0.));
#7634 = ( GEOMETRIC_REPRESENTATION_CONTEXT(2) 
PARAMETRIC_REPRESENTATION_CONTEXT() REPRESENTATION_CONTEXT('2D SPACE',''
  ) );
#7635 = ADVANCED_FACE('',(#7636),#7376,.T.);
#7636 = FACE_BOUND('',#7637,.T.);
#7637 = EDGE_LOOP('',(#7638,#7657));
#7638 = ORIENTED_EDGE('',*,*,#7639,.T.);
#7639 = EDGE_CURVE('',#7314,#7360,#7640,.T.);
#7640 = SURFACE_CURVE('',#7641,(#7645,#7651),.PCURVE_S1.);
#7641 = LINE('',#7642,#7643);
#7642 = CARTESIAN_POINT('',(321.73866610997,-269.9707960683,
    7.124826488926E+03));
#7643 = VECTOR('',#7644,1.);
#7644 = DIRECTION('',(0.674827486677,0.734522014284,7.131110542601E-02)
  );
#7645 = PCURVE('',#7376,#7646);
#7646 = DEFINITIONAL_REPRESENTATION('',(#7647),#7650);
#7647 = B_SPLINE_CURVE_WITH_KNOTS('',1,(#7648,#7649),.UNSPECIFIED.,.F.,
  .F.,(2,2),(-4.010235449488,4.010235449488),.PIECEWISE_BEZIER_KNOTS.);
#7648 = CARTESIAN_POINT('',(-4.,-0.286336096801));
#7649 = CARTESIAN_POINT('',(4.,0.286336096801));
#7650 = ( GEOMETRIC_REPRESENTATION_CONTEXT(2) 
PARAMETRIC_REPRESENTATION_CONTEXT() REPRESENTATION_CONTEXT('2D SPACE',''
  ) );
#7651 = PCURVE('',#7624,#7652);
#7652 = DEFINITIONAL_REPRESENTATION('',(#7653),#7656);
#7653 = B_SPLINE_CURVE_WITH_KNOTS('',1,(#7654,#7655),.UNSPECIFIED.,.F.,
  .F.,(2,2),(-4.010235449488,4.010235449488),.PIECEWISE_BEZIER_KNOTS.);
#7654 = CARTESIAN_POINT('',(-3.995988103552,-0.337738710542));
#7655 = CARTESIAN_POINT('',(3.995988103552,0.337738710542));
#7656 = ( GEOMETRIC_REPRESENTATION_CONTEXT(2) 
PARAMETRIC_REPRESENTATION_CONTEXT() REPRESENTATION_CONTEXT('2D SPACE',''
  ) );
#7657 = ORIENTED_EDGE('',*,*,#7359,.T.);
#7658 = ADVANCED_FACE('',(#7659),#7624,.F.);
#7659 = FACE_BOUND('',#7660,.F.);
#7660 = EDGE_LOOP('',(#7661,#7662));
#7661 = ORIENTED_EDGE('',*,*,#7639,.T.);
#7662 = ORIENTED_EDGE('',*,*,#7609,.T.);
#7663 = ADVANCED_FACE('',(#7664),#7594,.T.);
#7664 = FACE_BOUND('',#7665,.T.);
#7665 = EDGE_LOOP('',(#7666,#7690));
#7666 = ORIENTED_EDGE('',*,*,#7667,.T.);
#7667 = EDGE_CURVE('',#7548,#7454,#7668,.T.);
#7668 = SURFACE_CURVE('',#7669,(#7673,#7679),.PCURVE_S1.);
#7669 = LINE('',#7670,#7671);
#7670 = CARTESIAN_POINT('',(2.15641510738E+03,-1.809447121268E+03,
    5.62E+03));
#7671 = VECTOR('',#7672,1.);
#7672 = DIRECTION('',(0.642787609687,0.766044443119,0.));
#7673 = PCURVE('',#7594,#7674);
#7674 = DEFINITIONAL_REPRESENTATION('',(#7675),#7678);
#7675 = B_SPLINE_CURVE_WITH_KNOTS('',1,(#7676,#7677),.UNSPECIFIED.,.F.,
  .F.,(2,2),(-4.,4.),.PIECEWISE_BEZIER_KNOTS.);
#7676 = CARTESIAN_POINT('',(-4.,2.22044604925E-16));
#7677 = CARTESIAN_POINT('',(4.,-2.22044604925E-16));
#7678 = ( GEOMETRIC_REPRESENTATION_CONTEXT(2) 
PARAMETRIC_REPRESENTATION_CONTEXT() REPRESENTATION_CONTEXT('2D SPACE',''
  ) );
#7679 = PCURVE('',#7680,#7685);
#7680 = PLANE('',#7681);
#7681 = AXIS2_PLACEMENT_3D('',#7682,#7683,#7684);
#7682 = CARTESIAN_POINT('',(2.15641510738E+03,-1.809447121268E+03,
    5.62E+03));
#7683 = DIRECTION('',(0.,0.,-1.));
#7684 = DIRECTION('',(-1.,0.,-0.));
#7685 = DEFINITIONAL_REPRESENTATION('',(#7686),#7689);
#7686 = B_SPLINE_CURVE_WITH_KNOTS('',1,(#7687,#7688),.UNSPECIFIED.,.F.,
  .F.,(2,2),(-4.,4.),.PIECEWISE_BEZIER_KNOTS.);
#7687 = CARTESIAN_POINT('',(2.571150438746,-3.064177772476));
#7688 = CARTESIAN_POINT('',(-2.571150438746,3.064177772476));
#7689 = ( GEOMETRIC_REPRESENTATION_CONTEXT(2) 
PARAMETRIC_REPRESENTATION_CONTEXT() REPRESENTATION_CONTEXT('2D SPACE',''
  ) );
#7690 = ORIENTED_EDGE('',*,*,#7579,.T.);
#7691 = ADVANCED_FACE('',(#7692),#7496,.T.);
#7692 = FACE_BOUND('',#7693,.T.);
#7693 = EDGE_LOOP('',(#7694,#7695,#7718,#7747,#7802,#7824,#7825,#7826,
    #7827));
#7694 = ORIENTED_EDGE('',*,*,#7547,.T.);
#7695 = ORIENTED_EDGE('',*,*,#7696,.T.);
#7696 = EDGE_CURVE('',#7512,#7697,#7699,.T.);
#7697 = VERTEX_POINT('',#7698);
#7698 = CARTESIAN_POINT('',(2.15241510738E+03,-1.809447121268E+03,
    1.5E+03));
#7699 = SEAM_CURVE('',#7700,(#7704,#7711),.PCURVE_S1.);
#7700 = LINE('',#7701,#7702);
#7701 = CARTESIAN_POINT('',(2.15241510738E+03,-1.809447121268E+03,
    5.62E+03));
#7702 = VECTOR('',#7703,1.);
#7703 = DIRECTION('',(0.,0.,-1.));
#7704 = PCURVE('',#7496,#7705);
#7705 = DEFINITIONAL_REPRESENTATION('',(#7706),#7710);
#7706 = LINE('',#7707,#7708);
#7707 = CARTESIAN_POINT('',(0.,-0.));
#7708 = VECTOR('',#7709,1.);
#7709 = DIRECTION('',(0.,1.));
#7710 = ( GEOMETRIC_REPRESENTATION_CONTEXT(2) 
PARAMETRIC_REPRESENTATION_CONTEXT() REPRESENTATION_CONTEXT('2D SPACE',''
  ) );
#7711 = PCURVE('',#7496,#7712);
#7712 = DEFINITIONAL_REPRESENTATION('',(#7713),#7717);
#7713 = LINE('',#7714,#7715);
#7714 = CARTESIAN_POINT('',(6.28318530718,-0.));
#7715 = VECTOR('',#7716,1.);
#7716 = DIRECTION('',(0.,1.));
#7717 = ( GEOMETRIC_REPRESENTATION_CONTEXT(2) 
PARAMETRIC_REPRESENTATION_CONTEXT() REPRESENTATION_CONTEXT('2D SPACE',''
  ) );
#7718 = ORIENTED_EDGE('',*,*,#7719,.F.);
#7719 = EDGE_CURVE('',#7720,#7697,#7722,.T.);
#7720 = VERTEX_POINT('',#7721);
#7721 = CARTESIAN_POINT('',(2.153843956941E+03,-1.81251129904E+03,
    1.5E+03));
#7722 = SURFACE_CURVE('',#7723,(#7728,#7735),.PCURVE_S1.);
#7723 = CIRCLE('',#7724,4.);
#7724 = AXIS2_PLACEMENT_3D('',#7725,#7726,#7727);
#7725 = CARTESIAN_POINT('',(2.15641510738E+03,-1.809447121268E+03,
    1.5E+03));
#7726 = DIRECTION('',(0.,0.,-1.));
#7727 = DIRECTION('',(-1.,0.,-0.));
#7728 = PCURVE('',#7496,#7729);
#7729 = DEFINITIONAL_REPRESENTATION('',(#7730),#7734);
#7730 = LINE('',#7731,#7732);
#7731 = CARTESIAN_POINT('',(0.,4.12E+03));
#7732 = VECTOR('',#7733,1.);
#7733 = DIRECTION('',(1.,0.));
#7734 = ( GEOMETRIC_REPRESENTATION_CONTEXT(2) 
PARAMETRIC_REPRESENTATION_CONTEXT() REPRESENTATION_CONTEXT('2D SPACE',''
  ) );
#7735 = PCURVE('',#7736,#7741);
#7736 = PLANE('',#7737);
#7737 = AXIS2_PLACEMENT_3D('',#7738,#7739,#7740);
#7738 = CARTESIAN_POINT('',(2.15641510738E+03,-1.809447121268E+03,
    1.5E+03));
#7739 = DIRECTION('',(0.,0.,-1.));
#7740 = DIRECTION('',(-1.,0.,-0.));
#7741 = DEFINITIONAL_REPRESENTATION('',(#7742),#7746);
#7742 = CIRCLE('',#7743,4.);
#7743 = AXIS2_PLACEMENT_2D('',#7744,#7745);
#7744 = CARTESIAN_POINT('',(0.,0.));
#7745 = DIRECTION('',(1.,0.));
#7746 = ( GEOMETRIC_REPRESENTATION_CONTEXT(2) 
PARAMETRIC_REPRESENTATION_CONTEXT() REPRESENTATION_CONTEXT('2D SPACE',''
  ) );
#7747 = ORIENTED_EDGE('',*,*,#7748,.F.);
#7748 = EDGE_CURVE('',#7749,#7720,#7751,.T.);
#7749 = VERTEX_POINT('',#7750);
#7750 = CARTESIAN_POINT('',(2.158986257819E+03,-1.806382943495E+03,
    1.5E+03));
#7751 = SURFACE_CURVE('',#7752,(#7757,#7777),.PCURVE_S1.);
#7752 = ELLIPSE('',#7753,5.242326664942,4.);
#7753 = AXIS2_PLACEMENT_3D('',#7754,#7755,#7756);
#7754 = CARTESIAN_POINT('',(2.15641510738E+03,-1.809447121268E+03,
    1.5E+03));
#7755 = DIRECTION('',(0.495151897352,-0.415481774445,-0.763019982473));
#7756 = DIRECTION('',(-0.584507217562,0.490459790677,-0.64637489613));
#7757 = PCURVE('',#7496,#7758);
#7758 = DEFINITIONAL_REPRESENTATION('',(#7759),#7776);
#7759 = B_SPLINE_CURVE_WITH_KNOTS('',8,(#7760,#7761,#7762,#7763,#7764,
    #7765,#7766,#7767,#7768,#7769,#7770,#7771,#7772,#7773,#7774,#7775),
  .UNSPECIFIED.,.F.,.F.,(9,7,9),(1.570796231804,3.141592600385,
    4.712388968965),.UNSPECIFIED.);
#7760 = CARTESIAN_POINT('',(2.268927932602,4.120000000322E+03));
#7761 = CARTESIAN_POINT('',(2.465277478675,4.119334668245E+03));
#7762 = CARTESIAN_POINT('',(2.661627024749,4.118669335995E+03));
#7763 = CARTESIAN_POINT('',(2.857976570811,4.118043091696E+03));
#7764 = CARTESIAN_POINT('',(3.054326116891,4.117495015725E+03));
#7765 = CARTESIAN_POINT('',(3.250675662959,4.117059391417E+03));
#7766 = CARTESIAN_POINT('',(3.447025209037,4.116760792034E+03));
#7767 = CARTESIAN_POINT('',(3.64337475511,4.116611491682E+03));
#7768 = CARTESIAN_POINT('',(4.036073847255,4.116611491611E+03));
#7769 = CARTESIAN_POINT('',(4.232423393321,4.11676079189E+03));
#7770 = CARTESIAN_POINT('',(4.428772939409,4.117059391199E+03));
#7771 = CARTESIAN_POINT('',(4.625122485428,4.117495015472E+03));
#7772 = CARTESIAN_POINT('',(4.821472031555,4.118043091387E+03));
#7773 = CARTESIAN_POINT('',(5.01782157761,4.118669335652E+03));
#7774 = CARTESIAN_POINT('',(5.214171123691,4.119334667884E+03));
#7775 = CARTESIAN_POINT('',(5.410520669763,4.119999999961E+03));
#7776 = ( GEOMETRIC_REPRESENTATION_CONTEXT(2) 
PARAMETRIC_REPRESENTATION_CONTEXT() REPRESENTATION_CONTEXT('2D SPACE',''
  ) );
#7777 = PCURVE('',#7778,#7783);
#7778 = CYLINDRICAL_SURFACE('',#7779,4.);
#7779 = AXIS2_PLACEMENT_3D('',#7780,#7781,#7782);
#7780 = CARTESIAN_POINT('',(2.15641510738E+03,-1.809447121268E+03,
    1.5E+03));
#7781 = DIRECTION('',(0.755621584078,-0.634041792509,-0.164398987305));
#7782 = DIRECTION('',(0.642787609687,0.766044443119,0.));
#7783 = DEFINITIONAL_REPRESENTATION('',(#7784),#7801);
#7784 = B_SPLINE_CURVE_WITH_KNOTS('',8,(#7785,#7786,#7787,#7788,#7789,
    #7790,#7791,#7792,#7793,#7794,#7795,#7796,#7797,#7798,#7799,#7800),
  .UNSPECIFIED.,.F.,.F.,(9,7,9),(1.570796231804,3.141592600385,
    4.712388968965),.UNSPECIFIED.);
#7785 = CARTESIAN_POINT('',(-9.499046882411E-08,-3.218756319256E-07));
#7786 = CARTESIAN_POINT('',(0.196349451082,0.665331755203));
#7787 = CARTESIAN_POINT('',(0.392698997155,1.330664004436));
#7788 = CARTESIAN_POINT('',(0.589048543223,1.956908280529));
#7789 = CARTESIAN_POINT('',(0.785398089301,2.504984272136));
#7790 = CARTESIAN_POINT('',(0.981747635372,2.940608571416));
#7791 = CARTESIAN_POINT('',(1.178097181444,3.239207967298));
#7792 = CARTESIAN_POINT('',(1.374446727518,3.388508318134));
#7793 = CARTESIAN_POINT('',(1.767145819663,3.388508388931));
#7794 = CARTESIAN_POINT('',(1.963495365735,3.239208108888));
#7795 = CARTESIAN_POINT('',(2.159844911807,2.940608779668));
#7796 = CARTESIAN_POINT('',(2.356194457865,2.504984538658));
#7797 = CARTESIAN_POINT('',(2.552544003955,1.956908593454));
#7798 = CARTESIAN_POINT('',(2.748893550025,1.330664349115));
#7799 = CARTESIAN_POINT('',(2.945243096098,0.665332115774));
#7800 = CARTESIAN_POINT('',(3.14159264217,3.869445208693E-08));
#7801 = ( GEOMETRIC_REPRESENTATION_CONTEXT(2) 
PARAMETRIC_REPRESENTATION_CONTEXT() REPRESENTATION_CONTEXT('2D SPACE',''
  ) );
#7802 = ORIENTED_EDGE('',*,*,#7803,.F.);
#7803 = EDGE_CURVE('',#7697,#7749,#7804,.T.);
#7804 = SURFACE_CURVE('',#7805,(#7810,#7817),.PCURVE_S1.);
#7805 = CIRCLE('',#7806,4.);
#7806 = AXIS2_PLACEMENT_3D('',#7807,#7808,#7809);
#7807 = CARTESIAN_POINT('',(2.15641510738E+03,-1.809447121268E+03,
    1.5E+03));
#7808 = DIRECTION('',(0.,0.,-1.));
#7809 = DIRECTION('',(-1.,0.,-0.));
#7810 = PCURVE('',#7496,#7811);
#7811 = DEFINITIONAL_REPRESENTATION('',(#7812),#7816);
#7812 = LINE('',#7813,#7814);
#7813 = CARTESIAN_POINT('',(0.,4.12E+03));
#7814 = VECTOR('',#7815,1.);
#7815 = DIRECTION('',(1.,0.));
#7816 = ( GEOMETRIC_REPRESENTATION_CONTEXT(2) 
PARAMETRIC_REPRESENTATION_CONTEXT() REPRESENTATION_CONTEXT('2D SPACE',''
  ) );
#7817 = PCURVE('',#7736,#7818);
#7818 = DEFINITIONAL_REPRESENTATION('',(#7819),#7823);
#7819 = CIRCLE('',#7820,4.);
#7820 = AXIS2_PLACEMENT_2D('',#7821,#7822);
#7821 = CARTESIAN_POINT('',(0.,0.));
#7822 = DIRECTION('',(1.,0.));
#7823 = ( GEOMETRIC_REPRESENTATION_CONTEXT(2) 
PARAMETRIC_REPRESENTATION_CONTEXT() REPRESENTATION_CONTEXT('2D SPACE',''
  ) );
#7824 = ORIENTED_EDGE('',*,*,#7696,.F.);
#7825 = ORIENTED_EDGE('',*,*,#7511,.T.);
#7826 = ORIENTED_EDGE('',*,*,#7476,.T.);
#7827 = ORIENTED_EDGE('',*,*,#7828,.T.);
#7828 = EDGE_CURVE('',#7454,#7548,#7829,.T.);
#7829 = SURFACE_CURVE('',#7830,(#7835,#7842),.PCURVE_S1.);
#7830 = CIRCLE('',#7831,4.);
#7831 = AXIS2_PLACEMENT_3D('',#7832,#7833,#7834);
#7832 = CARTESIAN_POINT('',(2.15641510738E+03,-1.809447121268E+03,
    5.62E+03));
#7833 = DIRECTION('',(0.,0.,-1.));
#7834 = DIRECTION('',(-1.,0.,-0.));
#7835 = PCURVE('',#7496,#7836);
#7836 = DEFINITIONAL_REPRESENTATION('',(#7837),#7841);
#7837 = LINE('',#7838,#7839);
#7838 = CARTESIAN_POINT('',(0.,0.));
#7839 = VECTOR('',#7840,1.);
#7840 = DIRECTION('',(1.,0.));
#7841 = ( GEOMETRIC_REPRESENTATION_CONTEXT(2) 
PARAMETRIC_REPRESENTATION_CONTEXT() REPRESENTATION_CONTEXT('2D SPACE',''
  ) );
#7842 = PCURVE('',#7680,#7843);
#7843 = DEFINITIONAL_REPRESENTATION('',(#7844),#7848);
#7844 = CIRCLE('',#7845,4.);
#7845 = AXIS2_PLACEMENT_2D('',#7846,#7847);
#7846 = CARTESIAN_POINT('',(0.,0.));
#7847 = DIRECTION('',(1.,0.));
#7848 = ( GEOMETRIC_REPRESENTATION_CONTEXT(2) 
PARAMETRIC_REPRESENTATION_CONTEXT() REPRESENTATION_CONTEXT('2D SPACE',''
  ) );
#7849 = ADVANCED_FACE('',(#7850),#7680,.F.);
#7850 = FACE_BOUND('',#7851,.F.);
#7851 = EDGE_LOOP('',(#7852,#7853));
#7852 = ORIENTED_EDGE('',*,*,#7667,.T.);
#7853 = ORIENTED_EDGE('',*,*,#7828,.T.);
#7854 = ADVANCED_FACE('',(#7855),#7736,.T.);
#7855 = FACE_BOUND('',#7856,.T.);
#7856 = EDGE_LOOP('',(#7857,#7858,#7859));
#7857 = ORIENTED_EDGE('',*,*,#7719,.T.);
#7858 = ORIENTED_EDGE('',*,*,#7803,.T.);
#7859 = ORIENTED_EDGE('',*,*,#7860,.T.);
#7860 = EDGE_CURVE('',#7749,#7720,#7861,.T.);
#7861 = SURFACE_CURVE('',#7862,(#7866,#7872),.PCURVE_S1.);
#7862 = LINE('',#7863,#7864);
#7863 = CARTESIAN_POINT('',(2.15641510738E+03,-1.809447121268E+03,
    1.5E+03));
#7864 = VECTOR('',#7865,1.);
#7865 = DIRECTION('',(-0.642787609687,-0.766044443119,-0.));
#7866 = PCURVE('',#7736,#7867);
#7867 = DEFINITIONAL_REPRESENTATION('',(#7868),#7871);
#7868 = B_SPLINE_CURVE_WITH_KNOTS('',1,(#7869,#7870),.UNSPECIFIED.,.F.,
  .F.,(2,2),(-4.,4.),.PIECEWISE_BEZIER_KNOTS.);
#7869 = CARTESIAN_POINT('',(-2.571150438746,3.064177772476));
#7870 = CARTESIAN_POINT('',(2.571150438746,-3.064177772476));
#7871 = ( GEOMETRIC_REPRESENTATION_CONTEXT(2) 
PARAMETRIC_REPRESENTATION_CONTEXT() REPRESENTATION_CONTEXT('2D SPACE',''
  ) );
#7872 = PCURVE('',#7873,#7878);
#7873 = PLANE('',#7874);
#7874 = AXIS2_PLACEMENT_3D('',#7875,#7876,#7877);
#7875 = CARTESIAN_POINT('',(2.15641510738E+03,-1.809447121268E+03,
    1.5E+03));
#7876 = DIRECTION('',(0.755621584078,-0.634041792509,-0.164398987305));
#7877 = DIRECTION('',(0.642787609687,0.766044443119,0.));
#7878 = DEFINITIONAL_REPRESENTATION('',(#7879),#7882);
#7879 = B_SPLINE_CURVE_WITH_KNOTS('',1,(#7880,#7881),.UNSPECIFIED.,.F.,
  .F.,(2,2),(-4.,4.),.PIECEWISE_BEZIER_KNOTS.);
#7880 = CARTESIAN_POINT('',(4.,0.));
#7881 = CARTESIAN_POINT('',(-4.,0.));
#7882 = ( GEOMETRIC_REPRESENTATION_CONTEXT(2) 
PARAMETRIC_REPRESENTATION_CONTEXT() REPRESENTATION_CONTEXT('2D SPACE',''
  ) );
#7883 = ADVANCED_FACE('',(#7884),#7778,.T.);
#7884 = FACE_BOUND('',#7885,.T.);
#7885 = EDGE_LOOP('',(#7886,#7909,#7936,#7937,#7938));
#7886 = ORIENTED_EDGE('',*,*,#7887,.T.);
#7887 = EDGE_CURVE('',#7749,#7888,#7890,.T.);
#7888 = VERTEX_POINT('',#7889);
#7889 = CARTESIAN_POINT('',(2.61861292369E+03,-2.192055509307E+03,
    1.4E+03));
#7890 = SEAM_CURVE('',#7891,(#7895,#7902),.PCURVE_S1.);
#7891 = LINE('',#7892,#7893);
#7892 = CARTESIAN_POINT('',(2.158986257819E+03,-1.806382943495E+03,
    1.5E+03));
#7893 = VECTOR('',#7894,1.);
#7894 = DIRECTION('',(0.755621584078,-0.634041792509,-0.164398987305));
#7895 = PCURVE('',#7778,#7896);
#7896 = DEFINITIONAL_REPRESENTATION('',(#7897),#7901);
#7897 = LINE('',#7898,#7899);
#7898 = CARTESIAN_POINT('',(6.28318530718,-0.));
#7899 = VECTOR('',#7900,1.);
#7900 = DIRECTION('',(0.,1.));
#7901 = ( GEOMETRIC_REPRESENTATION_CONTEXT(2) 
PARAMETRIC_REPRESENTATION_CONTEXT() REPRESENTATION_CONTEXT('2D SPACE',''
  ) );
#7902 = PCURVE('',#7778,#7903);
#7903 = DEFINITIONAL_REPRESENTATION('',(#7904),#7908);
#7904 = LINE('',#7905,#7906);
#7905 = CARTESIAN_POINT('',(0.,-0.));
#7906 = VECTOR('',#7907,1.);
#7907 = DIRECTION('',(0.,1.));
#7908 = ( GEOMETRIC_REPRESENTATION_CONTEXT(2) 
PARAMETRIC_REPRESENTATION_CONTEXT() REPRESENTATION_CONTEXT('2D SPACE',''
  ) );
#7909 = ORIENTED_EDGE('',*,*,#7910,.F.);
#7910 = EDGE_CURVE('',#7888,#7888,#7911,.T.);
#7911 = SURFACE_CURVE('',#7912,(#7917,#7924),.PCURVE_S1.);
#7912 = CIRCLE('',#7913,4.);
#7913 = AXIS2_PLACEMENT_3D('',#7914,#7915,#7916);
#7914 = CARTESIAN_POINT('',(2.616041773251E+03,-2.19511968708E+03,
    1.4E+03));
#7915 = DIRECTION('',(0.755621584078,-0.634041792509,-0.164398987305));
#7916 = DIRECTION('',(0.642787609687,0.766044443119,0.));
#7917 = PCURVE('',#7778,#7918);
#7918 = DEFINITIONAL_REPRESENTATION('',(#7919),#7923);
#7919 = LINE('',#7920,#7921);
#7920 = CARTESIAN_POINT('',(0.,608.27625302982));
#7921 = VECTOR('',#7922,1.);
#7922 = DIRECTION('',(1.,0.));
#7923 = ( GEOMETRIC_REPRESENTATION_CONTEXT(2) 
PARAMETRIC_REPRESENTATION_CONTEXT() REPRESENTATION_CONTEXT('2D SPACE',''
  ) );
#7924 = PCURVE('',#7925,#7930);
#7925 = PLANE('',#7926);
#7926 = AXIS2_PLACEMENT_3D('',#7927,#7928,#7929);
#7927 = CARTESIAN_POINT('',(2.616041773251E+03,-2.19511968708E+03,
    1.4E+03));
#7928 = DIRECTION('',(0.755621584078,-0.634041792509,-0.164398987305));
#7929 = DIRECTION('',(0.642787609687,0.766044443119,0.));
#7930 = DEFINITIONAL_REPRESENTATION('',(#7931),#7935);
#7931 = CIRCLE('',#7932,4.);
#7932 = AXIS2_PLACEMENT_2D('',#7933,#7934);
#7933 = CARTESIAN_POINT('',(0.,0.));
#7934 = DIRECTION('',(1.,0.));
#7935 = ( GEOMETRIC_REPRESENTATION_CONTEXT(2) 
PARAMETRIC_REPRESENTATION_CONTEXT() REPRESENTATION_CONTEXT('2D SPACE',''
  ) );
#7936 = ORIENTED_EDGE('',*,*,#7887,.F.);
#7937 = ORIENTED_EDGE('',*,*,#7748,.T.);
#7938 = ORIENTED_EDGE('',*,*,#7939,.T.);
#7939 = EDGE_CURVE('',#7720,#7749,#7940,.T.);
#7940 = SURFACE_CURVE('',#7941,(#7946,#7953),.PCURVE_S1.);
#7941 = CIRCLE('',#7942,4.);
#7942 = AXIS2_PLACEMENT_3D('',#7943,#7944,#7945);
#7943 = CARTESIAN_POINT('',(2.15641510738E+03,-1.809447121268E+03,
    1.5E+03));
#7944 = DIRECTION('',(0.755621584078,-0.634041792509,-0.164398987305));
#7945 = DIRECTION('',(0.642787609687,0.766044443119,0.));
#7946 = PCURVE('',#7778,#7947);
#7947 = DEFINITIONAL_REPRESENTATION('',(#7948),#7952);
#7948 = LINE('',#7949,#7950);
#7949 = CARTESIAN_POINT('',(0.,0.));
#7950 = VECTOR('',#7951,1.);
#7951 = DIRECTION('',(1.,0.));
#7952 = ( GEOMETRIC_REPRESENTATION_CONTEXT(2) 
PARAMETRIC_REPRESENTATION_CONTEXT() REPRESENTATION_CONTEXT('2D SPACE',''
  ) );
#7953 = PCURVE('',#7873,#7954);
#7954 = DEFINITIONAL_REPRESENTATION('',(#7955),#7959);
#7955 = CIRCLE('',#7956,4.);
#7956 = AXIS2_PLACEMENT_2D('',#7957,#7958);
#7957 = CARTESIAN_POINT('',(0.,0.));
#7958 = DIRECTION('',(1.,0.));
#7959 = ( GEOMETRIC_REPRESENTATION_CONTEXT(2) 
PARAMETRIC_REPRESENTATION_CONTEXT() REPRESENTATION_CONTEXT('2D SPACE',''
  ) );
#7960 = ADVANCED_FACE('',(#7961),#7873,.F.);
#7961 = FACE_BOUND('',#7962,.F.);
#7962 = EDGE_LOOP('',(#7963,#7964));
#7963 = ORIENTED_EDGE('',*,*,#7939,.T.);
#7964 = ORIENTED_EDGE('',*,*,#7860,.T.);
#7965 = ADVANCED_FACE('',(#7966),#7925,.T.);
#7966 = FACE_BOUND('',#7967,.T.);
#7967 = EDGE_LOOP('',(#7968));
#7968 = ORIENTED_EDGE('',*,*,#7910,.T.);
#7969 = ( GEOMETRIC_REPRESENTATION_CONTEXT(3) 
GLOBAL_UNCERTAINTY_ASSIGNED_CONTEXT((#7973)) 
GLOBAL_UNIT_ASSIGNED_CONTEXT((#7970,#7971,#7972)) REPRESENTATION_CONTEXT
('Context #1','3D Context with UNIT and UNCERTAINTY') );
#7970 = ( LENGTH_UNIT() NAMED_UNIT(*) SI_UNIT(.MILLI.,.METRE.) );
#7971 = ( NAMED_UNIT(*) PLANE_ANGLE_UNIT() SI_UNIT($,.RADIAN.) );
#7972 = ( NAMED_UNIT(*) SI_UNIT($,.STERADIAN.) SOLID_ANGLE_UNIT() );
#7973 = UNCERTAINTY_MEASURE_WITH_UNIT(LENGTH_MEASURE(2.E-07),#7970,
  'distance_accuracy_value','confusion accuracy');
#7974 = CONTEXT_DEPENDENT_SHAPE_REPRESENTATION(#7975,#7977);
#7975 = ( REPRESENTATION_RELATIONSHIP('','',#7048,#10) 
REPRESENTATION_RELATIONSHIP_WITH_TRANSFORMATION(#7976) 
SHAPE_REPRESENTATION_RELATIONSHIP() );
#7976 = ITEM_DEFINED_TRANSFORMATION('','',#11,#23);
#7977 = PRODUCT_DEFINITION_SHAPE('Placement','Placement of an item',
  #7978);
#7978 = NEXT_ASSEMBLY_USAGE_OCCURRENCE('3','=>[0:1:1:4]','',#5,#7043,$);
#7979 = PRODUCT_RELATED_PRODUCT_CATEGORY('part',$,(#7045));
#7980 = SHAPE_DEFINITION_REPRESENTATION(#7981,#7987);
#7981 = PRODUCT_DEFINITION_SHAPE('','',#7982);
#7982 = PRODUCT_DEFINITION('design','',#7983,#7986);
#7983 = PRODUCT_DEFINITION_FORMATION('','',#7984);
#7984 = PRODUCT('COMPOUND','COMPOUND','',(#7985));
#7985 = PRODUCT_CONTEXT('',#2,'mechanical');
#7986 = PRODUCT_DEFINITION_CONTEXT('part definition',#2,'design');
#7987 = ADVANCED_BREP_SHAPE_REPRESENTATION('',(#11,#7988),#9417);
#7988 = MANIFOLD_SOLID_BREP('',#7989);
#7989 = CLOSED_SHELL('',(#7990,#8420,#8538,#8573,#8628,#8704,#8753,#8802
    ,#8829,#9343,#9347,#9354,#9358,#9413));
#7990 = ADVANCED_FACE('',(#7991,#8078),#8004,.T.);
#7991 = FACE_BOUND('',#7992,.T.);
#7992 = EDGE_LOOP('',(#7993,#8027,#8050,#8077));
#7993 = ORIENTED_EDGE('',*,*,#7994,.T.);
#7994 = EDGE_CURVE('',#7995,#7995,#7997,.T.);
#7995 = VERTEX_POINT('',#7996);
#7996 = CARTESIAN_POINT('',(2.651930955411E+03,-2.225234286593E+03,10.)
  );
#7997 = SURFACE_CURVE('',#7998,(#8003,#8015),.PCURVE_S1.);
#7998 = CIRCLE('',#7999,16.85);
#7999 = AXIS2_PLACEMENT_3D('',#8000,#8001,#8002);
#8000 = CARTESIAN_POINT('',(2.639023106545E+03,-2.21440331537E+03,10.));
#8001 = DIRECTION('',(0.,0.,1.));
#8002 = DIRECTION('',(0.766044443119,-0.642787609687,0.));
#8003 = PCURVE('',#8004,#8009);
#8004 = CYLINDRICAL_SURFACE('',#8005,16.85);
#8005 = AXIS2_PLACEMENT_3D('',#8006,#8007,#8008);
#8006 = CARTESIAN_POINT('',(2.639023106545E+03,-2.21440331537E+03,0.));
#8007 = DIRECTION('',(0.,0.,1.));
#8008 = DIRECTION('',(0.766044443119,-0.642787609687,0.));
#8009 = DEFINITIONAL_REPRESENTATION('',(#8010),#8014);
#8010 = LINE('',#8011,#8012);
#8011 = CARTESIAN_POINT('',(0.,10.));
#8012 = VECTOR('',#8013,1.);
#8013 = DIRECTION('',(1.,0.));
#8014 = ( GEOMETRIC_REPRESENTATION_CONTEXT(2) 
PARAMETRIC_REPRESENTATION_CONTEXT() REPRESENTATION_CONTEXT('2D SPACE',''
  ) );
#8015 = PCURVE('',#8016,#8021);
#8016 = PLANE('',#8017);
#8017 = AXIS2_PLACEMENT_3D('',#8018,#8019,#8020);
#8018 = CARTESIAN_POINT('',(2.498139901264E+03,-2.226728998713E+03,10.)
  );
#8019 = DIRECTION('',(0.,0.,1.));
#8020 = DIRECTION('',(0.766044443119,-0.642787609687,0.));
#8021 = DEFINITIONAL_REPRESENTATION('',(#8022),#8026);
#8022 = CIRCLE('',#8023,16.85);
#8023 = AXIS2_PLACEMENT_2D('',#8024,#8025);
#8024 = CARTESIAN_POINT('',(100.,100.));
#8025 = DIRECTION('',(1.,0.));
#8026 = ( GEOMETRIC_REPRESENTATION_CONTEXT(2) 
PARAMETRIC_REPRESENTATION_CONTEXT() REPRESENTATION_CONTEXT('2D SPACE',''
  ) );
#8027 = ORIENTED_EDGE('',*,*,#8028,.T.);
#8028 = EDGE_CURVE('',#7995,#8029,#8031,.T.);
#8029 = VERTEX_POINT('',#8030);
#8030 = CARTESIAN_POINT('',(2.651930955411E+03,-2.225234286593E+03,
    2.3E+03));
#8031 = SEAM_CURVE('',#8032,(#8036,#8043),.PCURVE_S1.);
#8032 = LINE('',#8033,#8034);
#8033 = CARTESIAN_POINT('',(2.651930955411E+03,-2.225234286593E+03,0.));
#8034 = VECTOR('',#8035,1.);
#8035 = DIRECTION('',(0.,0.,1.));
#8036 = PCURVE('',#8004,#8037);
#8037 = DEFINITIONAL_REPRESENTATION('',(#8038),#8042);
#8038 = LINE('',#8039,#8040);
#8039 = CARTESIAN_POINT('',(0.,-0.));
#8040 = VECTOR('',#8041,1.);
#8041 = DIRECTION('',(0.,1.));
#8042 = ( GEOMETRIC_REPRESENTATION_CONTEXT(2) 
PARAMETRIC_REPRESENTATION_CONTEXT() REPRESENTATION_CONTEXT('2D SPACE',''
  ) );
#8043 = PCURVE('',#8004,#8044);
#8044 = DEFINITIONAL_REPRESENTATION('',(#8045),#8049);
#8045 = LINE('',#8046,#8047);
#8046 = CARTESIAN_POINT('',(6.28318530718,-0.));
#8047 = VECTOR('',#8048,1.);
#8048 = DIRECTION('',(0.,1.));
#8049 = ( GEOMETRIC_REPRESENTATION_CONTEXT(2) 
PARAMETRIC_REPRESENTATION_CONTEXT() REPRESENTATION_CONTEXT('2D SPACE',''
  ) );
#8050 = ORIENTED_EDGE('',*,*,#8051,.F.);
#8051 = EDGE_CURVE('',#8029,#8029,#8052,.T.);
#8052 = SURFACE_CURVE('',#8053,(#8058,#8065),.PCURVE_S1.);
#8053 = CIRCLE('',#8054,16.85);
#8054 = AXIS2_PLACEMENT_3D('',#8055,#8056,#8057);
#8055 = CARTESIAN_POINT('',(2.639023106545E+03,-2.21440331537E+03,
    2.3E+03));
#8056 = DIRECTION('',(-0.,0.,1.));
#8057 = DIRECTION('',(0.766044443119,-0.642787609687,0.));
#8058 = PCURVE('',#8004,#8059);
#8059 = DEFINITIONAL_REPRESENTATION('',(#8060),#8064);
#8060 = LINE('',#8061,#8062);
#8061 = CARTESIAN_POINT('',(0.,2.3E+03));
#8062 = VECTOR('',#8063,1.);
#8063 = DIRECTION('',(1.,0.));
#8064 = ( GEOMETRIC_REPRESENTATION_CONTEXT(2) 
PARAMETRIC_REPRESENTATION_CONTEXT() REPRESENTATION_CONTEXT('2D SPACE',''
  ) );
#8065 = PCURVE('',#8066,#8071);
#8066 = PLANE('',#8067);
#8067 = AXIS2_PLACEMENT_3D('',#8068,#8069,#8070);
#8068 = CARTESIAN_POINT('',(2.639023106545E+03,-2.21440331537E+03,
    2.3E+03));
#8069 = DIRECTION('',(0.,0.,1.));
#8070 = DIRECTION('',(0.766044443119,-0.642787609687,0.));
#8071 = DEFINITIONAL_REPRESENTATION('',(#8072),#8076);
#8072 = CIRCLE('',#8073,16.85);
#8073 = AXIS2_PLACEMENT_2D('',#8074,#8075);
#8074 = CARTESIAN_POINT('',(0.,0.));
#8075 = DIRECTION('',(1.,0.));
#8076 = ( GEOMETRIC_REPRESENTATION_CONTEXT(2) 
PARAMETRIC_REPRESENTATION_CONTEXT() REPRESENTATION_CONTEXT('2D SPACE',''
  ) );
#8077 = ORIENTED_EDGE('',*,*,#8028,.F.);
#8078 = FACE_BOUND('',#8079,.T.);
#8079 = EDGE_LOOP('',(#8080));
#8080 = ORIENTED_EDGE('',*,*,#8081,.F.);
#8081 = EDGE_CURVE('',#8082,#8082,#8084,.T.);
#8082 = VERTEX_POINT('',#8083);
#8083 = CARTESIAN_POINT('',(2.622248204265E+03,-2.215992388526E+03,
    1.58E+03));
#8084 = SURFACE_CURVE('',#8085,(#8193,#8304),.PCURVE_S1.);
#8085 = B_SPLINE_CURVE_WITH_KNOTS('',6,(#8086,#8087,#8088,#8089,#8090,
    #8091,#8092,#8093,#8094,#8095,#8096,#8097,#8098,#8099,#8100,#8101,
    #8102,#8103,#8104,#8105,#8106,#8107,#8108,#8109,#8110,#8111,#8112,
    #8113,#8114,#8115,#8116,#8117,#8118,#8119,#8120,#8121,#8122,#8123,
    #8124,#8125,#8126,#8127,#8128,#8129,#8130,#8131,#8132,#8133,#8134,
    #8135,#8136,#8137,#8138,#8139,#8140,#8141,#8142,#8143,#8144,#8145,
    #8146,#8147,#8148,#8149,#8150,#8151,#8152,#8153,#8154,#8155,#8156,
    #8157,#8158,#8159,#8160,#8161,#8162,#8163,#8164,#8165,#8166,#8167,
    #8168,#8169,#8170,#8171,#8172,#8173,#8174,#8175,#8176,#8177,#8178,
    #8179,#8180,#8181,#8182,#8183,#8184,#8185,#8186,#8187,#8188,#8189,
    #8190,#8191,#8192),.UNSPECIFIED.,.T.,.F.,(7,5,5,5,5,5,5,5,5,5,5,5,5,
    5,5,5,5,5,5,5,5,7),(0.,4.963719974568E-02,0.107165733035,
    0.174302068006,0.218372315781,0.249781073977,0.281189832179,
    0.324705733854,0.392738192173,0.449684201461,0.467124902877,
    0.499599315697,0.549321382979,0.606948276065,0.674199397837,
    0.718344995014,0.749807454537,0.781269914054,0.824860217301,
    0.89300899453,0.950052367606,1.),.UNSPECIFIED.);
#8086 = CARTESIAN_POINT('',(2.622248204265E+03,-2.215992388526E+03,
    1.58E+03));
#8087 = CARTESIAN_POINT('',(2.622248204265E+03,-2.215992388526E+03,
    1.580569363999E+03));
#8088 = CARTESIAN_POINT('',(2.622243849514E+03,-2.215946416913E+03,
    1.581137440797E+03));
#8089 = CARTESIAN_POINT('',(2.622235175814E+03,-2.215854858841E+03,
    1.581701994176E+03));
#8090 = CARTESIAN_POINT('',(2.622223284991E+03,-2.215719258921E+03,
    1.582260628596E+03));
#8091 = CARTESIAN_POINT('',(2.622210289757E+03,-2.215542399288E+03,
    1.5828104963E+03));
#8092 = CARTESIAN_POINT('',(2.622184910169E+03,-2.215080951351E+03,
    1.583971013422E+03));
#8093 = CARTESIAN_POINT('',(2.622172930147E+03,-2.214783320191E+03,
    1.584578400802E+03));
#8094 = CARTESIAN_POINT('',(2.622166138777E+03,-2.214440168724E+03,
    1.585169945379E+03));
#8095 = CARTESIAN_POINT('',(2.62216861221E+03,-2.214055290058E+03,
    1.585744977341E+03));
#8096 = CARTESIAN_POINT('',(2.622184479905E+03,-2.213631950367E+03,
    1.586302330317E+03));
#8097 = CARTESIAN_POINT('',(2.622257312493E+03,-2.212637197568E+03,
    1.58746817675E+03));
#8098 = CARTESIAN_POINT('',(2.622320690378E+03,-2.212052963781E+03,
    1.588069545591E+03));
#8099 = CARTESIAN_POINT('',(2.622415296779E+03,-2.211422176405E+03,
    1.588644644018E+03));
#8100 = CARTESIAN_POINT('',(2.622549247684E+03,-2.21074518418E+03,
    1.589190946134E+03));
#8101 = CARTESIAN_POINT('',(2.622732662277E+03,-2.210022889324E+03,
    1.58970236058E+03));
#8102 = CARTESIAN_POINT('',(2.623138589062E+03,-2.208756883529E+03,
    1.590473712252E+03));
#8103 = CARTESIAN_POINT('',(2.623326563224E+03,-2.208235376158E+03,
    1.590760717514E+03));
#8104 = CARTESIAN_POINT('',(2.623544961186E+03,-2.207696233289E+03,
    1.591024837211E+03));
#8105 = CARTESIAN_POINT('',(2.623797186013E+03,-2.207142127871E+03,
    1.591261434406E+03));
#8106 = CARTESIAN_POINT('',(2.624086618349E+03,-2.206576341789E+03,
    1.591465351526E+03));
#8107 = CARTESIAN_POINT('',(2.624651517073E+03,-2.20559410213E+03,
    1.591748664913E+03));
#8108 = CARTESIAN_POINT('',(2.62490710964E+03,-2.205181438874E+03,
    1.591847006568E+03));
#8109 = CARTESIAN_POINT('',(2.625182724918E+03,-2.204769164369E+03,
    1.591922855473E+03));
#8110 = CARTESIAN_POINT('',(2.625477241248E+03,-2.204361266044E+03,
    1.591974219127E+03));
#8111 = CARTESIAN_POINT('',(2.625788883648E+03,-2.203961301571E+03,
    1.592E+03));
#8112 = CARTESIAN_POINT('',(2.626441631709E+03,-2.203183386723E+03,
    1.592E+03));
#8113 = CARTESIAN_POINT('',(2.626781403688E+03,-2.20280702577E+03,
    1.591974219127E+03));
#8114 = CARTESIAN_POINT('',(2.627131962898E+03,-2.202446153004E+03,
    1.591922855473E+03));
#8115 = CARTESIAN_POINT('',(2.627490113936E+03,-2.202103134225E+03,
    1.591847006568E+03));
#8116 = CARTESIAN_POINT('',(2.627852124726E+03,-2.20177976646E+03,
    1.591748664913E+03));
#8117 = CARTESIAN_POINT('',(2.62871496442E+03,-2.201058224176E+03,
    1.591467432285E+03));
#8118 = CARTESIAN_POINT('',(2.629215562813E+03,-2.200679221128E+03,
    1.591266546405E+03));
#8119 = CARTESIAN_POINT('',(2.62971131935E+03,-2.200337946384E+03,
    1.591033709501E+03));
#8120 = CARTESIAN_POINT('',(2.63019852459E+03,-2.200031765773E+03,
    1.590773903814E+03));
#8121 = CARTESIAN_POINT('',(2.630674029383E+03,-2.199757915233E+03,
    1.590491629084E+03));
#8122 = CARTESIAN_POINT('',(2.631856124796E+03,-2.199131690954E+03,
    1.589720979841E+03));
#8123 = CARTESIAN_POINT('',(2.632545771484E+03,-2.19881999107E+03,
    1.589203614749E+03));
#8124 = CARTESIAN_POINT('',(2.633198450384E+03,-2.198566593164E+03,
    1.588650324641E+03));
#8125 = CARTESIAN_POINT('',(2.633811403312E+03,-2.198361262162E+03,
    1.58806749138E+03));
#8126 = CARTESIAN_POINT('',(2.634382832266E+03,-2.198195748366E+03,
    1.587457731207E+03));
#8127 = CARTESIAN_POINT('',(2.635350202605E+03,-2.197952209737E+03,
    1.586287610644E+03));
#8128 = CARTESIAN_POINT('',(2.635759466575E+03,-2.197864348812E+03,
    1.585735514534E+03));
#8129 = CARTESIAN_POINT('',(2.636133838328E+03,-2.19779591197E+03,
    1.585166101321E+03));
#8130 = CARTESIAN_POINT('',(2.636469495386E+03,-2.19774350529E+03,
    1.584580499653E+03));
#8131 = CARTESIAN_POINT('',(2.636762126054E+03,-2.197703876162E+03,
    1.583979361598E+03));
#8132 = CARTESIAN_POINT('',(2.637081913855E+03,-2.197665335378E+03,
    1.583174136248E+03));
#8133 = CARTESIAN_POINT('',(2.637152368762E+03,-2.197657253277E+03,
    1.582984001853E+03));
#8134 = CARTESIAN_POINT('',(2.637218139524E+03,-2.197650051252E+03,
    1.582792617133E+03));
#8135 = CARTESIAN_POINT('',(2.637279077094E+03,-2.197643657913E+03,
    1.582600065716E+03));
#8136 = CARTESIAN_POINT('',(2.63733504457E+03,-2.197638007159E+03,
    1.582406423885E+03));
#8137 = CARTESIAN_POINT('',(2.637480640203E+03,-2.197623793457E+03,
    1.581849299532E+03));
#8138 = CARTESIAN_POINT('',(2.637557743101E+03,-2.197616914468E+03,
    1.581483125114E+03));
#8139 = CARTESIAN_POINT('',(2.637616237596E+03,-2.197612046561E+03,
    1.581114243527E+03));
#8140 = CARTESIAN_POINT('',(2.637655472139E+03,-2.197608897727E+03,
    1.580743546986E+03));
#8141 = CARTESIAN_POINT('',(2.637675106897E+03,-2.197607321891E+03,
    1.580371862285E+03));
#8142 = CARTESIAN_POINT('',(2.637675106897E+03,-2.197607321891E+03,
    1.579430636001E+03));
#8143 = CARTESIAN_POINT('',(2.637629077502E+03,-2.197611016186E+03,
    1.578862559203E+03));
#8144 = CARTESIAN_POINT('',(2.637537404231E+03,-2.197618373151E+03,
    1.578298005824E+03));
#8145 = CARTESIAN_POINT('',(2.637401799558E+03,-2.197630209655E+03,
    1.577739371404E+03));
#8146 = CARTESIAN_POINT('',(2.637225370222E+03,-2.197648123201E+03,
    1.5771895037E+03));
#8147 = CARTESIAN_POINT('',(2.636766525596E+03,-2.197703258779E+03,
    1.576028986578E+03));
#8148 = CARTESIAN_POINT('',(2.636471335814E+03,-2.197743143869E+03,
    1.575421599198E+03));
#8149 = CARTESIAN_POINT('',(2.63613221828E+03,-2.197796043302E+03,
    1.574830054621E+03));
#8150 = CARTESIAN_POINT('',(2.635753616293E+03,-2.197865312638E+03,
    1.574255022659E+03));
#8151 = CARTESIAN_POINT('',(2.635339463479E+03,-2.197954451432E+03,
    1.573697669683E+03));
#8152 = CARTESIAN_POINT('',(2.634372470456E+03,-2.198198914541E+03,
    1.57253182325E+03));
#8153 = CARTESIAN_POINT('',(2.633808117948E+03,-2.198362780705E+03,
    1.571930454409E+03));
#8154 = CARTESIAN_POINT('',(2.633203341879E+03,-2.1985654849E+03,
    1.571355355982E+03));
#8155 = CARTESIAN_POINT('',(2.632559895017E+03,-2.198814959257E+03,
    1.570809053866E+03));
#8156 = CARTESIAN_POINT('',(2.631880423052E+03,-2.199121012556E+03,
    1.57029763942E+03));
#8157 = CARTESIAN_POINT('',(2.630704139177E+03,-2.199740611999E+03,
    1.569526287748E+03));
#8158 = CARTESIAN_POINT('',(2.630223196045E+03,-2.200016289216E+03,
    1.569239282486E+03));
#8159 = CARTESIAN_POINT('',(2.629730168376E+03,-2.200324990399E+03,
    1.568975162789E+03));
#8160 = CARTESIAN_POINT('',(2.629228279446E+03,-2.20066960276E+03,
    1.568738565594E+03));
#8161 = CARTESIAN_POINT('',(2.628721348324E+03,-2.201052885691E+03,
    1.568534648474E+03));
#8162 = CARTESIAN_POINT('',(2.627852124726E+03,-2.20177976646E+03,
    1.568251335087E+03));
#8163 = CARTESIAN_POINT('',(2.627490113936E+03,-2.202103134225E+03,
    1.568152993432E+03));
#8164 = CARTESIAN_POINT('',(2.627131962898E+03,-2.202446153004E+03,
    1.568077144527E+03));
#8165 = CARTESIAN_POINT('',(2.626781403688E+03,-2.20280702577E+03,
    1.568025780873E+03));
#8166 = CARTESIAN_POINT('',(2.626441631709E+03,-2.203183386723E+03,
    1.568E+03));
#8167 = CARTESIAN_POINT('',(2.625788883648E+03,-2.203961301571E+03,
    1.568E+03));
#8168 = CARTESIAN_POINT('',(2.625477241248E+03,-2.204361266044E+03,
    1.568025780873E+03));
#8169 = CARTESIAN_POINT('',(2.625182724918E+03,-2.204769164369E+03,
    1.568077144527E+03));
#8170 = CARTESIAN_POINT('',(2.62490710964E+03,-2.205181438874E+03,
    1.568152993432E+03));
#8171 = CARTESIAN_POINT('',(2.624651517073E+03,-2.20559410213E+03,
    1.568251335087E+03));
#8172 = CARTESIAN_POINT('',(2.624090767177E+03,-2.206569127853E+03,
    1.568532567715E+03));
#8173 = CARTESIAN_POINT('',(2.623804450036E+03,-2.20712793422E+03,
    1.568733453595E+03));
#8174 = CARTESIAN_POINT('',(2.623554447241E+03,-2.207675420838E+03,
    1.568966290499E+03));
#8175 = CARTESIAN_POINT('',(2.623337520504E+03,-2.208208392042E+03,
    1.569226096186E+03));
#8176 = CARTESIAN_POINT('',(2.62315040091E+03,-2.208724226496E+03,
    1.569508370916E+03));
#8177 = CARTESIAN_POINT('',(2.622738959099E+03,-2.209997105928E+03,
    1.570279020159E+03));
#8178 = CARTESIAN_POINT('',(2.622551750527E+03,-2.21073040145E+03,
    1.570796385251E+03));
#8179 = CARTESIAN_POINT('',(2.622415538807E+03,-2.211417166775E+03,
    1.571349675359E+03));
#8180 = CARTESIAN_POINT('',(2.622319765402E+03,-2.212056462925E+03,
    1.57193250862E+03));
#8181 = CARTESIAN_POINT('',(2.62225599373E+03,-2.212647951759E+03,
    1.572542268793E+03));
#8182 = CARTESIAN_POINT('',(2.622184137096E+03,-2.213642915607E+03,
    1.573712389356E+03));
#8183 = CARTESIAN_POINT('',(2.622168678918E+03,-2.214061218828E+03,
    1.574264485466E+03));
#8184 = CARTESIAN_POINT('',(2.622166290758E+03,-2.214441786966E+03,
    1.574833898679E+03));
#8185 = CARTESIAN_POINT('',(2.62217296649E+03,-2.214781444963E+03,
    1.575419500347E+03));
#8186 = CARTESIAN_POINT('',(2.6221847542E+03,-2.21507651144E+03,
    1.576020638402E+03));
#8187 = CARTESIAN_POINT('',(2.622209989758E+03,-2.215538313447E+03,
    1.577176823718E+03));
#8188 = CARTESIAN_POINT('',(2.622223065442E+03,-2.215716753205E+03,
    1.577729071279E+03));
#8189 = CARTESIAN_POINT('',(2.622235055399E+03,-2.215853587818E+03,
    1.578290194302E+03));
#8190 = CARTESIAN_POINT('',(2.622243809074E+03,-2.215945989965E+03,
    1.578857310279E+03));
#8191 = CARTESIAN_POINT('',(2.622248204265E+03,-2.215992388526E+03,
    1.579427998109E+03));
#8192 = CARTESIAN_POINT('',(2.622248204265E+03,-2.215992388526E+03,
    1.58E+03));
#8193 = PCURVE('',#8004,#8194);
#8194 = DEFINITIONAL_REPRESENTATION('',(#8195),#8303);
#8195 = B_SPLINE_CURVE_WITH_KNOTS('',6,(#8196,#8197,#8198,#8199,#8200,
    #8201,#8202,#8203,#8204,#8205,#8206,#8207,#8208,#8209,#8210,#8211,
    #8212,#8213,#8214,#8215,#8216,#8217,#8218,#8219,#8220,#8221,#8222,
    #8223,#8224,#8225,#8226,#8227,#8228,#8229,#8230,#8231,#8232,#8233,
    #8234,#8235,#8236,#8237,#8238,#8239,#8240,#8241,#8242,#8243,#8244,
    #8245,#8246,#8247,#8248,#8249,#8250,#8251,#8252,#8253,#8254,#8255,
    #8256,#8257,#8258,#8259,#8260,#8261,#8262,#8263,#8264,#8265,#8266,
    #8267,#8268,#8269,#8270,#8271,#8272,#8273,#8274,#8275,#8276,#8277,
    #8278,#8279,#8280,#8281,#8282,#8283,#8284,#8285,#8286,#8287,#8288,
    #8289,#8290,#8291,#8292,#8293,#8294,#8295,#8296,#8297,#8298,#8299,
    #8300,#8301,#8302),.UNSPECIFIED.,.T.,.F.,(7,5,5,5,5,5,5,5,5,5,5,5,5,
    5,5,5,5,5,5,5,5,7),(0.,4.963719974568E-02,0.107165733035,
    0.174302068006,0.218372315781,0.249781073977,0.281189832179,
    0.324705733854,0.392738192173,0.449684201461,0.467124902877,
    0.499599315697,0.549321382979,0.606948276065,0.674199397837,
    0.718344995014,0.749807454537,0.781269914054,0.824860217301,
    0.89300899453,0.950052367606,1.),.UNSPECIFIED.);
#8196 = CARTESIAN_POINT('',(3.934171720535,1.58E+03));
#8197 = CARTESIAN_POINT('',(3.934171720535,1.580569363999E+03));
#8198 = CARTESIAN_POINT('',(3.931431243475,1.581137440797E+03));
#8199 = CARTESIAN_POINT('',(3.925973098514,1.581701994176E+03));
#8200 = CARTESIAN_POINT('',(3.91789519468,1.582260628596E+03));
#8201 = CARTESIAN_POINT('',(3.907372585836,1.5828104963E+03));
#8202 = CARTESIAN_POINT('',(3.879945562222,1.583971013422E+03));
#8203 = CARTESIAN_POINT('',(3.862269591061,1.584578400802E+03));
#8204 = CARTESIAN_POINT('',(3.841907424802,1.585169945379E+03));
#8205 = CARTESIAN_POINT('',(3.81907961643,1.585744977341E+03));
#8206 = CARTESIAN_POINT('',(3.793953889777,1.586302330317E+03));
#8207 = CARTESIAN_POINT('',(3.734760090466,1.58746817675E+03));
#8208 = CARTESIAN_POINT('',(3.699905339871,1.588069545591E+03));
#8209 = CARTESIAN_POINT('',(3.662101678211,1.588644644018E+03));
#8210 = CARTESIAN_POINT('',(3.621221067884,1.589190946134E+03));
#8211 = CARTESIAN_POINT('',(3.577078299329,1.58970236058E+03));
#8212 = CARTESIAN_POINT('',(3.498176736028,1.590473712252E+03));
#8213 = CARTESIAN_POINT('',(3.465298537108,1.590760717514E+03));
#8214 = CARTESIAN_POINT('',(3.430817382192,1.591024837211E+03));
#8215 = CARTESIAN_POINT('',(3.394739324439,1.591261434406E+03));
#8216 = CARTESIAN_POINT('',(3.357068432697,1.591465351526E+03));
#8217 = CARTESIAN_POINT('',(3.289822411499,1.591748664913E+03));
#8218 = CARTESIAN_POINT('',(3.261030285294,1.591847006568E+03));
#8219 = CARTESIAN_POINT('',(3.2316263331,1.591922855473E+03));
#8220 = CARTESIAN_POINT('',(3.201797899119,1.591974219127E+03));
#8221 = CARTESIAN_POINT('',(3.171726057518,1.592E+03));
#8222 = CARTESIAN_POINT('',(3.111459249655,1.592E+03));
#8223 = CARTESIAN_POINT('',(3.081387408063,1.591974219127E+03));
#8224 = CARTESIAN_POINT('',(3.051558974086,1.591922855473E+03));
#8225 = CARTESIAN_POINT('',(3.022155021888,1.591847006568E+03));
#8226 = CARTESIAN_POINT('',(2.993362895674,1.591748664913E+03));
#8227 = CARTESIAN_POINT('',(2.926610754475,1.591467432285E+03));
#8228 = CARTESIAN_POINT('',(2.889391110541,1.591266546405E+03));
#8229 = CARTESIAN_POINT('',(2.853723367237,1.591033709501E+03));
#8230 = CARTESIAN_POINT('',(2.819613169488,1.590773903814E+03));
#8231 = CARTESIAN_POINT('',(2.787068247116,1.590491629084E+03));
#8232 = CARTESIAN_POINT('',(2.707678078497,1.589720979841E+03));
#8233 = CARTESIAN_POINT('',(2.66285138226,1.589203614749E+03));
#8234 = CARTESIAN_POINT('',(2.621379024211,1.588650324641E+03));
#8235 = CARTESIAN_POINT('',(2.583067648929,1.58806749138E+03));
#8236 = CARTESIAN_POINT('',(2.5477829903,1.587457731207E+03));
#8237 = CARTESIAN_POINT('',(2.488580899539,1.586287610644E+03));
#8238 = CARTESIAN_POINT('',(2.463754173467,1.585735514534E+03));
#8239 = CARTESIAN_POINT('',(2.441181735372,1.585166101321E+03));
#8240 = CARTESIAN_POINT('',(2.421026811077,1.584580499653E+03));
#8241 = CARTESIAN_POINT('',(2.40350335277,1.583979361598E+03));
#8242 = CARTESIAN_POINT('',(2.384387513379,1.583174136248E+03));
#8243 = CARTESIAN_POINT('',(2.38017886121,1.582984001853E+03));
#8244 = CARTESIAN_POINT('',(2.376252289887,1.582792617133E+03));
#8245 = CARTESIAN_POINT('',(2.372616011915,1.582600065716E+03));
#8246 = CARTESIAN_POINT('',(2.36927763155,1.582406423885E+03));
#8247 = CARTESIAN_POINT('',(2.360595863509,1.581849299532E+03));
#8248 = CARTESIAN_POINT('',(2.356002008982,1.581483125114E+03));
#8249 = CARTESIAN_POINT('',(2.352518550899,1.581114243527E+03));
#8250 = CARTESIAN_POINT('',(2.350182600137,1.580743546986E+03));
#8251 = CARTESIAN_POINT('',(2.349013586644,1.580371862285E+03));
#8252 = CARTESIAN_POINT('',(2.349013586644,1.579430636001E+03));
#8253 = CARTESIAN_POINT('',(2.351754063705,1.578862559203E+03));
#8254 = CARTESIAN_POINT('',(2.357212208666,1.578298005824E+03));
#8255 = CARTESIAN_POINT('',(2.365290112499,1.577739371404E+03));
#8256 = CARTESIAN_POINT('',(2.375812721343,1.5771895037E+03));
#8257 = CARTESIAN_POINT('',(2.403239744957,1.576028986578E+03));
#8258 = CARTESIAN_POINT('',(2.420915716118,1.575421599198E+03));
#8259 = CARTESIAN_POINT('',(2.441277882377,1.574830054621E+03));
#8260 = CARTESIAN_POINT('',(2.46410569075,1.574255022659E+03));
#8261 = CARTESIAN_POINT('',(2.489231417403,1.573697669683E+03));
#8262 = CARTESIAN_POINT('',(2.548425216714,1.57253182325E+03));
#8263 = CARTESIAN_POINT('',(2.583279967309,1.571930454409E+03));
#8264 = CARTESIAN_POINT('',(2.621083628969,1.571355355982E+03));
#8265 = CARTESIAN_POINT('',(2.661964239296,1.570809053866E+03));
#8266 = CARTESIAN_POINT('',(2.706107007851,1.57029763942E+03));
#8267 = CARTESIAN_POINT('',(2.785008571152,1.569526287748E+03));
#8268 = CARTESIAN_POINT('',(2.817886770072,1.569239282486E+03));
#8269 = CARTESIAN_POINT('',(2.852367924987,1.568975162789E+03));
#8270 = CARTESIAN_POINT('',(2.88844598274,1.568738565594E+03));
#8271 = CARTESIAN_POINT('',(2.926116874483,1.568534648474E+03));
#8272 = CARTESIAN_POINT('',(2.993362895674,1.568251335087E+03));
#8273 = CARTESIAN_POINT('',(3.022155021888,1.568152993432E+03));
#8274 = CARTESIAN_POINT('',(3.051558974086,1.568077144527E+03));
#8275 = CARTESIAN_POINT('',(3.081387408063,1.568025780873E+03));
#8276 = CARTESIAN_POINT('',(3.111459249655,1.568E+03));
#8277 = CARTESIAN_POINT('',(3.171726057518,1.568E+03));
#8278 = CARTESIAN_POINT('',(3.201797899119,1.568025780873E+03));
#8279 = CARTESIAN_POINT('',(3.2316263331,1.568077144527E+03));
#8280 = CARTESIAN_POINT('',(3.261030285294,1.568152993432E+03));
#8281 = CARTESIAN_POINT('',(3.289822411499,1.568251335087E+03));
#8282 = CARTESIAN_POINT('',(3.35657455271,1.568532567715E+03));
#8283 = CARTESIAN_POINT('',(3.393794196638,1.568733453595E+03));
#8284 = CARTESIAN_POINT('',(3.429461939938,1.568966290499E+03));
#8285 = CARTESIAN_POINT('',(3.46357213769,1.569226096186E+03));
#8286 = CARTESIAN_POINT('',(3.496117060068,1.569508370916E+03));
#8287 = CARTESIAN_POINT('',(3.575507228683,1.570279020159E+03));
#8288 = CARTESIAN_POINT('',(3.62033392492,1.570796385251E+03));
#8289 = CARTESIAN_POINT('',(3.661806282969,1.571349675359E+03));
#8290 = CARTESIAN_POINT('',(3.700117658251,1.57193250862E+03));
#8291 = CARTESIAN_POINT('',(3.73540231688,1.572542268793E+03));
#8292 = CARTESIAN_POINT('',(3.794604407641,1.573712389356E+03));
#8293 = CARTESIAN_POINT('',(3.819431133713,1.574264485466E+03));
#8294 = CARTESIAN_POINT('',(3.842003571807,1.574833898679E+03));
#8295 = CARTESIAN_POINT('',(3.862158496102,1.575419500347E+03));
#8296 = CARTESIAN_POINT('',(3.87968195441,1.576020638402E+03));
#8297 = CARTESIAN_POINT('',(3.907129491661,1.577176823718E+03));
#8298 = CARTESIAN_POINT('',(3.917745927378,1.577729071279E+03));
#8299 = CARTESIAN_POINT('',(3.925897326359,1.578290194302E+03));
#8300 = CARTESIAN_POINT('',(3.931405792671,1.578857310279E+03));
#8301 = CARTESIAN_POINT('',(3.934171720535,1.579427998109E+03));
#8302 = CARTESIAN_POINT('',(3.934171720535,1.58E+03));
#8303 = ( GEOMETRIC_REPRESENTATION_CONTEXT(2) 
PARAMETRIC_REPRESENTATION_CONTEXT() REPRESENTATION_CONTEXT('2D SPACE',''
  ) );
#8304 = PCURVE('',#8305,#8310);
#8305 = CYLINDRICAL_SURFACE('',#8306,12.);
#8306 = AXIS2_PLACEMENT_3D('',#8307,#8308,#8309);
#8307 = CARTESIAN_POINT('',(2.639023106545E+03,-2.21440331537E+03,
    1.58E+03));
#8308 = DIRECTION('',(-0.766044443119,0.642787609687,0.));
#8309 = DIRECTION('',(-0.642787609687,-0.766044443119,0.));
#8310 = DEFINITIONAL_REPRESENTATION('',(#8311),#8419);
#8311 = B_SPLINE_CURVE_WITH_KNOTS('',6,(#8312,#8313,#8314,#8315,#8316,
    #8317,#8318,#8319,#8320,#8321,#8322,#8323,#8324,#8325,#8326,#8327,
    #8328,#8329,#8330,#8331,#8332,#8333,#8334,#8335,#8336,#8337,#8338,
    #8339,#8340,#8341,#8342,#8343,#8344,#8345,#8346,#8347,#8348,#8349,
    #8350,#8351,#8352,#8353,#8354,#8355,#8356,#8357,#8358,#8359,#8360,
    #8361,#8362,#8363,#8364,#8365,#8366,#8367,#8368,#8369,#8370,#8371,
    #8372,#8373,#8374,#8375,#8376,#8377,#8378,#8379,#8380,#8381,#8382,
    #8383,#8384,#8385,#8386,#8387,#8388,#8389,#8390,#8391,#8392,#8393,
    #8394,#8395,#8396,#8397,#8398,#8399,#8400,#8401,#8402,#8403,#8404,
    #8405,#8406,#8407,#8408,#8409,#8410,#8411,#8412,#8413,#8414,#8415,
    #8416,#8417,#8418),.UNSPECIFIED.,.F.,.F.,(7,5,5,5,5,5,5,5,5,5,5,5,5,
    5,5,5,5,5,5,5,5,7),(0.,4.963719974568E-02,0.107165733035,
    0.174302068006,0.218372315781,0.249781073977,0.281189832179,
    0.324705733854,0.392738192173,0.449684201461,0.467124902877,
    0.499599315697,0.549321382979,0.606948276065,0.674199397837,
    0.718344995014,0.749807454537,0.781269914054,0.824860217301,
    0.89300899453,0.950052367606,1.),.UNSPECIFIED.);
#8312 = CARTESIAN_POINT('',(0.,11.828884140104));
#8313 = CARTESIAN_POINT('',(4.744699987503E-02,11.828884140104));
#8314 = CARTESIAN_POINT('',(9.478667871682E-02,11.861770055732));
#8315 = CARTESIAN_POINT('',(0.142025319437,11.927266889284));
#8316 = CARTESIAN_POINT('',(0.189149952366,12.023537737203));
#8317 = CARTESIAN_POINT('',(0.236108406039,12.147175844228));
#8318 = CARTESIAN_POINT('',(0.33681726881,12.463230753558));
#8319 = CARTESIAN_POINT('',(0.390544988033,12.663721605141));
#8320 = CARTESIAN_POINT('',(0.44417728087,12.889497607177));
#8321 = CARTESIAN_POINT('',(0.49792204755,13.134998084852));
#8322 = CARTESIAN_POINT('',(0.551972743292,13.394960233844));
#8323 = CARTESIAN_POINT('',(0.670218639572,13.978582008025));
#8324 = CARTESIAN_POINT('',(0.734588612472,14.305569971077));
#8325 = CARTESIAN_POINT('',(0.800271123488,14.638559573047));
#8326 = CARTESIAN_POINT('',(0.867848062559,14.971109440925));
#8327 = CARTESIAN_POINT('',(0.937875602981,15.294887894896));
#8328 = CARTESIAN_POINT('',(1.058915880495,15.797702776204));
#8329 = CARTESIAN_POINT('',(1.108358113177,15.9889246901));
#8330 = CARTESIAN_POINT('',(1.159320893593,16.168176501248));
#8331 = CARTESIAN_POINT('',(1.211869117208,16.331133170943));
#8332 = CARTESIAN_POINT('',(1.266085426246,16.473095421097));
#8333 = CARTESIAN_POINT('',(1.361999028238,16.671729375827));
#8334 = CARTESIAN_POINT('',(1.402818649942,16.741188937907));
#8335 = CARTESIAN_POINT('',(1.444306802858,16.795060328851));
#8336 = CARTESIAN_POINT('',(1.486258136175,16.831639720536));
#8337 = CARTESIAN_POINT('',(1.528484005445,16.85));
#8338 = CARTESIAN_POINT('',(1.613108648154,16.85));
#8339 = CARTESIAN_POINT('',(1.655334517412,16.831639720528));
#8340 = CARTESIAN_POINT('',(1.697285850723,16.795060328861));
#8341 = CARTESIAN_POINT('',(1.738774003645,16.74118893792));
#8342 = CARTESIAN_POINT('',(1.779593625361,16.671729375808));
#8343 = CARTESIAN_POINT('',(1.874802801889,16.474554263334));
#8344 = CARTESIAN_POINT('',(1.928363341593,16.334692109696));
#8345 = CARTESIAN_POINT('',(1.980297777381,16.174287746395));
#8346 = CARTESIAN_POINT('',(2.030683645535,15.997875982035));
#8347 = CARTESIAN_POINT('',(2.079580967804,15.809645911863));
#8348 = CARTESIAN_POINT('',(2.201213074881,15.306637497038));
#8349 = CARTESIAN_POINT('',(2.27224782903,14.978694307526));
#8350 = CARTESIAN_POINT('',(2.340754152109,14.641594297112));
#8351 = CARTESIAN_POINT('',(2.407309891957,14.304029337082));
#8352 = CARTESIAN_POINT('',(2.472520682153,13.972679578989));
#8353 = CARTESIAN_POINT('',(2.591037336008,13.388174520016));
#8354 = CARTESIAN_POINT('',(2.644539362593,13.13113604385));
#8355 = CARTESIAN_POINT('',(2.697744729448,12.888340997252));
#8356 = CARTESIAN_POINT('',(2.750841233717,12.664899137006));
#8357 = CARTESIAN_POINT('',(2.8040305366,12.466204152645));
#8358 = CARTESIAN_POINT('',(2.873933757332,12.246006022817));
#8359 = CARTESIAN_POINT('',(2.890345598423,12.197229507604));
#8360 = CARTESIAN_POINT('',(2.906779325385,12.151475553314));
#8361 = CARTESIAN_POINT('',(2.923235312781,12.108904225599));
#8362 = CARTESIAN_POINT('',(2.939714715355,12.069662886455));
#8363 = CARTESIAN_POINT('',(2.986951019527,11.967266551813));
#8364 = CARTESIAN_POINT('',(3.017784926075,11.912624034013));
#8365 = CARTESIAN_POINT('',(3.048685448017,11.870943681466));
#8366 = CARTESIAN_POINT('',(3.079630408352,11.842912309937));
#8367 = CARTESIAN_POINT('',(3.110604129877,11.828884140104));
#8368 = CARTESIAN_POINT('',(3.189039653465,11.828884140104));
#8369 = CARTESIAN_POINT('',(3.236379332306,11.861770055732));
#8370 = CARTESIAN_POINT('',(3.283617973028,11.927266889285));
#8371 = CARTESIAN_POINT('',(3.330742605956,12.023537737203));
#8372 = CARTESIAN_POINT('',(3.377701059629,12.147175844228));
#8373 = CARTESIAN_POINT('',(3.4784099224,12.463230753557));
#8374 = CARTESIAN_POINT('',(3.532137641623,12.66372160514));
#8375 = CARTESIAN_POINT('',(3.58576993446,12.889497607178));
#8376 = CARTESIAN_POINT('',(3.639514701141,13.134998084854));
#8377 = CARTESIAN_POINT('',(3.693565396881,13.394960233842));
#8378 = CARTESIAN_POINT('',(3.811811293161,13.978582008024));
#8379 = CARTESIAN_POINT('',(3.876181266062,14.305569971078));
#8380 = CARTESIAN_POINT('',(3.941863777077,14.638559573046));
#8381 = CARTESIAN_POINT('',(4.009440716149,14.971109440926));
#8382 = CARTESIAN_POINT('',(4.079468256571,15.294887894896));
#8383 = CARTESIAN_POINT('',(4.200508534084,15.797702776204));
#8384 = CARTESIAN_POINT('',(4.249950766767,15.988924690102));
#8385 = CARTESIAN_POINT('',(4.300913547182,16.168176501248));
#8386 = CARTESIAN_POINT('',(4.353461770797,16.331133170942));
#8387 = CARTESIAN_POINT('',(4.407678079836,16.473095421097));
#8388 = CARTESIAN_POINT('',(4.503591681819,16.671729375808));
#8389 = CARTESIAN_POINT('',(4.544411303534,16.74118893792));
#8390 = CARTESIAN_POINT('',(4.585899456457,16.795060328862));
#8391 = CARTESIAN_POINT('',(4.627850789768,16.831639720528));
#8392 = CARTESIAN_POINT('',(4.670076659026,16.85));
#8393 = CARTESIAN_POINT('',(4.754701301734,16.85));
#8394 = CARTESIAN_POINT('',(4.796927171004,16.831639720536));
#8395 = CARTESIAN_POINT('',(4.838878504322,16.795060328851));
#8396 = CARTESIAN_POINT('',(4.880366657238,16.741188937907));
#8397 = CARTESIAN_POINT('',(4.921186278941,16.671729375827));
#8398 = CARTESIAN_POINT('',(5.016395455487,16.474554263318));
#8399 = CARTESIAN_POINT('',(5.069955995181,16.334692109691));
#8400 = CARTESIAN_POINT('',(5.121890430963,16.17428774642));
#8401 = CARTESIAN_POINT('',(5.172276299122,15.997875982052));
#8402 = CARTESIAN_POINT('',(5.221173621401,15.809645911834));
#8403 = CARTESIAN_POINT('',(5.342805728471,15.306637497037));
#8404 = CARTESIAN_POINT('',(5.41384048262,14.978694307526));
#8405 = CARTESIAN_POINT('',(5.482346805699,14.641594297113));
#8406 = CARTESIAN_POINT('',(5.548902545547,14.304029337082));
#8407 = CARTESIAN_POINT('',(5.614113335742,13.972679578988));
#8408 = CARTESIAN_POINT('',(5.732629989598,13.388174520012));
#8409 = CARTESIAN_POINT('',(5.786132016182,13.131136043854));
#8410 = CARTESIAN_POINT('',(5.839337383038,12.888340997253));
#8411 = CARTESIAN_POINT('',(5.892433887307,12.664899137005));
#8412 = CARTESIAN_POINT('',(5.94562319019,12.466204152644));
#8413 = CARTESIAN_POINT('',(6.045993946386,12.150031985292));
#8414 = CARTESIAN_POINT('',(6.09316641711,12.025316564943));
#8415 = CARTESIAN_POINT('',(6.140506337075,11.928176130989));
#8416 = CARTESIAN_POINT('',(6.187961219638,11.862075471795));
#8417 = CARTESIAN_POINT('',(6.235518482951,11.828884140104));
#8418 = CARTESIAN_POINT('',(6.28318530718,11.828884140104));
#8419 = ( GEOMETRIC_REPRESENTATION_CONTEXT(2) 
PARAMETRIC_REPRESENTATION_CONTEXT() REPRESENTATION_CONTEXT('2D SPACE',''
  ) );
#8420 = ADVANCED_FACE('',(#8421,#8535),#8016,.T.);
#8421 = FACE_BOUND('',#8422,.T.);
#8422 = EDGE_LOOP('',(#8423,#8453,#8481,#8509));
#8423 = ORIENTED_EDGE('',*,*,#8424,.F.);
#8424 = EDGE_CURVE('',#8425,#8427,#8429,.T.);
#8425 = VERTEX_POINT('',#8426);
#8426 = CARTESIAN_POINT('',(2.498139901264E+03,-2.226728998713E+03,10.)
  );
#8427 = VERTEX_POINT('',#8428);
#8428 = CARTESIAN_POINT('',(2.626697423202E+03,-2.07352011009E+03,10.));
#8429 = SURFACE_CURVE('',#8430,(#8434,#8441),.PCURVE_S1.);
#8430 = LINE('',#8431,#8432);
#8431 = CARTESIAN_POINT('',(2.498139901264E+03,-2.226728998713E+03,10.)
  );
#8432 = VECTOR('',#8433,1.);
#8433 = DIRECTION('',(0.642787609687,0.766044443119,0.));
#8434 = PCURVE('',#8016,#8435);
#8435 = DEFINITIONAL_REPRESENTATION('',(#8436),#8440);
#8436 = LINE('',#8437,#8438);
#8437 = CARTESIAN_POINT('',(0.,0.));
#8438 = VECTOR('',#8439,1.);
#8439 = DIRECTION('',(0.,1.));
#8440 = ( GEOMETRIC_REPRESENTATION_CONTEXT(2) 
PARAMETRIC_REPRESENTATION_CONTEXT() REPRESENTATION_CONTEXT('2D SPACE',''
  ) );
#8441 = PCURVE('',#8442,#8447);
#8442 = PLANE('',#8443);
#8443 = AXIS2_PLACEMENT_3D('',#8444,#8445,#8446);
#8444 = CARTESIAN_POINT('',(2.498139901264E+03,-2.226728998713E+03,0.));
#8445 = DIRECTION('',(0.766044443119,-0.642787609687,0.));
#8446 = DIRECTION('',(0.,0.,1.));
#8447 = DEFINITIONAL_REPRESENTATION('',(#8448),#8452);
#8448 = LINE('',#8449,#8450);
#8449 = CARTESIAN_POINT('',(10.,0.));
#8450 = VECTOR('',#8451,1.);
#8451 = DIRECTION('',(0.,-1.));
#8452 = ( GEOMETRIC_REPRESENTATION_CONTEXT(2) 
PARAMETRIC_REPRESENTATION_CONTEXT() REPRESENTATION_CONTEXT('2D SPACE',''
  ) );
#8453 = ORIENTED_EDGE('',*,*,#8454,.T.);
#8454 = EDGE_CURVE('',#8425,#8455,#8457,.T.);
#8455 = VERTEX_POINT('',#8456);
#8456 = CARTESIAN_POINT('',(2.651348789888E+03,-2.355286520651E+03,10.)
  );
#8457 = SURFACE_CURVE('',#8458,(#8462,#8469),.PCURVE_S1.);
#8458 = LINE('',#8459,#8460);
#8459 = CARTESIAN_POINT('',(2.498139901264E+03,-2.226728998713E+03,10.)
  );
#8460 = VECTOR('',#8461,1.);
#8461 = DIRECTION('',(0.766044443119,-0.642787609687,0.));
#8462 = PCURVE('',#8016,#8463);
#8463 = DEFINITIONAL_REPRESENTATION('',(#8464),#8468);
#8464 = LINE('',#8465,#8466);
#8465 = CARTESIAN_POINT('',(0.,0.));
#8466 = VECTOR('',#8467,1.);
#8467 = DIRECTION('',(1.,0.));
#8468 = ( GEOMETRIC_REPRESENTATION_CONTEXT(2) 
PARAMETRIC_REPRESENTATION_CONTEXT() REPRESENTATION_CONTEXT('2D SPACE',''
  ) );
#8469 = PCURVE('',#8470,#8475);
#8470 = PLANE('',#8471);
#8471 = AXIS2_PLACEMENT_3D('',#8472,#8473,#8474);
#8472 = CARTESIAN_POINT('',(2.498139901264E+03,-2.226728998713E+03,0.));
#8473 = DIRECTION('',(0.642787609687,0.766044443119,0.));
#8474 = DIRECTION('',(0.,0.,1.));
#8475 = DEFINITIONAL_REPRESENTATION('',(#8476),#8480);
#8476 = LINE('',#8477,#8478);
#8477 = CARTESIAN_POINT('',(10.,0.));
#8478 = VECTOR('',#8479,1.);
#8479 = DIRECTION('',(0.,1.));
#8480 = ( GEOMETRIC_REPRESENTATION_CONTEXT(2) 
PARAMETRIC_REPRESENTATION_CONTEXT() REPRESENTATION_CONTEXT('2D SPACE',''
  ) );
#8481 = ORIENTED_EDGE('',*,*,#8482,.T.);
#8482 = EDGE_CURVE('',#8455,#8483,#8485,.T.);
#8483 = VERTEX_POINT('',#8484);
#8484 = CARTESIAN_POINT('',(2.779906311825E+03,-2.202077632027E+03,10.)
  );
#8485 = SURFACE_CURVE('',#8486,(#8490,#8497),.PCURVE_S1.);
#8486 = LINE('',#8487,#8488);
#8487 = CARTESIAN_POINT('',(2.651348789888E+03,-2.355286520651E+03,10.)
  );
#8488 = VECTOR('',#8489,1.);
#8489 = DIRECTION('',(0.642787609687,0.766044443119,0.));
#8490 = PCURVE('',#8016,#8491);
#8491 = DEFINITIONAL_REPRESENTATION('',(#8492),#8496);
#8492 = LINE('',#8493,#8494);
#8493 = CARTESIAN_POINT('',(200.,0.));
#8494 = VECTOR('',#8495,1.);
#8495 = DIRECTION('',(0.,1.));
#8496 = ( GEOMETRIC_REPRESENTATION_CONTEXT(2) 
PARAMETRIC_REPRESENTATION_CONTEXT() REPRESENTATION_CONTEXT('2D SPACE',''
  ) );
#8497 = PCURVE('',#8498,#8503);
#8498 = PLANE('',#8499);
#8499 = AXIS2_PLACEMENT_3D('',#8500,#8501,#8502);
#8500 = CARTESIAN_POINT('',(2.651348789888E+03,-2.355286520651E+03,0.));
#8501 = DIRECTION('',(0.766044443119,-0.642787609687,0.));
#8502 = DIRECTION('',(0.,0.,1.));
#8503 = DEFINITIONAL_REPRESENTATION('',(#8504),#8508);
#8504 = LINE('',#8505,#8506);
#8505 = CARTESIAN_POINT('',(10.,0.));
#8506 = VECTOR('',#8507,1.);
#8507 = DIRECTION('',(0.,-1.));
#8508 = ( GEOMETRIC_REPRESENTATION_CONTEXT(2) 
PARAMETRIC_REPRESENTATION_CONTEXT() REPRESENTATION_CONTEXT('2D SPACE',''
  ) );
#8509 = ORIENTED_EDGE('',*,*,#8510,.F.);
#8510 = EDGE_CURVE('',#8427,#8483,#8511,.T.);
#8511 = SURFACE_CURVE('',#8512,(#8516,#8523),.PCURVE_S1.);
#8512 = LINE('',#8513,#8514);
#8513 = CARTESIAN_POINT('',(2.626697423202E+03,-2.07352011009E+03,10.));
#8514 = VECTOR('',#8515,1.);
#8515 = DIRECTION('',(0.766044443119,-0.642787609687,0.));
#8516 = PCURVE('',#8016,#8517);
#8517 = DEFINITIONAL_REPRESENTATION('',(#8518),#8522);
#8518 = LINE('',#8519,#8520);
#8519 = CARTESIAN_POINT('',(0.,200.));
#8520 = VECTOR('',#8521,1.);
#8521 = DIRECTION('',(1.,0.));
#8522 = ( GEOMETRIC_REPRESENTATION_CONTEXT(2) 
PARAMETRIC_REPRESENTATION_CONTEXT() REPRESENTATION_CONTEXT('2D SPACE',''
  ) );
#8523 = PCURVE('',#8524,#8529);
#8524 = PLANE('',#8525);
#8525 = AXIS2_PLACEMENT_3D('',#8526,#8527,#8528);
#8526 = CARTESIAN_POINT('',(2.626697423202E+03,-2.07352011009E+03,0.));
#8527 = DIRECTION('',(0.642787609687,0.766044443119,0.));
#8528 = DIRECTION('',(0.,0.,1.));
#8529 = DEFINITIONAL_REPRESENTATION('',(#8530),#8534);
#8530 = LINE('',#8531,#8532);
#8531 = CARTESIAN_POINT('',(10.,0.));
#8532 = VECTOR('',#8533,1.);
#8533 = DIRECTION('',(0.,1.));
#8534 = ( GEOMETRIC_REPRESENTATION_CONTEXT(2) 
PARAMETRIC_REPRESENTATION_CONTEXT() REPRESENTATION_CONTEXT('2D SPACE',''
  ) );
#8535 = FACE_BOUND('',#8536,.T.);
#8536 = EDGE_LOOP('',(#8537));
#8537 = ORIENTED_EDGE('',*,*,#7994,.F.);
#8538 = ADVANCED_FACE('',(#8539,#8542),#8066,.T.);
#8539 = FACE_BOUND('',#8540,.T.);
#8540 = EDGE_LOOP('',(#8541));
#8541 = ORIENTED_EDGE('',*,*,#8051,.T.);
#8542 = FACE_BOUND('',#8543,.T.);
#8543 = EDGE_LOOP('',(#8544));
#8544 = ORIENTED_EDGE('',*,*,#8545,.F.);
#8545 = EDGE_CURVE('',#8546,#8546,#8548,.T.);
#8546 = VERTEX_POINT('',#8547);
#8547 = CARTESIAN_POINT('',(2.649479613193E+03,-2.223177366242E+03,
    2.3E+03));
#8548 = SURFACE_CURVE('',#8549,(#8554,#8561),.PCURVE_S1.);
#8549 = CIRCLE('',#8550,13.65);
#8550 = AXIS2_PLACEMENT_3D('',#8551,#8552,#8553);
#8551 = CARTESIAN_POINT('',(2.639023106545E+03,-2.21440331537E+03,
    2.3E+03));
#8552 = DIRECTION('',(-0.,0.,1.));
#8553 = DIRECTION('',(0.766044443119,-0.642787609687,0.));
#8554 = PCURVE('',#8066,#8555);
#8555 = DEFINITIONAL_REPRESENTATION('',(#8556),#8560);
#8556 = CIRCLE('',#8557,13.65);
#8557 = AXIS2_PLACEMENT_2D('',#8558,#8559);
#8558 = CARTESIAN_POINT('',(0.,0.));
#8559 = DIRECTION('',(1.,0.));
#8560 = ( GEOMETRIC_REPRESENTATION_CONTEXT(2) 
PARAMETRIC_REPRESENTATION_CONTEXT() REPRESENTATION_CONTEXT('2D SPACE',''
  ) );
#8561 = PCURVE('',#8562,#8567);
#8562 = CYLINDRICAL_SURFACE('',#8563,13.65);
#8563 = AXIS2_PLACEMENT_3D('',#8564,#8565,#8566);
#8564 = CARTESIAN_POINT('',(2.639023106545E+03,-2.21440331537E+03,-1.));
#8565 = DIRECTION('',(0.,0.,1.));
#8566 = DIRECTION('',(0.766044443119,-0.642787609687,0.));
#8567 = DEFINITIONAL_REPRESENTATION('',(#8568),#8572);
#8568 = LINE('',#8569,#8570);
#8569 = CARTESIAN_POINT('',(0.,2.301E+03));
#8570 = VECTOR('',#8571,1.);
#8571 = DIRECTION('',(1.,0.));
#8572 = ( GEOMETRIC_REPRESENTATION_CONTEXT(2) 
PARAMETRIC_REPRESENTATION_CONTEXT() REPRESENTATION_CONTEXT('2D SPACE',''
  ) );
#8573 = ADVANCED_FACE('',(#8574),#8305,.T.);
#8574 = FACE_BOUND('',#8575,.T.);
#8575 = EDGE_LOOP('',(#8576,#8599,#8626,#8627));
#8576 = ORIENTED_EDGE('',*,*,#8577,.T.);
#8577 = EDGE_CURVE('',#8082,#8578,#8580,.T.);
#8578 = VERTEX_POINT('',#8579);
#8579 = CARTESIAN_POINT('',(2.118059878339E+03,-1.792928150198E+03,
    1.58E+03));
#8580 = SEAM_CURVE('',#8581,(#8585,#8592),.PCURVE_S1.);
#8581 = LINE('',#8582,#8583);
#8582 = CARTESIAN_POINT('',(2.631309655229E+03,-2.223595848688E+03,
    1.58E+03));
#8583 = VECTOR('',#8584,1.);
#8584 = DIRECTION('',(-0.766044443119,0.642787609687,0.));
#8585 = PCURVE('',#8305,#8586);
#8586 = DEFINITIONAL_REPRESENTATION('',(#8587),#8591);
#8587 = LINE('',#8588,#8589);
#8588 = CARTESIAN_POINT('',(6.28318530718,-0.));
#8589 = VECTOR('',#8590,1.);
#8590 = DIRECTION('',(0.,1.));
#8591 = ( GEOMETRIC_REPRESENTATION_CONTEXT(2) 
PARAMETRIC_REPRESENTATION_CONTEXT() REPRESENTATION_CONTEXT('2D SPACE',''
  ) );
#8592 = PCURVE('',#8305,#8593);
#8593 = DEFINITIONAL_REPRESENTATION('',(#8594),#8598);
#8594 = LINE('',#8595,#8596);
#8595 = CARTESIAN_POINT('',(0.,-0.));
#8596 = VECTOR('',#8597,1.);
#8597 = DIRECTION('',(0.,1.));
#8598 = ( GEOMETRIC_REPRESENTATION_CONTEXT(2) 
PARAMETRIC_REPRESENTATION_CONTEXT() REPRESENTATION_CONTEXT('2D SPACE',''
  ) );
#8599 = ORIENTED_EDGE('',*,*,#8600,.F.);
#8600 = EDGE_CURVE('',#8578,#8578,#8601,.T.);
#8601 = SURFACE_CURVE('',#8602,(#8607,#8614),.PCURVE_S1.);
#8602 = CIRCLE('',#8603,12.);
#8603 = AXIS2_PLACEMENT_3D('',#8604,#8605,#8606);
#8604 = CARTESIAN_POINT('',(2.125773329655E+03,-1.78373561688E+03,
    1.58E+03));
#8605 = DIRECTION('',(-0.766044443119,0.642787609687,0.));
#8606 = DIRECTION('',(-0.642787609687,-0.766044443119,0.));
#8607 = PCURVE('',#8305,#8608);
#8608 = DEFINITIONAL_REPRESENTATION('',(#8609),#8613);
#8609 = LINE('',#8610,#8611);
#8610 = CARTESIAN_POINT('',(0.,670.));
#8611 = VECTOR('',#8612,1.);
#8612 = DIRECTION('',(1.,0.));
#8613 = ( GEOMETRIC_REPRESENTATION_CONTEXT(2) 
PARAMETRIC_REPRESENTATION_CONTEXT() REPRESENTATION_CONTEXT('2D SPACE',''
  ) );
#8614 = PCURVE('',#8615,#8620);
#8615 = PLANE('',#8616);
#8616 = AXIS2_PLACEMENT_3D('',#8617,#8618,#8619);
#8617 = CARTESIAN_POINT('',(2.125773329655E+03,-1.78373561688E+03,
    1.58E+03));
#8618 = DIRECTION('',(-0.766044443119,0.642787609687,0.));
#8619 = DIRECTION('',(-0.642787609687,-0.766044443119,0.));
#8620 = DEFINITIONAL_REPRESENTATION('',(#8621),#8625);
#8621 = CIRCLE('',#8622,12.);
#8622 = AXIS2_PLACEMENT_2D('',#8623,#8624);
#8623 = CARTESIAN_POINT('',(0.,0.));
#8624 = DIRECTION('',(1.,0.));
#8625 = ( GEOMETRIC_REPRESENTATION_CONTEXT(2) 
PARAMETRIC_REPRESENTATION_CONTEXT() REPRESENTATION_CONTEXT('2D SPACE',''
  ) );
#8626 = ORIENTED_EDGE('',*,*,#8577,.F.);
#8627 = ORIENTED_EDGE('',*,*,#8081,.T.);
#8628 = ADVANCED_FACE('',(#8629),#8442,.F.);
#8629 = FACE_BOUND('',#8630,.F.);
#8630 = EDGE_LOOP('',(#8631,#8654,#8682,#8703));
#8631 = ORIENTED_EDGE('',*,*,#8632,.F.);
#8632 = EDGE_CURVE('',#8633,#8425,#8635,.T.);
#8633 = VERTEX_POINT('',#8634);
#8634 = CARTESIAN_POINT('',(2.498139901264E+03,-2.226728998713E+03,0.));
#8635 = SURFACE_CURVE('',#8636,(#8640,#8647),.PCURVE_S1.);
#8636 = LINE('',#8637,#8638);
#8637 = CARTESIAN_POINT('',(2.498139901264E+03,-2.226728998713E+03,0.));
#8638 = VECTOR('',#8639,1.);
#8639 = DIRECTION('',(0.,0.,1.));
#8640 = PCURVE('',#8442,#8641);
#8641 = DEFINITIONAL_REPRESENTATION('',(#8642),#8646);
#8642 = LINE('',#8643,#8644);
#8643 = CARTESIAN_POINT('',(0.,0.));
#8644 = VECTOR('',#8645,1.);
#8645 = DIRECTION('',(1.,0.));
#8646 = ( GEOMETRIC_REPRESENTATION_CONTEXT(2) 
PARAMETRIC_REPRESENTATION_CONTEXT() REPRESENTATION_CONTEXT('2D SPACE',''
  ) );
#8647 = PCURVE('',#8470,#8648);
#8648 = DEFINITIONAL_REPRESENTATION('',(#8649),#8653);
#8649 = LINE('',#8650,#8651);
#8650 = CARTESIAN_POINT('',(0.,0.));
#8651 = VECTOR('',#8652,1.);
#8652 = DIRECTION('',(1.,0.));
#8653 = ( GEOMETRIC_REPRESENTATION_CONTEXT(2) 
PARAMETRIC_REPRESENTATION_CONTEXT() REPRESENTATION_CONTEXT('2D SPACE',''
  ) );
#8654 = ORIENTED_EDGE('',*,*,#8655,.T.);
#8655 = EDGE_CURVE('',#8633,#8656,#8658,.T.);
#8656 = VERTEX_POINT('',#8657);
#8657 = CARTESIAN_POINT('',(2.626697423202E+03,-2.07352011009E+03,0.));
#8658 = SURFACE_CURVE('',#8659,(#8663,#8670),.PCURVE_S1.);
#8659 = LINE('',#8660,#8661);
#8660 = CARTESIAN_POINT('',(2.498139901264E+03,-2.226728998713E+03,0.));
#8661 = VECTOR('',#8662,1.);
#8662 = DIRECTION('',(0.642787609687,0.766044443119,0.));
#8663 = PCURVE('',#8442,#8664);
#8664 = DEFINITIONAL_REPRESENTATION('',(#8665),#8669);
#8665 = LINE('',#8666,#8667);
#8666 = CARTESIAN_POINT('',(0.,0.));
#8667 = VECTOR('',#8668,1.);
#8668 = DIRECTION('',(0.,-1.));
#8669 = ( GEOMETRIC_REPRESENTATION_CONTEXT(2) 
PARAMETRIC_REPRESENTATION_CONTEXT() REPRESENTATION_CONTEXT('2D SPACE',''
  ) );
#8670 = PCURVE('',#8671,#8676);
#8671 = PLANE('',#8672);
#8672 = AXIS2_PLACEMENT_3D('',#8673,#8674,#8675);
#8673 = CARTESIAN_POINT('',(2.498139901264E+03,-2.226728998713E+03,0.));
#8674 = DIRECTION('',(0.,0.,1.));
#8675 = DIRECTION('',(0.766044443119,-0.642787609687,0.));
#8676 = DEFINITIONAL_REPRESENTATION('',(#8677),#8681);
#8677 = LINE('',#8678,#8679);
#8678 = CARTESIAN_POINT('',(0.,0.));
#8679 = VECTOR('',#8680,1.);
#8680 = DIRECTION('',(0.,1.));
#8681 = ( GEOMETRIC_REPRESENTATION_CONTEXT(2) 
PARAMETRIC_REPRESENTATION_CONTEXT() REPRESENTATION_CONTEXT('2D SPACE',''
  ) );
#8682 = ORIENTED_EDGE('',*,*,#8683,.T.);
#8683 = EDGE_CURVE('',#8656,#8427,#8684,.T.);
#8684 = SURFACE_CURVE('',#8685,(#8689,#8696),.PCURVE_S1.);
#8685 = LINE('',#8686,#8687);
#8686 = CARTESIAN_POINT('',(2.626697423202E+03,-2.07352011009E+03,0.));
#8687 = VECTOR('',#8688,1.);
#8688 = DIRECTION('',(0.,0.,1.));
#8689 = PCURVE('',#8442,#8690);
#8690 = DEFINITIONAL_REPRESENTATION('',(#8691),#8695);
#8691 = LINE('',#8692,#8693);
#8692 = CARTESIAN_POINT('',(0.,-200.));
#8693 = VECTOR('',#8694,1.);
#8694 = DIRECTION('',(1.,0.));
#8695 = ( GEOMETRIC_REPRESENTATION_CONTEXT(2) 
PARAMETRIC_REPRESENTATION_CONTEXT() REPRESENTATION_CONTEXT('2D SPACE',''
  ) );
#8696 = PCURVE('',#8524,#8697);
#8697 = DEFINITIONAL_REPRESENTATION('',(#8698),#8702);
#8698 = LINE('',#8699,#8700);
#8699 = CARTESIAN_POINT('',(0.,0.));
#8700 = VECTOR('',#8701,1.);
#8701 = DIRECTION('',(1.,0.));
#8702 = ( GEOMETRIC_REPRESENTATION_CONTEXT(2) 
PARAMETRIC_REPRESENTATION_CONTEXT() REPRESENTATION_CONTEXT('2D SPACE',''
  ) );
#8703 = ORIENTED_EDGE('',*,*,#8424,.F.);
#8704 = ADVANCED_FACE('',(#8705),#8524,.T.);
#8705 = FACE_BOUND('',#8706,.T.);
#8706 = EDGE_LOOP('',(#8707,#8730,#8731,#8732));
#8707 = ORIENTED_EDGE('',*,*,#8708,.F.);
#8708 = EDGE_CURVE('',#8656,#8709,#8711,.T.);
#8709 = VERTEX_POINT('',#8710);
#8710 = CARTESIAN_POINT('',(2.779906311825E+03,-2.202077632027E+03,0.));
#8711 = SURFACE_CURVE('',#8712,(#8716,#8723),.PCURVE_S1.);
#8712 = LINE('',#8713,#8714);
#8713 = CARTESIAN_POINT('',(2.626697423202E+03,-2.07352011009E+03,0.));
#8714 = VECTOR('',#8715,1.);
#8715 = DIRECTION('',(0.766044443119,-0.642787609687,0.));
#8716 = PCURVE('',#8524,#8717);
#8717 = DEFINITIONAL_REPRESENTATION('',(#8718),#8722);
#8718 = LINE('',#8719,#8720);
#8719 = CARTESIAN_POINT('',(0.,0.));
#8720 = VECTOR('',#8721,1.);
#8721 = DIRECTION('',(0.,1.));
#8722 = ( GEOMETRIC_REPRESENTATION_CONTEXT(2) 
PARAMETRIC_REPRESENTATION_CONTEXT() REPRESENTATION_CONTEXT('2D SPACE',''
  ) );
#8723 = PCURVE('',#8671,#8724);
#8724 = DEFINITIONAL_REPRESENTATION('',(#8725),#8729);
#8725 = LINE('',#8726,#8727);
#8726 = CARTESIAN_POINT('',(-1.989519660128E-13,200.));
#8727 = VECTOR('',#8728,1.);
#8728 = DIRECTION('',(1.,0.));
#8729 = ( GEOMETRIC_REPRESENTATION_CONTEXT(2) 
PARAMETRIC_REPRESENTATION_CONTEXT() REPRESENTATION_CONTEXT('2D SPACE',''
  ) );
#8730 = ORIENTED_EDGE('',*,*,#8683,.T.);
#8731 = ORIENTED_EDGE('',*,*,#8510,.T.);
#8732 = ORIENTED_EDGE('',*,*,#8733,.F.);
#8733 = EDGE_CURVE('',#8709,#8483,#8734,.T.);
#8734 = SURFACE_CURVE('',#8735,(#8739,#8746),.PCURVE_S1.);
#8735 = LINE('',#8736,#8737);
#8736 = CARTESIAN_POINT('',(2.779906311825E+03,-2.202077632027E+03,0.));
#8737 = VECTOR('',#8738,1.);
#8738 = DIRECTION('',(0.,0.,1.));
#8739 = PCURVE('',#8524,#8740);
#8740 = DEFINITIONAL_REPRESENTATION('',(#8741),#8745);
#8741 = LINE('',#8742,#8743);
#8742 = CARTESIAN_POINT('',(0.,200.));
#8743 = VECTOR('',#8744,1.);
#8744 = DIRECTION('',(1.,0.));
#8745 = ( GEOMETRIC_REPRESENTATION_CONTEXT(2) 
PARAMETRIC_REPRESENTATION_CONTEXT() REPRESENTATION_CONTEXT('2D SPACE',''
  ) );
#8746 = PCURVE('',#8498,#8747);
#8747 = DEFINITIONAL_REPRESENTATION('',(#8748),#8752);
#8748 = LINE('',#8749,#8750);
#8749 = CARTESIAN_POINT('',(0.,-200.));
#8750 = VECTOR('',#8751,1.);
#8751 = DIRECTION('',(1.,0.));
#8752 = ( GEOMETRIC_REPRESENTATION_CONTEXT(2) 
PARAMETRIC_REPRESENTATION_CONTEXT() REPRESENTATION_CONTEXT('2D SPACE',''
  ) );
#8753 = ADVANCED_FACE('',(#8754),#8470,.F.);
#8754 = FACE_BOUND('',#8755,.F.);
#8755 = EDGE_LOOP('',(#8756,#8779,#8780,#8781));
#8756 = ORIENTED_EDGE('',*,*,#8757,.F.);
#8757 = EDGE_CURVE('',#8633,#8758,#8760,.T.);
#8758 = VERTEX_POINT('',#8759);
#8759 = CARTESIAN_POINT('',(2.651348789888E+03,-2.355286520651E+03,0.));
#8760 = SURFACE_CURVE('',#8761,(#8765,#8772),.PCURVE_S1.);
#8761 = LINE('',#8762,#8763);
#8762 = CARTESIAN_POINT('',(2.498139901264E+03,-2.226728998713E+03,0.));
#8763 = VECTOR('',#8764,1.);
#8764 = DIRECTION('',(0.766044443119,-0.642787609687,0.));
#8765 = PCURVE('',#8470,#8766);
#8766 = DEFINITIONAL_REPRESENTATION('',(#8767),#8771);
#8767 = LINE('',#8768,#8769);
#8768 = CARTESIAN_POINT('',(0.,0.));
#8769 = VECTOR('',#8770,1.);
#8770 = DIRECTION('',(0.,1.));
#8771 = ( GEOMETRIC_REPRESENTATION_CONTEXT(2) 
PARAMETRIC_REPRESENTATION_CONTEXT() REPRESENTATION_CONTEXT('2D SPACE',''
  ) );
#8772 = PCURVE('',#8671,#8773);
#8773 = DEFINITIONAL_REPRESENTATION('',(#8774),#8778);
#8774 = LINE('',#8775,#8776);
#8775 = CARTESIAN_POINT('',(0.,0.));
#8776 = VECTOR('',#8777,1.);
#8777 = DIRECTION('',(1.,0.));
#8778 = ( GEOMETRIC_REPRESENTATION_CONTEXT(2) 
PARAMETRIC_REPRESENTATION_CONTEXT() REPRESENTATION_CONTEXT('2D SPACE',''
  ) );
#8779 = ORIENTED_EDGE('',*,*,#8632,.T.);
#8780 = ORIENTED_EDGE('',*,*,#8454,.T.);
#8781 = ORIENTED_EDGE('',*,*,#8782,.F.);
#8782 = EDGE_CURVE('',#8758,#8455,#8783,.T.);
#8783 = SURFACE_CURVE('',#8784,(#8788,#8795),.PCURVE_S1.);
#8784 = LINE('',#8785,#8786);
#8785 = CARTESIAN_POINT('',(2.651348789888E+03,-2.355286520651E+03,0.));
#8786 = VECTOR('',#8787,1.);
#8787 = DIRECTION('',(0.,0.,1.));
#8788 = PCURVE('',#8470,#8789);
#8789 = DEFINITIONAL_REPRESENTATION('',(#8790),#8794);
#8790 = LINE('',#8791,#8792);
#8791 = CARTESIAN_POINT('',(0.,200.));
#8792 = VECTOR('',#8793,1.);
#8793 = DIRECTION('',(1.,0.));
#8794 = ( GEOMETRIC_REPRESENTATION_CONTEXT(2) 
PARAMETRIC_REPRESENTATION_CONTEXT() REPRESENTATION_CONTEXT('2D SPACE',''
  ) );
#8795 = PCURVE('',#8498,#8796);
#8796 = DEFINITIONAL_REPRESENTATION('',(#8797),#8801);
#8797 = LINE('',#8798,#8799);
#8798 = CARTESIAN_POINT('',(0.,0.));
#8799 = VECTOR('',#8800,1.);
#8800 = DIRECTION('',(1.,0.));
#8801 = ( GEOMETRIC_REPRESENTATION_CONTEXT(2) 
PARAMETRIC_REPRESENTATION_CONTEXT() REPRESENTATION_CONTEXT('2D SPACE',''
  ) );
#8802 = ADVANCED_FACE('',(#8803),#8498,.T.);
#8803 = FACE_BOUND('',#8804,.T.);
#8804 = EDGE_LOOP('',(#8805,#8806,#8827,#8828));
#8805 = ORIENTED_EDGE('',*,*,#8782,.F.);
#8806 = ORIENTED_EDGE('',*,*,#8807,.T.);
#8807 = EDGE_CURVE('',#8758,#8709,#8808,.T.);
#8808 = SURFACE_CURVE('',#8809,(#8813,#8820),.PCURVE_S1.);
#8809 = LINE('',#8810,#8811);
#8810 = CARTESIAN_POINT('',(2.651348789888E+03,-2.355286520651E+03,0.));
#8811 = VECTOR('',#8812,1.);
#8812 = DIRECTION('',(0.642787609687,0.766044443119,0.));
#8813 = PCURVE('',#8498,#8814);
#8814 = DEFINITIONAL_REPRESENTATION('',(#8815),#8819);
#8815 = LINE('',#8816,#8817);
#8816 = CARTESIAN_POINT('',(0.,0.));
#8817 = VECTOR('',#8818,1.);
#8818 = DIRECTION('',(0.,-1.));
#8819 = ( GEOMETRIC_REPRESENTATION_CONTEXT(2) 
PARAMETRIC_REPRESENTATION_CONTEXT() REPRESENTATION_CONTEXT('2D SPACE',''
  ) );
#8820 = PCURVE('',#8671,#8821);
#8821 = DEFINITIONAL_REPRESENTATION('',(#8822),#8826);
#8822 = LINE('',#8823,#8824);
#8823 = CARTESIAN_POINT('',(200.,1.989519660128E-13));
#8824 = VECTOR('',#8825,1.);
#8825 = DIRECTION('',(0.,1.));
#8826 = ( GEOMETRIC_REPRESENTATION_CONTEXT(2) 
PARAMETRIC_REPRESENTATION_CONTEXT() REPRESENTATION_CONTEXT('2D SPACE',''
  ) );
#8827 = ORIENTED_EDGE('',*,*,#8733,.T.);
#8828 = ORIENTED_EDGE('',*,*,#8482,.F.);
#8829 = ADVANCED_FACE('',(#8830,#8884),#8562,.F.);
#8830 = FACE_BOUND('',#8831,.F.);
#8831 = EDGE_LOOP('',(#8832,#8861,#8882,#8883));
#8832 = ORIENTED_EDGE('',*,*,#8833,.T.);
#8833 = EDGE_CURVE('',#8834,#8834,#8836,.T.);
#8834 = VERTEX_POINT('',#8835);
#8835 = CARTESIAN_POINT('',(2.649479613193E+03,-2.223177366242E+03,10.)
  );
#8836 = SURFACE_CURVE('',#8837,(#8842,#8849),.PCURVE_S1.);
#8837 = CIRCLE('',#8838,13.65);
#8838 = AXIS2_PLACEMENT_3D('',#8839,#8840,#8841);
#8839 = CARTESIAN_POINT('',(2.639023106545E+03,-2.21440331537E+03,10.));
#8840 = DIRECTION('',(0.,0.,1.));
#8841 = DIRECTION('',(0.766044443119,-0.642787609687,0.));
#8842 = PCURVE('',#8562,#8843);
#8843 = DEFINITIONAL_REPRESENTATION('',(#8844),#8848);
#8844 = LINE('',#8845,#8846);
#8845 = CARTESIAN_POINT('',(0.,11.));
#8846 = VECTOR('',#8847,1.);
#8847 = DIRECTION('',(1.,0.));
#8848 = ( GEOMETRIC_REPRESENTATION_CONTEXT(2) 
PARAMETRIC_REPRESENTATION_CONTEXT() REPRESENTATION_CONTEXT('2D SPACE',''
  ) );
#8849 = PCURVE('',#8850,#8855);
#8850 = PLANE('',#8851);
#8851 = AXIS2_PLACEMENT_3D('',#8852,#8853,#8854);
#8852 = CARTESIAN_POINT('',(2.498139901264E+03,-2.226728998713E+03,10.)
  );
#8853 = DIRECTION('',(0.,0.,1.));
#8854 = DIRECTION('',(0.766044443119,-0.642787609687,0.));
#8855 = DEFINITIONAL_REPRESENTATION('',(#8856),#8860);
#8856 = CIRCLE('',#8857,13.65);
#8857 = AXIS2_PLACEMENT_2D('',#8858,#8859);
#8858 = CARTESIAN_POINT('',(100.,100.));
#8859 = DIRECTION('',(1.,0.));
#8860 = ( GEOMETRIC_REPRESENTATION_CONTEXT(2) 
PARAMETRIC_REPRESENTATION_CONTEXT() REPRESENTATION_CONTEXT('2D SPACE',''
  ) );
#8861 = ORIENTED_EDGE('',*,*,#8862,.T.);
#8862 = EDGE_CURVE('',#8834,#8546,#8863,.T.);
#8863 = SEAM_CURVE('',#8864,(#8868,#8875),.PCURVE_S1.);
#8864 = LINE('',#8865,#8866);
#8865 = CARTESIAN_POINT('',(2.649479613193E+03,-2.223177366242E+03,-1.)
  );
#8866 = VECTOR('',#8867,1.);
#8867 = DIRECTION('',(0.,0.,1.));
#8868 = PCURVE('',#8562,#8869);
#8869 = DEFINITIONAL_REPRESENTATION('',(#8870),#8874);
#8870 = LINE('',#8871,#8872);
#8871 = CARTESIAN_POINT('',(0.,-0.));
#8872 = VECTOR('',#8873,1.);
#8873 = DIRECTION('',(0.,1.));
#8874 = ( GEOMETRIC_REPRESENTATION_CONTEXT(2) 
PARAMETRIC_REPRESENTATION_CONTEXT() REPRESENTATION_CONTEXT('2D SPACE',''
  ) );
#8875 = PCURVE('',#8562,#8876);
#8876 = DEFINITIONAL_REPRESENTATION('',(#8877),#8881);
#8877 = LINE('',#8878,#8879);
#8878 = CARTESIAN_POINT('',(6.28318530718,-0.));
#8879 = VECTOR('',#8880,1.);
#8880 = DIRECTION('',(0.,1.));
#8881 = ( GEOMETRIC_REPRESENTATION_CONTEXT(2) 
PARAMETRIC_REPRESENTATION_CONTEXT() REPRESENTATION_CONTEXT('2D SPACE',''
  ) );
#8882 = ORIENTED_EDGE('',*,*,#8545,.F.);
#8883 = ORIENTED_EDGE('',*,*,#8862,.F.);
#8884 = FACE_BOUND('',#8885,.F.);
#8885 = EDGE_LOOP('',(#8886));
#8886 = ORIENTED_EDGE('',*,*,#8887,.F.);
#8887 = EDGE_CURVE('',#8888,#8888,#8890,.T.);
#8888 = VERTEX_POINT('',#8889);
#8889 = CARTESIAN_POINT('',(2.626326096009E+03,-2.219414145984E+03,
    1.58E+03));
#8890 = SURFACE_CURVE('',#8891,(#9038,#9188),.PCURVE_S1.);
#8891 = B_SPLINE_CURVE_WITH_KNOTS('',7,(#8892,#8893,#8894,#8895,#8896,
    #8897,#8898,#8899,#8900,#8901,#8902,#8903,#8904,#8905,#8906,#8907,
    #8908,#8909,#8910,#8911,#8912,#8913,#8914,#8915,#8916,#8917,#8918,
    #8919,#8920,#8921,#8922,#8923,#8924,#8925,#8926,#8927,#8928,#8929,
    #8930,#8931,#8932,#8933,#8934,#8935,#8936,#8937,#8938,#8939,#8940,
    #8941,#8942,#8943,#8944,#8945,#8946,#8947,#8948,#8949,#8950,#8951,
    #8952,#8953,#8954,#8955,#8956,#8957,#8958,#8959,#8960,#8961,#8962,
    #8963,#8964,#8965,#8966,#8967,#8968,#8969,#8970,#8971,#8972,#8973,
    #8974,#8975,#8976,#8977,#8978,#8979,#8980,#8981,#8982,#8983,#8984,
    #8985,#8986,#8987,#8988,#8989,#8990,#8991,#8992,#8993,#8994,#8995,
    #8996,#8997,#8998,#8999,#9000,#9001,#9002,#9003,#9004,#9005,#9006,
    #9007,#9008,#9009,#9010,#9011,#9012,#9013,#9014,#9015,#9016,#9017,
    #9018,#9019,#9020,#9021,#9022,#9023,#9024,#9025,#9026,#9027,#9028,
    #9029,#9030,#9031,#9032,#9033,#9034,#9035,#9036,#9037),
  .UNSPECIFIED.,.T.,.F.,(8,6,6,6,6,6,6,6,6,6,6,6,6,6,6,6,6,6,6,6,6,6,6,6
    ,8),(0.,3.774962771147E-02,0.102860274123,0.175908856701,
    0.201325808567,0.231176244887,0.270283858534,0.298656514957,
    0.324569719616,0.397233987984,0.46224683994,0.476227530787,
    0.499991272853,0.523900567623,0.537866269839,0.60297900019,
    0.67602992077,0.701447686134,0.731299077819,0.770407943063,
    0.798781507523,0.824695541507,0.897362135422,0.96237706805,1.),
  .UNSPECIFIED.);
#8892 = CARTESIAN_POINT('',(2.626326096009E+03,-2.219414145984E+03,
    1.58E+03));
#8893 = CARTESIAN_POINT('',(2.626326096009E+03,-2.219414145984E+03,
    1.580390655078E+03));
#8894 = CARTESIAN_POINT('',(2.626314668301E+03,-2.219385187597E+03,
    1.580778842575E+03));
#8895 = CARTESIAN_POINT('',(2.626292070426E+03,-2.219327931659E+03,
    1.581163952373E+03));
#8896 = CARTESIAN_POINT('',(2.62625930126E+03,-2.219243673234E+03,
    1.581545193487E+03));
#8897 = CARTESIAN_POINT('',(2.626218058216E+03,-2.219134445596E+03,
    1.581921263159E+03));
#8898 = CARTESIAN_POINT('',(2.626170541605E+03,-2.219003202168E+03,
    1.582290110016E+03));
#8899 = CARTESIAN_POINT('',(2.626030390167E+03,-2.218596863973E+03,
    1.583267445578E+03));
#8900 = CARTESIAN_POINT('',(2.625928790957E+03,-2.218282896575E+03,
    1.583864408817E+03));
#8901 = CARTESIAN_POINT('',(2.625823208501E+03,-2.217923109148E+03,
    1.584441390299E+03));
#8902 = CARTESIAN_POINT('',(2.625721425589E+03,-2.217526128454E+03,
    1.584998960437E+03));
#8903 = CARTESIAN_POINT('',(2.625628546182E+03,-2.217097530627E+03,
    1.585538392877E+03));
#8904 = CARTESIAN_POINT('',(2.625548418107E+03,-2.216639165765E+03,
    1.586062217659E+03));
#8905 = CARTESIAN_POINT('',(2.62541439979E+03,-2.215600150198E+03,
    1.587146326988E+03));
#8906 = CARTESIAN_POINT('',(2.625365439581E+03,-2.21501558473E+03,
    1.587698910649E+03));
#8907 = CARTESIAN_POINT('',(2.625343976706E+03,-2.214396415759E+03,
    1.588233358646E+03));
#8908 = CARTESIAN_POINT('',(2.625355802851E+03,-2.213741496926E+03,
    1.588749674112E+03));
#8909 = CARTESIAN_POINT('',(2.625408232932E+03,-2.213049764054E+03,
    1.589245394677E+03));
#8910 = CARTESIAN_POINT('',(2.625510284374E+03,-2.212321315962E+03,
    1.589715025466E+03));
#8911 = CARTESIAN_POINT('',(2.625729453953E+03,-2.211292852403E+03,
    1.590300830425E+03));
#8912 = CARTESIAN_POINT('',(2.625793412811E+03,-2.211022935857E+03,
    1.590447949083E+03));
#8913 = CARTESIAN_POINT('',(2.625865248711E+03,-2.210748628702E+03,
    1.590590595534E+03));
#8914 = CARTESIAN_POINT('',(2.625945484714E+03,-2.210470030982E+03,
    1.590728324432E+03));
#8915 = CARTESIAN_POINT('',(2.626034674666E+03,-2.210187295093E+03,
    1.590860622143E+03));
#8916 = CARTESIAN_POINT('',(2.626133403455E+03,-2.209900626275E+03,
    1.590986907034E+03));
#8917 = CARTESIAN_POINT('',(2.626370163677E+03,-2.209269295325E+03,
    1.59124701831E+03));
#8918 = CARTESIAN_POINT('',(2.626512308358E+03,-2.208922542149E+03,
    1.591378604812E+03));
#8919 = CARTESIAN_POINT('',(2.626669455445E+03,-2.208571389909E+03,
    1.59149976211E+03));
#8920 = CARTESIAN_POINT('',(2.626842243185E+03,-2.208217222719E+03,
    1.591609043167E+03));
#8921 = CARTESIAN_POINT('',(2.62703120965E+03,-2.207861438784E+03,
    1.591705076294E+03));
#8922 = CARTESIAN_POINT('',(2.62723678848E+03,-2.207505446694E+03,
    1.591786560373E+03));
#8923 = CARTESIAN_POINT('',(2.627750827152E+03,-2.206685851319E+03,
    1.591938334508E+03));
#8924 = CARTESIAN_POINT('',(2.628071022904E+03,-2.206223747974E+03,
    1.591997198897E+03));
#8925 = CARTESIAN_POINT('',(2.628417971742E+03,-2.205771527091E+03,
    1.592025465978E+03));
#8926 = CARTESIAN_POINT('',(2.628788429862E+03,-2.205335425929E+03,
    1.592021530074E+03));
#8927 = CARTESIAN_POINT('',(2.62917785907E+03,-2.204920646321E+03,
    1.591985530995E+03));
#8928 = CARTESIAN_POINT('',(2.629580487526E+03,-2.204531285669E+03,
    1.591919354982E+03));
#8929 = CARTESIAN_POINT('',(2.630286070177E+03,-2.203908397627E+03,
    1.591759431523E+03));
#8930 = CARTESIAN_POINT('',(2.630586016896E+03,-2.203661458903E+03,
    1.591678245473E+03));
#8931 = CARTESIAN_POINT('',(2.630888019721E+03,-2.20342935101E+03,
    1.591584198935E+03));
#8932 = CARTESIAN_POINT('',(2.631190855159E+03,-2.203211863836E+03,
    1.591478418635E+03));
#8933 = CARTESIAN_POINT('',(2.63149330184E+03,-2.203008708849E+03,
    1.59136207719E+03));
#8934 = CARTESIAN_POINT('',(2.631794143789E+03,-2.202819521754E+03,
    1.591236396648E+03));
#8935 = CARTESIAN_POINT('',(2.632364369202E+03,-2.20248343512E+03,
    1.590980500913E+03));
#8936 = CARTESIAN_POINT('',(2.632634624025E+03,-2.202334052739E+03,
    1.5908514417E+03));
#8937 = CARTESIAN_POINT('',(2.632902557751E+03,-2.202195121474E+03,
    1.590716160736E+03));
#8938 = CARTESIAN_POINT('',(2.633167852493E+03,-2.202066068472E+03,
    1.590575271058E+03));
#8939 = CARTESIAN_POINT('',(2.633430252275E+03,-2.201946344351E+03,
    1.590429312061E+03));
#8940 = CARTESIAN_POINT('',(2.633689562415E+03,-2.201835423005E+03,
    1.590278749161E+03));
#8941 = CARTESIAN_POINT('',(2.63466375146E+03,-2.201445036031E+03,
    1.589689960623E+03));
#8942 = CARTESIAN_POINT('',(2.635358472366E+03,-2.201221746725E+03,
    1.589221632357E+03));
#8943 = CARTESIAN_POINT('',(2.636025912536E+03,-2.201052780932E+03,
    1.588727672776E+03));
#8944 = CARTESIAN_POINT('',(2.636664464265E+03,-2.20092946897E+03,
    1.588213406898E+03));
#8945 = CARTESIAN_POINT('',(2.63727390065E+03,-2.200844578828E+03,
    1.587681211284E+03));
#8946 = CARTESIAN_POINT('',(2.637854302673E+03,-2.200792317281E+03,
    1.587131065942E+03));
#8947 = CARTESIAN_POINT('',(2.638895955507E+03,-2.200745029292E+03,
    1.586050116321E+03));
#8948 = CARTESIAN_POINT('',(2.639360028751E+03,-2.200744704059E+03,
    1.585526786224E+03));
#8949 = CARTESIAN_POINT('',(2.639797039276E+03,-2.200761992094E+03,
    1.584987870041E+03));
#8950 = CARTESIAN_POINT('',(2.640204473311E+03,-2.20079343681E+03,
    1.584430850811E+03));
#8951 = CARTESIAN_POINT('',(2.640575947108E+03,-2.20083498367E+03,
    1.583854463356E+03));
#8952 = CARTESIAN_POINT('',(2.640901629897E+03,-2.20088047984E+03,
    1.583258136227E+03));
#8953 = CARTESIAN_POINT('',(2.641226789076E+03,-2.200932247147E+03,
    1.582507258881E+03));
#8954 = CARTESIAN_POINT('',(2.641281665133E+03,-2.200941277637E+03,
    1.582373332737E+03));
#8955 = CARTESIAN_POINT('',(2.64133371821E+03,-2.200950104296E+03,
    1.58223841753E+03));
#8956 = CARTESIAN_POINT('',(2.641382803292E+03,-2.200958654237E+03,
    1.582102547517E+03));
#8957 = CARTESIAN_POINT('',(2.641428780511E+03,-2.20096685525E+03,
    1.58196574836E+03));
#8958 = CARTESIAN_POINT('',(2.641471514631E+03,-2.200974637093E+03,
    1.581828037125E+03));
#8959 = CARTESIAN_POINT('',(2.641577776723E+03,-2.20099433368E+03,
    1.581453811135E+03));
#8960 = CARTESIAN_POINT('',(2.64163502027E+03,-2.20100534667E+03,
    1.581215272275E+03));
#8961 = CARTESIAN_POINT('',(2.641681715365E+03,-2.2010145994E+03,
    1.580974535342E+03));
#8962 = CARTESIAN_POINT('',(2.641717206316E+03,-2.201021773521E+03,
    1.58073218537E+03));
#8963 = CARTESIAN_POINT('',(2.641741049443E+03,-2.201026640353E+03,
    1.580488703725E+03));
#8964 = CARTESIAN_POINT('',(2.641752998641E+03,-2.201029079349E+03,
    1.580244509303E+03));
#8965 = CARTESIAN_POINT('',(2.641752998641E+03,-2.201029079349E+03,
    1.57975399308E+03));
#8966 = CARTESIAN_POINT('',(2.641740902618E+03,-2.201026610385E+03,
    1.579508310096E+03));
#8967 = CARTESIAN_POINT('',(2.641716767778E+03,-2.201021684006E+03,
    1.579263353669E+03));
#8968 = CARTESIAN_POINT('',(2.641680846108E+03,-2.201014423705E+03,
    1.579019548097E+03));
#8969 = CARTESIAN_POINT('',(2.641633591353E+03,-2.201005063584E+03,
    1.578777381914E+03));
#8970 = CARTESIAN_POINT('',(2.641575673921E+03,-2.200993929254E+03,
    1.578537450174E+03));
#8971 = CARTESIAN_POINT('',(2.641468476751E+03,-2.200974083058E+03,
    1.57816208894E+03));
#8972 = CARTESIAN_POINT('',(2.641425590267E+03,-2.200966283629E+03,
    1.578024585413E+03));
#8973 = CARTESIAN_POINT('',(2.641379475101E+03,-2.200958069572E+03,
    1.57788799398E+03));
#8974 = CARTESIAN_POINT('',(2.641330266076E+03,-2.20094951095E+03,
    1.577752331248E+03));
#8975 = CARTESIAN_POINT('',(2.641278102501E+03,-2.200940679731E+03,
    1.577617622311E+03));
#8976 = CARTESIAN_POINT('',(2.641223128674E+03,-2.200931648501E+03,
    1.577483900765E+03));
#8977 = CARTESIAN_POINT('',(2.640896784199E+03,-2.200879785475E+03,
    1.576732554422E+03));
#8978 = CARTESIAN_POINT('',(2.640569944154E+03,-2.200834249652E+03,
    1.576135591183E+03));
#8979 = CARTESIAN_POINT('',(2.640197288505E+03,-2.200792747662E+03,
    1.575558609701E+03));
#8980 = CARTESIAN_POINT('',(2.639788664423E+03,-2.200761446035E+03,
    1.575001039563E+03));
#8981 = CARTESIAN_POINT('',(2.63935044962E+03,-2.200744402907E+03,
    1.574461607123E+03));
#8982 = CARTESIAN_POINT('',(2.638885134256E+03,-2.200745086381E+03,
    1.573937782341E+03));
#8983 = CARTESIAN_POINT('',(2.637838631634E+03,-2.200793527263E+03,
    1.572853673012E+03));
#8984 = CARTESIAN_POINT('',(2.637254445178E+03,-2.200846819598E+03,
    1.572301089351E+03));
#8985 = CARTESIAN_POINT('',(2.636640955785E+03,-2.200933200355E+03,
    1.571766641355E+03));
#8986 = CARTESIAN_POINT('',(2.63599804023E+03,-2.201058572296E+03,
    1.571250325888E+03));
#8987 = CARTESIAN_POINT('',(2.635325920723E+03,-2.201230324E+03,
    1.570754605323E+03));
#8988 = CARTESIAN_POINT('',(2.634626260441E+03,-2.201457318734E+03,
    1.570284974534E+03));
#8989 = CARTESIAN_POINT('',(2.633651479952E+03,-2.201851749458E+03,
    1.569699169575E+03));
#8990 = CARTESIAN_POINT('',(2.633396770384E+03,-2.201961607153E+03,
    1.569552050917E+03));
#8991 = CARTESIAN_POINT('',(2.633139104745E+03,-2.202079984642E+03,
    1.569409404466E+03));
#8992 = CARTESIAN_POINT('',(2.632878672386E+03,-2.202207379666E+03,
    1.569271675568E+03));
#8993 = CARTESIAN_POINT('',(2.632615719562E+03,-2.202344311195E+03,
    1.569139377857E+03));
#8994 = CARTESIAN_POINT('',(2.632350549963E+03,-2.202491319589E+03,
    1.569013092966E+03));
#8995 = CARTESIAN_POINT('',(2.631769923329E+03,-2.20283411236E+03,
    1.56875298169E+03));
#8996 = CARTESIAN_POINT('',(2.631453121278E+03,-2.203034310601E+03,
    1.568621395188E+03));
#8997 = CARTESIAN_POINT('',(2.631134592134E+03,-2.203250047218E+03,
    1.56850023789E+03));
#8998 = CARTESIAN_POINT('',(2.630815809816E+03,-2.203481710411E+03,
    1.568390956833E+03));
#8999 = CARTESIAN_POINT('',(2.630498244721E+03,-2.203729587282E+03,
    1.568294923706E+03));
#9000 = CARTESIAN_POINT('',(2.63018335934E+03,-2.203993860285E+03,
    1.568213439627E+03));
#9001 = CARTESIAN_POINT('',(2.629465477339E+03,-2.204642410798E+03,
    1.568061665492E+03));
#9002 = CARTESIAN_POINT('',(2.629065995791E+03,-2.205037985461E+03,
    1.568002801103E+03));
#9003 = CARTESIAN_POINT('',(2.628680892193E+03,-2.205458190699E+03,
    1.567974534022E+03));
#9004 = CARTESIAN_POINT('',(2.628315745765E+03,-2.2058987489E+03,
    1.567978469926E+03));
#9005 = CARTESIAN_POINT('',(2.627974891263E+03,-2.206354287527E+03,
    1.568014469005E+03));
#9006 = CARTESIAN_POINT('',(2.627661361572E+03,-2.206818410919E+03,
    1.568080645018E+03));
#9007 = CARTESIAN_POINT('',(2.627170459741E+03,-2.207621437557E+03,
    1.568240568477E+03));
#9008 = CARTESIAN_POINT('',(2.626979357772E+03,-2.207959707871E+03,
    1.568321754527E+03));
#9009 = CARTESIAN_POINT('',(2.62680321836E+03,-2.208297427708E+03,
    1.568415801065E+03));
#9010 = CARTESIAN_POINT('',(2.626641622126E+03,-2.208633428646E+03,
    1.568521581365E+03));
#9011 = CARTESIAN_POINT('',(2.626494072835E+03,-2.208966557976E+03,
    1.56863792281E+03));
#9012 = CARTESIAN_POINT('',(2.626360000573E+03,-2.209295681454E+03,
    1.568763603352E+03));
#9013 = CARTESIAN_POINT('',(2.626128038454E+03,-2.209915604693E+03,
    1.569019499087E+03));
#9014 = CARTESIAN_POINT('',(2.626027854785E+03,-2.210207693717E+03,
    1.5691485583E+03));
#9015 = CARTESIAN_POINT('',(2.625937560401E+03,-2.210495682088E+03,
    1.569283839264E+03));
#9016 = CARTESIAN_POINT('',(2.625856535953E+03,-2.210779356226E+03,
    1.569424728942E+03));
#9017 = CARTESIAN_POINT('',(2.625784195954E+03,-2.21105855944E+03,
    1.569570687939E+03));
#9018 = CARTESIAN_POINT('',(2.625719988486E+03,-2.211333191366E+03,
    1.569721250839E+03));
#9019 = CARTESIAN_POINT('',(2.62550469852E+03,-2.212360370277E+03,
    1.570310039377E+03));
#9020 = CARTESIAN_POINT('',(2.6254054385E+03,-2.213083310593E+03,
    1.570778367643E+03));
#9021 = CARTESIAN_POINT('',(2.625354939445E+03,-2.213769951449E+03,
    1.571272327224E+03));
#9022 = CARTESIAN_POINT('',(2.625344384214E+03,-2.21442021504E+03,
    1.571786593102E+03));
#9023 = CARTESIAN_POINT('',(2.625366611261E+03,-2.215035133735E+03,
    1.572318788716E+03));
#9024 = CARTESIAN_POINT('',(2.625415929438E+03,-2.215615793269E+03,
    1.572868934058E+03));
#9025 = CARTESIAN_POINT('',(2.625550240976E+03,-2.21664983253E+03,
    1.573949883679E+03));
#9026 = CARTESIAN_POINT('',(2.625630506157E+03,-2.217106911935E+03,
    1.574473213776E+03));
#9027 = CARTESIAN_POINT('',(2.625723417629E+03,-2.217534281252E+03,
    1.575012129959E+03));
#9028 = CARTESIAN_POINT('',(2.625825134807E+03,-2.217930065131E+03,
    1.575569149189E+03));
#9029 = CARTESIAN_POINT('',(2.625930556225E+03,-2.218288680869E+03,
    1.576145536644E+03));
#9030 = CARTESIAN_POINT('',(2.626031915429E+03,-2.218601515478E+03,
    1.576741863773E+03));
#9031 = CARTESIAN_POINT('',(2.626171515253E+03,-2.219005889777E+03,
    1.577717462261E+03));
#9032 = CARTESIAN_POINT('',(2.626218760793E+03,-2.219136306149E+03,
    1.578085156711E+03));
#9033 = CARTESIAN_POINT('',(2.62625974857E+03,-2.219244823529E+03,
    1.578460015383E+03));
#9034 = CARTESIAN_POINT('',(2.626292302994E+03,-2.219328520888E+03,
    1.578840004502E+03));
#9035 = CARTESIAN_POINT('',(2.626314747349E+03,-2.21938538793E+03,
    1.579223829081E+03));
#9036 = CARTESIAN_POINT('',(2.626326096009E+03,-2.219414145984E+03,
    1.579610698498E+03));
#9037 = CARTESIAN_POINT('',(2.626326096009E+03,-2.219414145984E+03,
    1.58E+03));
#9038 = PCURVE('',#8562,#9039);
#9039 = DEFINITIONAL_REPRESENTATION('',(#9040),#9187);
#9040 = B_SPLINE_CURVE_WITH_KNOTS('',7,(#9041,#9042,#9043,#9044,#9045,
    #9046,#9047,#9048,#9049,#9050,#9051,#9052,#9053,#9054,#9055,#9056,
    #9057,#9058,#9059,#9060,#9061,#9062,#9063,#9064,#9065,#9066,#9067,
    #9068,#9069,#9070,#9071,#9072,#9073,#9074,#9075,#9076,#9077,#9078,
    #9079,#9080,#9081,#9082,#9083,#9084,#9085,#9086,#9087,#9088,#9089,
    #9090,#9091,#9092,#9093,#9094,#9095,#9096,#9097,#9098,#9099,#9100,
    #9101,#9102,#9103,#9104,#9105,#9106,#9107,#9108,#9109,#9110,#9111,
    #9112,#9113,#9114,#9115,#9116,#9117,#9118,#9119,#9120,#9121,#9122,
    #9123,#9124,#9125,#9126,#9127,#9128,#9129,#9130,#9131,#9132,#9133,
    #9134,#9135,#9136,#9137,#9138,#9139,#9140,#9141,#9142,#9143,#9144,
    #9145,#9146,#9147,#9148,#9149,#9150,#9151,#9152,#9153,#9154,#9155,
    #9156,#9157,#9158,#9159,#9160,#9161,#9162,#9163,#9164,#9165,#9166,
    #9167,#9168,#9169,#9170,#9171,#9172,#9173,#9174,#9175,#9176,#9177,
    #9178,#9179,#9180,#9181,#9182,#9183,#9184,#9185,#9186),
  .UNSPECIFIED.,.T.,.F.,(8,6,6,6,6,6,6,6,6,6,6,6,6,6,6,6,6,6,6,6,6,6,6,6
    ,8),(0.,3.774962771147E-02,0.102860274123,0.175908856701,
    0.201325808567,0.231176244887,0.270283858534,0.298656514957,
    0.324569719616,0.397233987984,0.46224683994,0.476227530787,
    0.499991272853,0.523900567623,0.537866269839,0.60297900019,
    0.67602992077,0.701447686134,0.731299077819,0.770407943063,
    0.798781507523,0.824695541507,0.897362135422,0.96237706805,1.),
  .UNSPECIFIED.);
#9041 = CARTESIAN_POINT('',(4.215607132336,1.581E+03));
#9042 = CARTESIAN_POINT('',(4.215607132336,1.581390655078E+03));
#9043 = CARTESIAN_POINT('',(4.213326463486,1.581778842575E+03));
#9044 = CARTESIAN_POINT('',(4.208816871232,1.582163952373E+03));
#9045 = CARTESIAN_POINT('',(4.20219395517,1.582545193487E+03));
#9046 = CARTESIAN_POINT('',(4.193641388598,1.582921263159E+03));
#9047 = CARTESIAN_POINT('',(4.183416955271,1.583290110016E+03));
#9048 = CARTESIAN_POINT('',(4.151927635487,1.584267445578E+03));
#9049 = CARTESIAN_POINT('',(4.127756467267,1.584864408817E+03));
#9050 = CARTESIAN_POINT('',(4.100303994444,1.585441390299E+03));
#9051 = CARTESIAN_POINT('',(4.070315514166,1.585998960437E+03));
#9052 = CARTESIAN_POINT('',(4.038226472973,1.586538392877E+03));
#9053 = CARTESIAN_POINT('',(4.004171613702,1.587062217659E+03));
#9054 = CARTESIAN_POINT('',(3.927422665197,1.588146326988E+03));
#9055 = CARTESIAN_POINT('',(3.88449040122,1.588698910649E+03));
#9056 = CARTESIAN_POINT('',(3.839192293371,1.589233358646E+03));
#9057 = CARTESIAN_POINT('',(3.791333954836,1.589749674112E+03));
#9058 = CARTESIAN_POINT('',(3.740665198643,1.590245394677E+03));
#9059 = CARTESIAN_POINT('',(3.68691276256,1.590715025466E+03));
#9060 = CARTESIAN_POINT('',(3.60987560324,1.591300830425E+03));
#9061 = CARTESIAN_POINT('',(3.589559176337,1.591447949083E+03));
#9062 = CARTESIAN_POINT('',(3.568795012764,1.591590595534E+03));
#9063 = CARTESIAN_POINT('',(3.547566983688,1.591728324432E+03));
#9064 = CARTESIAN_POINT('',(3.525859185733,1.591860622143E+03));
#9065 = CARTESIAN_POINT('',(3.503655349551,1.591986907034E+03));
#9066 = CARTESIAN_POINT('',(3.454258598354,1.59224701831E+03));
#9067 = CARTESIAN_POINT('',(3.426816416022,1.592378604812E+03));
#9068 = CARTESIAN_POINT('',(3.398655570706,1.59249976211E+03));
#9069 = CARTESIAN_POINT('',(3.369815521962,1.592609043167E+03));
#9070 = CARTESIAN_POINT('',(3.340331609494,1.592705076294E+03));
#9071 = CARTESIAN_POINT('',(3.310235343054,1.592786560373E+03));
#9072 = CARTESIAN_POINT('',(3.239359399324,1.592938334508E+03));
#9073 = CARTESIAN_POINT('',(3.19821594575,1.592997198897E+03));
#9074 = CARTESIAN_POINT('',(3.156538647347,1.593025465978E+03));
#9075 = CARTESIAN_POINT('',(3.114711528488,1.593021530074E+03));
#9076 = CARTESIAN_POINT('',(3.073109390377,1.592985530995E+03));
#9077 = CARTESIAN_POINT('',(3.032118718673,1.592919354982E+03));
#9078 = CARTESIAN_POINT('',(2.96316715697,1.592759431523E+03));
#9079 = CARTESIAN_POINT('',(2.9347211532,1.592678245473E+03));
#9080 = CARTESIAN_POINT('',(2.906841467278,1.592584198935E+03));
#9081 = CARTESIAN_POINT('',(2.879552074428,1.592478418635E+03));
#9082 = CARTESIAN_POINT('',(2.852879978864,1.59236207719E+03));
#9083 = CARTESIAN_POINT('',(2.826855315603,1.592236396648E+03));
#9084 = CARTESIAN_POINT('',(2.778364493204,1.591980500913E+03));
#9085 = CARTESIAN_POINT('',(2.755750964176,1.5918514417E+03));
#9086 = CARTESIAN_POINT('',(2.73365246767,1.591716160736E+03));
#9087 = CARTESIAN_POINT('',(2.712051648985,1.591575271058E+03));
#9088 = CARTESIAN_POINT('',(2.69093154749,1.591429312061E+03));
#9089 = CARTESIAN_POINT('',(2.670274947876,1.591278749161E+03));
#9090 = CARTESIAN_POINT('',(2.593388639368,1.590689960623E+03));
#9091 = CARTESIAN_POINT('',(2.540060572538,1.590221632357E+03));
#9092 = CARTESIAN_POINT('',(2.489770912985,1.589727672776E+03));
#9093 = CARTESIAN_POINT('',(2.442252519619,1.589213406898E+03));
#9094 = CARTESIAN_POINT('',(2.397261878022,1.588681211284E+03));
#9095 = CARTESIAN_POINT('',(2.354611725542,1.588131065942E+03));
#9096 = CARTESIAN_POINT('',(2.278221568052,1.587050116321E+03));
#9097 = CARTESIAN_POINT('',(2.244257458527,1.586526786224E+03));
#9098 = CARTESIAN_POINT('',(2.212255573993,1.585987870041E+03));
#9099 = CARTESIAN_POINT('',(2.182352919801,1.585430850811E+03));
#9100 = CARTESIAN_POINT('',(2.154985947061,1.584854463356E+03));
#9101 = CARTESIAN_POINT('',(2.130899092022,1.584258136227E+03));
#9102 = CARTESIAN_POINT('',(2.106777903215,1.583507258881E+03));
#9103 = CARTESIAN_POINT('',(2.102703663893,1.583373332737E+03));
#9104 = CARTESIAN_POINT('',(2.09883588379,1.58323841753E+03));
#9105 = CARTESIAN_POINT('',(2.095185820946,1.583102547517E+03));
#9106 = CARTESIAN_POINT('',(2.091764400387,1.58296574836E+03));
#9107 = CARTESIAN_POINT('',(2.088582227309,1.582828037125E+03));
#9108 = CARTESIAN_POINT('',(2.08066485426,1.582453811135E+03));
#9109 = CARTESIAN_POINT('',(2.076394382513,1.582215272275E+03));
#9110 = CARTESIAN_POINT('',(2.072907040526,1.581974535342E+03));
#9111 = CARTESIAN_POINT('',(2.07025439367,1.58173218537E+03));
#9112 = CARTESIAN_POINT('',(2.068471622015,1.581488703725E+03));
#9113 = CARTESIAN_POINT('',(2.067578174844,1.581244509303E+03));
#9114 = CARTESIAN_POINT('',(2.067578174844,1.58075399308E+03));
#9115 = CARTESIAN_POINT('',(2.068482600114,1.580508310096E+03));
#9116 = CARTESIAN_POINT('',(2.070287183685,1.580263353669E+03));
#9117 = CARTESIAN_POINT('',(2.072972009889,1.580019548097E+03));
#9118 = CARTESIAN_POINT('',(2.076501097756,1.579777381914E+03));
#9119 = CARTESIAN_POINT('',(2.080821725371,1.579537450174E+03));
#9120 = CARTESIAN_POINT('',(2.088808452601,1.57916208894E+03));
#9121 = CARTESIAN_POINT('',(2.092001838091,1.579024585413E+03));
#9122 = CARTESIAN_POINT('',(2.095433375152,1.57888799398E+03));
#9123 = CARTESIAN_POINT('',(2.09909249208,1.578752331248E+03));
#9124 = CARTESIAN_POINT('',(2.102968308957,1.578617622311E+03));
#9125 = CARTESIAN_POINT('',(2.107049624654,1.578483900765E+03));
#9126 = CARTESIAN_POINT('',(2.131257671693,1.577732554422E+03));
#9127 = CARTESIAN_POINT('',(2.155428839913,1.577135591183E+03));
#9128 = CARTESIAN_POINT('',(2.182881312736,1.576558609701E+03));
#9129 = CARTESIAN_POINT('',(2.212869793014,1.576001039563E+03));
#9130 = CARTESIAN_POINT('',(2.244958834206,1.575461607123E+03));
#9131 = CARTESIAN_POINT('',(2.279013693477,1.574937782341E+03));
#9132 = CARTESIAN_POINT('',(2.355762641983,1.573853673012E+03));
#9133 = CARTESIAN_POINT('',(2.39869490596,1.573301089351E+03));
#9134 = CARTESIAN_POINT('',(2.443993013808,1.572766641355E+03));
#9135 = CARTESIAN_POINT('',(2.491851352343,1.572250325888E+03));
#9136 = CARTESIAN_POINT('',(2.542520108537,1.571754605323E+03));
#9137 = CARTESIAN_POINT('',(2.596272544619,1.571284974534E+03));
#9138 = CARTESIAN_POINT('',(2.67330970394,1.570699169575E+03));
#9139 = CARTESIAN_POINT('',(2.693626130842,1.570552050917E+03));
#9140 = CARTESIAN_POINT('',(2.714390294416,1.570409404466E+03));
#9141 = CARTESIAN_POINT('',(2.735618323492,1.570271675568E+03));
#9142 = CARTESIAN_POINT('',(2.757326121447,1.570139377857E+03));
#9143 = CARTESIAN_POINT('',(2.779529957628,1.570013092966E+03));
#9144 = CARTESIAN_POINT('',(2.828926708797,1.56975298169E+03));
#9145 = CARTESIAN_POINT('',(2.856368891155,1.569621395188E+03));
#9146 = CARTESIAN_POINT('',(2.884529736498,1.56950023789E+03));
#9147 = CARTESIAN_POINT('',(2.913369785243,1.569390956833E+03));
#9148 = CARTESIAN_POINT('',(2.942853697682,1.569294923706E+03));
#9149 = CARTESIAN_POINT('',(2.972949964091,1.569213439627E+03));
#9150 = CARTESIAN_POINT('',(3.043825907855,1.569061665492E+03));
#9151 = CARTESIAN_POINT('',(3.08496936143,1.569002801103E+03));
#9152 = CARTESIAN_POINT('',(3.126646659832,1.568974534022E+03));
#9153 = CARTESIAN_POINT('',(3.168473778691,1.568978469926E+03));
#9154 = CARTESIAN_POINT('',(3.210075916802,1.569014469005E+03));
#9155 = CARTESIAN_POINT('',(3.251066588507,1.569080645018E+03));
#9156 = CARTESIAN_POINT('',(3.32001815021,1.569240568477E+03));
#9157 = CARTESIAN_POINT('',(3.34846415398,1.569321754527E+03));
#9158 = CARTESIAN_POINT('',(3.376343839902,1.569415801065E+03));
#9159 = CARTESIAN_POINT('',(3.403633232751,1.569521581365E+03));
#9160 = CARTESIAN_POINT('',(3.430305328315,1.56963792281E+03));
#9161 = CARTESIAN_POINT('',(3.456329991576,1.569763603352E+03));
#9162 = CARTESIAN_POINT('',(3.504820813977,1.570019499087E+03));
#9163 = CARTESIAN_POINT('',(3.527434343003,1.5701485583E+03));
#9164 = CARTESIAN_POINT('',(3.549532839509,1.570283839264E+03));
#9165 = CARTESIAN_POINT('',(3.571133658194,1.570424728942E+03));
#9166 = CARTESIAN_POINT('',(3.592253759689,1.570570687939E+03));
#9167 = CARTESIAN_POINT('',(3.612910359305,1.570721250839E+03));
#9168 = CARTESIAN_POINT('',(3.689796667812,1.571310039377E+03));
#9169 = CARTESIAN_POINT('',(3.743124734641,1.571778367643E+03));
#9170 = CARTESIAN_POINT('',(3.793414394195,1.572272327224E+03));
#9171 = CARTESIAN_POINT('',(3.84093278756,1.572786593102E+03));
#9172 = CARTESIAN_POINT('',(3.885923429157,1.573318788716E+03));
#9173 = CARTESIAN_POINT('',(3.928573581637,1.573868934058E+03));
#9174 = CARTESIAN_POINT('',(4.004963739127,1.574949883679E+03));
#9175 = CARTESIAN_POINT('',(4.038927848653,1.575473213776E+03));
#9176 = CARTESIAN_POINT('',(4.070929733186,1.576012129959E+03));
#9177 = CARTESIAN_POINT('',(4.100832387378,1.576569149189E+03));
#9178 = CARTESIAN_POINT('',(4.128199360119,1.577145536644E+03));
#9179 = CARTESIAN_POINT('',(4.152286215157,1.577741863773E+03));
#9180 = CARTESIAN_POINT('',(4.183626347415,1.578717462261E+03));
#9181 = CARTESIAN_POINT('',(4.193787070803,1.579085156711E+03));
#9182 = CARTESIAN_POINT('',(4.202284370163,1.579460015383E+03));
#9183 = CARTESIAN_POINT('',(4.208863281186,1.579840004502E+03));
#9184 = CARTESIAN_POINT('',(4.213342240211,1.580223829081E+03));
#9185 = CARTESIAN_POINT('',(4.215607132336,1.580610698498E+03));
#9186 = CARTESIAN_POINT('',(4.215607132336,1.581E+03));
#9187 = ( GEOMETRIC_REPRESENTATION_CONTEXT(2) 
PARAMETRIC_REPRESENTATION_CONTEXT() REPRESENTATION_CONTEXT('2D SPACE',''
  ) );
#9188 = PCURVE('',#9189,#9194);
#9189 = CYLINDRICAL_SURFACE('',#9190,12.);
#9190 = AXIS2_PLACEMENT_3D('',#9191,#9192,#9193);
#9191 = CARTESIAN_POINT('',(2.639023106545E+03,-2.21440331537E+03,
    1.58E+03));
#9192 = DIRECTION('',(-0.766044443119,0.642787609687,0.));
#9193 = DIRECTION('',(-0.642787609687,-0.766044443119,0.));
#9194 = DEFINITIONAL_REPRESENTATION('',(#9195),#9342);
#9195 = B_SPLINE_CURVE_WITH_KNOTS('',7,(#9196,#9197,#9198,#9199,#9200,
    #9201,#9202,#9203,#9204,#9205,#9206,#9207,#9208,#9209,#9210,#9211,
    #9212,#9213,#9214,#9215,#9216,#9217,#9218,#9219,#9220,#9221,#9222,
    #9223,#9224,#9225,#9226,#9227,#9228,#9229,#9230,#9231,#9232,#9233,
    #9234,#9235,#9236,#9237,#9238,#9239,#9240,#9241,#9242,#9243,#9244,
    #9245,#9246,#9247,#9248,#9249,#9250,#9251,#9252,#9253,#9254,#9255,
    #9256,#9257,#9258,#9259,#9260,#9261,#9262,#9263,#9264,#9265,#9266,
    #9267,#9268,#9269,#9270,#9271,#9272,#9273,#9274,#9275,#9276,#9277,
    #9278,#9279,#9280,#9281,#9282,#9283,#9284,#9285,#9286,#9287,#9288,
    #9289,#9290,#9291,#9292,#9293,#9294,#9295,#9296,#9297,#9298,#9299,
    #9300,#9301,#9302,#9303,#9304,#9305,#9306,#9307,#9308,#9309,#9310,
    #9311,#9312,#9313,#9314,#9315,#9316,#9317,#9318,#9319,#9320,#9321,
    #9322,#9323,#9324,#9325,#9326,#9327,#9328,#9329,#9330,#9331,#9332,
    #9333,#9334,#9335,#9336,#9337,#9338,#9339,#9340,#9341),
  .UNSPECIFIED.,.F.,.F.,(8,6,6,6,6,6,6,6,6,6,6,6,6,6,6,6,6,6,6,6,6,6,6,6
    ,8),(0.,3.774962771147E-02,0.102860274123,0.175908856701,
    0.201325808567,0.231176244887,0.270283858534,0.298656514957,
    0.324569719616,0.397233987984,0.46224683994,0.476227530787,
    0.499991272853,0.523900567623,0.537866269839,0.60297900019,
    0.67602992077,0.701447686134,0.731299077819,0.770407943063,
    0.798781507523,0.824695541507,0.897362135422,0.96237706805,1.),
  .UNSPECIFIED.);
#9196 = CARTESIAN_POINT('',(0.,6.50557453266));
#9197 = CARTESIAN_POINT('',(3.255458986868E-02,6.50557453266));
#9198 = CARTESIAN_POINT('',(6.490350747896E-02,6.532942756811));
#9199 = CARTESIAN_POINT('',(9.705249212577E-02,6.587057141053));
#9200 = CARTESIAN_POINT('',(0.12898819925,6.666320050111));
#9201 = CARTESIAN_POINT('',(0.160652974258,6.768124226926));
#9202 = CARTESIAN_POINT('',(0.191919531871,6.888885712935));
#9203 = CARTESIAN_POINT('',(0.275423849371,7.257437100098));
#9204 = CARTESIAN_POINT('',(0.327166609669,7.537080963891));
#9205 = CARTESIAN_POINT('',(0.378124711164,7.849228717713));
#9206 = CARTESIAN_POINT('',(0.428511999948,8.182373222664));
#9207 = CARTESIAN_POINT('',(0.478598298863,8.529020349239));
#9208 = CARTESIAN_POINT('',(0.528795882734,8.885033269419));
#9209 = CARTESIAN_POINT('',(0.636778980734,9.655563589465));
#9210 = CARTESIAN_POINT('',(0.694309069284,10.068820725002));
#9211 = CARTESIAN_POINT('',(0.75289558816,10.4832563849));
#9212 = CARTESIAN_POINT('',(0.813073513914,10.895170742983));
#9213 = CARTESIAN_POINT('',(0.87534772627,11.299644289818));
#9214 = CARTESIAN_POINT('',(0.940181601012,11.689705757516));
#9215 = CARTESIAN_POINT('',(1.031685383415,12.182895752049));
#9216 = CARTESIAN_POINT('',(1.055697434833,12.307399436043));
#9217 = CARTESIAN_POINT('',(1.08012615813,12.428691184506));
#9218 = CARTESIAN_POINT('',(1.104994740218,12.546306003055));
#9219 = CARTESIAN_POINT('',(1.130325920818,12.659721661853));
#9220 = CARTESIAN_POINT('',(1.156142890557,12.768358185987));
#9221 = CARTESIAN_POINT('',(1.213389763996,12.99280104626));
#9222 = CARTESIAN_POINT('',(1.245076461206,13.106800548511));
#9223 = CARTESIAN_POINT('',(1.277486093452,13.212135204234));
#9224 = CARTESIAN_POINT('',(1.310581877167,13.307426397775));
#9225 = CARTESIAN_POINT('',(1.344333829484,13.391363192454));
#9226 = CARTESIAN_POINT('',(1.378718165264,13.462707976842));
#9227 = CARTESIAN_POINT('',(1.459568919853,13.595757260941));
#9228 = CARTESIAN_POINT('',(1.506412763515,13.647507388387));
#9229 = CARTESIAN_POINT('',(1.553807367714,13.672411139074));
#9230 = CARTESIAN_POINT('',(1.60135539198,13.668944178747));
#9231 = CARTESIAN_POINT('',(1.648672843471,13.637239290598));
#9232 = CARTESIAN_POINT('',(1.695358929067,13.579084202302));
#9233 = CARTESIAN_POINT('',(1.774053903688,13.438961249133));
#9234 = CARTESIAN_POINT('',(1.806570563781,13.367917883922));
#9235 = CARTESIAN_POINT('',(1.838503310157,13.285766375122));
#9236 = CARTESIAN_POINT('',(1.869834915047,13.1935790323));
#9237 = CARTESIAN_POINT('',(1.900543228566,13.092476941177));
#9238 = CARTESIAN_POINT('',(1.930600885399,12.983625758288));
#9239 = CARTESIAN_POINT('',(1.986802874518,12.762840073833));
#9240 = CARTESIAN_POINT('',(2.013100486692,12.651834011563));
#9241 = CARTESIAN_POINT('',(2.038894011216,12.535888165108));
#9242 = CARTESIAN_POINT('',(2.064208147352,12.415614272743));
#9243 = CARTESIAN_POINT('',(2.089067118941,12.291561560058));
#9244 = CARTESIAN_POINT('',(2.11349566294,12.16421733526));
#9245 = CARTESIAN_POINT('',(2.20488768641,11.668881140271));
#9246 = CARTESIAN_POINT('',(2.269261455994,11.280221649673));
#9247 = CARTESIAN_POINT('',(2.331122779412,10.87754193527));
#9248 = CARTESIAN_POINT('',(2.390927447846,10.467646332334));
#9249 = CARTESIAN_POINT('',(2.449171395668,10.055357307909));
#9250 = CARTESIAN_POINT('',(2.506379738753,9.644336638644));
#9251 = CARTESIAN_POINT('',(2.613960015483,8.876780407011));
#9252 = CARTESIAN_POINT('',(2.664077947043,8.521488732408));
#9253 = CARTESIAN_POINT('',(2.714090624966,8.175606713762));
#9254 = CARTESIAN_POINT('',(2.764407686966,7.8432818613));
#9255 = CARTESIAN_POINT('',(2.815297395192,7.532010616842));
#9256 = CARTESIAN_POINT('',(2.866972943839,7.253278751395));
#9257 = CARTESIAN_POINT('',(2.931117797675,6.970916985103));
#9258 = CARTESIAN_POINT('',(2.942524730726,6.923074800036));
#9259 = CARTESIAN_POINT('',(2.953984052543,6.877526163119));
#9260 = CARTESIAN_POINT('',(2.965494780728,6.834429011777));
#9261 = CARTESIAN_POINT('',(2.977056782011,6.793936909305));
#9262 = CARTESIAN_POINT('',(2.988670751614,6.756198602576));
#9263 = CARTESIAN_POINT('',(3.020169977879,6.662136394678));
#9264 = CARTESIAN_POINT('',(3.040182939739,6.611206280205));
#9265 = CARTESIAN_POINT('',(3.060326275283,6.569488222278));
#9266 = CARTESIAN_POINT('',(3.0805633809,6.53768914023));
#9267 = CARTESIAN_POINT('',(3.10086734635,6.516295905979));
#9268 = CARTESIAN_POINT('',(3.121216878336,6.50557453266));
#9269 = CARTESIAN_POINT('',(3.162093230283,6.50557453266));
#9270 = CARTESIAN_POINT('',(3.182566808988,6.516427643506));
#9271 = CARTESIAN_POINT('',(3.2029939288,6.53808261956));
#9272 = CARTESIAN_POINT('',(3.223353093532,6.570267046535));
#9273 = CARTESIAN_POINT('',(3.243617032795,6.612482858411));
#9274 = CARTESIAN_POINT('',(3.263748516555,6.664007195048));
#9275 = CARTESIAN_POINT('',(3.295347122726,6.758881879648));
#9276 = CARTESIAN_POINT('',(3.306945085196,6.796748209486));
#9277 = CARTESIAN_POINT('',(3.318491131628,6.837354370383));
#9278 = CARTESIAN_POINT('',(3.32998598429,6.880552046037));
#9279 = CARTESIAN_POINT('',(3.341429546372,6.926188261121));
#9280 = CARTESIAN_POINT('',(3.35282088172,6.97410581896));
#9281 = CARTESIAN_POINT('',(3.41701650296,7.257437100096));
#9282 = CARTESIAN_POINT('',(3.468759263259,7.537080963889));
#9283 = CARTESIAN_POINT('',(3.519717364755,7.84922871772));
#9284 = CARTESIAN_POINT('',(3.570104653537,8.18237322266));
#9285 = CARTESIAN_POINT('',(3.620190952453,8.529020349238));
#9286 = CARTESIAN_POINT('',(3.670388536324,8.88503326942));
#9287 = CARTESIAN_POINT('',(3.778371634324,9.655563589464));
#9288 = CARTESIAN_POINT('',(3.835901722874,10.068820725005));
#9289 = CARTESIAN_POINT('',(3.894488241749,10.483256384897));
#9290 = CARTESIAN_POINT('',(3.954666167503,10.895170742981));
#9291 = CARTESIAN_POINT('',(4.016940379861,11.299644289822));
#9292 = CARTESIAN_POINT('',(4.081774254602,11.689705757513));
#9293 = CARTESIAN_POINT('',(4.173278037005,12.182895752049));
#9294 = CARTESIAN_POINT('',(4.197290088423,12.307399436043));
#9295 = CARTESIAN_POINT('',(4.22171881172,12.428691184505));
#9296 = CARTESIAN_POINT('',(4.246587393807,12.546306003054));
#9297 = CARTESIAN_POINT('',(4.271918574407,12.659721661853));
#9298 = CARTESIAN_POINT('',(4.297735544147,12.768358185988));
#9299 = CARTESIAN_POINT('',(4.354982417553,12.99280104613));
#9300 = CARTESIAN_POINT('',(4.386669114792,13.106800548524));
#9301 = CARTESIAN_POINT('',(4.419078747071,13.212135204334));
#9302 = CARTESIAN_POINT('',(4.452174530786,13.307426397833));
#9303 = CARTESIAN_POINT('',(4.485926483069,13.39136319242));
#9304 = CARTESIAN_POINT('',(4.520310818814,13.462707976776));
#9305 = CARTESIAN_POINT('',(4.601161573443,13.595757260941));
#9306 = CARTESIAN_POINT('',(4.648005417104,13.647507388387));
#9307 = CARTESIAN_POINT('',(4.695400021304,13.672411139074));
#9308 = CARTESIAN_POINT('',(4.74294804557,13.668944178747));
#9309 = CARTESIAN_POINT('',(4.79026549706,13.637239290598));
#9310 = CARTESIAN_POINT('',(4.836951582657,13.579084202302));
#9311 = CARTESIAN_POINT('',(4.915646557278,13.438961249133));
#9312 = CARTESIAN_POINT('',(4.94816321737,13.367917883922));
#9313 = CARTESIAN_POINT('',(4.980095963747,13.285766375122));
#9314 = CARTESIAN_POINT('',(5.011427568637,13.1935790323));
#9315 = CARTESIAN_POINT('',(5.042135882156,13.092476941177));
#9316 = CARTESIAN_POINT('',(5.072193538989,12.983625758288));
#9317 = CARTESIAN_POINT('',(5.128395528109,12.762840073828));
#9318 = CARTESIAN_POINT('',(5.154693140282,12.651834011562));
#9319 = CARTESIAN_POINT('',(5.180486664805,12.535888165111));
#9320 = CARTESIAN_POINT('',(5.205800800941,12.415614272747));
#9321 = CARTESIAN_POINT('',(5.230659772531,12.291561560058));
#9322 = CARTESIAN_POINT('',(5.25508831653,12.164217335255));
#9323 = CARTESIAN_POINT('',(5.34648034,11.668881140271));
#9324 = CARTESIAN_POINT('',(5.410854109583,11.280221649675));
#9325 = CARTESIAN_POINT('',(5.472715433003,10.877541935267));
#9326 = CARTESIAN_POINT('',(5.532520101435,10.467646332337));
#9327 = CARTESIAN_POINT('',(5.590764049258,10.055357307908));
#9328 = CARTESIAN_POINT('',(5.647972392342,9.644336638644));
#9329 = CARTESIAN_POINT('',(5.755552669073,8.876780407011));
#9330 = CARTESIAN_POINT('',(5.805670600633,8.521488732406));
#9331 = CARTESIAN_POINT('',(5.855683278555,8.175606713764));
#9332 = CARTESIAN_POINT('',(5.906000340557,7.843281861299));
#9333 = CARTESIAN_POINT('',(5.956890048781,7.532010616844));
#9334 = CARTESIAN_POINT('',(6.008565597429,7.253278751394));
#9335 = CARTESIAN_POINT('',(6.091907600965,6.886412293411));
#9336 = CARTESIAN_POINT('',(6.123072857231,6.766390082026));
#9337 = CARTESIAN_POINT('',(6.154633445185,6.665237995405));
#9338 = CARTESIAN_POINT('',(6.186463140124,6.58650023393));
#9339 = CARTESIAN_POINT('',(6.218504437015,6.532753431527));
#9340 = CARTESIAN_POINT('',(6.250743515342,6.50557453266));
#9341 = CARTESIAN_POINT('',(6.28318530718,6.50557453266));
#9342 = ( GEOMETRIC_REPRESENTATION_CONTEXT(2) 
PARAMETRIC_REPRESENTATION_CONTEXT() REPRESENTATION_CONTEXT('2D SPACE',''
  ) );
#9343 = ADVANCED_FACE('',(#9344),#8615,.T.);
#9344 = FACE_BOUND('',#9345,.T.);
#9345 = EDGE_LOOP('',(#9346));
#9346 = ORIENTED_EDGE('',*,*,#8600,.T.);
#9347 = ADVANCED_FACE('',(#9348),#8671,.F.);
#9348 = FACE_BOUND('',#9349,.F.);
#9349 = EDGE_LOOP('',(#9350,#9351,#9352,#9353));
#9350 = ORIENTED_EDGE('',*,*,#8655,.F.);
#9351 = ORIENTED_EDGE('',*,*,#8757,.T.);
#9352 = ORIENTED_EDGE('',*,*,#8807,.T.);
#9353 = ORIENTED_EDGE('',*,*,#8708,.F.);
#9354 = ADVANCED_FACE('',(#9355),#8850,.T.);
#9355 = FACE_BOUND('',#9356,.T.);
#9356 = EDGE_LOOP('',(#9357));
#9357 = ORIENTED_EDGE('',*,*,#8833,.T.);
#9358 = ADVANCED_FACE('',(#9359),#9189,.T.);
#9359 = FACE_BOUND('',#9360,.T.);
#9360 = EDGE_LOOP('',(#9361,#9362,#9385,#9412));
#9361 = ORIENTED_EDGE('',*,*,#8887,.F.);
#9362 = ORIENTED_EDGE('',*,*,#9363,.F.);
#9363 = EDGE_CURVE('',#9364,#8888,#9366,.T.);
#9364 = VERTEX_POINT('',#9365);
#9365 = CARTESIAN_POINT('',(2.631309655229E+03,-2.223595848688E+03,
    1.58E+03));
#9366 = SEAM_CURVE('',#9367,(#9371,#9378),.PCURVE_S1.);
#9367 = LINE('',#9368,#9369);
#9368 = CARTESIAN_POINT('',(2.631309655229E+03,-2.223595848688E+03,
    1.58E+03));
#9369 = VECTOR('',#9370,1.);
#9370 = DIRECTION('',(-0.766044443119,0.642787609687,0.));
#9371 = PCURVE('',#9189,#9372);
#9372 = DEFINITIONAL_REPRESENTATION('',(#9373),#9377);
#9373 = LINE('',#9374,#9375);
#9374 = CARTESIAN_POINT('',(6.28318530718,-0.));
#9375 = VECTOR('',#9376,1.);
#9376 = DIRECTION('',(0.,1.));
#9377 = ( GEOMETRIC_REPRESENTATION_CONTEXT(2) 
PARAMETRIC_REPRESENTATION_CONTEXT() REPRESENTATION_CONTEXT('2D SPACE',''
  ) );
#9378 = PCURVE('',#9189,#9379);
#9379 = DEFINITIONAL_REPRESENTATION('',(#9380),#9384);
#9380 = LINE('',#9381,#9382);
#9381 = CARTESIAN_POINT('',(0.,-0.));
#9382 = VECTOR('',#9383,1.);
#9383 = DIRECTION('',(0.,1.));
#9384 = ( GEOMETRIC_REPRESENTATION_CONTEXT(2) 
PARAMETRIC_REPRESENTATION_CONTEXT() REPRESENTATION_CONTEXT('2D SPACE',''
  ) );
#9385 = ORIENTED_EDGE('',*,*,#9386,.T.);
#9386 = EDGE_CURVE('',#9364,#9364,#9387,.T.);
#9387 = SURFACE_CURVE('',#9388,(#9393,#9400),.PCURVE_S1.);
#9388 = CIRCLE('',#9389,12.);
#9389 = AXIS2_PLACEMENT_3D('',#9390,#9391,#9392);
#9390 = CARTESIAN_POINT('',(2.639023106545E+03,-2.21440331537E+03,
    1.58E+03));
#9391 = DIRECTION('',(-0.766044443119,0.642787609687,0.));
#9392 = DIRECTION('',(-0.642787609687,-0.766044443119,0.));
#9393 = PCURVE('',#9189,#9394);
#9394 = DEFINITIONAL_REPRESENTATION('',(#9395),#9399);
#9395 = LINE('',#9396,#9397);
#9396 = CARTESIAN_POINT('',(0.,0.));
#9397 = VECTOR('',#9398,1.);
#9398 = DIRECTION('',(1.,0.));
#9399 = ( GEOMETRIC_REPRESENTATION_CONTEXT(2) 
PARAMETRIC_REPRESENTATION_CONTEXT() REPRESENTATION_CONTEXT('2D SPACE',''
  ) );
#9400 = PCURVE('',#9401,#9406);
#9401 = PLANE('',#9402);
#9402 = AXIS2_PLACEMENT_3D('',#9403,#9404,#9405);
#9403 = CARTESIAN_POINT('',(2.639023106545E+03,-2.21440331537E+03,
    1.58E+03));
#9404 = DIRECTION('',(-0.766044443119,0.642787609687,0.));
#9405 = DIRECTION('',(-0.642787609687,-0.766044443119,0.));
#9406 = DEFINITIONAL_REPRESENTATION('',(#9407),#9411);
#9407 = CIRCLE('',#9408,12.);
#9408 = AXIS2_PLACEMENT_2D('',#9409,#9410);
#9409 = CARTESIAN_POINT('',(0.,0.));
#9410 = DIRECTION('',(1.,0.));
#9411 = ( GEOMETRIC_REPRESENTATION_CONTEXT(2) 
PARAMETRIC_REPRESENTATION_CONTEXT() REPRESENTATION_CONTEXT('2D SPACE',''
  ) );
#9412 = ORIENTED_EDGE('',*,*,#9363,.T.);
#9413 = ADVANCED_FACE('',(#9414),#9401,.F.);
#9414 = FACE_BOUND('',#9415,.T.);
#9415 = EDGE_LOOP('',(#9416));
#9416 = ORIENTED_EDGE('',*,*,#9386,.F.);
#9417 = ( GEOMETRIC_REPRESENTATION_CONTEXT(3) 
GLOBAL_UNCERTAINTY_ASSIGNED_CONTEXT((#9421)) 
GLOBAL_UNIT_ASSIGNED_CONTEXT((#9418,#9419,#9420)) REPRESENTATION_CONTEXT
('Context #1','3D Context with UNIT and UNCERTAINTY') );
#9418 = ( LENGTH_UNIT() NAMED_UNIT(*) SI_UNIT(.MILLI.,.METRE.) );
#9419 = ( NAMED_UNIT(*) PLANE_ANGLE_UNIT() SI_UNIT($,.RADIAN.) );
#9420 = ( NAMED_UNIT(*) SI_UNIT($,.STERADIAN.) SOLID_ANGLE_UNIT() );
#9421 = UNCERTAINTY_MEASURE_WITH_UNIT(LENGTH_MEASURE(1.E-07),#9418,
  'distance_accuracy_value','confusion accuracy');
#9422 = CONTEXT_DEPENDENT_SHAPE_REPRESENTATION(#9423,#9425);
#9423 = ( REPRESENTATION_RELATIONSHIP('','',#7987,#10) 
REPRESENTATION_RELATIONSHIP_WITH_TRANSFORMATION(#9424) 
SHAPE_REPRESENTATION_RELATIONSHIP() );
#9424 = ITEM_DEFINED_TRANSFORMATION('','',#11,#27);
#9425 = PRODUCT_DEFINITION_SHAPE('Placement','Placement of an item',
  #9426);
#9426 = NEXT_ASSEMBLY_USAGE_OCCURRENCE('4','=>[0:1:1:5]','',#5,#7982,$);
#9427 = PRODUCT_RELATED_PRODUCT_CATEGORY('part',$,(#7984));
#9428 = SHAPE_DEFINITION_REPRESENTATION(#9429,#9435);
#9429 = PRODUCT_DEFINITION_SHAPE('','',#9430);
#9430 = PRODUCT_DEFINITION('design','',#9431,#9434);
#9431 = PRODUCT_DEFINITION_FORMATION('','',#9432);
#9432 = PRODUCT('COMPOUND','COMPOUND','',(#9433));
#9433 = PRODUCT_CONTEXT('',#2,'mechanical');
#9434 = PRODUCT_DEFINITION_CONTEXT('part definition',#2,'design');
#9435 = ADVANCED_BREP_SHAPE_REPRESENTATION('',(#11,#9436),#10096);
#9436 = BREP_WITH_VOIDS('',#9437,(#9766));
#9437 = CLOSED_SHELL('',(#9438,#9558,#9634,#9683,#9732,#9759));
#9438 = ADVANCED_FACE('',(#9439),#9453,.F.);
#9439 = FACE_BOUND('',#9440,.F.);
#9440 = EDGE_LOOP('',(#9441,#9476,#9504,#9532));
#9441 = ORIENTED_EDGE('',*,*,#9442,.F.);
#9442 = EDGE_CURVE('',#9443,#9445,#9447,.T.);
#9443 = VERTEX_POINT('',#9444);
#9444 = CARTESIAN_POINT('',(-65.,-115.,-140.));
#9445 = VERTEX_POINT('',#9446);
#9446 = CARTESIAN_POINT('',(-65.,-115.,140.));
#9447 = SURFACE_CURVE('',#9448,(#9452,#9464),.PCURVE_S1.);
#9448 = LINE('',#9449,#9450);
#9449 = CARTESIAN_POINT('',(-65.,-115.,-140.));
#9450 = VECTOR('',#9451,1.);
#9451 = DIRECTION('',(0.,0.,1.));
#9452 = PCURVE('',#9453,#9458);
#9453 = PLANE('',#9454);
#9454 = AXIS2_PLACEMENT_3D('',#9455,#9456,#9457);
#9455 = CARTESIAN_POINT('',(-65.,-115.,-140.));
#9456 = DIRECTION('',(1.,0.,-0.));
#9457 = DIRECTION('',(0.,0.,1.));
#9458 = DEFINITIONAL_REPRESENTATION('',(#9459),#9463);
#9459 = LINE('',#9460,#9461);
#9460 = CARTESIAN_POINT('',(0.,0.));
#9461 = VECTOR('',#9462,1.);
#9462 = DIRECTION('',(1.,0.));
#9463 = ( GEOMETRIC_REPRESENTATION_CONTEXT(2) 
PARAMETRIC_REPRESENTATION_CONTEXT() REPRESENTATION_CONTEXT('2D SPACE',''
  ) );
#9464 = PCURVE('',#9465,#9470);
#9465 = PLANE('',#9466);
#9466 = AXIS2_PLACEMENT_3D('',#9467,#9468,#9469);
#9467 = CARTESIAN_POINT('',(-65.,-115.,-140.));
#9468 = DIRECTION('',(-0.,1.,0.));
#9469 = DIRECTION('',(0.,0.,1.));
#9470 = DEFINITIONAL_REPRESENTATION('',(#9471),#9475);
#9471 = LINE('',#9472,#9473);
#9472 = CARTESIAN_POINT('',(0.,0.));
#9473 = VECTOR('',#9474,1.);
#9474 = DIRECTION('',(1.,0.));
#9475 = ( GEOMETRIC_REPRESENTATION_CONTEXT(2) 
PARAMETRIC_REPRESENTATION_CONTEXT() REPRESENTATION_CONTEXT('2D SPACE',''
  ) );
#9476 = ORIENTED_EDGE('',*,*,#9477,.T.);
#9477 = EDGE_CURVE('',#9443,#9478,#9480,.T.);
#9478 = VERTEX_POINT('',#9479);
#9479 = CARTESIAN_POINT('',(-65.,115.,-140.));
#9480 = SURFACE_CURVE('',#9481,(#9485,#9492),.PCURVE_S1.);
#9481 = LINE('',#9482,#9483);
#9482 = CARTESIAN_POINT('',(-65.,-115.,-140.));
#9483 = VECTOR('',#9484,1.);
#9484 = DIRECTION('',(-0.,1.,0.));
#9485 = PCURVE('',#9453,#9486);
#9486 = DEFINITIONAL_REPRESENTATION('',(#9487),#9491);
#9487 = LINE('',#9488,#9489);
#9488 = CARTESIAN_POINT('',(0.,0.));
#9489 = VECTOR('',#9490,1.);
#9490 = DIRECTION('',(0.,-1.));
#9491 = ( GEOMETRIC_REPRESENTATION_CONTEXT(2) 
PARAMETRIC_REPRESENTATION_CONTEXT() REPRESENTATION_CONTEXT('2D SPACE',''
  ) );
#9492 = PCURVE('',#9493,#9498);
#9493 = PLANE('',#9494);
#9494 = AXIS2_PLACEMENT_3D('',#9495,#9496,#9497);
#9495 = CARTESIAN_POINT('',(-65.,-115.,-140.));
#9496 = DIRECTION('',(0.,0.,1.));
#9497 = DIRECTION('',(1.,0.,-0.));
#9498 = DEFINITIONAL_REPRESENTATION('',(#9499),#9503);
#9499 = LINE('',#9500,#9501);
#9500 = CARTESIAN_POINT('',(0.,0.));
#9501 = VECTOR('',#9502,1.);
#9502 = DIRECTION('',(0.,1.));
#9503 = ( GEOMETRIC_REPRESENTATION_CONTEXT(2) 
PARAMETRIC_REPRESENTATION_CONTEXT() REPRESENTATION_CONTEXT('2D SPACE',''
  ) );
#9504 = ORIENTED_EDGE('',*,*,#9505,.T.);
#9505 = EDGE_CURVE('',#9478,#9506,#9508,.T.);
#9506 = VERTEX_POINT('',#9507);
#9507 = CARTESIAN_POINT('',(-65.,115.,140.));
#9508 = SURFACE_CURVE('',#9509,(#9513,#9520),.PCURVE_S1.);
#9509 = LINE('',#9510,#9511);
#9510 = CARTESIAN_POINT('',(-65.,115.,-140.));
#9511 = VECTOR('',#9512,1.);
#9512 = DIRECTION('',(0.,0.,1.));
#9513 = PCURVE('',#9453,#9514);
#9514 = DEFINITIONAL_REPRESENTATION('',(#9515),#9519);
#9515 = LINE('',#9516,#9517);
#9516 = CARTESIAN_POINT('',(0.,-230.));
#9517 = VECTOR('',#9518,1.);
#9518 = DIRECTION('',(1.,0.));
#9519 = ( GEOMETRIC_REPRESENTATION_CONTEXT(2) 
PARAMETRIC_REPRESENTATION_CONTEXT() REPRESENTATION_CONTEXT('2D SPACE',''
  ) );
#9520 = PCURVE('',#9521,#9526);
#9521 = PLANE('',#9522);
#9522 = AXIS2_PLACEMENT_3D('',#9523,#9524,#9525);
#9523 = CARTESIAN_POINT('',(-65.,115.,-140.));
#9524 = DIRECTION('',(-0.,1.,0.));
#9525 = DIRECTION('',(0.,0.,1.));
#9526 = DEFINITIONAL_REPRESENTATION('',(#9527),#9531);
#9527 = LINE('',#9528,#9529);
#9528 = CARTESIAN_POINT('',(0.,0.));
#9529 = VECTOR('',#9530,1.);
#9530 = DIRECTION('',(1.,0.));
#9531 = ( GEOMETRIC_REPRESENTATION_CONTEXT(2) 
PARAMETRIC_REPRESENTATION_CONTEXT() REPRESENTATION_CONTEXT('2D SPACE',''
  ) );
#9532 = ORIENTED_EDGE('',*,*,#9533,.F.);
#9533 = EDGE_CURVE('',#9445,#9506,#9534,.T.);
#9534 = SURFACE_CURVE('',#9535,(#9539,#9546),.PCURVE_S1.);
#9535 = LINE('',#9536,#9537);
#9536 = CARTESIAN_POINT('',(-65.,-115.,140.));
#9537 = VECTOR('',#9538,1.);
#9538 = DIRECTION('',(-0.,1.,0.));
#9539 = PCURVE('',#9453,#9540);
#9540 = DEFINITIONAL_REPRESENTATION('',(#9541),#9545);
#9541 = LINE('',#9542,#9543);
#9542 = CARTESIAN_POINT('',(280.,0.));
#9543 = VECTOR('',#9544,1.);
#9544 = DIRECTION('',(0.,-1.));
#9545 = ( GEOMETRIC_REPRESENTATION_CONTEXT(2) 
PARAMETRIC_REPRESENTATION_CONTEXT() REPRESENTATION_CONTEXT('2D SPACE',''
  ) );
#9546 = PCURVE('',#9547,#9552);
#9547 = PLANE('',#9548);
#9548 = AXIS2_PLACEMENT_3D('',#9549,#9550,#9551);
#9549 = CARTESIAN_POINT('',(-65.,-115.,140.));
#9550 = DIRECTION('',(0.,0.,1.));
#9551 = DIRECTION('',(1.,0.,-0.));
#9552 = DEFINITIONAL_REPRESENTATION('',(#9553),#9557);
#9553 = LINE('',#9554,#9555);
#9554 = CARTESIAN_POINT('',(0.,0.));
#9555 = VECTOR('',#9556,1.);
#9556 = DIRECTION('',(0.,1.));
#9557 = ( GEOMETRIC_REPRESENTATION_CONTEXT(2) 
PARAMETRIC_REPRESENTATION_CONTEXT() REPRESENTATION_CONTEXT('2D SPACE',''
  ) );
#9558 = ADVANCED_FACE('',(#9559),#9465,.F.);
#9559 = FACE_BOUND('',#9560,.F.);
#9560 = EDGE_LOOP('',(#9561,#9584,#9585,#9608));
#9561 = ORIENTED_EDGE('',*,*,#9562,.F.);
#9562 = EDGE_CURVE('',#9443,#9563,#9565,.T.);
#9563 = VERTEX_POINT('',#9564);
#9564 = CARTESIAN_POINT('',(65.,-115.,-140.));
#9565 = SURFACE_CURVE('',#9566,(#9570,#9577),.PCURVE_S1.);
#9566 = LINE('',#9567,#9568);
#9567 = CARTESIAN_POINT('',(-65.,-115.,-140.));
#9568 = VECTOR('',#9569,1.);
#9569 = DIRECTION('',(1.,0.,-0.));
#9570 = PCURVE('',#9465,#9571);
#9571 = DEFINITIONAL_REPRESENTATION('',(#9572),#9576);
#9572 = LINE('',#9573,#9574);
#9573 = CARTESIAN_POINT('',(0.,0.));
#9574 = VECTOR('',#9575,1.);
#9575 = DIRECTION('',(0.,1.));
#9576 = ( GEOMETRIC_REPRESENTATION_CONTEXT(2) 
PARAMETRIC_REPRESENTATION_CONTEXT() REPRESENTATION_CONTEXT('2D SPACE',''
  ) );
#9577 = PCURVE('',#9493,#9578);
#9578 = DEFINITIONAL_REPRESENTATION('',(#9579),#9583);
#9579 = LINE('',#9580,#9581);
#9580 = CARTESIAN_POINT('',(0.,0.));
#9581 = VECTOR('',#9582,1.);
#9582 = DIRECTION('',(1.,0.));
#9583 = ( GEOMETRIC_REPRESENTATION_CONTEXT(2) 
PARAMETRIC_REPRESENTATION_CONTEXT() REPRESENTATION_CONTEXT('2D SPACE',''
  ) );
#9584 = ORIENTED_EDGE('',*,*,#9442,.T.);
#9585 = ORIENTED_EDGE('',*,*,#9586,.T.);
#9586 = EDGE_CURVE('',#9445,#9587,#9589,.T.);
#9587 = VERTEX_POINT('',#9588);
#9588 = CARTESIAN_POINT('',(65.,-115.,140.));
#9589 = SURFACE_CURVE('',#9590,(#9594,#9601),.PCURVE_S1.);
#9590 = LINE('',#9591,#9592);
#9591 = CARTESIAN_POINT('',(-65.,-115.,140.));
#9592 = VECTOR('',#9593,1.);
#9593 = DIRECTION('',(1.,0.,-0.));
#9594 = PCURVE('',#9465,#9595);
#9595 = DEFINITIONAL_REPRESENTATION('',(#9596),#9600);
#9596 = LINE('',#9597,#9598);
#9597 = CARTESIAN_POINT('',(280.,0.));
#9598 = VECTOR('',#9599,1.);
#9599 = DIRECTION('',(0.,1.));
#9600 = ( GEOMETRIC_REPRESENTATION_CONTEXT(2) 
PARAMETRIC_REPRESENTATION_CONTEXT() REPRESENTATION_CONTEXT('2D SPACE',''
  ) );
#9601 = PCURVE('',#9547,#9602);
#9602 = DEFINITIONAL_REPRESENTATION('',(#9603),#9607);
#9603 = LINE('',#9604,#9605);
#9604 = CARTESIAN_POINT('',(0.,0.));
#9605 = VECTOR('',#9606,1.);
#9606 = DIRECTION('',(1.,0.));
#9607 = ( GEOMETRIC_REPRESENTATION_CONTEXT(2) 
PARAMETRIC_REPRESENTATION_CONTEXT() REPRESENTATION_CONTEXT('2D SPACE',''
  ) );
#9608 = ORIENTED_EDGE('',*,*,#9609,.F.);
#9609 = EDGE_CURVE('',#9563,#9587,#9610,.T.);
#9610 = SURFACE_CURVE('',#9611,(#9615,#9622),.PCURVE_S1.);
#9611 = LINE('',#9612,#9613);
#9612 = CARTESIAN_POINT('',(65.,-115.,-140.));
#9613 = VECTOR('',#9614,1.);
#9614 = DIRECTION('',(0.,0.,1.));
#9615 = PCURVE('',#9465,#9616);
#9616 = DEFINITIONAL_REPRESENTATION('',(#9617),#9621);
#9617 = LINE('',#9618,#9619);
#9618 = CARTESIAN_POINT('',(0.,130.));
#9619 = VECTOR('',#9620,1.);
#9620 = DIRECTION('',(1.,0.));
#9621 = ( GEOMETRIC_REPRESENTATION_CONTEXT(2) 
PARAMETRIC_REPRESENTATION_CONTEXT() REPRESENTATION_CONTEXT('2D SPACE',''
  ) );
#9622 = PCURVE('',#9623,#9628);
#9623 = PLANE('',#9624);
#9624 = AXIS2_PLACEMENT_3D('',#9625,#9626,#9627);
#9625 = CARTESIAN_POINT('',(65.,-115.,-140.));
#9626 = DIRECTION('',(1.,0.,-0.));
#9627 = DIRECTION('',(0.,0.,1.));
#9628 = DEFINITIONAL_REPRESENTATION('',(#9629),#9633);
#9629 = LINE('',#9630,#9631);
#9630 = CARTESIAN_POINT('',(0.,0.));
#9631 = VECTOR('',#9632,1.);
#9632 = DIRECTION('',(1.,0.));
#9633 = ( GEOMETRIC_REPRESENTATION_CONTEXT(2) 
PARAMETRIC_REPRESENTATION_CONTEXT() REPRESENTATION_CONTEXT('2D SPACE',''
  ) );
#9634 = ADVANCED_FACE('',(#9635),#9547,.T.);
#9635 = FACE_BOUND('',#9636,.T.);
#9636 = EDGE_LOOP('',(#9637,#9638,#9639,#9662));
#9637 = ORIENTED_EDGE('',*,*,#9533,.F.);
#9638 = ORIENTED_EDGE('',*,*,#9586,.T.);
#9639 = ORIENTED_EDGE('',*,*,#9640,.T.);
#9640 = EDGE_CURVE('',#9587,#9641,#9643,.T.);
#9641 = VERTEX_POINT('',#9642);
#9642 = CARTESIAN_POINT('',(65.,115.,140.));
#9643 = SURFACE_CURVE('',#9644,(#9648,#9655),.PCURVE_S1.);
#9644 = LINE('',#9645,#9646);
#9645 = CARTESIAN_POINT('',(65.,-115.,140.));
#9646 = VECTOR('',#9647,1.);
#9647 = DIRECTION('',(-0.,1.,0.));
#9648 = PCURVE('',#9547,#9649);
#9649 = DEFINITIONAL_REPRESENTATION('',(#9650),#9654);
#9650 = LINE('',#9651,#9652);
#9651 = CARTESIAN_POINT('',(130.,0.));
#9652 = VECTOR('',#9653,1.);
#9653 = DIRECTION('',(0.,1.));
#9654 = ( GEOMETRIC_REPRESENTATION_CONTEXT(2) 
PARAMETRIC_REPRESENTATION_CONTEXT() REPRESENTATION_CONTEXT('2D SPACE',''
  ) );
#9655 = PCURVE('',#9623,#9656);
#9656 = DEFINITIONAL_REPRESENTATION('',(#9657),#9661);
#9657 = LINE('',#9658,#9659);
#9658 = CARTESIAN_POINT('',(280.,0.));
#9659 = VECTOR('',#9660,1.);
#9660 = DIRECTION('',(0.,-1.));
#9661 = ( GEOMETRIC_REPRESENTATION_CONTEXT(2) 
PARAMETRIC_REPRESENTATION_CONTEXT() REPRESENTATION_CONTEXT('2D SPACE',''
  ) );
#9662 = ORIENTED_EDGE('',*,*,#9663,.F.);
#9663 = EDGE_CURVE('',#9506,#9641,#9664,.T.);
#9664 = SURFACE_CURVE('',#9665,(#9669,#9676),.PCURVE_S1.);
#9665 = LINE('',#9666,#9667);
#9666 = CARTESIAN_POINT('',(-65.,115.,140.));
#9667 = VECTOR('',#9668,1.);
#9668 = DIRECTION('',(1.,0.,-0.));
#9669 = PCURVE('',#9547,#9670);
#9670 = DEFINITIONAL_REPRESENTATION('',(#9671),#9675);
#9671 = LINE('',#9672,#9673);
#9672 = CARTESIAN_POINT('',(0.,230.));
#9673 = VECTOR('',#9674,1.);
#9674 = DIRECTION('',(1.,0.));
#9675 = ( GEOMETRIC_REPRESENTATION_CONTEXT(2) 
PARAMETRIC_REPRESENTATION_CONTEXT() REPRESENTATION_CONTEXT('2D SPACE',''
  ) );
#9676 = PCURVE('',#9521,#9677);
#9677 = DEFINITIONAL_REPRESENTATION('',(#9678),#9682);
#9678 = LINE('',#9679,#9680);
#9679 = CARTESIAN_POINT('',(280.,0.));
#9680 = VECTOR('',#9681,1.);
#9681 = DIRECTION('',(0.,1.));
#9682 = ( GEOMETRIC_REPRESENTATION_CONTEXT(2) 
PARAMETRIC_REPRESENTATION_CONTEXT() REPRESENTATION_CONTEXT('2D SPACE',''
  ) );
#9683 = ADVANCED_FACE('',(#9684),#9521,.T.);
#9684 = FACE_BOUND('',#9685,.T.);
#9685 = EDGE_LOOP('',(#9686,#9709,#9710,#9711));
#9686 = ORIENTED_EDGE('',*,*,#9687,.F.);
#9687 = EDGE_CURVE('',#9478,#9688,#9690,.T.);
#9688 = VERTEX_POINT('',#9689);
#9689 = CARTESIAN_POINT('',(65.,115.,-140.));
#9690 = SURFACE_CURVE('',#9691,(#9695,#9702),.PCURVE_S1.);
#9691 = LINE('',#9692,#9693);
#9692 = CARTESIAN_POINT('',(-65.,115.,-140.));
#9693 = VECTOR('',#9694,1.);
#9694 = DIRECTION('',(1.,0.,-0.));
#9695 = PCURVE('',#9521,#9696);
#9696 = DEFINITIONAL_REPRESENTATION('',(#9697),#9701);
#9697 = LINE('',#9698,#9699);
#9698 = CARTESIAN_POINT('',(0.,0.));
#9699 = VECTOR('',#9700,1.);
#9700 = DIRECTION('',(0.,1.));
#9701 = ( GEOMETRIC_REPRESENTATION_CONTEXT(2) 
PARAMETRIC_REPRESENTATION_CONTEXT() REPRESENTATION_CONTEXT('2D SPACE',''
  ) );
#9702 = PCURVE('',#9493,#9703);
#9703 = DEFINITIONAL_REPRESENTATION('',(#9704),#9708);
#9704 = LINE('',#9705,#9706);
#9705 = CARTESIAN_POINT('',(0.,230.));
#9706 = VECTOR('',#9707,1.);
#9707 = DIRECTION('',(1.,0.));
#9708 = ( GEOMETRIC_REPRESENTATION_CONTEXT(2) 
PARAMETRIC_REPRESENTATION_CONTEXT() REPRESENTATION_CONTEXT('2D SPACE',''
  ) );
#9709 = ORIENTED_EDGE('',*,*,#9505,.T.);
#9710 = ORIENTED_EDGE('',*,*,#9663,.T.);
#9711 = ORIENTED_EDGE('',*,*,#9712,.F.);
#9712 = EDGE_CURVE('',#9688,#9641,#9713,.T.);
#9713 = SURFACE_CURVE('',#9714,(#9718,#9725),.PCURVE_S1.);
#9714 = LINE('',#9715,#9716);
#9715 = CARTESIAN_POINT('',(65.,115.,-140.));
#9716 = VECTOR('',#9717,1.);
#9717 = DIRECTION('',(0.,0.,1.));
#9718 = PCURVE('',#9521,#9719);
#9719 = DEFINITIONAL_REPRESENTATION('',(#9720),#9724);
#9720 = LINE('',#9721,#9722);
#9721 = CARTESIAN_POINT('',(0.,130.));
#9722 = VECTOR('',#9723,1.);
#9723 = DIRECTION('',(1.,0.));
#9724 = ( GEOMETRIC_REPRESENTATION_CONTEXT(2) 
PARAMETRIC_REPRESENTATION_CONTEXT() REPRESENTATION_CONTEXT('2D SPACE',''
  ) );
#9725 = PCURVE('',#9623,#9726);
#9726 = DEFINITIONAL_REPRESENTATION('',(#9727),#9731);
#9727 = LINE('',#9728,#9729);
#9728 = CARTESIAN_POINT('',(0.,-230.));
#9729 = VECTOR('',#9730,1.);
#9730 = DIRECTION('',(1.,0.));
#9731 = ( GEOMETRIC_REPRESENTATION_CONTEXT(2) 
PARAMETRIC_REPRESENTATION_CONTEXT() REPRESENTATION_CONTEXT('2D SPACE',''
  ) );
#9732 = ADVANCED_FACE('',(#9733),#9493,.F.);
#9733 = FACE_BOUND('',#9734,.F.);
#9734 = EDGE_LOOP('',(#9735,#9736,#9737,#9758));
#9735 = ORIENTED_EDGE('',*,*,#9477,.F.);
#9736 = ORIENTED_EDGE('',*,*,#9562,.T.);
#9737 = ORIENTED_EDGE('',*,*,#9738,.T.);
#9738 = EDGE_CURVE('',#9563,#9688,#9739,.T.);
#9739 = SURFACE_CURVE('',#9740,(#9744,#9751),.PCURVE_S1.);
#9740 = LINE('',#9741,#9742);
#9741 = CARTESIAN_POINT('',(65.,-115.,-140.));
#9742 = VECTOR('',#9743,1.);
#9743 = DIRECTION('',(-0.,1.,0.));
#9744 = PCURVE('',#9493,#9745);
#9745 = DEFINITIONAL_REPRESENTATION('',(#9746),#9750);
#9746 = LINE('',#9747,#9748);
#9747 = CARTESIAN_POINT('',(130.,0.));
#9748 = VECTOR('',#9749,1.);
#9749 = DIRECTION('',(0.,1.));
#9750 = ( GEOMETRIC_REPRESENTATION_CONTEXT(2) 
PARAMETRIC_REPRESENTATION_CONTEXT() REPRESENTATION_CONTEXT('2D SPACE',''
  ) );
#9751 = PCURVE('',#9623,#9752);
#9752 = DEFINITIONAL_REPRESENTATION('',(#9753),#9757);
#9753 = LINE('',#9754,#9755);
#9754 = CARTESIAN_POINT('',(0.,0.));
#9755 = VECTOR('',#9756,1.);
#9756 = DIRECTION('',(0.,-1.));
#9757 = ( GEOMETRIC_REPRESENTATION_CONTEXT(2) 
PARAMETRIC_REPRESENTATION_CONTEXT() REPRESENTATION_CONTEXT('2D SPACE',''
  ) );
#9758 = ORIENTED_EDGE('',*,*,#9687,.F.);
#9759 = ADVANCED_FACE('',(#9760),#9623,.T.);
#9760 = FACE_BOUND('',#9761,.T.);
#9761 = EDGE_LOOP('',(#9762,#9763,#9764,#9765));
#9762 = ORIENTED_EDGE('',*,*,#9609,.F.);
#9763 = ORIENTED_EDGE('',*,*,#9738,.T.);
#9764 = ORIENTED_EDGE('',*,*,#9712,.T.);
#9765 = ORIENTED_EDGE('',*,*,#9640,.F.);
#9766 = ORIENTED_CLOSED_SHELL('',*,#9767,.F.);
#9767 = CLOSED_SHELL('',(#9768,#9888,#9964,#10013,#10062,#10089));
#9768 = ADVANCED_FACE('',(#9769),#9783,.F.);
#9769 = FACE_BOUND('',#9770,.F.);
#9770 = EDGE_LOOP('',(#9771,#9806,#9834,#9862));
#9771 = ORIENTED_EDGE('',*,*,#9772,.F.);
#9772 = EDGE_CURVE('',#9773,#9775,#9777,.T.);
#9773 = VERTEX_POINT('',#9774);
#9774 = CARTESIAN_POINT('',(-62.,-112.,-137.));
#9775 = VERTEX_POINT('',#9776);
#9776 = CARTESIAN_POINT('',(-62.,-112.,137.));
#9777 = SURFACE_CURVE('',#9778,(#9782,#9794),.PCURVE_S1.);
#9778 = LINE('',#9779,#9780);
#9779 = CARTESIAN_POINT('',(-62.,-112.,-137.));
#9780 = VECTOR('',#9781,1.);
#9781 = DIRECTION('',(0.,0.,1.));
#9782 = PCURVE('',#9783,#9788);
#9783 = PLANE('',#9784);
#9784 = AXIS2_PLACEMENT_3D('',#9785,#9786,#9787);
#9785 = CARTESIAN_POINT('',(-62.,-112.,-137.));
#9786 = DIRECTION('',(1.,0.,-0.));
#9787 = DIRECTION('',(0.,0.,1.));
#9788 = DEFINITIONAL_REPRESENTATION('',(#9789),#9793);
#9789 = LINE('',#9790,#9791);
#9790 = CARTESIAN_POINT('',(0.,0.));
#9791 = VECTOR('',#9792,1.);
#9792 = DIRECTION('',(1.,0.));
#9793 = ( GEOMETRIC_REPRESENTATION_CONTEXT(2) 
PARAMETRIC_REPRESENTATION_CONTEXT() REPRESENTATION_CONTEXT('2D SPACE',''
  ) );
#9794 = PCURVE('',#9795,#9800);
#9795 = PLANE('',#9796);
#9796 = AXIS2_PLACEMENT_3D('',#9797,#9798,#9799);
#9797 = CARTESIAN_POINT('',(-62.,-112.,-137.));
#9798 = DIRECTION('',(-0.,1.,0.));
#9799 = DIRECTION('',(0.,0.,1.));
#9800 = DEFINITIONAL_REPRESENTATION('',(#9801),#9805);
#9801 = LINE('',#9802,#9803);
#9802 = CARTESIAN_POINT('',(0.,0.));
#9803 = VECTOR('',#9804,1.);
#9804 = DIRECTION('',(1.,0.));
#9805 = ( GEOMETRIC_REPRESENTATION_CONTEXT(2) 
PARAMETRIC_REPRESENTATION_CONTEXT() REPRESENTATION_CONTEXT('2D SPACE',''
  ) );
#9806 = ORIENTED_EDGE('',*,*,#9807,.T.);
#9807 = EDGE_CURVE('',#9773,#9808,#9810,.T.);
#9808 = VERTEX_POINT('',#9809);
#9809 = CARTESIAN_POINT('',(-62.,112.,-137.));
#9810 = SURFACE_CURVE('',#9811,(#9815,#9822),.PCURVE_S1.);
#9811 = LINE('',#9812,#9813);
#9812 = CARTESIAN_POINT('',(-62.,-112.,-137.));
#9813 = VECTOR('',#9814,1.);
#9814 = DIRECTION('',(-0.,1.,0.));
#9815 = PCURVE('',#9783,#9816);
#9816 = DEFINITIONAL_REPRESENTATION('',(#9817),#9821);
#9817 = LINE('',#9818,#9819);
#9818 = CARTESIAN_POINT('',(0.,0.));
#9819 = VECTOR('',#9820,1.);
#9820 = DIRECTION('',(0.,-1.));
#9821 = ( GEOMETRIC_REPRESENTATION_CONTEXT(2) 
PARAMETRIC_REPRESENTATION_CONTEXT() REPRESENTATION_CONTEXT('2D SPACE',''
  ) );
#9822 = PCURVE('',#9823,#9828);
#9823 = PLANE('',#9824);
#9824 = AXIS2_PLACEMENT_3D('',#9825,#9826,#9827);
#9825 = CARTESIAN_POINT('',(-62.,-112.,-137.));
#9826 = DIRECTION('',(0.,0.,1.));
#9827 = DIRECTION('',(1.,0.,-0.));
#9828 = DEFINITIONAL_REPRESENTATION('',(#9829),#9833);
#9829 = LINE('',#9830,#9831);
#9830 = CARTESIAN_POINT('',(0.,0.));
#9831 = VECTOR('',#9832,1.);
#9832 = DIRECTION('',(0.,1.));
#9833 = ( GEOMETRIC_REPRESENTATION_CONTEXT(2) 
PARAMETRIC_REPRESENTATION_CONTEXT() REPRESENTATION_CONTEXT('2D SPACE',''
  ) );
#9834 = ORIENTED_EDGE('',*,*,#9835,.T.);
#9835 = EDGE_CURVE('',#9808,#9836,#9838,.T.);
#9836 = VERTEX_POINT('',#9837);
#9837 = CARTESIAN_POINT('',(-62.,112.,137.));
#9838 = SURFACE_CURVE('',#9839,(#9843,#9850),.PCURVE_S1.);
#9839 = LINE('',#9840,#9841);
#9840 = CARTESIAN_POINT('',(-62.,112.,-137.));
#9841 = VECTOR('',#9842,1.);
#9842 = DIRECTION('',(0.,0.,1.));
#9843 = PCURVE('',#9783,#9844);
#9844 = DEFINITIONAL_REPRESENTATION('',(#9845),#9849);
#9845 = LINE('',#9846,#9847);
#9846 = CARTESIAN_POINT('',(0.,-224.));
#9847 = VECTOR('',#9848,1.);
#9848 = DIRECTION('',(1.,0.));
#9849 = ( GEOMETRIC_REPRESENTATION_CONTEXT(2) 
PARAMETRIC_REPRESENTATION_CONTEXT() REPRESENTATION_CONTEXT('2D SPACE',''
  ) );
#9850 = PCURVE('',#9851,#9856);
#9851 = PLANE('',#9852);
#9852 = AXIS2_PLACEMENT_3D('',#9853,#9854,#9855);
#9853 = CARTESIAN_POINT('',(-62.,112.,-137.));
#9854 = DIRECTION('',(-0.,1.,0.));
#9855 = DIRECTION('',(0.,0.,1.));
#9856 = DEFINITIONAL_REPRESENTATION('',(#9857),#9861);
#9857 = LINE('',#9858,#9859);
#9858 = CARTESIAN_POINT('',(0.,0.));
#9859 = VECTOR('',#9860,1.);
#9860 = DIRECTION('',(1.,0.));
#9861 = ( GEOMETRIC_REPRESENTATION_CONTEXT(2) 
PARAMETRIC_REPRESENTATION_CONTEXT() REPRESENTATION_CONTEXT('2D SPACE',''
  ) );
#9862 = ORIENTED_EDGE('',*,*,#9863,.F.);
#9863 = EDGE_CURVE('',#9775,#9836,#9864,.T.);
#9864 = SURFACE_CURVE('',#9865,(#9869,#9876),.PCURVE_S1.);
#9865 = LINE('',#9866,#9867);
#9866 = CARTESIAN_POINT('',(-62.,-112.,137.));
#9867 = VECTOR('',#9868,1.);
#9868 = DIRECTION('',(-0.,1.,0.));
#9869 = PCURVE('',#9783,#9870);
#9870 = DEFINITIONAL_REPRESENTATION('',(#9871),#9875);
#9871 = LINE('',#9872,#9873);
#9872 = CARTESIAN_POINT('',(274.,0.));
#9873 = VECTOR('',#9874,1.);
#9874 = DIRECTION('',(0.,-1.));
#9875 = ( GEOMETRIC_REPRESENTATION_CONTEXT(2) 
PARAMETRIC_REPRESENTATION_CONTEXT() REPRESENTATION_CONTEXT('2D SPACE',''
  ) );
#9876 = PCURVE('',#9877,#9882);
#9877 = PLANE('',#9878);
#9878 = AXIS2_PLACEMENT_3D('',#9879,#9880,#9881);
#9879 = CARTESIAN_POINT('',(-62.,-112.,137.));
#9880 = DIRECTION('',(0.,0.,1.));
#9881 = DIRECTION('',(1.,0.,-0.));
#9882 = DEFINITIONAL_REPRESENTATION('',(#9883),#9887);
#9883 = LINE('',#9884,#9885);
#9884 = CARTESIAN_POINT('',(0.,0.));
#9885 = VECTOR('',#9886,1.);
#9886 = DIRECTION('',(0.,1.));
#9887 = ( GEOMETRIC_REPRESENTATION_CONTEXT(2) 
PARAMETRIC_REPRESENTATION_CONTEXT() REPRESENTATION_CONTEXT('2D SPACE',''
  ) );
#9888 = ADVANCED_FACE('',(#9889),#9795,.F.);
#9889 = FACE_BOUND('',#9890,.F.);
#9890 = EDGE_LOOP('',(#9891,#9914,#9915,#9938));
#9891 = ORIENTED_EDGE('',*,*,#9892,.F.);
#9892 = EDGE_CURVE('',#9773,#9893,#9895,.T.);
#9893 = VERTEX_POINT('',#9894);
#9894 = CARTESIAN_POINT('',(62.,-112.,-137.));
#9895 = SURFACE_CURVE('',#9896,(#9900,#9907),.PCURVE_S1.);
#9896 = LINE('',#9897,#9898);
#9897 = CARTESIAN_POINT('',(-62.,-112.,-137.));
#9898 = VECTOR('',#9899,1.);
#9899 = DIRECTION('',(1.,0.,-0.));
#9900 = PCURVE('',#9795,#9901);
#9901 = DEFINITIONAL_REPRESENTATION('',(#9902),#9906);
#9902 = LINE('',#9903,#9904);
#9903 = CARTESIAN_POINT('',(0.,0.));
#9904 = VECTOR('',#9905,1.);
#9905 = DIRECTION('',(0.,1.));
#9906 = ( GEOMETRIC_REPRESENTATION_CONTEXT(2) 
PARAMETRIC_REPRESENTATION_CONTEXT() REPRESENTATION_CONTEXT('2D SPACE',''
  ) );
#9907 = PCURVE('',#9823,#9908);
#9908 = DEFINITIONAL_REPRESENTATION('',(#9909),#9913);
#9909 = LINE('',#9910,#9911);
#9910 = CARTESIAN_POINT('',(0.,0.));
#9911 = VECTOR('',#9912,1.);
#9912 = DIRECTION('',(1.,0.));
#9913 = ( GEOMETRIC_REPRESENTATION_CONTEXT(2) 
PARAMETRIC_REPRESENTATION_CONTEXT() REPRESENTATION_CONTEXT('2D SPACE',''
  ) );
#9914 = ORIENTED_EDGE('',*,*,#9772,.T.);
#9915 = ORIENTED_EDGE('',*,*,#9916,.T.);
#9916 = EDGE_CURVE('',#9775,#9917,#9919,.T.);
#9917 = VERTEX_POINT('',#9918);
#9918 = CARTESIAN_POINT('',(62.,-112.,137.));
#9919 = SURFACE_CURVE('',#9920,(#9924,#9931),.PCURVE_S1.);
#9920 = LINE('',#9921,#9922);
#9921 = CARTESIAN_POINT('',(-62.,-112.,137.));
#9922 = VECTOR('',#9923,1.);
#9923 = DIRECTION('',(1.,0.,-0.));
#9924 = PCURVE('',#9795,#9925);
#9925 = DEFINITIONAL_REPRESENTATION('',(#9926),#9930);
#9926 = LINE('',#9927,#9928);
#9927 = CARTESIAN_POINT('',(274.,0.));
#9928 = VECTOR('',#9929,1.);
#9929 = DIRECTION('',(0.,1.));
#9930 = ( GEOMETRIC_REPRESENTATION_CONTEXT(2) 
PARAMETRIC_REPRESENTATION_CONTEXT() REPRESENTATION_CONTEXT('2D SPACE',''
  ) );
#9931 = PCURVE('',#9877,#9932);
#9932 = DEFINITIONAL_REPRESENTATION('',(#9933),#9937);
#9933 = LINE('',#9934,#9935);
#9934 = CARTESIAN_POINT('',(0.,0.));
#9935 = VECTOR('',#9936,1.);
#9936 = DIRECTION('',(1.,0.));
#9937 = ( GEOMETRIC_REPRESENTATION_CONTEXT(2) 
PARAMETRIC_REPRESENTATION_CONTEXT() REPRESENTATION_CONTEXT('2D SPACE',''
  ) );
#9938 = ORIENTED_EDGE('',*,*,#9939,.F.);
#9939 = EDGE_CURVE('',#9893,#9917,#9940,.T.);
#9940 = SURFACE_CURVE('',#9941,(#9945,#9952),.PCURVE_S1.);
#9941 = LINE('',#9942,#9943);
#9942 = CARTESIAN_POINT('',(62.,-112.,-137.));
#9943 = VECTOR('',#9944,1.);
#9944 = DIRECTION('',(0.,0.,1.));
#9945 = PCURVE('',#9795,#9946);
#9946 = DEFINITIONAL_REPRESENTATION('',(#9947),#9951);
#9947 = LINE('',#9948,#9949);
#9948 = CARTESIAN_POINT('',(0.,124.));
#9949 = VECTOR('',#9950,1.);
#9950 = DIRECTION('',(1.,0.));
#9951 = ( GEOMETRIC_REPRESENTATION_CONTEXT(2) 
PARAMETRIC_REPRESENTATION_CONTEXT() REPRESENTATION_CONTEXT('2D SPACE',''
  ) );
#9952 = PCURVE('',#9953,#9958);
#9953 = PLANE('',#9954);
#9954 = AXIS2_PLACEMENT_3D('',#9955,#9956,#9957);
#9955 = CARTESIAN_POINT('',(62.,-112.,-137.));
#9956 = DIRECTION('',(1.,0.,-0.));
#9957 = DIRECTION('',(0.,0.,1.));
#9958 = DEFINITIONAL_REPRESENTATION('',(#9959),#9963);
#9959 = LINE('',#9960,#9961);
#9960 = CARTESIAN_POINT('',(0.,0.));
#9961 = VECTOR('',#9962,1.);
#9962 = DIRECTION('',(1.,0.));
#9963 = ( GEOMETRIC_REPRESENTATION_CONTEXT(2) 
PARAMETRIC_REPRESENTATION_CONTEXT() REPRESENTATION_CONTEXT('2D SPACE',''
  ) );
#9964 = ADVANCED_FACE('',(#9965),#9877,.T.);
#9965 = FACE_BOUND('',#9966,.T.);
#9966 = EDGE_LOOP('',(#9967,#9968,#9969,#9992));
#9967 = ORIENTED_EDGE('',*,*,#9863,.F.);
#9968 = ORIENTED_EDGE('',*,*,#9916,.T.);
#9969 = ORIENTED_EDGE('',*,*,#9970,.T.);
#9970 = EDGE_CURVE('',#9917,#9971,#9973,.T.);
#9971 = VERTEX_POINT('',#9972);
#9972 = CARTESIAN_POINT('',(62.,112.,137.));
#9973 = SURFACE_CURVE('',#9974,(#9978,#9985),.PCURVE_S1.);
#9974 = LINE('',#9975,#9976);
#9975 = CARTESIAN_POINT('',(62.,-112.,137.));
#9976 = VECTOR('',#9977,1.);
#9977 = DIRECTION('',(-0.,1.,0.));
#9978 = PCURVE('',#9877,#9979);
#9979 = DEFINITIONAL_REPRESENTATION('',(#9980),#9984);
#9980 = LINE('',#9981,#9982);
#9981 = CARTESIAN_POINT('',(124.,0.));
#9982 = VECTOR('',#9983,1.);
#9983 = DIRECTION('',(0.,1.));
#9984 = ( GEOMETRIC_REPRESENTATION_CONTEXT(2) 
PARAMETRIC_REPRESENTATION_CONTEXT() REPRESENTATION_CONTEXT('2D SPACE',''
  ) );
#9985 = PCURVE('',#9953,#9986);
#9986 = DEFINITIONAL_REPRESENTATION('',(#9987),#9991);
#9987 = LINE('',#9988,#9989);
#9988 = CARTESIAN_POINT('',(274.,0.));
#9989 = VECTOR('',#9990,1.);
#9990 = DIRECTION('',(0.,-1.));
#9991 = ( GEOMETRIC_REPRESENTATION_CONTEXT(2) 
PARAMETRIC_REPRESENTATION_CONTEXT() REPRESENTATION_CONTEXT('2D SPACE',''
  ) );
#9992 = ORIENTED_EDGE('',*,*,#9993,.F.);
#9993 = EDGE_CURVE('',#9836,#9971,#9994,.T.);
#9994 = SURFACE_CURVE('',#9995,(#9999,#10006),.PCURVE_S1.);
#9995 = LINE('',#9996,#9997);
#9996 = CARTESIAN_POINT('',(-62.,112.,137.));
#9997 = VECTOR('',#9998,1.);
#9998 = DIRECTION('',(1.,0.,-0.));
#9999 = PCURVE('',#9877,#10000);
#10000 = DEFINITIONAL_REPRESENTATION('',(#10001),#10005);
#10001 = LINE('',#10002,#10003);
#10002 = CARTESIAN_POINT('',(0.,224.));
#10003 = VECTOR('',#10004,1.);
#10004 = DIRECTION('',(1.,0.));
#10005 = ( GEOMETRIC_REPRESENTATION_CONTEXT(2) 
PARAMETRIC_REPRESENTATION_CONTEXT() REPRESENTATION_CONTEXT('2D SPACE',''
  ) );
#10006 = PCURVE('',#9851,#10007);
#10007 = DEFINITIONAL_REPRESENTATION('',(#10008),#10012);
#10008 = LINE('',#10009,#10010);
#10009 = CARTESIAN_POINT('',(274.,0.));
#10010 = VECTOR('',#10011,1.);
#10011 = DIRECTION('',(0.,1.));
#10012 = ( GEOMETRIC_REPRESENTATION_CONTEXT(2) 
PARAMETRIC_REPRESENTATION_CONTEXT() REPRESENTATION_CONTEXT('2D SPACE',''
  ) );
#10013 = ADVANCED_FACE('',(#10014),#9851,.T.);
#10014 = FACE_BOUND('',#10015,.T.);
#10015 = EDGE_LOOP('',(#10016,#10039,#10040,#10041));
#10016 = ORIENTED_EDGE('',*,*,#10017,.F.);
#10017 = EDGE_CURVE('',#9808,#10018,#10020,.T.);
#10018 = VERTEX_POINT('',#10019);
#10019 = CARTESIAN_POINT('',(62.,112.,-137.));
#10020 = SURFACE_CURVE('',#10021,(#10025,#10032),.PCURVE_S1.);
#10021 = LINE('',#10022,#10023);
#10022 = CARTESIAN_POINT('',(-62.,112.,-137.));
#10023 = VECTOR('',#10024,1.);
#10024 = DIRECTION('',(1.,0.,-0.));
#10025 = PCURVE('',#9851,#10026);
#10026 = DEFINITIONAL_REPRESENTATION('',(#10027),#10031);
#10027 = LINE('',#10028,#10029);
#10028 = CARTESIAN_POINT('',(0.,0.));
#10029 = VECTOR('',#10030,1.);
#10030 = DIRECTION('',(0.,1.));
#10031 = ( GEOMETRIC_REPRESENTATION_CONTEXT(2) 
PARAMETRIC_REPRESENTATION_CONTEXT() REPRESENTATION_CONTEXT('2D SPACE',''
  ) );
#10032 = PCURVE('',#9823,#10033);
#10033 = DEFINITIONAL_REPRESENTATION('',(#10034),#10038);
#10034 = LINE('',#10035,#10036);
#10035 = CARTESIAN_POINT('',(0.,224.));
#10036 = VECTOR('',#10037,1.);
#10037 = DIRECTION('',(1.,0.));
#10038 = ( GEOMETRIC_REPRESENTATION_CONTEXT(2) 
PARAMETRIC_REPRESENTATION_CONTEXT() REPRESENTATION_CONTEXT('2D SPACE',''
  ) );
#10039 = ORIENTED_EDGE('',*,*,#9835,.T.);
#10040 = ORIENTED_EDGE('',*,*,#9993,.T.);
#10041 = ORIENTED_EDGE('',*,*,#10042,.F.);
#10042 = EDGE_CURVE('',#10018,#9971,#10043,.T.);
#10043 = SURFACE_CURVE('',#10044,(#10048,#10055),.PCURVE_S1.);
#10044 = LINE('',#10045,#10046);
#10045 = CARTESIAN_POINT('',(62.,112.,-137.));
#10046 = VECTOR('',#10047,1.);
#10047 = DIRECTION('',(0.,0.,1.));
#10048 = PCURVE('',#9851,#10049);
#10049 = DEFINITIONAL_REPRESENTATION('',(#10050),#10054);
#10050 = LINE('',#10051,#10052);
#10051 = CARTESIAN_POINT('',(0.,124.));
#10052 = VECTOR('',#10053,1.);
#10053 = DIRECTION('',(1.,0.));
#10054 = ( GEOMETRIC_REPRESENTATION_CONTEXT(2) 
PARAMETRIC_REPRESENTATION_CONTEXT() REPRESENTATION_CONTEXT('2D SPACE',''
  ) );
#10055 = PCURVE('',#9953,#10056);
#10056 = DEFINITIONAL_REPRESENTATION('',(#10057),#10061);
#10057 = LINE('',#10058,#10059);
#10058 = CARTESIAN_POINT('',(0.,-224.));
#10059 = VECTOR('',#10060,1.);
#10060 = DIRECTION('',(1.,0.));
#10061 = ( GEOMETRIC_REPRESENTATION_CONTEXT(2) 
PARAMETRIC_REPRESENTATION_CONTEXT() REPRESENTATION_CONTEXT('2D SPACE',''
  ) );
#10062 = ADVANCED_FACE('',(#10063),#9823,.F.);
#10063 = FACE_BOUND('',#10064,.F.);
#10064 = EDGE_LOOP('',(#10065,#10066,#10067,#10088));
#10065 = ORIENTED_EDGE('',*,*,#9807,.F.);
#10066 = ORIENTED_EDGE('',*,*,#9892,.T.);
#10067 = ORIENTED_EDGE('',*,*,#10068,.T.);
#10068 = EDGE_CURVE('',#9893,#10018,#10069,.T.);
#10069 = SURFACE_CURVE('',#10070,(#10074,#10081),.PCURVE_S1.);
#10070 = LINE('',#10071,#10072);
#10071 = CARTESIAN_POINT('',(62.,-112.,-137.));
#10072 = VECTOR('',#10073,1.);
#10073 = DIRECTION('',(-0.,1.,0.));
#10074 = PCURVE('',#9823,#10075);
#10075 = DEFINITIONAL_REPRESENTATION('',(#10076),#10080);
#10076 = LINE('',#10077,#10078);
#10077 = CARTESIAN_POINT('',(124.,0.));
#10078 = VECTOR('',#10079,1.);
#10079 = DIRECTION('',(0.,1.));
#10080 = ( GEOMETRIC_REPRESENTATION_CONTEXT(2) 
PARAMETRIC_REPRESENTATION_CONTEXT() REPRESENTATION_CONTEXT('2D SPACE',''
  ) );
#10081 = PCURVE('',#9953,#10082);
#10082 = DEFINITIONAL_REPRESENTATION('',(#10083),#10087);
#10083 = LINE('',#10084,#10085);
#10084 = CARTESIAN_POINT('',(0.,0.));
#10085 = VECTOR('',#10086,1.);
#10086 = DIRECTION('',(0.,-1.));
#10087 = ( GEOMETRIC_REPRESENTATION_CONTEXT(2) 
PARAMETRIC_REPRESENTATION_CONTEXT() REPRESENTATION_CONTEXT('2D SPACE',''
  ) );
#10088 = ORIENTED_EDGE('',*,*,#10017,.F.);
#10089 = ADVANCED_FACE('',(#10090),#9953,.T.);
#10090 = FACE_BOUND('',#10091,.T.);
#10091 = EDGE_LOOP('',(#10092,#10093,#10094,#10095));
#10092 = ORIENTED_EDGE('',*,*,#9939,.F.);
#10093 = ORIENTED_EDGE('',*,*,#10068,.T.);
#10094 = ORIENTED_EDGE('',*,*,#10042,.T.);
#10095 = ORIENTED_EDGE('',*,*,#9970,.F.);
#10096 = ( GEOMETRIC_REPRESENTATION_CONTEXT(3) 
GLOBAL_UNCERTAINTY_ASSIGNED_CONTEXT((#10100)) 
GLOBAL_UNIT_ASSIGNED_CONTEXT((#10097,#10098,#10099)) 
REPRESENTATION_CONTEXT('Context #1',
  '3D Context with UNIT and UNCERTAINTY') );
#10097 = ( LENGTH_UNIT() NAMED_UNIT(*) SI_UNIT(.MILLI.,.METRE.) );
#10098 = ( NAMED_UNIT(*) PLANE_ANGLE_UNIT() SI_UNIT($,.RADIAN.) );
#10099 = ( NAMED_UNIT(*) SI_UNIT($,.STERADIAN.) SOLID_ANGLE_UNIT() );
#10100 = UNCERTAINTY_MEASURE_WITH_UNIT(LENGTH_MEASURE(1.E-07),#10097,
  'distance_accuracy_value','confusion accuracy');
#10101 = CONTEXT_DEPENDENT_SHAPE_REPRESENTATION(#10102,#10104);
#10102 = ( REPRESENTATION_RELATIONSHIP('','',#9435,#10) 
REPRESENTATION_RELATIONSHIP_WITH_TRANSFORMATION(#10103) 
SHAPE_REPRESENTATION_RELATIONSHIP() );
#10103 = ITEM_DEFINED_TRANSFORMATION('','',#11,#31);
#10104 = PRODUCT_DEFINITION_SHAPE('Placement','Placement of an item',
  #10105);
#10105 = NEXT_ASSEMBLY_USAGE_OCCURRENCE('5','=>[0:1:1:6]','',#5,#9430,$
  );
#10106 = PRODUCT_RELATED_PRODUCT_CATEGORY('part',$,(#9432));
#10107 = SHAPE_DEFINITION_REPRESENTATION(#10108,#10114);
#10108 = PRODUCT_DEFINITION_SHAPE('','',#10109);
#10109 = PRODUCT_DEFINITION('design','',#10110,#10113);
#10110 = PRODUCT_DEFINITION_FORMATION('','',#10111);
#10111 = PRODUCT('COMPOUND','COMPOUND','',(#10112));
#10112 = PRODUCT_CONTEXT('',#2,'mechanical');
#10113 = PRODUCT_DEFINITION_CONTEXT('part definition',#2,'design');
#10114 = ADVANCED_BREP_SHAPE_REPRESENTATION('',(#11,#10115),#10445);
#10115 = MANIFOLD_SOLID_BREP('',#10116);
#10116 = CLOSED_SHELL('',(#10117,#10237,#10337,#10384,#10431,#10438));
#10117 = ADVANCED_FACE('',(#10118),#10132,.F.);
#10118 = FACE_BOUND('',#10119,.F.);
#10119 = EDGE_LOOP('',(#10120,#10155,#10183,#10211));
#10120 = ORIENTED_EDGE('',*,*,#10121,.F.);
#10121 = EDGE_CURVE('',#10122,#10124,#10126,.T.);
#10122 = VERTEX_POINT('',#10123);
#10123 = CARTESIAN_POINT('',(-32.5,-75.5,-49.));
#10124 = VERTEX_POINT('',#10125);
#10125 = CARTESIAN_POINT('',(-32.5,-75.5,49.));
#10126 = SURFACE_CURVE('',#10127,(#10131,#10143),.PCURVE_S1.);
#10127 = LINE('',#10128,#10129);
#10128 = CARTESIAN_POINT('',(-32.5,-75.5,-49.));
#10129 = VECTOR('',#10130,1.);
#10130 = DIRECTION('',(0.,0.,1.));
#10131 = PCURVE('',#10132,#10137);
#10132 = PLANE('',#10133);
#10133 = AXIS2_PLACEMENT_3D('',#10134,#10135,#10136);
#10134 = CARTESIAN_POINT('',(-32.5,-75.5,-49.));
#10135 = DIRECTION('',(1.,0.,-0.));
#10136 = DIRECTION('',(0.,0.,1.));
#10137 = DEFINITIONAL_REPRESENTATION('',(#10138),#10142);
#10138 = LINE('',#10139,#10140);
#10139 = CARTESIAN_POINT('',(0.,0.));
#10140 = VECTOR('',#10141,1.);
#10141 = DIRECTION('',(1.,0.));
#10142 = ( GEOMETRIC_REPRESENTATION_CONTEXT(2) 
PARAMETRIC_REPRESENTATION_CONTEXT() REPRESENTATION_CONTEXT('2D SPACE',''
  ) );
#10143 = PCURVE('',#10144,#10149);
#10144 = PLANE('',#10145);
#10145 = AXIS2_PLACEMENT_3D('',#10146,#10147,#10148);
#10146 = CARTESIAN_POINT('',(-32.5,-75.5,-49.));
#10147 = DIRECTION('',(-0.,1.,0.));
#10148 = DIRECTION('',(0.,0.,1.));
#10149 = DEFINITIONAL_REPRESENTATION('',(#10150),#10154);
#10150 = LINE('',#10151,#10152);
#10151 = CARTESIAN_POINT('',(0.,0.));
#10152 = VECTOR('',#10153,1.);
#10153 = DIRECTION('',(1.,0.));
#10154 = ( GEOMETRIC_REPRESENTATION_CONTEXT(2) 
PARAMETRIC_REPRESENTATION_CONTEXT() REPRESENTATION_CONTEXT('2D SPACE',''
  ) );
#10155 = ORIENTED_EDGE('',*,*,#10156,.T.);
#10156 = EDGE_CURVE('',#10122,#10157,#10159,.T.);
#10157 = VERTEX_POINT('',#10158);
#10158 = CARTESIAN_POINT('',(-32.5,75.5,-49.));
#10159 = SURFACE_CURVE('',#10160,(#10164,#10171),.PCURVE_S1.);
#10160 = LINE('',#10161,#10162);
#10161 = CARTESIAN_POINT('',(-32.5,-75.5,-49.));
#10162 = VECTOR('',#10163,1.);
#10163 = DIRECTION('',(-0.,1.,0.));
#10164 = PCURVE('',#10132,#10165);
#10165 = DEFINITIONAL_REPRESENTATION('',(#10166),#10170);
#10166 = LINE('',#10167,#10168);
#10167 = CARTESIAN_POINT('',(0.,0.));
#10168 = VECTOR('',#10169,1.);
#10169 = DIRECTION('',(0.,-1.));
#10170 = ( GEOMETRIC_REPRESENTATION_CONTEXT(2) 
PARAMETRIC_REPRESENTATION_CONTEXT() REPRESENTATION_CONTEXT('2D SPACE',''
  ) );
#10171 = PCURVE('',#10172,#10177);
#10172 = PLANE('',#10173);
#10173 = AXIS2_PLACEMENT_3D('',#10174,#10175,#10176);
#10174 = CARTESIAN_POINT('',(-32.5,-75.5,-49.));
#10175 = DIRECTION('',(0.,0.,1.));
#10176 = DIRECTION('',(1.,0.,-0.));
#10177 = DEFINITIONAL_REPRESENTATION('',(#10178),#10182);
#10178 = LINE('',#10179,#10180);
#10179 = CARTESIAN_POINT('',(0.,0.));
#10180 = VECTOR('',#10181,1.);
#10181 = DIRECTION('',(0.,1.));
#10182 = ( GEOMETRIC_REPRESENTATION_CONTEXT(2) 
PARAMETRIC_REPRESENTATION_CONTEXT() REPRESENTATION_CONTEXT('2D SPACE',''
  ) );
#10183 = ORIENTED_EDGE('',*,*,#10184,.T.);
#10184 = EDGE_CURVE('',#10157,#10185,#10187,.T.);
#10185 = VERTEX_POINT('',#10186);
#10186 = CARTESIAN_POINT('',(-32.5,75.5,49.));
#10187 = SURFACE_CURVE('',#10188,(#10192,#10199),.PCURVE_S1.);
#10188 = LINE('',#10189,#10190);
#10189 = CARTESIAN_POINT('',(-32.5,75.5,-49.));
#10190 = VECTOR('',#10191,1.);
#10191 = DIRECTION('',(0.,0.,1.));
#10192 = PCURVE('',#10132,#10193);
#10193 = DEFINITIONAL_REPRESENTATION('',(#10194),#10198);
#10194 = LINE('',#10195,#10196);
#10195 = CARTESIAN_POINT('',(0.,-151.));
#10196 = VECTOR('',#10197,1.);
#10197 = DIRECTION('',(1.,0.));
#10198 = ( GEOMETRIC_REPRESENTATION_CONTEXT(2) 
PARAMETRIC_REPRESENTATION_CONTEXT() REPRESENTATION_CONTEXT('2D SPACE',''
  ) );
#10199 = PCURVE('',#10200,#10205);
#10200 = PLANE('',#10201);
#10201 = AXIS2_PLACEMENT_3D('',#10202,#10203,#10204);
#10202 = CARTESIAN_POINT('',(-32.5,75.5,-49.));
#10203 = DIRECTION('',(-0.,1.,0.));
#10204 = DIRECTION('',(0.,0.,1.));
#10205 = DEFINITIONAL_REPRESENTATION('',(#10206),#10210);
#10206 = LINE('',#10207,#10208);
#10207 = CARTESIAN_POINT('',(0.,0.));
#10208 = VECTOR('',#10209,1.);
#10209 = DIRECTION('',(1.,0.));
#10210 = ( GEOMETRIC_REPRESENTATION_CONTEXT(2) 
PARAMETRIC_REPRESENTATION_CONTEXT() REPRESENTATION_CONTEXT('2D SPACE',''
  ) );
#10211 = ORIENTED_EDGE('',*,*,#10212,.F.);
#10212 = EDGE_CURVE('',#10124,#10185,#10213,.T.);
#10213 = SURFACE_CURVE('',#10214,(#10218,#10225),.PCURVE_S1.);
#10214 = LINE('',#10215,#10216);
#10215 = CARTESIAN_POINT('',(-32.5,-75.5,49.));
#10216 = VECTOR('',#10217,1.);
#10217 = DIRECTION('',(-0.,1.,0.));
#10218 = PCURVE('',#10132,#10219);
#10219 = DEFINITIONAL_REPRESENTATION('',(#10220),#10224);
#10220 = LINE('',#10221,#10222);
#10221 = CARTESIAN_POINT('',(98.,0.));
#10222 = VECTOR('',#10223,1.);
#10223 = DIRECTION('',(0.,-1.));
#10224 = ( GEOMETRIC_REPRESENTATION_CONTEXT(2) 
PARAMETRIC_REPRESENTATION_CONTEXT() REPRESENTATION_CONTEXT('2D SPACE',''
  ) );
#10225 = PCURVE('',#10226,#10231);
#10226 = PLANE('',#10227);
#10227 = AXIS2_PLACEMENT_3D('',#10228,#10229,#10230);
#10228 = CARTESIAN_POINT('',(-32.5,-75.5,49.));
#10229 = DIRECTION('',(0.,0.,1.));
#10230 = DIRECTION('',(1.,0.,-0.));
#10231 = DEFINITIONAL_REPRESENTATION('',(#10232),#10236);
#10232 = LINE('',#10233,#10234);
#10233 = CARTESIAN_POINT('',(0.,0.));
#10234 = VECTOR('',#10235,1.);
#10235 = DIRECTION('',(0.,1.));
#10236 = ( GEOMETRIC_REPRESENTATION_CONTEXT(2) 
PARAMETRIC_REPRESENTATION_CONTEXT() REPRESENTATION_CONTEXT('2D SPACE',''
  ) );
#10237 = ADVANCED_FACE('',(#10238),#10252,.T.);
#10238 = FACE_BOUND('',#10239,.T.);
#10239 = EDGE_LOOP('',(#10240,#10270,#10293,#10316));
#10240 = ORIENTED_EDGE('',*,*,#10241,.F.);
#10241 = EDGE_CURVE('',#10242,#10244,#10246,.T.);
#10242 = VERTEX_POINT('',#10243);
#10243 = CARTESIAN_POINT('',(32.5,-75.5,-49.));
#10244 = VERTEX_POINT('',#10245);
#10245 = CARTESIAN_POINT('',(32.5,-75.5,49.));
#10246 = SURFACE_CURVE('',#10247,(#10251,#10263),.PCURVE_S1.);
#10247 = LINE('',#10248,#10249);
#10248 = CARTESIAN_POINT('',(32.5,-75.5,-49.));
#10249 = VECTOR('',#10250,1.);
#10250 = DIRECTION('',(0.,0.,1.));
#10251 = PCURVE('',#10252,#10257);
#10252 = PLANE('',#10253);
#10253 = AXIS2_PLACEMENT_3D('',#10254,#10255,#10256);
#10254 = CARTESIAN_POINT('',(32.5,-75.5,-49.));
#10255 = DIRECTION('',(1.,0.,-0.));
#10256 = DIRECTION('',(0.,0.,1.));
#10257 = DEFINITIONAL_REPRESENTATION('',(#10258),#10262);
#10258 = LINE('',#10259,#10260);
#10259 = CARTESIAN_POINT('',(0.,0.));
#10260 = VECTOR('',#10261,1.);
#10261 = DIRECTION('',(1.,0.));
#10262 = ( GEOMETRIC_REPRESENTATION_CONTEXT(2) 
PARAMETRIC_REPRESENTATION_CONTEXT() REPRESENTATION_CONTEXT('2D SPACE',''
  ) );
#10263 = PCURVE('',#10144,#10264);
#10264 = DEFINITIONAL_REPRESENTATION('',(#10265),#10269);
#10265 = LINE('',#10266,#10267);
#10266 = CARTESIAN_POINT('',(0.,65.));
#10267 = VECTOR('',#10268,1.);
#10268 = DIRECTION('',(1.,0.));
#10269 = ( GEOMETRIC_REPRESENTATION_CONTEXT(2) 
PARAMETRIC_REPRESENTATION_CONTEXT() REPRESENTATION_CONTEXT('2D SPACE',''
  ) );
#10270 = ORIENTED_EDGE('',*,*,#10271,.T.);
#10271 = EDGE_CURVE('',#10242,#10272,#10274,.T.);
#10272 = VERTEX_POINT('',#10273);
#10273 = CARTESIAN_POINT('',(32.5,75.5,-49.));
#10274 = SURFACE_CURVE('',#10275,(#10279,#10286),.PCURVE_S1.);
#10275 = LINE('',#10276,#10277);
#10276 = CARTESIAN_POINT('',(32.5,-75.5,-49.));
#10277 = VECTOR('',#10278,1.);
#10278 = DIRECTION('',(-0.,1.,0.));
#10279 = PCURVE('',#10252,#10280);
#10280 = DEFINITIONAL_REPRESENTATION('',(#10281),#10285);
#10281 = LINE('',#10282,#10283);
#10282 = CARTESIAN_POINT('',(0.,0.));
#10283 = VECTOR('',#10284,1.);
#10284 = DIRECTION('',(0.,-1.));
#10285 = ( GEOMETRIC_REPRESENTATION_CONTEXT(2) 
PARAMETRIC_REPRESENTATION_CONTEXT() REPRESENTATION_CONTEXT('2D SPACE',''
  ) );
#10286 = PCURVE('',#10172,#10287);
#10287 = DEFINITIONAL_REPRESENTATION('',(#10288),#10292);
#10288 = LINE('',#10289,#10290);
#10289 = CARTESIAN_POINT('',(65.,0.));
#10290 = VECTOR('',#10291,1.);
#10291 = DIRECTION('',(0.,1.));
#10292 = ( GEOMETRIC_REPRESENTATION_CONTEXT(2) 
PARAMETRIC_REPRESENTATION_CONTEXT() REPRESENTATION_CONTEXT('2D SPACE',''
  ) );
#10293 = ORIENTED_EDGE('',*,*,#10294,.T.);
#10294 = EDGE_CURVE('',#10272,#10295,#10297,.T.);
#10295 = VERTEX_POINT('',#10296);
#10296 = CARTESIAN_POINT('',(32.5,75.5,49.));
#10297 = SURFACE_CURVE('',#10298,(#10302,#10309),.PCURVE_S1.);
#10298 = LINE('',#10299,#10300);
#10299 = CARTESIAN_POINT('',(32.5,75.5,-49.));
#10300 = VECTOR('',#10301,1.);
#10301 = DIRECTION('',(0.,0.,1.));
#10302 = PCURVE('',#10252,#10303);
#10303 = DEFINITIONAL_REPRESENTATION('',(#10304),#10308);
#10304 = LINE('',#10305,#10306);
#10305 = CARTESIAN_POINT('',(0.,-151.));
#10306 = VECTOR('',#10307,1.);
#10307 = DIRECTION('',(1.,0.));
#10308 = ( GEOMETRIC_REPRESENTATION_CONTEXT(2) 
PARAMETRIC_REPRESENTATION_CONTEXT() REPRESENTATION_CONTEXT('2D SPACE',''
  ) );
#10309 = PCURVE('',#10200,#10310);
#10310 = DEFINITIONAL_REPRESENTATION('',(#10311),#10315);
#10311 = LINE('',#10312,#10313);
#10312 = CARTESIAN_POINT('',(0.,65.));
#10313 = VECTOR('',#10314,1.);
#10314 = DIRECTION('',(1.,0.));
#10315 = ( GEOMETRIC_REPRESENTATION_CONTEXT(2) 
PARAMETRIC_REPRESENTATION_CONTEXT() REPRESENTATION_CONTEXT('2D SPACE',''
  ) );
#10316 = ORIENTED_EDGE('',*,*,#10317,.F.);
#10317 = EDGE_CURVE('',#10244,#10295,#10318,.T.);
#10318 = SURFACE_CURVE('',#10319,(#10323,#10330),.PCURVE_S1.);
#10319 = LINE('',#10320,#10321);
#10320 = CARTESIAN_POINT('',(32.5,-75.5,49.));
#10321 = VECTOR('',#10322,1.);
#10322 = DIRECTION('',(-0.,1.,0.));
#10323 = PCURVE('',#10252,#10324);
#10324 = DEFINITIONAL_REPRESENTATION('',(#10325),#10329);
#10325 = LINE('',#10326,#10327);
#10326 = CARTESIAN_POINT('',(98.,0.));
#10327 = VECTOR('',#10328,1.);
#10328 = DIRECTION('',(0.,-1.));
#10329 = ( GEOMETRIC_REPRESENTATION_CONTEXT(2) 
PARAMETRIC_REPRESENTATION_CONTEXT() REPRESENTATION_CONTEXT('2D SPACE',''
  ) );
#10330 = PCURVE('',#10226,#10331);
#10331 = DEFINITIONAL_REPRESENTATION('',(#10332),#10336);
#10332 = LINE('',#10333,#10334);
#10333 = CARTESIAN_POINT('',(65.,0.));
#10334 = VECTOR('',#10335,1.);
#10335 = DIRECTION('',(0.,1.));
#10336 = ( GEOMETRIC_REPRESENTATION_CONTEXT(2) 
PARAMETRIC_REPRESENTATION_CONTEXT() REPRESENTATION_CONTEXT('2D SPACE',''
  ) );
#10337 = ADVANCED_FACE('',(#10338),#10144,.F.);
#10338 = FACE_BOUND('',#10339,.F.);
#10339 = EDGE_LOOP('',(#10340,#10361,#10362,#10383));
#10340 = ORIENTED_EDGE('',*,*,#10341,.F.);
#10341 = EDGE_CURVE('',#10122,#10242,#10342,.T.);
#10342 = SURFACE_CURVE('',#10343,(#10347,#10354),.PCURVE_S1.);
#10343 = LINE('',#10344,#10345);
#10344 = CARTESIAN_POINT('',(-32.5,-75.5,-49.));
#10345 = VECTOR('',#10346,1.);
#10346 = DIRECTION('',(1.,0.,-0.));
#10347 = PCURVE('',#10144,#10348);
#10348 = DEFINITIONAL_REPRESENTATION('',(#10349),#10353);
#10349 = LINE('',#10350,#10351);
#10350 = CARTESIAN_POINT('',(0.,0.));
#10351 = VECTOR('',#10352,1.);
#10352 = DIRECTION('',(0.,1.));
#10353 = ( GEOMETRIC_REPRESENTATION_CONTEXT(2) 
PARAMETRIC_REPRESENTATION_CONTEXT() REPRESENTATION_CONTEXT('2D SPACE',''
  ) );
#10354 = PCURVE('',#10172,#10355);
#10355 = DEFINITIONAL_REPRESENTATION('',(#10356),#10360);
#10356 = LINE('',#10357,#10358);
#10357 = CARTESIAN_POINT('',(0.,0.));
#10358 = VECTOR('',#10359,1.);
#10359 = DIRECTION('',(1.,0.));
#10360 = ( GEOMETRIC_REPRESENTATION_CONTEXT(2) 
PARAMETRIC_REPRESENTATION_CONTEXT() REPRESENTATION_CONTEXT('2D SPACE',''
  ) );
#10361 = ORIENTED_EDGE('',*,*,#10121,.T.);
#10362 = ORIENTED_EDGE('',*,*,#10363,.T.);
#10363 = EDGE_CURVE('',#10124,#10244,#10364,.T.);
#10364 = SURFACE_CURVE('',#10365,(#10369,#10376),.PCURVE_S1.);
#10365 = LINE('',#10366,#10367);
#10366 = CARTESIAN_POINT('',(-32.5,-75.5,49.));
#10367 = VECTOR('',#10368,1.);
#10368 = DIRECTION('',(1.,0.,-0.));
#10369 = PCURVE('',#10144,#10370);
#10370 = DEFINITIONAL_REPRESENTATION('',(#10371),#10375);
#10371 = LINE('',#10372,#10373);
#10372 = CARTESIAN_POINT('',(98.,0.));
#10373 = VECTOR('',#10374,1.);
#10374 = DIRECTION('',(0.,1.));
#10375 = ( GEOMETRIC_REPRESENTATION_CONTEXT(2) 
PARAMETRIC_REPRESENTATION_CONTEXT() REPRESENTATION_CONTEXT('2D SPACE',''
  ) );
#10376 = PCURVE('',#10226,#10377);
#10377 = DEFINITIONAL_REPRESENTATION('',(#10378),#10382);
#10378 = LINE('',#10379,#10380);
#10379 = CARTESIAN_POINT('',(0.,0.));
#10380 = VECTOR('',#10381,1.);
#10381 = DIRECTION('',(1.,0.));
#10382 = ( GEOMETRIC_REPRESENTATION_CONTEXT(2) 
PARAMETRIC_REPRESENTATION_CONTEXT() REPRESENTATION_CONTEXT('2D SPACE',''
  ) );
#10383 = ORIENTED_EDGE('',*,*,#10241,.F.);
#10384 = ADVANCED_FACE('',(#10385),#10200,.T.);
#10385 = FACE_BOUND('',#10386,.T.);
#10386 = EDGE_LOOP('',(#10387,#10408,#10409,#10430));
#10387 = ORIENTED_EDGE('',*,*,#10388,.F.);
#10388 = EDGE_CURVE('',#10157,#10272,#10389,.T.);
#10389 = SURFACE_CURVE('',#10390,(#10394,#10401),.PCURVE_S1.);
#10390 = LINE('',#10391,#10392);
#10391 = CARTESIAN_POINT('',(-32.5,75.5,-49.));
#10392 = VECTOR('',#10393,1.);
#10393 = DIRECTION('',(1.,0.,-0.));
#10394 = PCURVE('',#10200,#10395);
#10395 = DEFINITIONAL_REPRESENTATION('',(#10396),#10400);
#10396 = LINE('',#10397,#10398);
#10397 = CARTESIAN_POINT('',(0.,0.));
#10398 = VECTOR('',#10399,1.);
#10399 = DIRECTION('',(0.,1.));
#10400 = ( GEOMETRIC_REPRESENTATION_CONTEXT(2) 
PARAMETRIC_REPRESENTATION_CONTEXT() REPRESENTATION_CONTEXT('2D SPACE',''
  ) );
#10401 = PCURVE('',#10172,#10402);
#10402 = DEFINITIONAL_REPRESENTATION('',(#10403),#10407);
#10403 = LINE('',#10404,#10405);
#10404 = CARTESIAN_POINT('',(0.,151.));
#10405 = VECTOR('',#10406,1.);
#10406 = DIRECTION('',(1.,0.));
#10407 = ( GEOMETRIC_REPRESENTATION_CONTEXT(2) 
PARAMETRIC_REPRESENTATION_CONTEXT() REPRESENTATION_CONTEXT('2D SPACE',''
  ) );
#10408 = ORIENTED_EDGE('',*,*,#10184,.T.);
#10409 = ORIENTED_EDGE('',*,*,#10410,.T.);
#10410 = EDGE_CURVE('',#10185,#10295,#10411,.T.);
#10411 = SURFACE_CURVE('',#10412,(#10416,#10423),.PCURVE_S1.);
#10412 = LINE('',#10413,#10414);
#10413 = CARTESIAN_POINT('',(-32.5,75.5,49.));
#10414 = VECTOR('',#10415,1.);
#10415 = DIRECTION('',(1.,0.,-0.));
#10416 = PCURVE('',#10200,#10417);
#10417 = DEFINITIONAL_REPRESENTATION('',(#10418),#10422);
#10418 = LINE('',#10419,#10420);
#10419 = CARTESIAN_POINT('',(98.,0.));
#10420 = VECTOR('',#10421,1.);
#10421 = DIRECTION('',(0.,1.));
#10422 = ( GEOMETRIC_REPRESENTATION_CONTEXT(2) 
PARAMETRIC_REPRESENTATION_CONTEXT() REPRESENTATION_CONTEXT('2D SPACE',''
  ) );
#10423 = PCURVE('',#10226,#10424);
#10424 = DEFINITIONAL_REPRESENTATION('',(#10425),#10429);
#10425 = LINE('',#10426,#10427);
#10426 = CARTESIAN_POINT('',(0.,151.));
#10427 = VECTOR('',#10428,1.);
#10428 = DIRECTION('',(1.,0.));
#10429 = ( GEOMETRIC_REPRESENTATION_CONTEXT(2) 
PARAMETRIC_REPRESENTATION_CONTEXT() REPRESENTATION_CONTEXT('2D SPACE',''
  ) );
#10430 = ORIENTED_EDGE('',*,*,#10294,.F.);
#10431 = ADVANCED_FACE('',(#10432),#10172,.F.);
#10432 = FACE_BOUND('',#10433,.F.);
#10433 = EDGE_LOOP('',(#10434,#10435,#10436,#10437));
#10434 = ORIENTED_EDGE('',*,*,#10156,.F.);
#10435 = ORIENTED_EDGE('',*,*,#10341,.T.);
#10436 = ORIENTED_EDGE('',*,*,#10271,.T.);
#10437 = ORIENTED_EDGE('',*,*,#10388,.F.);
#10438 = ADVANCED_FACE('',(#10439),#10226,.T.);
#10439 = FACE_BOUND('',#10440,.T.);
#10440 = EDGE_LOOP('',(#10441,#10442,#10443,#10444));
#10441 = ORIENTED_EDGE('',*,*,#10212,.F.);
#10442 = ORIENTED_EDGE('',*,*,#10363,.T.);
#10443 = ORIENTED_EDGE('',*,*,#10317,.T.);
#10444 = ORIENTED_EDGE('',*,*,#10410,.F.);
#10445 = ( GEOMETRIC_REPRESENTATION_CONTEXT(3) 
GLOBAL_UNCERTAINTY_ASSIGNED_CONTEXT((#10449)) 
GLOBAL_UNIT_ASSIGNED_CONTEXT((#10446,#10447,#10448)) 
REPRESENTATION_CONTEXT('Context #1',
  '3D Context with UNIT and UNCERTAINTY') );
#10446 = ( LENGTH_UNIT() NAMED_UNIT(*) SI_UNIT(.MILLI.,.METRE.) );
#10447 = ( NAMED_UNIT(*) PLANE_ANGLE_UNIT() SI_UNIT($,.RADIAN.) );
#10448 = ( NAMED_UNIT(*) SI_UNIT($,.STERADIAN.) SOLID_ANGLE_UNIT() );
#10449 = UNCERTAINTY_MEASURE_WITH_UNIT(LENGTH_MEASURE(1.E-07),#10446,
  'distance_accuracy_value','confusion accuracy');
#10450 = CONTEXT_DEPENDENT_SHAPE_REPRESENTATION(#10451,#10453);
#10451 = ( REPRESENTATION_RELATIONSHIP('','',#10114,#10) 
REPRESENTATION_RELATIONSHIP_WITH_TRANSFORMATION(#10452) 
SHAPE_REPRESENTATION_RELATIONSHIP() );
#10452 = ITEM_DEFINED_TRANSFORMATION('','',#11,#35);
#10453 = PRODUCT_DEFINITION_SHAPE('Placement','Placement of an item',
  #10454);
#10454 = NEXT_ASSEMBLY_USAGE_OCCURRENCE('6','=>[0:1:1:7]','',#5,#10109,$
  );
#10455 = PRODUCT_RELATED_PRODUCT_CATEGORY('part',$,(#10111));
#10456 = SHAPE_DEFINITION_REPRESENTATION(#10457,#10463);
#10457 = PRODUCT_DEFINITION_SHAPE('','',#10458);
#10458 = PRODUCT_DEFINITION('design','',#10459,#10462);
#10459 = PRODUCT_DEFINITION_FORMATION('','',#10460);
#10460 = PRODUCT('COMPOUND','COMPOUND','',(#10461));
#10461 = PRODUCT_CONTEXT('',#2,'mechanical');
#10462 = PRODUCT_DEFINITION_CONTEXT('part definition',#2,'design');
#10463 = ADVANCED_BREP_SHAPE_REPRESENTATION('',(#11,#10464),#10794);
#10464 = MANIFOLD_SOLID_BREP('',#10465);
#10465 = CLOSED_SHELL('',(#10466,#10586,#10686,#10733,#10780,#10787));
#10466 = ADVANCED_FACE('',(#10467),#10481,.F.);
#10467 = FACE_BOUND('',#10468,.F.);
#10468 = EDGE_LOOP('',(#10469,#10504,#10532,#10560));
#10469 = ORIENTED_EDGE('',*,*,#10470,.F.);
#10470 = EDGE_CURVE('',#10471,#10473,#10475,.T.);
#10471 = VERTEX_POINT('',#10472);
#10472 = CARTESIAN_POINT('',(-17.5,-45.,-35.));
#10473 = VERTEX_POINT('',#10474);
#10474 = CARTESIAN_POINT('',(-17.5,-45.,35.));
#10475 = SURFACE_CURVE('',#10476,(#10480,#10492),.PCURVE_S1.);
#10476 = LINE('',#10477,#10478);
#10477 = CARTESIAN_POINT('',(-17.5,-45.,-35.));
#10478 = VECTOR('',#10479,1.);
#10479 = DIRECTION('',(0.,0.,1.));
#10480 = PCURVE('',#10481,#10486);
#10481 = PLANE('',#10482);
#10482 = AXIS2_PLACEMENT_3D('',#10483,#10484,#10485);
#10483 = CARTESIAN_POINT('',(-17.5,-45.,-35.));
#10484 = DIRECTION('',(1.,0.,-0.));
#10485 = DIRECTION('',(0.,0.,1.));
#10486 = DEFINITIONAL_REPRESENTATION('',(#10487),#10491);
#10487 = LINE('',#10488,#10489);
#10488 = CARTESIAN_POINT('',(0.,0.));
#10489 = VECTOR('',#10490,1.);
#10490 = DIRECTION('',(1.,0.));
#10491 = ( GEOMETRIC_REPRESENTATION_CONTEXT(2) 
PARAMETRIC_REPRESENTATION_CONTEXT() REPRESENTATION_CONTEXT('2D SPACE',''
  ) );
#10492 = PCURVE('',#10493,#10498);
#10493 = PLANE('',#10494);
#10494 = AXIS2_PLACEMENT_3D('',#10495,#10496,#10497);
#10495 = CARTESIAN_POINT('',(-17.5,-45.,-35.));
#10496 = DIRECTION('',(-0.,1.,0.));
#10497 = DIRECTION('',(0.,0.,1.));
#10498 = DEFINITIONAL_REPRESENTATION('',(#10499),#10503);
#10499 = LINE('',#10500,#10501);
#10500 = CARTESIAN_POINT('',(0.,0.));
#10501 = VECTOR('',#10502,1.);
#10502 = DIRECTION('',(1.,0.));
#10503 = ( GEOMETRIC_REPRESENTATION_CONTEXT(2) 
PARAMETRIC_REPRESENTATION_CONTEXT() REPRESENTATION_CONTEXT('2D SPACE',''
  ) );
#10504 = ORIENTED_EDGE('',*,*,#10505,.T.);
#10505 = EDGE_CURVE('',#10471,#10506,#10508,.T.);
#10506 = VERTEX_POINT('',#10507);
#10507 = CARTESIAN_POINT('',(-17.5,45.,-35.));
#10508 = SURFACE_CURVE('',#10509,(#10513,#10520),.PCURVE_S1.);
#10509 = LINE('',#10510,#10511);
#10510 = CARTESIAN_POINT('',(-17.5,-45.,-35.));
#10511 = VECTOR('',#10512,1.);
#10512 = DIRECTION('',(-0.,1.,0.));
#10513 = PCURVE('',#10481,#10514);
#10514 = DEFINITIONAL_REPRESENTATION('',(#10515),#10519);
#10515 = LINE('',#10516,#10517);
#10516 = CARTESIAN_POINT('',(0.,0.));
#10517 = VECTOR('',#10518,1.);
#10518 = DIRECTION('',(0.,-1.));
#10519 = ( GEOMETRIC_REPRESENTATION_CONTEXT(2) 
PARAMETRIC_REPRESENTATION_CONTEXT() REPRESENTATION_CONTEXT('2D SPACE',''
  ) );
#10520 = PCURVE('',#10521,#10526);
#10521 = PLANE('',#10522);
#10522 = AXIS2_PLACEMENT_3D('',#10523,#10524,#10525);
#10523 = CARTESIAN_POINT('',(-17.5,-45.,-35.));
#10524 = DIRECTION('',(0.,0.,1.));
#10525 = DIRECTION('',(1.,0.,-0.));
#10526 = DEFINITIONAL_REPRESENTATION('',(#10527),#10531);
#10527 = LINE('',#10528,#10529);
#10528 = CARTESIAN_POINT('',(0.,0.));
#10529 = VECTOR('',#10530,1.);
#10530 = DIRECTION('',(0.,1.));
#10531 = ( GEOMETRIC_REPRESENTATION_CONTEXT(2) 
PARAMETRIC_REPRESENTATION_CONTEXT() REPRESENTATION_CONTEXT('2D SPACE',''
  ) );
#10532 = ORIENTED_EDGE('',*,*,#10533,.T.);
#10533 = EDGE_CURVE('',#10506,#10534,#10536,.T.);
#10534 = VERTEX_POINT('',#10535);
#10535 = CARTESIAN_POINT('',(-17.5,45.,35.));
#10536 = SURFACE_CURVE('',#10537,(#10541,#10548),.PCURVE_S1.);
#10537 = LINE('',#10538,#10539);
#10538 = CARTESIAN_POINT('',(-17.5,45.,-35.));
#10539 = VECTOR('',#10540,1.);
#10540 = DIRECTION('',(0.,0.,1.));
#10541 = PCURVE('',#10481,#10542);
#10542 = DEFINITIONAL_REPRESENTATION('',(#10543),#10547);
#10543 = LINE('',#10544,#10545);
#10544 = CARTESIAN_POINT('',(0.,-90.));
#10545 = VECTOR('',#10546,1.);
#10546 = DIRECTION('',(1.,0.));
#10547 = ( GEOMETRIC_REPRESENTATION_CONTEXT(2) 
PARAMETRIC_REPRESENTATION_CONTEXT() REPRESENTATION_CONTEXT('2D SPACE',''
  ) );
#10548 = PCURVE('',#10549,#10554);
#10549 = PLANE('',#10550);
#10550 = AXIS2_PLACEMENT_3D('',#10551,#10552,#10553);
#10551 = CARTESIAN_POINT('',(-17.5,45.,-35.));
#10552 = DIRECTION('',(-0.,1.,0.));
#10553 = DIRECTION('',(0.,0.,1.));
#10554 = DEFINITIONAL_REPRESENTATION('',(#10555),#10559);
#10555 = LINE('',#10556,#10557);
#10556 = CARTESIAN_POINT('',(0.,0.));
#10557 = VECTOR('',#10558,1.);
#10558 = DIRECTION('',(1.,0.));
#10559 = ( GEOMETRIC_REPRESENTATION_CONTEXT(2) 
PARAMETRIC_REPRESENTATION_CONTEXT() REPRESENTATION_CONTEXT('2D SPACE',''
  ) );
#10560 = ORIENTED_EDGE('',*,*,#10561,.F.);
#10561 = EDGE_CURVE('',#10473,#10534,#10562,.T.);
#10562 = SURFACE_CURVE('',#10563,(#10567,#10574),.PCURVE_S1.);
#10563 = LINE('',#10564,#10565);
#10564 = CARTESIAN_POINT('',(-17.5,-45.,35.));
#10565 = VECTOR('',#10566,1.);
#10566 = DIRECTION('',(-0.,1.,0.));
#10567 = PCURVE('',#10481,#10568);
#10568 = DEFINITIONAL_REPRESENTATION('',(#10569),#10573);
#10569 = LINE('',#10570,#10571);
#10570 = CARTESIAN_POINT('',(70.,0.));
#10571 = VECTOR('',#10572,1.);
#10572 = DIRECTION('',(0.,-1.));
#10573 = ( GEOMETRIC_REPRESENTATION_CONTEXT(2) 
PARAMETRIC_REPRESENTATION_CONTEXT() REPRESENTATION_CONTEXT('2D SPACE',''
  ) );
#10574 = PCURVE('',#10575,#10580);
#10575 = PLANE('',#10576);
#10576 = AXIS2_PLACEMENT_3D('',#10577,#10578,#10579);
#10577 = CARTESIAN_POINT('',(-17.5,-45.,35.));
#10578 = DIRECTION('',(0.,0.,1.));
#10579 = DIRECTION('',(1.,0.,-0.));
#10580 = DEFINITIONAL_REPRESENTATION('',(#10581),#10585);
#10581 = LINE('',#10582,#10583);
#10582 = CARTESIAN_POINT('',(0.,0.));
#10583 = VECTOR('',#10584,1.);
#10584 = DIRECTION('',(0.,1.));
#10585 = ( GEOMETRIC_REPRESENTATION_CONTEXT(2) 
PARAMETRIC_REPRESENTATION_CONTEXT() REPRESENTATION_CONTEXT('2D SPACE',''
  ) );
#10586 = ADVANCED_FACE('',(#10587),#10601,.T.);
#10587 = FACE_BOUND('',#10588,.T.);
#10588 = EDGE_LOOP('',(#10589,#10619,#10642,#10665));
#10589 = ORIENTED_EDGE('',*,*,#10590,.F.);
#10590 = EDGE_CURVE('',#10591,#10593,#10595,.T.);
#10591 = VERTEX_POINT('',#10592);
#10592 = CARTESIAN_POINT('',(17.5,-45.,-35.));
#10593 = VERTEX_POINT('',#10594);
#10594 = CARTESIAN_POINT('',(17.5,-45.,35.));
#10595 = SURFACE_CURVE('',#10596,(#10600,#10612),.PCURVE_S1.);
#10596 = LINE('',#10597,#10598);
#10597 = CARTESIAN_POINT('',(17.5,-45.,-35.));
#10598 = VECTOR('',#10599,1.);
#10599 = DIRECTION('',(0.,0.,1.));
#10600 = PCURVE('',#10601,#10606);
#10601 = PLANE('',#10602);
#10602 = AXIS2_PLACEMENT_3D('',#10603,#10604,#10605);
#10603 = CARTESIAN_POINT('',(17.5,-45.,-35.));
#10604 = DIRECTION('',(1.,0.,-0.));
#10605 = DIRECTION('',(0.,0.,1.));
#10606 = DEFINITIONAL_REPRESENTATION('',(#10607),#10611);
#10607 = LINE('',#10608,#10609);
#10608 = CARTESIAN_POINT('',(0.,0.));
#10609 = VECTOR('',#10610,1.);
#10610 = DIRECTION('',(1.,0.));
#10611 = ( GEOMETRIC_REPRESENTATION_CONTEXT(2) 
PARAMETRIC_REPRESENTATION_CONTEXT() REPRESENTATION_CONTEXT('2D SPACE',''
  ) );
#10612 = PCURVE('',#10493,#10613);
#10613 = DEFINITIONAL_REPRESENTATION('',(#10614),#10618);
#10614 = LINE('',#10615,#10616);
#10615 = CARTESIAN_POINT('',(0.,35.));
#10616 = VECTOR('',#10617,1.);
#10617 = DIRECTION('',(1.,0.));
#10618 = ( GEOMETRIC_REPRESENTATION_CONTEXT(2) 
PARAMETRIC_REPRESENTATION_CONTEXT() REPRESENTATION_CONTEXT('2D SPACE',''
  ) );
#10619 = ORIENTED_EDGE('',*,*,#10620,.T.);
#10620 = EDGE_CURVE('',#10591,#10621,#10623,.T.);
#10621 = VERTEX_POINT('',#10622);
#10622 = CARTESIAN_POINT('',(17.5,45.,-35.));
#10623 = SURFACE_CURVE('',#10624,(#10628,#10635),.PCURVE_S1.);
#10624 = LINE('',#10625,#10626);
#10625 = CARTESIAN_POINT('',(17.5,-45.,-35.));
#10626 = VECTOR('',#10627,1.);
#10627 = DIRECTION('',(-0.,1.,0.));
#10628 = PCURVE('',#10601,#10629);
#10629 = DEFINITIONAL_REPRESENTATION('',(#10630),#10634);
#10630 = LINE('',#10631,#10632);
#10631 = CARTESIAN_POINT('',(0.,0.));
#10632 = VECTOR('',#10633,1.);
#10633 = DIRECTION('',(0.,-1.));
#10634 = ( GEOMETRIC_REPRESENTATION_CONTEXT(2) 
PARAMETRIC_REPRESENTATION_CONTEXT() REPRESENTATION_CONTEXT('2D SPACE',''
  ) );
#10635 = PCURVE('',#10521,#10636);
#10636 = DEFINITIONAL_REPRESENTATION('',(#10637),#10641);
#10637 = LINE('',#10638,#10639);
#10638 = CARTESIAN_POINT('',(35.,0.));
#10639 = VECTOR('',#10640,1.);
#10640 = DIRECTION('',(0.,1.));
#10641 = ( GEOMETRIC_REPRESENTATION_CONTEXT(2) 
PARAMETRIC_REPRESENTATION_CONTEXT() REPRESENTATION_CONTEXT('2D SPACE',''
  ) );
#10642 = ORIENTED_EDGE('',*,*,#10643,.T.);
#10643 = EDGE_CURVE('',#10621,#10644,#10646,.T.);
#10644 = VERTEX_POINT('',#10645);
#10645 = CARTESIAN_POINT('',(17.5,45.,35.));
#10646 = SURFACE_CURVE('',#10647,(#10651,#10658),.PCURVE_S1.);
#10647 = LINE('',#10648,#10649);
#10648 = CARTESIAN_POINT('',(17.5,45.,-35.));
#10649 = VECTOR('',#10650,1.);
#10650 = DIRECTION('',(0.,0.,1.));
#10651 = PCURVE('',#10601,#10652);
#10652 = DEFINITIONAL_REPRESENTATION('',(#10653),#10657);
#10653 = LINE('',#10654,#10655);
#10654 = CARTESIAN_POINT('',(0.,-90.));
#10655 = VECTOR('',#10656,1.);
#10656 = DIRECTION('',(1.,0.));
#10657 = ( GEOMETRIC_REPRESENTATION_CONTEXT(2) 
PARAMETRIC_REPRESENTATION_CONTEXT() REPRESENTATION_CONTEXT('2D SPACE',''
  ) );
#10658 = PCURVE('',#10549,#10659);
#10659 = DEFINITIONAL_REPRESENTATION('',(#10660),#10664);
#10660 = LINE('',#10661,#10662);
#10661 = CARTESIAN_POINT('',(0.,35.));
#10662 = VECTOR('',#10663,1.);
#10663 = DIRECTION('',(1.,0.));
#10664 = ( GEOMETRIC_REPRESENTATION_CONTEXT(2) 
PARAMETRIC_REPRESENTATION_CONTEXT() REPRESENTATION_CONTEXT('2D SPACE',''
  ) );
#10665 = ORIENTED_EDGE('',*,*,#10666,.F.);
#10666 = EDGE_CURVE('',#10593,#10644,#10667,.T.);
#10667 = SURFACE_CURVE('',#10668,(#10672,#10679),.PCURVE_S1.);
#10668 = LINE('',#10669,#10670);
#10669 = CARTESIAN_POINT('',(17.5,-45.,35.));
#10670 = VECTOR('',#10671,1.);
#10671 = DIRECTION('',(-0.,1.,0.));
#10672 = PCURVE('',#10601,#10673);
#10673 = DEFINITIONAL_REPRESENTATION('',(#10674),#10678);
#10674 = LINE('',#10675,#10676);
#10675 = CARTESIAN_POINT('',(70.,0.));
#10676 = VECTOR('',#10677,1.);
#10677 = DIRECTION('',(0.,-1.));
#10678 = ( GEOMETRIC_REPRESENTATION_CONTEXT(2) 
PARAMETRIC_REPRESENTATION_CONTEXT() REPRESENTATION_CONTEXT('2D SPACE',''
  ) );
#10679 = PCURVE('',#10575,#10680);
#10680 = DEFINITIONAL_REPRESENTATION('',(#10681),#10685);
#10681 = LINE('',#10682,#10683);
#10682 = CARTESIAN_POINT('',(35.,0.));
#10683 = VECTOR('',#10684,1.);
#10684 = DIRECTION('',(0.,1.));
#10685 = ( GEOMETRIC_REPRESENTATION_CONTEXT(2) 
PARAMETRIC_REPRESENTATION_CONTEXT() REPRESENTATION_CONTEXT('2D SPACE',''
  ) );
#10686 = ADVANCED_FACE('',(#10687),#10493,.F.);
#10687 = FACE_BOUND('',#10688,.F.);
#10688 = EDGE_LOOP('',(#10689,#10710,#10711,#10732));
#10689 = ORIENTED_EDGE('',*,*,#10690,.F.);
#10690 = EDGE_CURVE('',#10471,#10591,#10691,.T.);
#10691 = SURFACE_CURVE('',#10692,(#10696,#10703),.PCURVE_S1.);
#10692 = LINE('',#10693,#10694);
#10693 = CARTESIAN_POINT('',(-17.5,-45.,-35.));
#10694 = VECTOR('',#10695,1.);
#10695 = DIRECTION('',(1.,0.,-0.));
#10696 = PCURVE('',#10493,#10697);
#10697 = DEFINITIONAL_REPRESENTATION('',(#10698),#10702);
#10698 = LINE('',#10699,#10700);
#10699 = CARTESIAN_POINT('',(0.,0.));
#10700 = VECTOR('',#10701,1.);
#10701 = DIRECTION('',(0.,1.));
#10702 = ( GEOMETRIC_REPRESENTATION_CONTEXT(2) 
PARAMETRIC_REPRESENTATION_CONTEXT() REPRESENTATION_CONTEXT('2D SPACE',''
  ) );
#10703 = PCURVE('',#10521,#10704);
#10704 = DEFINITIONAL_REPRESENTATION('',(#10705),#10709);
#10705 = LINE('',#10706,#10707);
#10706 = CARTESIAN_POINT('',(0.,0.));
#10707 = VECTOR('',#10708,1.);
#10708 = DIRECTION('',(1.,0.));
#10709 = ( GEOMETRIC_REPRESENTATION_CONTEXT(2) 
PARAMETRIC_REPRESENTATION_CONTEXT() REPRESENTATION_CONTEXT('2D SPACE',''
  ) );
#10710 = ORIENTED_EDGE('',*,*,#10470,.T.);
#10711 = ORIENTED_EDGE('',*,*,#10712,.T.);
#10712 = EDGE_CURVE('',#10473,#10593,#10713,.T.);
#10713 = SURFACE_CURVE('',#10714,(#10718,#10725),.PCURVE_S1.);
#10714 = LINE('',#10715,#10716);
#10715 = CARTESIAN_POINT('',(-17.5,-45.,35.));
#10716 = VECTOR('',#10717,1.);
#10717 = DIRECTION('',(1.,0.,-0.));
#10718 = PCURVE('',#10493,#10719);
#10719 = DEFINITIONAL_REPRESENTATION('',(#10720),#10724);
#10720 = LINE('',#10721,#10722);
#10721 = CARTESIAN_POINT('',(70.,0.));
#10722 = VECTOR('',#10723,1.);
#10723 = DIRECTION('',(0.,1.));
#10724 = ( GEOMETRIC_REPRESENTATION_CONTEXT(2) 
PARAMETRIC_REPRESENTATION_CONTEXT() REPRESENTATION_CONTEXT('2D SPACE',''
  ) );
#10725 = PCURVE('',#10575,#10726);
#10726 = DEFINITIONAL_REPRESENTATION('',(#10727),#10731);
#10727 = LINE('',#10728,#10729);
#10728 = CARTESIAN_POINT('',(0.,0.));
#10729 = VECTOR('',#10730,1.);
#10730 = DIRECTION('',(1.,0.));
#10731 = ( GEOMETRIC_REPRESENTATION_CONTEXT(2) 
PARAMETRIC_REPRESENTATION_CONTEXT() REPRESENTATION_CONTEXT('2D SPACE',''
  ) );
#10732 = ORIENTED_EDGE('',*,*,#10590,.F.);
#10733 = ADVANCED_FACE('',(#10734),#10549,.T.);
#10734 = FACE_BOUND('',#10735,.T.);
#10735 = EDGE_LOOP('',(#10736,#10757,#10758,#10779));
#10736 = ORIENTED_EDGE('',*,*,#10737,.F.);
#10737 = EDGE_CURVE('',#10506,#10621,#10738,.T.);
#10738 = SURFACE_CURVE('',#10739,(#10743,#10750),.PCURVE_S1.);
#10739 = LINE('',#10740,#10741);
#10740 = CARTESIAN_POINT('',(-17.5,45.,-35.));
#10741 = VECTOR('',#10742,1.);
#10742 = DIRECTION('',(1.,0.,-0.));
#10743 = PCURVE('',#10549,#10744);
#10744 = DEFINITIONAL_REPRESENTATION('',(#10745),#10749);
#10745 = LINE('',#10746,#10747);
#10746 = CARTESIAN_POINT('',(0.,0.));
#10747 = VECTOR('',#10748,1.);
#10748 = DIRECTION('',(0.,1.));
#10749 = ( GEOMETRIC_REPRESENTATION_CONTEXT(2) 
PARAMETRIC_REPRESENTATION_CONTEXT() REPRESENTATION_CONTEXT('2D SPACE',''
  ) );
#10750 = PCURVE('',#10521,#10751);
#10751 = DEFINITIONAL_REPRESENTATION('',(#10752),#10756);
#10752 = LINE('',#10753,#10754);
#10753 = CARTESIAN_POINT('',(0.,90.));
#10754 = VECTOR('',#10755,1.);
#10755 = DIRECTION('',(1.,0.));
#10756 = ( GEOMETRIC_REPRESENTATION_CONTEXT(2) 
PARAMETRIC_REPRESENTATION_CONTEXT() REPRESENTATION_CONTEXT('2D SPACE',''
  ) );
#10757 = ORIENTED_EDGE('',*,*,#10533,.T.);
#10758 = ORIENTED_EDGE('',*,*,#10759,.T.);
#10759 = EDGE_CURVE('',#10534,#10644,#10760,.T.);
#10760 = SURFACE_CURVE('',#10761,(#10765,#10772),.PCURVE_S1.);
#10761 = LINE('',#10762,#10763);
#10762 = CARTESIAN_POINT('',(-17.5,45.,35.));
#10763 = VECTOR('',#10764,1.);
#10764 = DIRECTION('',(1.,0.,-0.));
#10765 = PCURVE('',#10549,#10766);
#10766 = DEFINITIONAL_REPRESENTATION('',(#10767),#10771);
#10767 = LINE('',#10768,#10769);
#10768 = CARTESIAN_POINT('',(70.,0.));
#10769 = VECTOR('',#10770,1.);
#10770 = DIRECTION('',(0.,1.));
#10771 = ( GEOMETRIC_REPRESENTATION_CONTEXT(2) 
PARAMETRIC_REPRESENTATION_CONTEXT() REPRESENTATION_CONTEXT('2D SPACE',''
  ) );
#10772 = PCURVE('',#10575,#10773);
#10773 = DEFINITIONAL_REPRESENTATION('',(#10774),#10778);
#10774 = LINE('',#10775,#10776);
#10775 = CARTESIAN_POINT('',(0.,90.));
#10776 = VECTOR('',#10777,1.);
#10777 = DIRECTION('',(1.,0.));
#10778 = ( GEOMETRIC_REPRESENTATION_CONTEXT(2) 
PARAMETRIC_REPRESENTATION_CONTEXT() REPRESENTATION_CONTEXT('2D SPACE',''
  ) );
#10779 = ORIENTED_EDGE('',*,*,#10643,.F.);
#10780 = ADVANCED_FACE('',(#10781),#10521,.F.);
#10781 = FACE_BOUND('',#10782,.F.);
#10782 = EDGE_LOOP('',(#10783,#10784,#10785,#10786));
#10783 = ORIENTED_EDGE('',*,*,#10505,.F.);
#10784 = ORIENTED_EDGE('',*,*,#10690,.T.);
#10785 = ORIENTED_EDGE('',*,*,#10620,.T.);
#10786 = ORIENTED_EDGE('',*,*,#10737,.F.);
#10787 = ADVANCED_FACE('',(#10788),#10575,.T.);
#10788 = FACE_BOUND('',#10789,.T.);
#10789 = EDGE_LOOP('',(#10790,#10791,#10792,#10793));
#10790 = ORIENTED_EDGE('',*,*,#10561,.F.);
#10791 = ORIENTED_EDGE('',*,*,#10712,.T.);
#10792 = ORIENTED_EDGE('',*,*,#10666,.T.);
#10793 = ORIENTED_EDGE('',*,*,#10759,.F.);
#10794 = ( GEOMETRIC_REPRESENTATION_CONTEXT(3) 
GLOBAL_UNCERTAINTY_ASSIGNED_CONTEXT((#10798)) 
GLOBAL_UNIT_ASSIGNED_CONTEXT((#10795,#10796,#10797)) 
REPRESENTATION_CONTEXT('Context #1',
  '3D Context with UNIT and UNCERTAINTY') );
#10795 = ( LENGTH_UNIT() NAMED_UNIT(*) SI_UNIT(.MILLI.,.METRE.) );
#10796 = ( NAMED_UNIT(*) PLANE_ANGLE_UNIT() SI_UNIT($,.RADIAN.) );
#10797 = ( NAMED_UNIT(*) SI_UNIT($,.STERADIAN.) SOLID_ANGLE_UNIT() );
#10798 = UNCERTAINTY_MEASURE_WITH_UNIT(LENGTH_MEASURE(1.E-07),#10795,
  'distance_accuracy_value','confusion accuracy');
#10799 = CONTEXT_DEPENDENT_SHAPE_REPRESENTATION(#10800,#10802);
#10800 = ( REPRESENTATION_RELATIONSHIP('','',#10463,#10) 
REPRESENTATION_RELATIONSHIP_WITH_TRANSFORMATION(#10801) 
SHAPE_REPRESENTATION_RELATIONSHIP() );
#10801 = ITEM_DEFINED_TRANSFORMATION('','',#11,#39);
#10802 = PRODUCT_DEFINITION_SHAPE('Placement','Placement of an item',
  #10803);
#10803 = NEXT_ASSEMBLY_USAGE_OCCURRENCE('7','=>[0:1:1:8]','',#5,#10458,$
  );
#10804 = PRODUCT_RELATED_PRODUCT_CATEGORY('part',$,(#10460));
#10805 = SHAPE_DEFINITION_REPRESENTATION(#10806,#10812);
#10806 = PRODUCT_DEFINITION_SHAPE('','',#10807);
#10807 = PRODUCT_DEFINITION('design','',#10808,#10811);
#10808 = PRODUCT_DEFINITION_FORMATION('','',#10809);
#10809 = PRODUCT('COMPOUND','COMPOUND','',(#10810));
#10810 = PRODUCT_CONTEXT('',#2,'mechanical');
#10811 = PRODUCT_DEFINITION_CONTEXT('part definition',#2,'design');
#10812 = ADVANCED_BREP_SHAPE_REPRESENTATION('',(#11,#10813),#11143);
#10813 = MANIFOLD_SOLID_BREP('',#10814);
#10814 = CLOSED_SHELL('',(#10815,#10935,#11035,#11082,#11129,#11136));
#10815 = ADVANCED_FACE('',(#10816),#10830,.F.);
#10816 = FACE_BOUND('',#10817,.F.);
#10817 = EDGE_LOOP('',(#10818,#10853,#10881,#10909));
#10818 = ORIENTED_EDGE('',*,*,#10819,.F.);
#10819 = EDGE_CURVE('',#10820,#10822,#10824,.T.);
#10820 = VERTEX_POINT('',#10821);
#10821 = CARTESIAN_POINT('',(-12.5,-50.,-40.));
#10822 = VERTEX_POINT('',#10823);
#10823 = CARTESIAN_POINT('',(-12.5,-50.,40.));
#10824 = SURFACE_CURVE('',#10825,(#10829,#10841),.PCURVE_S1.);
#10825 = LINE('',#10826,#10827);
#10826 = CARTESIAN_POINT('',(-12.5,-50.,-40.));
#10827 = VECTOR('',#10828,1.);
#10828 = DIRECTION('',(0.,0.,1.));
#10829 = PCURVE('',#10830,#10835);
#10830 = PLANE('',#10831);
#10831 = AXIS2_PLACEMENT_3D('',#10832,#10833,#10834);
#10832 = CARTESIAN_POINT('',(-12.5,-50.,-40.));
#10833 = DIRECTION('',(1.,0.,-0.));
#10834 = DIRECTION('',(0.,0.,1.));
#10835 = DEFINITIONAL_REPRESENTATION('',(#10836),#10840);
#10836 = LINE('',#10837,#10838);
#10837 = CARTESIAN_POINT('',(0.,0.));
#10838 = VECTOR('',#10839,1.);
#10839 = DIRECTION('',(1.,0.));
#10840 = ( GEOMETRIC_REPRESENTATION_CONTEXT(2) 
PARAMETRIC_REPRESENTATION_CONTEXT() REPRESENTATION_CONTEXT('2D SPACE',''
  ) );
#10841 = PCURVE('',#10842,#10847);
#10842 = PLANE('',#10843);
#10843 = AXIS2_PLACEMENT_3D('',#10844,#10845,#10846);
#10844 = CARTESIAN_POINT('',(-12.5,-50.,-40.));
#10845 = DIRECTION('',(-0.,1.,0.));
#10846 = DIRECTION('',(0.,0.,1.));
#10847 = DEFINITIONAL_REPRESENTATION('',(#10848),#10852);
#10848 = LINE('',#10849,#10850);
#10849 = CARTESIAN_POINT('',(0.,0.));
#10850 = VECTOR('',#10851,1.);
#10851 = DIRECTION('',(1.,0.));
#10852 = ( GEOMETRIC_REPRESENTATION_CONTEXT(2) 
PARAMETRIC_REPRESENTATION_CONTEXT() REPRESENTATION_CONTEXT('2D SPACE',''
  ) );
#10853 = ORIENTED_EDGE('',*,*,#10854,.T.);
#10854 = EDGE_CURVE('',#10820,#10855,#10857,.T.);
#10855 = VERTEX_POINT('',#10856);
#10856 = CARTESIAN_POINT('',(-12.5,50.,-40.));
#10857 = SURFACE_CURVE('',#10858,(#10862,#10869),.PCURVE_S1.);
#10858 = LINE('',#10859,#10860);
#10859 = CARTESIAN_POINT('',(-12.5,-50.,-40.));
#10860 = VECTOR('',#10861,1.);
#10861 = DIRECTION('',(-0.,1.,0.));
#10862 = PCURVE('',#10830,#10863);
#10863 = DEFINITIONAL_REPRESENTATION('',(#10864),#10868);
#10864 = LINE('',#10865,#10866);
#10865 = CARTESIAN_POINT('',(0.,0.));
#10866 = VECTOR('',#10867,1.);
#10867 = DIRECTION('',(0.,-1.));
#10868 = ( GEOMETRIC_REPRESENTATION_CONTEXT(2) 
PARAMETRIC_REPRESENTATION_CONTEXT() REPRESENTATION_CONTEXT('2D SPACE',''
  ) );
#10869 = PCURVE('',#10870,#10875);
#10870 = PLANE('',#10871);
#10871 = AXIS2_PLACEMENT_3D('',#10872,#10873,#10874);
#10872 = CARTESIAN_POINT('',(-12.5,-50.,-40.));
#10873 = DIRECTION('',(0.,0.,1.));
#10874 = DIRECTION('',(1.,0.,-0.));
#10875 = DEFINITIONAL_REPRESENTATION('',(#10876),#10880);
#10876 = LINE('',#10877,#10878);
#10877 = CARTESIAN_POINT('',(0.,0.));
#10878 = VECTOR('',#10879,1.);
#10879 = DIRECTION('',(0.,1.));
#10880 = ( GEOMETRIC_REPRESENTATION_CONTEXT(2) 
PARAMETRIC_REPRESENTATION_CONTEXT() REPRESENTATION_CONTEXT('2D SPACE',''
  ) );
#10881 = ORIENTED_EDGE('',*,*,#10882,.T.);
#10882 = EDGE_CURVE('',#10855,#10883,#10885,.T.);
#10883 = VERTEX_POINT('',#10884);
#10884 = CARTESIAN_POINT('',(-12.5,50.,40.));
#10885 = SURFACE_CURVE('',#10886,(#10890,#10897),.PCURVE_S1.);
#10886 = LINE('',#10887,#10888);
#10887 = CARTESIAN_POINT('',(-12.5,50.,-40.));
#10888 = VECTOR('',#10889,1.);
#10889 = DIRECTION('',(0.,0.,1.));
#10890 = PCURVE('',#10830,#10891);
#10891 = DEFINITIONAL_REPRESENTATION('',(#10892),#10896);
#10892 = LINE('',#10893,#10894);
#10893 = CARTESIAN_POINT('',(0.,-100.));
#10894 = VECTOR('',#10895,1.);
#10895 = DIRECTION('',(1.,0.));
#10896 = ( GEOMETRIC_REPRESENTATION_CONTEXT(2) 
PARAMETRIC_REPRESENTATION_CONTEXT() REPRESENTATION_CONTEXT('2D SPACE',''
  ) );
#10897 = PCURVE('',#10898,#10903);
#10898 = PLANE('',#10899);
#10899 = AXIS2_PLACEMENT_3D('',#10900,#10901,#10902);
#10900 = CARTESIAN_POINT('',(-12.5,50.,-40.));
#10901 = DIRECTION('',(-0.,1.,0.));
#10902 = DIRECTION('',(0.,0.,1.));
#10903 = DEFINITIONAL_REPRESENTATION('',(#10904),#10908);
#10904 = LINE('',#10905,#10906);
#10905 = CARTESIAN_POINT('',(0.,0.));
#10906 = VECTOR('',#10907,1.);
#10907 = DIRECTION('',(1.,0.));
#10908 = ( GEOMETRIC_REPRESENTATION_CONTEXT(2) 
PARAMETRIC_REPRESENTATION_CONTEXT() REPRESENTATION_CONTEXT('2D SPACE',''
  ) );
#10909 = ORIENTED_EDGE('',*,*,#10910,.F.);
#10910 = EDGE_CURVE('',#10822,#10883,#10911,.T.);
#10911 = SURFACE_CURVE('',#10912,(#10916,#10923),.PCURVE_S1.);
#10912 = LINE('',#10913,#10914);
#10913 = CARTESIAN_POINT('',(-12.5,-50.,40.));
#10914 = VECTOR('',#10915,1.);
#10915 = DIRECTION('',(-0.,1.,0.));
#10916 = PCURVE('',#10830,#10917);
#10917 = DEFINITIONAL_REPRESENTATION('',(#10918),#10922);
#10918 = LINE('',#10919,#10920);
#10919 = CARTESIAN_POINT('',(80.,0.));
#10920 = VECTOR('',#10921,1.);
#10921 = DIRECTION('',(0.,-1.));
#10922 = ( GEOMETRIC_REPRESENTATION_CONTEXT(2) 
PARAMETRIC_REPRESENTATION_CONTEXT() REPRESENTATION_CONTEXT('2D SPACE',''
  ) );
#10923 = PCURVE('',#10924,#10929);
#10924 = PLANE('',#10925);
#10925 = AXIS2_PLACEMENT_3D('',#10926,#10927,#10928);
#10926 = CARTESIAN_POINT('',(-12.5,-50.,40.));
#10927 = DIRECTION('',(0.,0.,1.));
#10928 = DIRECTION('',(1.,0.,-0.));
#10929 = DEFINITIONAL_REPRESENTATION('',(#10930),#10934);
#10930 = LINE('',#10931,#10932);
#10931 = CARTESIAN_POINT('',(0.,0.));
#10932 = VECTOR('',#10933,1.);
#10933 = DIRECTION('',(0.,1.));
#10934 = ( GEOMETRIC_REPRESENTATION_CONTEXT(2) 
PARAMETRIC_REPRESENTATION_CONTEXT() REPRESENTATION_CONTEXT('2D SPACE',''
  ) );
#10935 = ADVANCED_FACE('',(#10936),#10950,.T.);
#10936 = FACE_BOUND('',#10937,.T.);
#10937 = EDGE_LOOP('',(#10938,#10968,#10991,#11014));
#10938 = ORIENTED_EDGE('',*,*,#10939,.F.);
#10939 = EDGE_CURVE('',#10940,#10942,#10944,.T.);
#10940 = VERTEX_POINT('',#10941);
#10941 = CARTESIAN_POINT('',(12.5,-50.,-40.));
#10942 = VERTEX_POINT('',#10943);
#10943 = CARTESIAN_POINT('',(12.5,-50.,40.));
#10944 = SURFACE_CURVE('',#10945,(#10949,#10961),.PCURVE_S1.);
#10945 = LINE('',#10946,#10947);
#10946 = CARTESIAN_POINT('',(12.5,-50.,-40.));
#10947 = VECTOR('',#10948,1.);
#10948 = DIRECTION('',(0.,0.,1.));
#10949 = PCURVE('',#10950,#10955);
#10950 = PLANE('',#10951);
#10951 = AXIS2_PLACEMENT_3D('',#10952,#10953,#10954);
#10952 = CARTESIAN_POINT('',(12.5,-50.,-40.));
#10953 = DIRECTION('',(1.,0.,-0.));
#10954 = DIRECTION('',(0.,0.,1.));
#10955 = DEFINITIONAL_REPRESENTATION('',(#10956),#10960);
#10956 = LINE('',#10957,#10958);
#10957 = CARTESIAN_POINT('',(0.,0.));
#10958 = VECTOR('',#10959,1.);
#10959 = DIRECTION('',(1.,0.));
#10960 = ( GEOMETRIC_REPRESENTATION_CONTEXT(2) 
PARAMETRIC_REPRESENTATION_CONTEXT() REPRESENTATION_CONTEXT('2D SPACE',''
  ) );
#10961 = PCURVE('',#10842,#10962);
#10962 = DEFINITIONAL_REPRESENTATION('',(#10963),#10967);
#10963 = LINE('',#10964,#10965);
#10964 = CARTESIAN_POINT('',(0.,25.));
#10965 = VECTOR('',#10966,1.);
#10966 = DIRECTION('',(1.,0.));
#10967 = ( GEOMETRIC_REPRESENTATION_CONTEXT(2) 
PARAMETRIC_REPRESENTATION_CONTEXT() REPRESENTATION_CONTEXT('2D SPACE',''
  ) );
#10968 = ORIENTED_EDGE('',*,*,#10969,.T.);
#10969 = EDGE_CURVE('',#10940,#10970,#10972,.T.);
#10970 = VERTEX_POINT('',#10971);
#10971 = CARTESIAN_POINT('',(12.5,50.,-40.));
#10972 = SURFACE_CURVE('',#10973,(#10977,#10984),.PCURVE_S1.);
#10973 = LINE('',#10974,#10975);
#10974 = CARTESIAN_POINT('',(12.5,-50.,-40.));
#10975 = VECTOR('',#10976,1.);
#10976 = DIRECTION('',(-0.,1.,0.));
#10977 = PCURVE('',#10950,#10978);
#10978 = DEFINITIONAL_REPRESENTATION('',(#10979),#10983);
#10979 = LINE('',#10980,#10981);
#10980 = CARTESIAN_POINT('',(0.,0.));
#10981 = VECTOR('',#10982,1.);
#10982 = DIRECTION('',(0.,-1.));
#10983 = ( GEOMETRIC_REPRESENTATION_CONTEXT(2) 
PARAMETRIC_REPRESENTATION_CONTEXT() REPRESENTATION_CONTEXT('2D SPACE',''
  ) );
#10984 = PCURVE('',#10870,#10985);
#10985 = DEFINITIONAL_REPRESENTATION('',(#10986),#10990);
#10986 = LINE('',#10987,#10988);
#10987 = CARTESIAN_POINT('',(25.,0.));
#10988 = VECTOR('',#10989,1.);
#10989 = DIRECTION('',(0.,1.));
#10990 = ( GEOMETRIC_REPRESENTATION_CONTEXT(2) 
PARAMETRIC_REPRESENTATION_CONTEXT() REPRESENTATION_CONTEXT('2D SPACE',''
  ) );
#10991 = ORIENTED_EDGE('',*,*,#10992,.T.);
#10992 = EDGE_CURVE('',#10970,#10993,#10995,.T.);
#10993 = VERTEX_POINT('',#10994);
#10994 = CARTESIAN_POINT('',(12.5,50.,40.));
#10995 = SURFACE_CURVE('',#10996,(#11000,#11007),.PCURVE_S1.);
#10996 = LINE('',#10997,#10998);
#10997 = CARTESIAN_POINT('',(12.5,50.,-40.));
#10998 = VECTOR('',#10999,1.);
#10999 = DIRECTION('',(0.,0.,1.));
#11000 = PCURVE('',#10950,#11001);
#11001 = DEFINITIONAL_REPRESENTATION('',(#11002),#11006);
#11002 = LINE('',#11003,#11004);
#11003 = CARTESIAN_POINT('',(0.,-100.));
#11004 = VECTOR('',#11005,1.);
#11005 = DIRECTION('',(1.,0.));
#11006 = ( GEOMETRIC_REPRESENTATION_CONTEXT(2) 
PARAMETRIC_REPRESENTATION_CONTEXT() REPRESENTATION_CONTEXT('2D SPACE',''
  ) );
#11007 = PCURVE('',#10898,#11008);
#11008 = DEFINITIONAL_REPRESENTATION('',(#11009),#11013);
#11009 = LINE('',#11010,#11011);
#11010 = CARTESIAN_POINT('',(0.,25.));
#11011 = VECTOR('',#11012,1.);
#11012 = DIRECTION('',(1.,0.));
#11013 = ( GEOMETRIC_REPRESENTATION_CONTEXT(2) 
PARAMETRIC_REPRESENTATION_CONTEXT() REPRESENTATION_CONTEXT('2D SPACE',''
  ) );
#11014 = ORIENTED_EDGE('',*,*,#11015,.F.);
#11015 = EDGE_CURVE('',#10942,#10993,#11016,.T.);
#11016 = SURFACE_CURVE('',#11017,(#11021,#11028),.PCURVE_S1.);
#11017 = LINE('',#11018,#11019);
#11018 = CARTESIAN_POINT('',(12.5,-50.,40.));
#11019 = VECTOR('',#11020,1.);
#11020 = DIRECTION('',(-0.,1.,0.));
#11021 = PCURVE('',#10950,#11022);
#11022 = DEFINITIONAL_REPRESENTATION('',(#11023),#11027);
#11023 = LINE('',#11024,#11025);
#11024 = CARTESIAN_POINT('',(80.,0.));
#11025 = VECTOR('',#11026,1.);
#11026 = DIRECTION('',(0.,-1.));
#11027 = ( GEOMETRIC_REPRESENTATION_CONTEXT(2) 
PARAMETRIC_REPRESENTATION_CONTEXT() REPRESENTATION_CONTEXT('2D SPACE',''
  ) );
#11028 = PCURVE('',#10924,#11029);
#11029 = DEFINITIONAL_REPRESENTATION('',(#11030),#11034);
#11030 = LINE('',#11031,#11032);
#11031 = CARTESIAN_POINT('',(25.,0.));
#11032 = VECTOR('',#11033,1.);
#11033 = DIRECTION('',(0.,1.));
#11034 = ( GEOMETRIC_REPRESENTATION_CONTEXT(2) 
PARAMETRIC_REPRESENTATION_CONTEXT() REPRESENTATION_CONTEXT('2D SPACE',''
  ) );
#11035 = ADVANCED_FACE('',(#11036),#10842,.F.);
#11036 = FACE_BOUND('',#11037,.F.);
#11037 = EDGE_LOOP('',(#11038,#11059,#11060,#11081));
#11038 = ORIENTED_EDGE('',*,*,#11039,.F.);
#11039 = EDGE_CURVE('',#10820,#10940,#11040,.T.);
#11040 = SURFACE_CURVE('',#11041,(#11045,#11052),.PCURVE_S1.);
#11041 = LINE('',#11042,#11043);
#11042 = CARTESIAN_POINT('',(-12.5,-50.,-40.));
#11043 = VECTOR('',#11044,1.);
#11044 = DIRECTION('',(1.,0.,-0.));
#11045 = PCURVE('',#10842,#11046);
#11046 = DEFINITIONAL_REPRESENTATION('',(#11047),#11051);
#11047 = LINE('',#11048,#11049);
#11048 = CARTESIAN_POINT('',(0.,0.));
#11049 = VECTOR('',#11050,1.);
#11050 = DIRECTION('',(0.,1.));
#11051 = ( GEOMETRIC_REPRESENTATION_CONTEXT(2) 
PARAMETRIC_REPRESENTATION_CONTEXT() REPRESENTATION_CONTEXT('2D SPACE',''
  ) );
#11052 = PCURVE('',#10870,#11053);
#11053 = DEFINITIONAL_REPRESENTATION('',(#11054),#11058);
#11054 = LINE('',#11055,#11056);
#11055 = CARTESIAN_POINT('',(0.,0.));
#11056 = VECTOR('',#11057,1.);
#11057 = DIRECTION('',(1.,0.));
#11058 = ( GEOMETRIC_REPRESENTATION_CONTEXT(2) 
PARAMETRIC_REPRESENTATION_CONTEXT() REPRESENTATION_CONTEXT('2D SPACE',''
  ) );
#11059 = ORIENTED_EDGE('',*,*,#10819,.T.);
#11060 = ORIENTED_EDGE('',*,*,#11061,.T.);
#11061 = EDGE_CURVE('',#10822,#10942,#11062,.T.);
#11062 = SURFACE_CURVE('',#11063,(#11067,#11074),.PCURVE_S1.);
#11063 = LINE('',#11064,#11065);
#11064 = CARTESIAN_POINT('',(-12.5,-50.,40.));
#11065 = VECTOR('',#11066,1.);
#11066 = DIRECTION('',(1.,0.,-0.));
#11067 = PCURVE('',#10842,#11068);
#11068 = DEFINITIONAL_REPRESENTATION('',(#11069),#11073);
#11069 = LINE('',#11070,#11071);
#11070 = CARTESIAN_POINT('',(80.,0.));
#11071 = VECTOR('',#11072,1.);
#11072 = DIRECTION('',(0.,1.));
#11073 = ( GEOMETRIC_REPRESENTATION_CONTEXT(2) 
PARAMETRIC_REPRESENTATION_CONTEXT() REPRESENTATION_CONTEXT('2D SPACE',''
  ) );
#11074 = PCURVE('',#10924,#11075);
#11075 = DEFINITIONAL_REPRESENTATION('',(#11076),#11080);
#11076 = LINE('',#11077,#11078);
#11077 = CARTESIAN_POINT('',(0.,0.));
#11078 = VECTOR('',#11079,1.);
#11079 = DIRECTION('',(1.,0.));
#11080 = ( GEOMETRIC_REPRESENTATION_CONTEXT(2) 
PARAMETRIC_REPRESENTATION_CONTEXT() REPRESENTATION_CONTEXT('2D SPACE',''
  ) );
#11081 = ORIENTED_EDGE('',*,*,#10939,.F.);
#11082 = ADVANCED_FACE('',(#11083),#10898,.T.);
#11083 = FACE_BOUND('',#11084,.T.);
#11084 = EDGE_LOOP('',(#11085,#11106,#11107,#11128));
#11085 = ORIENTED_EDGE('',*,*,#11086,.F.);
#11086 = EDGE_CURVE('',#10855,#10970,#11087,.T.);
#11087 = SURFACE_CURVE('',#11088,(#11092,#11099),.PCURVE_S1.);
#11088 = LINE('',#11089,#11090);
#11089 = CARTESIAN_POINT('',(-12.5,50.,-40.));
#11090 = VECTOR('',#11091,1.);
#11091 = DIRECTION('',(1.,0.,-0.));
#11092 = PCURVE('',#10898,#11093);
#11093 = DEFINITIONAL_REPRESENTATION('',(#11094),#11098);
#11094 = LINE('',#11095,#11096);
#11095 = CARTESIAN_POINT('',(0.,0.));
#11096 = VECTOR('',#11097,1.);
#11097 = DIRECTION('',(0.,1.));
#11098 = ( GEOMETRIC_REPRESENTATION_CONTEXT(2) 
PARAMETRIC_REPRESENTATION_CONTEXT() REPRESENTATION_CONTEXT('2D SPACE',''
  ) );
#11099 = PCURVE('',#10870,#11100);
#11100 = DEFINITIONAL_REPRESENTATION('',(#11101),#11105);
#11101 = LINE('',#11102,#11103);
#11102 = CARTESIAN_POINT('',(0.,100.));
#11103 = VECTOR('',#11104,1.);
#11104 = DIRECTION('',(1.,0.));
#11105 = ( GEOMETRIC_REPRESENTATION_CONTEXT(2) 
PARAMETRIC_REPRESENTATION_CONTEXT() REPRESENTATION_CONTEXT('2D SPACE',''
  ) );
#11106 = ORIENTED_EDGE('',*,*,#10882,.T.);
#11107 = ORIENTED_EDGE('',*,*,#11108,.T.);
#11108 = EDGE_CURVE('',#10883,#10993,#11109,.T.);
#11109 = SURFACE_CURVE('',#11110,(#11114,#11121),.PCURVE_S1.);
#11110 = LINE('',#11111,#11112);
#11111 = CARTESIAN_POINT('',(-12.5,50.,40.));
#11112 = VECTOR('',#11113,1.);
#11113 = DIRECTION('',(1.,0.,-0.));
#11114 = PCURVE('',#10898,#11115);
#11115 = DEFINITIONAL_REPRESENTATION('',(#11116),#11120);
#11116 = LINE('',#11117,#11118);
#11117 = CARTESIAN_POINT('',(80.,0.));
#11118 = VECTOR('',#11119,1.);
#11119 = DIRECTION('',(0.,1.));
#11120 = ( GEOMETRIC_REPRESENTATION_CONTEXT(2) 
PARAMETRIC_REPRESENTATION_CONTEXT() REPRESENTATION_CONTEXT('2D SPACE',''
  ) );
#11121 = PCURVE('',#10924,#11122);
#11122 = DEFINITIONAL_REPRESENTATION('',(#11123),#11127);
#11123 = LINE('',#11124,#11125);
#11124 = CARTESIAN_POINT('',(0.,100.));
#11125 = VECTOR('',#11126,1.);
#11126 = DIRECTION('',(1.,0.));
#11127 = ( GEOMETRIC_REPRESENTATION_CONTEXT(2) 
PARAMETRIC_REPRESENTATION_CONTEXT() REPRESENTATION_CONTEXT('2D SPACE',''
  ) );
#11128 = ORIENTED_EDGE('',*,*,#10992,.F.);
#11129 = ADVANCED_FACE('',(#11130),#10870,.F.);
#11130 = FACE_BOUND('',#11131,.F.);
#11131 = EDGE_LOOP('',(#11132,#11133,#11134,#11135));
#11132 = ORIENTED_EDGE('',*,*,#10854,.F.);
#11133 = ORIENTED_EDGE('',*,*,#11039,.T.);
#11134 = ORIENTED_EDGE('',*,*,#10969,.T.);
#11135 = ORIENTED_EDGE('',*,*,#11086,.F.);
#11136 = ADVANCED_FACE('',(#11137),#10924,.T.);
#11137 = FACE_BOUND('',#11138,.T.);
#11138 = EDGE_LOOP('',(#11139,#11140,#11141,#11142));
#11139 = ORIENTED_EDGE('',*,*,#10910,.F.);
#11140 = ORIENTED_EDGE('',*,*,#11061,.T.);
#11141 = ORIENTED_EDGE('',*,*,#11015,.T.);
#11142 = ORIENTED_EDGE('',*,*,#11108,.F.);
#11143 = ( GEOMETRIC_REPRESENTATION_CONTEXT(3) 
GLOBAL_UNCERTAINTY_ASSIGNED_CONTEXT((#11147)) 
GLOBAL_UNIT_ASSIGNED_CONTEXT((#11144,#11145,#11146)) 
REPRESENTATION_CONTEXT('Context #1',
  '3D Context with UNIT and UNCERTAINTY') );
#11144 = ( LENGTH_UNIT() NAMED_UNIT(*) SI_UNIT(.MILLI.,.METRE.) );
#11145 = ( NAMED_UNIT(*) PLANE_ANGLE_UNIT() SI_UNIT($,.RADIAN.) );
#11146 = ( NAMED_UNIT(*) SI_UNIT($,.STERADIAN.) SOLID_ANGLE_UNIT() );
#11147 = UNCERTAINTY_MEASURE_WITH_UNIT(LENGTH_MEASURE(1.E-07),#11144,
  'distance_accuracy_value','confusion accuracy');
#11148 = CONTEXT_DEPENDENT_SHAPE_REPRESENTATION(#11149,#11151);
#11149 = ( REPRESENTATION_RELATIONSHIP('','',#10812,#10) 
REPRESENTATION_RELATIONSHIP_WITH_TRANSFORMATION(#11150) 
SHAPE_REPRESENTATION_RELATIONSHIP() );
#11150 = ITEM_DEFINED_TRANSFORMATION('','',#11,#43);
#11151 = PRODUCT_DEFINITION_SHAPE('Placement','Placement of an item',
  #11152);
#11152 = NEXT_ASSEMBLY_USAGE_OCCURRENCE('8','=>[0:1:1:9]','',#5,#10807,$
  );
#11153 = PRODUCT_RELATED_PRODUCT_CATEGORY('part',$,(#10809));
#11154 = SHAPE_DEFINITION_REPRESENTATION(#11155,#11161);
#11155 = PRODUCT_DEFINITION_SHAPE('','',#11156);
#11156 = PRODUCT_DEFINITION('design','',#11157,#11160);
#11157 = PRODUCT_DEFINITION_FORMATION('','',#11158);
#11158 = PRODUCT('COMPOUND','COMPOUND','',(#11159));
#11159 = PRODUCT_CONTEXT('',#2,'mechanical');
#11160 = PRODUCT_DEFINITION_CONTEXT('part definition',#2,'design');
#11161 = ADVANCED_BREP_SHAPE_REPRESENTATION('',(#11,#11162),#11492);
#11162 = MANIFOLD_SOLID_BREP('',#11163);
#11163 = CLOSED_SHELL('',(#11164,#11284,#11384,#11431,#11478,#11485));
#11164 = ADVANCED_FACE('',(#11165),#11179,.F.);
#11165 = FACE_BOUND('',#11166,.F.);
#11166 = EDGE_LOOP('',(#11167,#11202,#11230,#11258));
#11167 = ORIENTED_EDGE('',*,*,#11168,.F.);
#11168 = EDGE_CURVE('',#11169,#11171,#11173,.T.);
#11169 = VERTEX_POINT('',#11170);
#11170 = CARTESIAN_POINT('',(-175.,-125.,-12.5));
#11171 = VERTEX_POINT('',#11172);
#11172 = CARTESIAN_POINT('',(-175.,-125.,12.5));
#11173 = SURFACE_CURVE('',#11174,(#11178,#11190),.PCURVE_S1.);
#11174 = LINE('',#11175,#11176);
#11175 = CARTESIAN_POINT('',(-175.,-125.,-12.5));
#11176 = VECTOR('',#11177,1.);
#11177 = DIRECTION('',(0.,0.,1.));
#11178 = PCURVE('',#11179,#11184);
#11179 = PLANE('',#11180);
#11180 = AXIS2_PLACEMENT_3D('',#11181,#11182,#11183);
#11181 = CARTESIAN_POINT('',(-175.,-125.,-12.5));
#11182 = DIRECTION('',(1.,0.,-0.));
#11183 = DIRECTION('',(0.,0.,1.));
#11184 = DEFINITIONAL_REPRESENTATION('',(#11185),#11189);
#11185 = LINE('',#11186,#11187);
#11186 = CARTESIAN_POINT('',(0.,0.));
#11187 = VECTOR('',#11188,1.);
#11188 = DIRECTION('',(1.,0.));
#11189 = ( GEOMETRIC_REPRESENTATION_CONTEXT(2) 
PARAMETRIC_REPRESENTATION_CONTEXT() REPRESENTATION_CONTEXT('2D SPACE',''
  ) );
#11190 = PCURVE('',#11191,#11196);
#11191 = PLANE('',#11192);
#11192 = AXIS2_PLACEMENT_3D('',#11193,#11194,#11195);
#11193 = CARTESIAN_POINT('',(-175.,-125.,-12.5));
#11194 = DIRECTION('',(-0.,1.,0.));
#11195 = DIRECTION('',(0.,0.,1.));
#11196 = DEFINITIONAL_REPRESENTATION('',(#11197),#11201);
#11197 = LINE('',#11198,#11199);
#11198 = CARTESIAN_POINT('',(0.,0.));
#11199 = VECTOR('',#11200,1.);
#11200 = DIRECTION('',(1.,0.));
#11201 = ( GEOMETRIC_REPRESENTATION_CONTEXT(2) 
PARAMETRIC_REPRESENTATION_CONTEXT() REPRESENTATION_CONTEXT('2D SPACE',''
  ) );
#11202 = ORIENTED_EDGE('',*,*,#11203,.T.);
#11203 = EDGE_CURVE('',#11169,#11204,#11206,.T.);
#11204 = VERTEX_POINT('',#11205);
#11205 = CARTESIAN_POINT('',(-175.,125.,-12.5));
#11206 = SURFACE_CURVE('',#11207,(#11211,#11218),.PCURVE_S1.);
#11207 = LINE('',#11208,#11209);
#11208 = CARTESIAN_POINT('',(-175.,-125.,-12.5));
#11209 = VECTOR('',#11210,1.);
#11210 = DIRECTION('',(-0.,1.,0.));
#11211 = PCURVE('',#11179,#11212);
#11212 = DEFINITIONAL_REPRESENTATION('',(#11213),#11217);
#11213 = LINE('',#11214,#11215);
#11214 = CARTESIAN_POINT('',(0.,0.));
#11215 = VECTOR('',#11216,1.);
#11216 = DIRECTION('',(0.,-1.));
#11217 = ( GEOMETRIC_REPRESENTATION_CONTEXT(2) 
PARAMETRIC_REPRESENTATION_CONTEXT() REPRESENTATION_CONTEXT('2D SPACE',''
  ) );
#11218 = PCURVE('',#11219,#11224);
#11219 = PLANE('',#11220);
#11220 = AXIS2_PLACEMENT_3D('',#11221,#11222,#11223);
#11221 = CARTESIAN_POINT('',(-175.,-125.,-12.5));
#11222 = DIRECTION('',(0.,0.,1.));
#11223 = DIRECTION('',(1.,0.,-0.));
#11224 = DEFINITIONAL_REPRESENTATION('',(#11225),#11229);
#11225 = LINE('',#11226,#11227);
#11226 = CARTESIAN_POINT('',(0.,0.));
#11227 = VECTOR('',#11228,1.);
#11228 = DIRECTION('',(0.,1.));
#11229 = ( GEOMETRIC_REPRESENTATION_CONTEXT(2) 
PARAMETRIC_REPRESENTATION_CONTEXT() REPRESENTATION_CONTEXT('2D SPACE',''
  ) );
#11230 = ORIENTED_EDGE('',*,*,#11231,.T.);
#11231 = EDGE_CURVE('',#11204,#11232,#11234,.T.);
#11232 = VERTEX_POINT('',#11233);
#11233 = CARTESIAN_POINT('',(-175.,125.,12.5));
#11234 = SURFACE_CURVE('',#11235,(#11239,#11246),.PCURVE_S1.);
#11235 = LINE('',#11236,#11237);
#11236 = CARTESIAN_POINT('',(-175.,125.,-12.5));
#11237 = VECTOR('',#11238,1.);
#11238 = DIRECTION('',(0.,0.,1.));
#11239 = PCURVE('',#11179,#11240);
#11240 = DEFINITIONAL_REPRESENTATION('',(#11241),#11245);
#11241 = LINE('',#11242,#11243);
#11242 = CARTESIAN_POINT('',(0.,-250.));
#11243 = VECTOR('',#11244,1.);
#11244 = DIRECTION('',(1.,0.));
#11245 = ( GEOMETRIC_REPRESENTATION_CONTEXT(2) 
PARAMETRIC_REPRESENTATION_CONTEXT() REPRESENTATION_CONTEXT('2D SPACE',''
  ) );
#11246 = PCURVE('',#11247,#11252);
#11247 = PLANE('',#11248);
#11248 = AXIS2_PLACEMENT_3D('',#11249,#11250,#11251);
#11249 = CARTESIAN_POINT('',(-175.,125.,-12.5));
#11250 = DIRECTION('',(-0.,1.,0.));
#11251 = DIRECTION('',(0.,0.,1.));
#11252 = DEFINITIONAL_REPRESENTATION('',(#11253),#11257);
#11253 = LINE('',#11254,#11255);
#11254 = CARTESIAN_POINT('',(0.,0.));
#11255 = VECTOR('',#11256,1.);
#11256 = DIRECTION('',(1.,0.));
#11257 = ( GEOMETRIC_REPRESENTATION_CONTEXT(2) 
PARAMETRIC_REPRESENTATION_CONTEXT() REPRESENTATION_CONTEXT('2D SPACE',''
  ) );
#11258 = ORIENTED_EDGE('',*,*,#11259,.F.);
#11259 = EDGE_CURVE('',#11171,#11232,#11260,.T.);
#11260 = SURFACE_CURVE('',#11261,(#11265,#11272),.PCURVE_S1.);
#11261 = LINE('',#11262,#11263);
#11262 = CARTESIAN_POINT('',(-175.,-125.,12.5));
#11263 = VECTOR('',#11264,1.);
#11264 = DIRECTION('',(-0.,1.,0.));
#11265 = PCURVE('',#11179,#11266);
#11266 = DEFINITIONAL_REPRESENTATION('',(#11267),#11271);
#11267 = LINE('',#11268,#11269);
#11268 = CARTESIAN_POINT('',(25.,0.));
#11269 = VECTOR('',#11270,1.);
#11270 = DIRECTION('',(0.,-1.));
#11271 = ( GEOMETRIC_REPRESENTATION_CONTEXT(2) 
PARAMETRIC_REPRESENTATION_CONTEXT() REPRESENTATION_CONTEXT('2D SPACE',''
  ) );
#11272 = PCURVE('',#11273,#11278);
#11273 = PLANE('',#11274);
#11274 = AXIS2_PLACEMENT_3D('',#11275,#11276,#11277);
#11275 = CARTESIAN_POINT('',(-175.,-125.,12.5));
#11276 = DIRECTION('',(0.,0.,1.));
#11277 = DIRECTION('',(1.,0.,-0.));
#11278 = DEFINITIONAL_REPRESENTATION('',(#11279),#11283);
#11279 = LINE('',#11280,#11281);
#11280 = CARTESIAN_POINT('',(0.,0.));
#11281 = VECTOR('',#11282,1.);
#11282 = DIRECTION('',(0.,1.));
#11283 = ( GEOMETRIC_REPRESENTATION_CONTEXT(2) 
PARAMETRIC_REPRESENTATION_CONTEXT() REPRESENTATION_CONTEXT('2D SPACE',''
  ) );
#11284 = ADVANCED_FACE('',(#11285),#11299,.T.);
#11285 = FACE_BOUND('',#11286,.T.);
#11286 = EDGE_LOOP('',(#11287,#11317,#11340,#11363));
#11287 = ORIENTED_EDGE('',*,*,#11288,.F.);
#11288 = EDGE_CURVE('',#11289,#11291,#11293,.T.);
#11289 = VERTEX_POINT('',#11290);
#11290 = CARTESIAN_POINT('',(175.,-125.,-12.5));
#11291 = VERTEX_POINT('',#11292);
#11292 = CARTESIAN_POINT('',(175.,-125.,12.5));
#11293 = SURFACE_CURVE('',#11294,(#11298,#11310),.PCURVE_S1.);
#11294 = LINE('',#11295,#11296);
#11295 = CARTESIAN_POINT('',(175.,-125.,-12.5));
#11296 = VECTOR('',#11297,1.);
#11297 = DIRECTION('',(0.,0.,1.));
#11298 = PCURVE('',#11299,#11304);
#11299 = PLANE('',#11300);
#11300 = AXIS2_PLACEMENT_3D('',#11301,#11302,#11303);
#11301 = CARTESIAN_POINT('',(175.,-125.,-12.5));
#11302 = DIRECTION('',(1.,0.,-0.));
#11303 = DIRECTION('',(0.,0.,1.));
#11304 = DEFINITIONAL_REPRESENTATION('',(#11305),#11309);
#11305 = LINE('',#11306,#11307);
#11306 = CARTESIAN_POINT('',(0.,0.));
#11307 = VECTOR('',#11308,1.);
#11308 = DIRECTION('',(1.,0.));
#11309 = ( GEOMETRIC_REPRESENTATION_CONTEXT(2) 
PARAMETRIC_REPRESENTATION_CONTEXT() REPRESENTATION_CONTEXT('2D SPACE',''
  ) );
#11310 = PCURVE('',#11191,#11311);
#11311 = DEFINITIONAL_REPRESENTATION('',(#11312),#11316);
#11312 = LINE('',#11313,#11314);
#11313 = CARTESIAN_POINT('',(0.,350.));
#11314 = VECTOR('',#11315,1.);
#11315 = DIRECTION('',(1.,0.));
#11316 = ( GEOMETRIC_REPRESENTATION_CONTEXT(2) 
PARAMETRIC_REPRESENTATION_CONTEXT() REPRESENTATION_CONTEXT('2D SPACE',''
  ) );
#11317 = ORIENTED_EDGE('',*,*,#11318,.T.);
#11318 = EDGE_CURVE('',#11289,#11319,#11321,.T.);
#11319 = VERTEX_POINT('',#11320);
#11320 = CARTESIAN_POINT('',(175.,125.,-12.5));
#11321 = SURFACE_CURVE('',#11322,(#11326,#11333),.PCURVE_S1.);
#11322 = LINE('',#11323,#11324);
#11323 = CARTESIAN_POINT('',(175.,-125.,-12.5));
#11324 = VECTOR('',#11325,1.);
#11325 = DIRECTION('',(-0.,1.,0.));
#11326 = PCURVE('',#11299,#11327);
#11327 = DEFINITIONAL_REPRESENTATION('',(#11328),#11332);
#11328 = LINE('',#11329,#11330);
#11329 = CARTESIAN_POINT('',(0.,0.));
#11330 = VECTOR('',#11331,1.);
#11331 = DIRECTION('',(0.,-1.));
#11332 = ( GEOMETRIC_REPRESENTATION_CONTEXT(2) 
PARAMETRIC_REPRESENTATION_CONTEXT() REPRESENTATION_CONTEXT('2D SPACE',''
  ) );
#11333 = PCURVE('',#11219,#11334);
#11334 = DEFINITIONAL_REPRESENTATION('',(#11335),#11339);
#11335 = LINE('',#11336,#11337);
#11336 = CARTESIAN_POINT('',(350.,0.));
#11337 = VECTOR('',#11338,1.);
#11338 = DIRECTION('',(0.,1.));
#11339 = ( GEOMETRIC_REPRESENTATION_CONTEXT(2) 
PARAMETRIC_REPRESENTATION_CONTEXT() REPRESENTATION_CONTEXT('2D SPACE',''
  ) );
#11340 = ORIENTED_EDGE('',*,*,#11341,.T.);
#11341 = EDGE_CURVE('',#11319,#11342,#11344,.T.);
#11342 = VERTEX_POINT('',#11343);
#11343 = CARTESIAN_POINT('',(175.,125.,12.5));
#11344 = SURFACE_CURVE('',#11345,(#11349,#11356),.PCURVE_S1.);
#11345 = LINE('',#11346,#11347);
#11346 = CARTESIAN_POINT('',(175.,125.,-12.5));
#11347 = VECTOR('',#11348,1.);
#11348 = DIRECTION('',(0.,0.,1.));
#11349 = PCURVE('',#11299,#11350);
#11350 = DEFINITIONAL_REPRESENTATION('',(#11351),#11355);
#11351 = LINE('',#11352,#11353);
#11352 = CARTESIAN_POINT('',(0.,-250.));
#11353 = VECTOR('',#11354,1.);
#11354 = DIRECTION('',(1.,0.));
#11355 = ( GEOMETRIC_REPRESENTATION_CONTEXT(2) 
PARAMETRIC_REPRESENTATION_CONTEXT() REPRESENTATION_CONTEXT('2D SPACE',''
  ) );
#11356 = PCURVE('',#11247,#11357);
#11357 = DEFINITIONAL_REPRESENTATION('',(#11358),#11362);
#11358 = LINE('',#11359,#11360);
#11359 = CARTESIAN_POINT('',(0.,350.));
#11360 = VECTOR('',#11361,1.);
#11361 = DIRECTION('',(1.,0.));
#11362 = ( GEOMETRIC_REPRESENTATION_CONTEXT(2) 
PARAMETRIC_REPRESENTATION_CONTEXT() REPRESENTATION_CONTEXT('2D SPACE',''
  ) );
#11363 = ORIENTED_EDGE('',*,*,#11364,.F.);
#11364 = EDGE_CURVE('',#11291,#11342,#11365,.T.);
#11365 = SURFACE_CURVE('',#11366,(#11370,#11377),.PCURVE_S1.);
#11366 = LINE('',#11367,#11368);
#11367 = CARTESIAN_POINT('',(175.,-125.,12.5));
#11368 = VECTOR('',#11369,1.);
#11369 = DIRECTION('',(-0.,1.,0.));
#11370 = PCURVE('',#11299,#11371);
#11371 = DEFINITIONAL_REPRESENTATION('',(#11372),#11376);
#11372 = LINE('',#11373,#11374);
#11373 = CARTESIAN_POINT('',(25.,0.));
#11374 = VECTOR('',#11375,1.);
#11375 = DIRECTION('',(0.,-1.));
#11376 = ( GEOMETRIC_REPRESENTATION_CONTEXT(2) 
PARAMETRIC_REPRESENTATION_CONTEXT() REPRESENTATION_CONTEXT('2D SPACE',''
  ) );
#11377 = PCURVE('',#11273,#11378);
#11378 = DEFINITIONAL_REPRESENTATION('',(#11379),#11383);
#11379 = LINE('',#11380,#11381);
#11380 = CARTESIAN_POINT('',(350.,0.));
#11381 = VECTOR('',#11382,1.);
#11382 = DIRECTION('',(0.,1.));
#11383 = ( GEOMETRIC_REPRESENTATION_CONTEXT(2) 
PARAMETRIC_REPRESENTATION_CONTEXT() REPRESENTATION_CONTEXT('2D SPACE',''
  ) );
#11384 = ADVANCED_FACE('',(#11385),#11191,.F.);
#11385 = FACE_BOUND('',#11386,.F.);
#11386 = EDGE_LOOP('',(#11387,#11408,#11409,#11430));
#11387 = ORIENTED_EDGE('',*,*,#11388,.F.);
#11388 = EDGE_CURVE('',#11169,#11289,#11389,.T.);
#11389 = SURFACE_CURVE('',#11390,(#11394,#11401),.PCURVE_S1.);
#11390 = LINE('',#11391,#11392);
#11391 = CARTESIAN_POINT('',(-175.,-125.,-12.5));
#11392 = VECTOR('',#11393,1.);
#11393 = DIRECTION('',(1.,0.,-0.));
#11394 = PCURVE('',#11191,#11395);
#11395 = DEFINITIONAL_REPRESENTATION('',(#11396),#11400);
#11396 = LINE('',#11397,#11398);
#11397 = CARTESIAN_POINT('',(0.,0.));
#11398 = VECTOR('',#11399,1.);
#11399 = DIRECTION('',(0.,1.));
#11400 = ( GEOMETRIC_REPRESENTATION_CONTEXT(2) 
PARAMETRIC_REPRESENTATION_CONTEXT() REPRESENTATION_CONTEXT('2D SPACE',''
  ) );
#11401 = PCURVE('',#11219,#11402);
#11402 = DEFINITIONAL_REPRESENTATION('',(#11403),#11407);
#11403 = LINE('',#11404,#11405);
#11404 = CARTESIAN_POINT('',(0.,0.));
#11405 = VECTOR('',#11406,1.);
#11406 = DIRECTION('',(1.,0.));
#11407 = ( GEOMETRIC_REPRESENTATION_CONTEXT(2) 
PARAMETRIC_REPRESENTATION_CONTEXT() REPRESENTATION_CONTEXT('2D SPACE',''
  ) );
#11408 = ORIENTED_EDGE('',*,*,#11168,.T.);
#11409 = ORIENTED_EDGE('',*,*,#11410,.T.);
#11410 = EDGE_CURVE('',#11171,#11291,#11411,.T.);
#11411 = SURFACE_CURVE('',#11412,(#11416,#11423),.PCURVE_S1.);
#11412 = LINE('',#11413,#11414);
#11413 = CARTESIAN_POINT('',(-175.,-125.,12.5));
#11414 = VECTOR('',#11415,1.);
#11415 = DIRECTION('',(1.,0.,-0.));
#11416 = PCURVE('',#11191,#11417);
#11417 = DEFINITIONAL_REPRESENTATION('',(#11418),#11422);
#11418 = LINE('',#11419,#11420);
#11419 = CARTESIAN_POINT('',(25.,0.));
#11420 = VECTOR('',#11421,1.);
#11421 = DIRECTION('',(0.,1.));
#11422 = ( GEOMETRIC_REPRESENTATION_CONTEXT(2) 
PARAMETRIC_REPRESENTATION_CONTEXT() REPRESENTATION_CONTEXT('2D SPACE',''
  ) );
#11423 = PCURVE('',#11273,#11424);
#11424 = DEFINITIONAL_REPRESENTATION('',(#11425),#11429);
#11425 = LINE('',#11426,#11427);
#11426 = CARTESIAN_POINT('',(0.,0.));
#11427 = VECTOR('',#11428,1.);
#11428 = DIRECTION('',(1.,0.));
#11429 = ( GEOMETRIC_REPRESENTATION_CONTEXT(2) 
PARAMETRIC_REPRESENTATION_CONTEXT() REPRESENTATION_CONTEXT('2D SPACE',''
  ) );
#11430 = ORIENTED_EDGE('',*,*,#11288,.F.);
#11431 = ADVANCED_FACE('',(#11432),#11247,.T.);
#11432 = FACE_BOUND('',#11433,.T.);
#11433 = EDGE_LOOP('',(#11434,#11455,#11456,#11477));
#11434 = ORIENTED_EDGE('',*,*,#11435,.F.);
#11435 = EDGE_CURVE('',#11204,#11319,#11436,.T.);
#11436 = SURFACE_CURVE('',#11437,(#11441,#11448),.PCURVE_S1.);
#11437 = LINE('',#11438,#11439);
#11438 = CARTESIAN_POINT('',(-175.,125.,-12.5));
#11439 = VECTOR('',#11440,1.);
#11440 = DIRECTION('',(1.,0.,-0.));
#11441 = PCURVE('',#11247,#11442);
#11442 = DEFINITIONAL_REPRESENTATION('',(#11443),#11447);
#11443 = LINE('',#11444,#11445);
#11444 = CARTESIAN_POINT('',(0.,0.));
#11445 = VECTOR('',#11446,1.);
#11446 = DIRECTION('',(0.,1.));
#11447 = ( GEOMETRIC_REPRESENTATION_CONTEXT(2) 
PARAMETRIC_REPRESENTATION_CONTEXT() REPRESENTATION_CONTEXT('2D SPACE',''
  ) );
#11448 = PCURVE('',#11219,#11449);
#11449 = DEFINITIONAL_REPRESENTATION('',(#11450),#11454);
#11450 = LINE('',#11451,#11452);
#11451 = CARTESIAN_POINT('',(0.,250.));
#11452 = VECTOR('',#11453,1.);
#11453 = DIRECTION('',(1.,0.));
#11454 = ( GEOMETRIC_REPRESENTATION_CONTEXT(2) 
PARAMETRIC_REPRESENTATION_CONTEXT() REPRESENTATION_CONTEXT('2D SPACE',''
  ) );
#11455 = ORIENTED_EDGE('',*,*,#11231,.T.);
#11456 = ORIENTED_EDGE('',*,*,#11457,.T.);
#11457 = EDGE_CURVE('',#11232,#11342,#11458,.T.);
#11458 = SURFACE_CURVE('',#11459,(#11463,#11470),.PCURVE_S1.);
#11459 = LINE('',#11460,#11461);
#11460 = CARTESIAN_POINT('',(-175.,125.,12.5));
#11461 = VECTOR('',#11462,1.);
#11462 = DIRECTION('',(1.,0.,-0.));
#11463 = PCURVE('',#11247,#11464);
#11464 = DEFINITIONAL_REPRESENTATION('',(#11465),#11469);
#11465 = LINE('',#11466,#11467);
#11466 = CARTESIAN_POINT('',(25.,0.));
#11467 = VECTOR('',#11468,1.);
#11468 = DIRECTION('',(0.,1.));
#11469 = ( GEOMETRIC_REPRESENTATION_CONTEXT(2) 
PARAMETRIC_REPRESENTATION_CONTEXT() REPRESENTATION_CONTEXT('2D SPACE',''
  ) );
#11470 = PCURVE('',#11273,#11471);
#11471 = DEFINITIONAL_REPRESENTATION('',(#11472),#11476);
#11472 = LINE('',#11473,#11474);
#11473 = CARTESIAN_POINT('',(0.,250.));
#11474 = VECTOR('',#11475,1.);
#11475 = DIRECTION('',(1.,0.));
#11476 = ( GEOMETRIC_REPRESENTATION_CONTEXT(2) 
PARAMETRIC_REPRESENTATION_CONTEXT() REPRESENTATION_CONTEXT('2D SPACE',''
  ) );
#11477 = ORIENTED_EDGE('',*,*,#11341,.F.);
#11478 = ADVANCED_FACE('',(#11479),#11219,.F.);
#11479 = FACE_BOUND('',#11480,.F.);
#11480 = EDGE_LOOP('',(#11481,#11482,#11483,#11484));
#11481 = ORIENTED_EDGE('',*,*,#11203,.F.);
#11482 = ORIENTED_EDGE('',*,*,#11388,.T.);
#11483 = ORIENTED_EDGE('',*,*,#11318,.T.);
#11484 = ORIENTED_EDGE('',*,*,#11435,.F.);
#11485 = ADVANCED_FACE('',(#11486),#11273,.T.);
#11486 = FACE_BOUND('',#11487,.T.);
#11487 = EDGE_LOOP('',(#11488,#11489,#11490,#11491));
#11488 = ORIENTED_EDGE('',*,*,#11259,.F.);
#11489 = ORIENTED_EDGE('',*,*,#11410,.T.);
#11490 = ORIENTED_EDGE('',*,*,#11364,.T.);
#11491 = ORIENTED_EDGE('',*,*,#11457,.F.);
#11492 = ( GEOMETRIC_REPRESENTATION_CONTEXT(3) 
GLOBAL_UNCERTAINTY_ASSIGNED_CONTEXT((#11496)) 
GLOBAL_UNIT_ASSIGNED_CONTEXT((#11493,#11494,#11495)) 
REPRESENTATION_CONTEXT('Context #1',
  '3D Context with UNIT and UNCERTAINTY') );
#11493 = ( LENGTH_UNIT() NAMED_UNIT(*) SI_UNIT(.MILLI.,.METRE.) );
#11494 = ( NAMED_UNIT(*) PLANE_ANGLE_UNIT() SI_UNIT($,.RADIAN.) );
#11495 = ( NAMED_UNIT(*) SI_UNIT($,.STERADIAN.) SOLID_ANGLE_UNIT() );
#11496 = UNCERTAINTY_MEASURE_WITH_UNIT(LENGTH_MEASURE(1.E-07),#11493,
  'distance_accuracy_value','confusion accuracy');
#11497 = CONTEXT_DEPENDENT_SHAPE_REPRESENTATION(#11498,#11500);
#11498 = ( REPRESENTATION_RELATIONSHIP('','',#11161,#10) 
REPRESENTATION_RELATIONSHIP_WITH_TRANSFORMATION(#11499) 
SHAPE_REPRESENTATION_RELATIONSHIP() );
#11499 = ITEM_DEFINED_TRANSFORMATION('','',#11,#47);
#11500 = PRODUCT_DEFINITION_SHAPE('Placement','Placement of an item',
  #11501);
#11501 = NEXT_ASSEMBLY_USAGE_OCCURRENCE('9','=>[0:1:1:10]','',#5,#11156,
  $);
#11502 = PRODUCT_RELATED_PRODUCT_CATEGORY('part',$,(#11158));
#11503 = SHAPE_DEFINITION_REPRESENTATION(#11504,#11510);
#11504 = PRODUCT_DEFINITION_SHAPE('','',#11505);
#11505 = PRODUCT_DEFINITION('design','',#11506,#11509);
#11506 = PRODUCT_DEFINITION_FORMATION('','',#11507);
#11507 = PRODUCT('COMPOUND','COMPOUND','',(#11508));
#11508 = PRODUCT_CONTEXT('',#2,'mechanical');
#11509 = PRODUCT_DEFINITION_CONTEXT('part definition',#2,'design');
#11510 = SHAPE_REPRESENTATION('',(#11,#11511,#12198,#12296,#12394,#12492
    ),#12590);
#11511 = MANIFOLD_SOLID_BREP('',#11512);
#11512 = CLOSED_SHELL('',(#11513,#11725,#11729,#11800,#12055,#12080,
    #12132,#12190,#12194));
#11513 = ADVANCED_FACE('',(#11514),#11528,.T.);
#11514 = FACE_BOUND('',#11515,.T.);
#11515 = EDGE_LOOP('',(#11516,#11546,#11575,#11675,#11697,#11698));
#11516 = ORIENTED_EDGE('',*,*,#11517,.T.);
#11517 = EDGE_CURVE('',#11518,#11520,#11522,.T.);
#11518 = VERTEX_POINT('',#11519);
#11519 = CARTESIAN_POINT('',(75.,330.,49.));
#11520 = VERTEX_POINT('',#11521);
#11521 = CARTESIAN_POINT('',(75.,330.,63.));
#11522 = SEAM_CURVE('',#11523,(#11527,#11539),.PCURVE_S1.);
#11523 = LINE('',#11524,#11525);
#11524 = CARTESIAN_POINT('',(75.,330.,49.));
#11525 = VECTOR('',#11526,1.);
#11526 = DIRECTION('',(0.,0.,1.));
#11527 = PCURVE('',#11528,#11533);
#11528 = CYLINDRICAL_SURFACE('',#11529,75.);
#11529 = AXIS2_PLACEMENT_3D('',#11530,#11531,#11532);
#11530 = CARTESIAN_POINT('',(0.,330.,49.));
#11531 = DIRECTION('',(0.,0.,1.));
#11532 = DIRECTION('',(1.,0.,-0.));
#11533 = DEFINITIONAL_REPRESENTATION('',(#11534),#11538);
#11534 = LINE('',#11535,#11536);
#11535 = CARTESIAN_POINT('',(6.28318530718,-0.));
#11536 = VECTOR('',#11537,1.);
#11537 = DIRECTION('',(0.,1.));
#11538 = ( GEOMETRIC_REPRESENTATION_CONTEXT(2) 
PARAMETRIC_REPRESENTATION_CONTEXT() REPRESENTATION_CONTEXT('2D SPACE',''
  ) );
#11539 = PCURVE('',#11528,#11540);
#11540 = DEFINITIONAL_REPRESENTATION('',(#11541),#11545);
#11541 = LINE('',#11542,#11543);
#11542 = CARTESIAN_POINT('',(0.,-0.));
#11543 = VECTOR('',#11544,1.);
#11544 = DIRECTION('',(0.,1.));
#11545 = ( GEOMETRIC_REPRESENTATION_CONTEXT(2) 
PARAMETRIC_REPRESENTATION_CONTEXT() REPRESENTATION_CONTEXT('2D SPACE',''
  ) );
#11546 = ORIENTED_EDGE('',*,*,#11547,.F.);
#11547 = EDGE_CURVE('',#11548,#11520,#11550,.T.);
#11548 = VERTEX_POINT('',#11549);
#11549 = CARTESIAN_POINT('',(7.141428428543,255.34077418028,63.));
#11550 = SURFACE_CURVE('',#11551,(#11556,#11563),.PCURVE_S1.);
#11551 = CIRCLE('',#11552,75.);
#11552 = AXIS2_PLACEMENT_3D('',#11553,#11554,#11555);
#11553 = CARTESIAN_POINT('',(0.,330.,63.));
#11554 = DIRECTION('',(0.,0.,1.));
#11555 = DIRECTION('',(1.,0.,-0.));
#11556 = PCURVE('',#11528,#11557);
#11557 = DEFINITIONAL_REPRESENTATION('',(#11558),#11562);
#11558 = LINE('',#11559,#11560);
#11559 = CARTESIAN_POINT('',(0.,14.));
#11560 = VECTOR('',#11561,1.);
#11561 = DIRECTION('',(1.,0.));
#11562 = ( GEOMETRIC_REPRESENTATION_CONTEXT(2) 
PARAMETRIC_REPRESENTATION_CONTEXT() REPRESENTATION_CONTEXT('2D SPACE',''
  ) );
#11563 = PCURVE('',#11564,#11569);
#11564 = PLANE('',#11565);
#11565 = AXIS2_PLACEMENT_3D('',#11566,#11567,#11568);
#11566 = CARTESIAN_POINT('',(0.,330.,63.));
#11567 = DIRECTION('',(0.,0.,1.));
#11568 = DIRECTION('',(1.,0.,-0.));
#11569 = DEFINITIONAL_REPRESENTATION('',(#11570),#11574);
#11570 = CIRCLE('',#11571,75.);
#11571 = AXIS2_PLACEMENT_2D('',#11572,#11573);
#11572 = CARTESIAN_POINT('',(0.,0.));
#11573 = DIRECTION('',(1.,0.));
#11574 = ( GEOMETRIC_REPRESENTATION_CONTEXT(2) 
PARAMETRIC_REPRESENTATION_CONTEXT() REPRESENTATION_CONTEXT('2D SPACE',''
  ) );
#11575 = ORIENTED_EDGE('',*,*,#11576,.T.);
#11576 = EDGE_CURVE('',#11548,#11577,#11579,.T.);
#11577 = VERTEX_POINT('',#11578);
#11578 = CARTESIAN_POINT('',(-7.141428428543,255.34077418028,63.));
#11579 = SURFACE_CURVE('',#11580,(#11608,#11639),.PCURVE_S1.);
#11580 = B_SPLINE_CURVE_WITH_KNOTS('',6,(#11581,#11582,#11583,#11584,
    #11585,#11586,#11587,#11588,#11589,#11590,#11591,#11592,#11593,
    #11594,#11595,#11596,#11597,#11598,#11599,#11600,#11601,#11602,
    #11603,#11604,#11605,#11606,#11607),.UNSPECIFIED.,.F.,.F.,(7,5,5,5,5
    ,7),(0.,0.234321890727,0.383115251253,0.499548148786,0.668988984163,
    1.),.UNSPECIFIED.);
#11581 = CARTESIAN_POINT('',(7.141430780996,255.3407744053,
    63.000002399991));
#11582 = CARTESIAN_POINT('',(6.757143621184,255.30401591859,
    62.607950815315));
#11583 = CARTESIAN_POINT('',(6.338278124804,255.26634517665,
    62.232287946226));
#11584 = CARTESIAN_POINT('',(5.884231672068,255.22850774221,
    61.87680843438));
#11585 = CARTESIAN_POINT('',(5.394689242695,255.1914175638,
    61.545743603093));
#11586 = CARTESIAN_POINT('',(4.869761609886,255.15616499455,
    61.243856157706));
#11587 = CARTESIAN_POINT('',(3.954779295958,255.10349528261,
    60.806806200048));
#11588 = CARTESIAN_POINT('',(3.585412152717,255.08426363326,
    60.65099960957));
#11589 = CARTESIAN_POINT('',(3.203107367074,255.06661565325,
    60.510941456785));
#11590 = CARTESIAN_POINT('',(2.809118491794,255.05089909165,
    60.388247398545));
#11591 = CARTESIAN_POINT('',(2.404855713622,255.03742697205,
    60.284328054131));
#11592 = CARTESIAN_POINT('',(1.668684779383,255.01786874893,
    60.134694724597));
#11593 = CARTESIAN_POINT('',(1.340314021652,255.0108175393,
    60.081268567159));
#11594 = CARTESIAN_POINT('',(1.007980853579,255.00543412852,
    60.040754311663));
#11595 = CARTESIAN_POINT('',(0.672949879089,255.00181181806,
    60.013589541588));
#11596 = CARTESIAN_POINT('',(0.336515435712,255.,60.));
#11597 = CARTESIAN_POINT('',(-0.489719467197,255.,60.));
#11598 = CARTESIAN_POINT('',(-0.978911451576,255.00383718114,
    60.028779067303));
#11599 = CARTESIAN_POINT('',(-1.46379168803,255.01149618754,
    60.086220633967));
#11600 = CARTESIAN_POINT('',(-1.940617523679,255.02276487105,
    60.17134832078));
#11601 = CARTESIAN_POINT('',(-2.405826543209,255.03724188529,
    60.282344731836));
#11602 = CARTESIAN_POINT('',(-3.735943809278,255.08793257058,
    60.678762346788));
#11603 = CARTESIAN_POINT('',(-4.555234811853,255.13156706214,
    61.028462516703));
#11604 = CARTESIAN_POINT('',(-5.307640790751,255.18188663714,
    61.449544991045));
#11605 = CARTESIAN_POINT('',(-5.989878856577,255.23536399178,
    61.927425303854));
#11606 = CARTESIAN_POINT('',(-6.600837197328,255.28906463162,
    62.448486259688));
#11607 = CARTESIAN_POINT('',(-7.141430781014,255.3407744053,
    63.000002400001));
#11608 = PCURVE('',#11528,#11609);
#11609 = DEFINITIONAL_REPRESENTATION('',(#11610),#11638);
#11610 = B_SPLINE_CURVE_WITH_KNOTS('',6,(#11611,#11612,#11613,#11614,
    #11615,#11616,#11617,#11618,#11619,#11620,#11621,#11622,#11623,
    #11624,#11625,#11626,#11627,#11628,#11629,#11630,#11631,#11632,
    #11633,#11634,#11635,#11636,#11637),.UNSPECIFIED.,.F.,.F.,(7,5,5,5,5
    ,7),(0.,0.234321890727,0.383115251253,0.499548148786,0.668988984163,
    1.),.UNSPECIFIED.);
#11611 = CARTESIAN_POINT('',(4.807752534411,14.0000024));
#11612 = CARTESIAN_POINT('',(4.80260531842,13.607950815323));
#11613 = CARTESIAN_POINT('',(4.796997994772,13.232287946191));
#11614 = CARTESIAN_POINT('',(4.790923264866,12.876808434417));
#11615 = CARTESIAN_POINT('',(4.784377647194,12.545743603078));
#11616 = CARTESIAN_POINT('',(4.777363167282,12.243856157706));
#11617 = CARTESIAN_POINT('',(4.765143207411,11.806806200048));
#11618 = CARTESIAN_POINT('',(4.760211714702,11.65099960957));
#11619 = CARTESIAN_POINT('',(4.755109028344,11.510941456785));
#11620 = CARTESIAN_POINT('',(4.749851828432,11.388247398545));
#11621 = CARTESIAN_POINT('',(4.744458789314,11.284328054131));
#11622 = CARTESIAN_POINT('',(4.734639713381,11.134694724597));
#11623 = CARTESIAN_POINT('',(4.730260483965,11.081268567159));
#11624 = CARTESIAN_POINT('',(4.725828887861,11.040754311663));
#11625 = CARTESIAN_POINT('',(4.721361645335,11.013589541588));
#11626 = CARTESIAN_POINT('',(4.716875852861,11.));
#11627 = CARTESIAN_POINT('',(4.705859387489,11.));
#11628 = CARTESIAN_POINT('',(4.699336827558,11.028779067303));
#11629 = CARTESIAN_POINT('',(4.692871257328,11.086220633967));
#11630 = CARTESIAN_POINT('',(4.686512079626,11.17134832078));
#11631 = CARTESIAN_POINT('',(4.680306441116,11.282344731836));
#11632 = CARTESIAN_POINT('',(4.662558670116,11.678762346788));
#11633 = CARTESIAN_POINT('',(4.651620561169,12.028462516704));
#11634 = CARTESIAN_POINT('',(4.641567281312,12.449544991042));
#11635 = CARTESIAN_POINT('',(4.632443513283,12.927425303857));
#11636 = CARTESIAN_POINT('',(4.624266240596,13.448486259687));
#11637 = CARTESIAN_POINT('',(4.617025426358,14.0000024));
#11638 = ( GEOMETRIC_REPRESENTATION_CONTEXT(2) 
PARAMETRIC_REPRESENTATION_CONTEXT() REPRESENTATION_CONTEXT('2D SPACE',''
  ) );
#11639 = PCURVE('',#11640,#11645);
#11640 = CYLINDRICAL_SURFACE('',#11641,10.);
#11641 = AXIS2_PLACEMENT_3D('',#11642,#11643,#11644);
#11642 = CARTESIAN_POINT('',(0.,0.,70.));
#11643 = DIRECTION('',(0.,1.,0.));
#11644 = DIRECTION('',(0.,-0.,1.));
#11645 = DEFINITIONAL_REPRESENTATION('',(#11646),#11674);
#11646 = B_SPLINE_CURVE_WITH_KNOTS('',6,(#11647,#11648,#11649,#11650,
    #11651,#11652,#11653,#11654,#11655,#11656,#11657,#11658,#11659,
    #11660,#11661,#11662,#11663,#11664,#11665,#11666,#11667,#11668,
    #11669,#11670,#11671,#11672,#11673),.UNSPECIFIED.,.F.,.F.,(7,5,5,5,5
    ,7),(0.,0.234321890727,0.383115251253,0.499548148786,0.668988984163,
    1.),.UNSPECIFIED.);
#11647 = CARTESIAN_POINT('',(2.346193487341,255.3407744053));
#11648 = CARTESIAN_POINT('',(2.40109167185,255.30401591859));
#11649 = CARTESIAN_POINT('',(2.457239974951,255.26634517665));
#11650 = CARTESIAN_POINT('',(2.514707241405,255.22850774221));
#11651 = CARTESIAN_POINT('',(2.573579489494,255.1914175638));
#11652 = CARTESIAN_POINT('',(2.633957876879,255.15616499455));
#11653 = CARTESIAN_POINT('',(2.735358335472,255.10349528261));
#11654 = CARTESIAN_POINT('',(2.775403479149,255.08426363326));
#11655 = CARTESIAN_POINT('',(2.816047232587,255.06661565325));
#11656 = CARTESIAN_POINT('',(2.85723524179,255.05089909165));
#11657 = CARTESIAN_POINT('',(2.898921381135,255.03742697205));
#11658 = CARTESIAN_POINT('',(2.974043799741,255.01786874893));
#11659 = CARTESIAN_POINT('',(3.007287054373,255.0108175393));
#11660 = CARTESIAN_POINT('',(3.040725972114,255.00543412852));
#11661 = CARTESIAN_POINT('',(3.074297664582,255.00181181806));
#11662 = CARTESIAN_POINT('',(3.107941110019,255.));
#11663 = CARTESIAN_POINT('',(3.19056460031,255.));
#11664 = CARTESIAN_POINT('',(3.239483797526,255.00383718114));
#11665 = CARTESIAN_POINT('',(3.28818323318,255.01149618754));
#11666 = CARTESIAN_POINT('',(3.336497726866,255.02276487105));
#11667 = CARTESIAN_POINT('',(3.384250991095,255.03724188529));
#11668 = CARTESIAN_POINT('',(3.523044321876,255.08793257058));
#11669 = CARTESIAN_POINT('',(3.611548840724,255.13156706214));
#11670 = CARTESIAN_POINT('',(3.697073390601,255.18188663714));
#11671 = CARTESIAN_POINT('',(3.779785659282,255.23536399178));
#11672 = CARTESIAN_POINT('',(3.859764138551,255.28906463162));
#11673 = CARTESIAN_POINT('',(3.936991819841,255.3407744053));
#11674 = ( GEOMETRIC_REPRESENTATION_CONTEXT(2) 
PARAMETRIC_REPRESENTATION_CONTEXT() REPRESENTATION_CONTEXT('2D SPACE',''
  ) );
#11675 = ORIENTED_EDGE('',*,*,#11676,.F.);
#11676 = EDGE_CURVE('',#11520,#11577,#11677,.T.);
#11677 = SURFACE_CURVE('',#11678,(#11683,#11690),.PCURVE_S1.);
#11678 = CIRCLE('',#11679,75.);
#11679 = AXIS2_PLACEMENT_3D('',#11680,#11681,#11682);
#11680 = CARTESIAN_POINT('',(0.,330.,63.));
#11681 = DIRECTION('',(0.,0.,1.));
#11682 = DIRECTION('',(1.,0.,-0.));
#11683 = PCURVE('',#11528,#11684);
#11684 = DEFINITIONAL_REPRESENTATION('',(#11685),#11689);
#11685 = LINE('',#11686,#11687);
#11686 = CARTESIAN_POINT('',(0.,14.));
#11687 = VECTOR('',#11688,1.);
#11688 = DIRECTION('',(1.,0.));
#11689 = ( GEOMETRIC_REPRESENTATION_CONTEXT(2) 
PARAMETRIC_REPRESENTATION_CONTEXT() REPRESENTATION_CONTEXT('2D SPACE',''
  ) );
#11690 = PCURVE('',#11564,#11691);
#11691 = DEFINITIONAL_REPRESENTATION('',(#11692),#11696);
#11692 = CIRCLE('',#11693,75.);
#11693 = AXIS2_PLACEMENT_2D('',#11694,#11695);
#11694 = CARTESIAN_POINT('',(0.,0.));
#11695 = DIRECTION('',(1.,0.));
#11696 = ( GEOMETRIC_REPRESENTATION_CONTEXT(2) 
PARAMETRIC_REPRESENTATION_CONTEXT() REPRESENTATION_CONTEXT('2D SPACE',''
  ) );
#11697 = ORIENTED_EDGE('',*,*,#11517,.F.);
#11698 = ORIENTED_EDGE('',*,*,#11699,.T.);
#11699 = EDGE_CURVE('',#11518,#11518,#11700,.T.);
#11700 = SURFACE_CURVE('',#11701,(#11706,#11713),.PCURVE_S1.);
#11701 = CIRCLE('',#11702,75.);
#11702 = AXIS2_PLACEMENT_3D('',#11703,#11704,#11705);
#11703 = CARTESIAN_POINT('',(0.,330.,49.));
#11704 = DIRECTION('',(0.,0.,1.));
#11705 = DIRECTION('',(1.,0.,-0.));
#11706 = PCURVE('',#11528,#11707);
#11707 = DEFINITIONAL_REPRESENTATION('',(#11708),#11712);
#11708 = LINE('',#11709,#11710);
#11709 = CARTESIAN_POINT('',(0.,0.));
#11710 = VECTOR('',#11711,1.);
#11711 = DIRECTION('',(1.,0.));
#11712 = ( GEOMETRIC_REPRESENTATION_CONTEXT(2) 
PARAMETRIC_REPRESENTATION_CONTEXT() REPRESENTATION_CONTEXT('2D SPACE',''
  ) );
#11713 = PCURVE('',#11714,#11719);
#11714 = PLANE('',#11715);
#11715 = AXIS2_PLACEMENT_3D('',#11716,#11717,#11718);
#11716 = CARTESIAN_POINT('',(0.,330.,49.));
#11717 = DIRECTION('',(0.,0.,1.));
#11718 = DIRECTION('',(1.,0.,-0.));
#11719 = DEFINITIONAL_REPRESENTATION('',(#11720),#11724);
#11720 = CIRCLE('',#11721,75.);
#11721 = AXIS2_PLACEMENT_2D('',#11722,#11723);
#11722 = CARTESIAN_POINT('',(0.,0.));
#11723 = DIRECTION('',(1.,0.));
#11724 = ( GEOMETRIC_REPRESENTATION_CONTEXT(2) 
PARAMETRIC_REPRESENTATION_CONTEXT() REPRESENTATION_CONTEXT('2D SPACE',''
  ) );
#11725 = ADVANCED_FACE('',(#11726),#11714,.F.);
#11726 = FACE_BOUND('',#11727,.T.);
#11727 = EDGE_LOOP('',(#11728));
#11728 = ORIENTED_EDGE('',*,*,#11699,.F.);
#11729 = ADVANCED_FACE('',(#11730),#11564,.T.);
#11730 = FACE_BOUND('',#11731,.T.);
#11731 = EDGE_LOOP('',(#11732,#11733,#11734,#11755,#11781));
#11732 = ORIENTED_EDGE('',*,*,#11547,.T.);
#11733 = ORIENTED_EDGE('',*,*,#11676,.T.);
#11734 = ORIENTED_EDGE('',*,*,#11735,.T.);
#11735 = EDGE_CURVE('',#11577,#11736,#11738,.T.);
#11736 = VERTEX_POINT('',#11737);
#11737 = CARTESIAN_POINT('',(-7.141428428543,330.,63.));
#11738 = SURFACE_CURVE('',#11739,(#11743,#11749),.PCURVE_S1.);
#11739 = LINE('',#11740,#11741);
#11740 = CARTESIAN_POINT('',(-7.141428428543,0.,63.));
#11741 = VECTOR('',#11742,1.);
#11742 = DIRECTION('',(0.,1.,0.));
#11743 = PCURVE('',#11564,#11744);
#11744 = DEFINITIONAL_REPRESENTATION('',(#11745),#11748);
#11745 = B_SPLINE_CURVE_WITH_KNOTS('',1,(#11746,#11747),.UNSPECIFIED.,
  .F.,.F.,(2,2),(240.,330.0000024),.PIECEWISE_BEZIER_KNOTS.);
#11746 = CARTESIAN_POINT('',(-7.141428428543,-90.));
#11747 = CARTESIAN_POINT('',(-7.141428428543,2.400000028047E-06));
#11748 = ( GEOMETRIC_REPRESENTATION_CONTEXT(2) 
PARAMETRIC_REPRESENTATION_CONTEXT() REPRESENTATION_CONTEXT('2D SPACE',''
  ) );
#11749 = PCURVE('',#11640,#11750);
#11750 = DEFINITIONAL_REPRESENTATION('',(#11751),#11754);
#11751 = B_SPLINE_CURVE_WITH_KNOTS('',1,(#11752,#11753),.UNSPECIFIED.,
  .F.,.F.,(2,2),(240.,330.0000024),.PIECEWISE_BEZIER_KNOTS.);
#11752 = CARTESIAN_POINT('',(3.936991483774,240.));
#11753 = CARTESIAN_POINT('',(3.936991483774,330.0000024));
#11754 = ( GEOMETRIC_REPRESENTATION_CONTEXT(2) 
PARAMETRIC_REPRESENTATION_CONTEXT() REPRESENTATION_CONTEXT('2D SPACE',''
  ) );
#11755 = ORIENTED_EDGE('',*,*,#11756,.F.);
#11756 = EDGE_CURVE('',#11757,#11736,#11759,.T.);
#11757 = VERTEX_POINT('',#11758);
#11758 = CARTESIAN_POINT('',(7.141428428543,330.,63.));
#11759 = SURFACE_CURVE('',#11760,(#11764,#11770),.PCURVE_S1.);
#11760 = LINE('',#11761,#11762);
#11761 = CARTESIAN_POINT('',(0.,330.,63.));
#11762 = VECTOR('',#11763,1.);
#11763 = DIRECTION('',(-1.,0.,0.));
#11764 = PCURVE('',#11564,#11765);
#11765 = DEFINITIONAL_REPRESENTATION('',(#11766),#11769);
#11766 = B_SPLINE_CURVE_WITH_KNOTS('',1,(#11767,#11768),.UNSPECIFIED.,
  .F.,.F.,(2,2),(-10.,10.),.PIECEWISE_BEZIER_KNOTS.);
#11767 = CARTESIAN_POINT('',(10.,0.));
#11768 = CARTESIAN_POINT('',(-10.,0.));
#11769 = ( GEOMETRIC_REPRESENTATION_CONTEXT(2) 
PARAMETRIC_REPRESENTATION_CONTEXT() REPRESENTATION_CONTEXT('2D SPACE',''
  ) );
#11770 = PCURVE('',#11771,#11776);
#11771 = PLANE('',#11772);
#11772 = AXIS2_PLACEMENT_3D('',#11773,#11774,#11775);
#11773 = CARTESIAN_POINT('',(0.,330.,70.));
#11774 = DIRECTION('',(0.,1.,0.));
#11775 = DIRECTION('',(0.,-0.,1.));
#11776 = DEFINITIONAL_REPRESENTATION('',(#11777),#11780);
#11777 = B_SPLINE_CURVE_WITH_KNOTS('',1,(#11778,#11779),.UNSPECIFIED.,
  .F.,.F.,(2,2),(-10.,10.),.PIECEWISE_BEZIER_KNOTS.);
#11778 = CARTESIAN_POINT('',(-7.,10.));
#11779 = CARTESIAN_POINT('',(-7.,-10.));
#11780 = ( GEOMETRIC_REPRESENTATION_CONTEXT(2) 
PARAMETRIC_REPRESENTATION_CONTEXT() REPRESENTATION_CONTEXT('2D SPACE',''
  ) );
#11781 = ORIENTED_EDGE('',*,*,#11782,.F.);
#11782 = EDGE_CURVE('',#11548,#11757,#11783,.T.);
#11783 = SURFACE_CURVE('',#11784,(#11788,#11794),.PCURVE_S1.);
#11784 = LINE('',#11785,#11786);
#11785 = CARTESIAN_POINT('',(7.141428428543,0.,63.));
#11786 = VECTOR('',#11787,1.);
#11787 = DIRECTION('',(0.,1.,0.));
#11788 = PCURVE('',#11564,#11789);
#11789 = DEFINITIONAL_REPRESENTATION('',(#11790),#11793);
#11790 = B_SPLINE_CURVE_WITH_KNOTS('',1,(#11791,#11792),.UNSPECIFIED.,
  .F.,.F.,(2,2),(240.,330.0000024),.PIECEWISE_BEZIER_KNOTS.);
#11791 = CARTESIAN_POINT('',(7.141428428543,-90.));
#11792 = CARTESIAN_POINT('',(7.141428428543,2.400000028047E-06));
#11793 = ( GEOMETRIC_REPRESENTATION_CONTEXT(2) 
PARAMETRIC_REPRESENTATION_CONTEXT() REPRESENTATION_CONTEXT('2D SPACE',''
  ) );
#11794 = PCURVE('',#11640,#11795);
#11795 = DEFINITIONAL_REPRESENTATION('',(#11796),#11799);
#11796 = B_SPLINE_CURVE_WITH_KNOTS('',1,(#11797,#11798),.UNSPECIFIED.,
  .F.,.F.,(2,2),(240.,330.0000024),.PIECEWISE_BEZIER_KNOTS.);
#11797 = CARTESIAN_POINT('',(2.346193823406,240.));
#11798 = CARTESIAN_POINT('',(2.346193823406,330.0000024));
#11799 = ( GEOMETRIC_REPRESENTATION_CONTEXT(2) 
PARAMETRIC_REPRESENTATION_CONTEXT() REPRESENTATION_CONTEXT('2D SPACE',''
  ) );
#11800 = ADVANCED_FACE('',(#11801),#11640,.T.);
#11801 = FACE_BOUND('',#11802,.T.);
#11802 = EDGE_LOOP('',(#11803,#11827,#11853,#11908,#11931,#11958,#11959,
    #12009,#12030,#12052,#12053,#12054));
#11803 = ORIENTED_EDGE('',*,*,#11804,.F.);
#11804 = EDGE_CURVE('',#11805,#11757,#11807,.T.);
#11805 = VERTEX_POINT('',#11806);
#11806 = CARTESIAN_POINT('',(7.141428428543,330.,77.));
#11807 = SURFACE_CURVE('',#11808,(#11813,#11820),.PCURVE_S1.);
#11808 = CIRCLE('',#11809,10.);
#11809 = AXIS2_PLACEMENT_3D('',#11810,#11811,#11812);
#11810 = CARTESIAN_POINT('',(0.,330.,70.));
#11811 = DIRECTION('',(0.,1.,0.));
#11812 = DIRECTION('',(0.,-0.,1.));
#11813 = PCURVE('',#11640,#11814);
#11814 = DEFINITIONAL_REPRESENTATION('',(#11815),#11819);
#11815 = LINE('',#11816,#11817);
#11816 = CARTESIAN_POINT('',(0.,330.));
#11817 = VECTOR('',#11818,1.);
#11818 = DIRECTION('',(1.,0.));
#11819 = ( GEOMETRIC_REPRESENTATION_CONTEXT(2) 
PARAMETRIC_REPRESENTATION_CONTEXT() REPRESENTATION_CONTEXT('2D SPACE',''
  ) );
#11820 = PCURVE('',#11771,#11821);
#11821 = DEFINITIONAL_REPRESENTATION('',(#11822),#11826);
#11822 = CIRCLE('',#11823,10.);
#11823 = AXIS2_PLACEMENT_2D('',#11824,#11825);
#11824 = CARTESIAN_POINT('',(0.,0.));
#11825 = DIRECTION('',(1.,0.));
#11826 = ( GEOMETRIC_REPRESENTATION_CONTEXT(2) 
PARAMETRIC_REPRESENTATION_CONTEXT() REPRESENTATION_CONTEXT('2D SPACE',''
  ) );
#11827 = ORIENTED_EDGE('',*,*,#11828,.F.);
#11828 = EDGE_CURVE('',#11829,#11805,#11831,.T.);
#11829 = VERTEX_POINT('',#11830);
#11830 = CARTESIAN_POINT('',(7.141428428543,255.34077418028,77.));
#11831 = SURFACE_CURVE('',#11832,(#11836,#11842),.PCURVE_S1.);
#11832 = LINE('',#11833,#11834);
#11833 = CARTESIAN_POINT('',(7.141428428543,0.,77.));
#11834 = VECTOR('',#11835,1.);
#11835 = DIRECTION('',(0.,1.,0.));
#11836 = PCURVE('',#11640,#11837);
#11837 = DEFINITIONAL_REPRESENTATION('',(#11838),#11841);
#11838 = B_SPLINE_CURVE_WITH_KNOTS('',1,(#11839,#11840),.UNSPECIFIED.,
  .F.,.F.,(2,2),(240.,330.0000024),.PIECEWISE_BEZIER_KNOTS.);
#11839 = CARTESIAN_POINT('',(0.795398830184,240.));
#11840 = CARTESIAN_POINT('',(0.795398830184,330.0000024));
#11841 = ( GEOMETRIC_REPRESENTATION_CONTEXT(2) 
PARAMETRIC_REPRESENTATION_CONTEXT() REPRESENTATION_CONTEXT('2D SPACE',''
  ) );
#11842 = PCURVE('',#11843,#11848);
#11843 = PLANE('',#11844);
#11844 = AXIS2_PLACEMENT_3D('',#11845,#11846,#11847);
#11845 = CARTESIAN_POINT('',(0.,330.,77.));
#11846 = DIRECTION('',(0.,0.,1.));
#11847 = DIRECTION('',(1.,0.,-0.));
#11848 = DEFINITIONAL_REPRESENTATION('',(#11849),#11852);
#11849 = B_SPLINE_CURVE_WITH_KNOTS('',1,(#11850,#11851),.UNSPECIFIED.,
  .F.,.F.,(2,2),(240.,330.0000024),.PIECEWISE_BEZIER_KNOTS.);
#11850 = CARTESIAN_POINT('',(7.141428428543,-90.));
#11851 = CARTESIAN_POINT('',(7.141428428543,2.400000028047E-06));
#11852 = ( GEOMETRIC_REPRESENTATION_CONTEXT(2) 
PARAMETRIC_REPRESENTATION_CONTEXT() REPRESENTATION_CONTEXT('2D SPACE',''
  ) );
#11853 = ORIENTED_EDGE('',*,*,#11854,.F.);
#11854 = EDGE_CURVE('',#11855,#11829,#11857,.T.);
#11855 = VERTEX_POINT('',#11856);
#11856 = CARTESIAN_POINT('',(-2.449293598295E-15,255.,80.));
#11857 = SURFACE_CURVE('',#11858,(#11871,#11887),.PCURVE_S1.);
#11858 = B_SPLINE_CURVE_WITH_KNOTS('',6,(#11859,#11860,#11861,#11862,
    #11863,#11864,#11865,#11866,#11867,#11868,#11869,#11870),
  .UNSPECIFIED.,.F.,.F.,(7,5,7),(0.,0.530368541323,1.),.UNSPECIFIED.);
#11859 = CARTESIAN_POINT('',(-8.113285044351E-15,255.,80.));
#11860 = CARTESIAN_POINT('',(0.768123142057,255.,80.));
#11861 = CARTESIAN_POINT('',(1.532175502859,255.00943958082,
    79.929198436749));
#11862 = CARTESIAN_POINT('',(2.279678019436,255.02813540943,
    79.789002092115));
#11863 = CARTESIAN_POINT('',(2.998534247117,255.05487355871,
    79.584716600253));
#11864 = CARTESIAN_POINT('',(3.678140462087,255.08757094455,
    79.325332955857));
#11865 = CARTESIAN_POINT('',(4.869759815301,255.15616489125,
    78.756144699494));
#11866 = CARTESIAN_POINT('',(5.394687218477,255.19141741497,
    78.454257690751));
#11867 = CARTESIAN_POINT('',(5.884230579205,255.22850763887,
    78.123192565948));
#11868 = CARTESIAN_POINT('',(6.33827834933,255.26634518705,
    77.767712061572));
#11869 = CARTESIAN_POINT('',(6.757144509529,255.30401600355,
    77.392048279086));
#11870 = CARTESIAN_POINT('',(7.141430782112,255.3407744054,
    76.999997599439));
#11871 = PCURVE('',#11640,#11872);
#11872 = DEFINITIONAL_REPRESENTATION('',(#11873),#11886);
#11873 = B_SPLINE_CURVE_WITH_KNOTS('',6,(#11874,#11875,#11876,#11877,
    #11878,#11879,#11880,#11881,#11882,#11883,#11884,#11885),
  .UNSPECIFIED.,.F.,.F.,(7,5,7),(0.,0.530368541323,1.),.UNSPECIFIED.);
#11874 = CARTESIAN_POINT('',(0.,255.));
#11875 = CARTESIAN_POINT('',(7.681231420568E-02,255.));
#11876 = CARTESIAN_POINT('',(0.153217520402,255.00943958082));
#11877 = CARTESIAN_POINT('',(0.228783704549,255.02813540943));
#11878 = CARTESIAN_POINT('',(0.303072833242,255.05487355871));
#11879 = CARTESIAN_POINT('',(0.375576562014,255.08757094455));
#11880 = CARTESIAN_POINT('',(0.50763457783,255.15616489125));
#11881 = CARTESIAN_POINT('',(0.568012925627,255.19141741497));
#11882 = CARTESIAN_POINT('',(0.626885266449,255.22850763887));
#11883 = CARTESIAN_POINT('',(0.684352693647,255.26634518705));
#11884 = CARTESIAN_POINT('',(0.740501108637,255.30401600355));
#11885 = CARTESIAN_POINT('',(0.795399166408,255.3407744054));
#11886 = ( GEOMETRIC_REPRESENTATION_CONTEXT(2) 
PARAMETRIC_REPRESENTATION_CONTEXT() REPRESENTATION_CONTEXT('2D SPACE',''
  ) );
#11887 = PCURVE('',#11888,#11893);
#11888 = CYLINDRICAL_SURFACE('',#11889,75.);
#11889 = AXIS2_PLACEMENT_3D('',#11890,#11891,#11892);
#11890 = CARTESIAN_POINT('',(0.,330.,77.));
#11891 = DIRECTION('',(0.,0.,1.));
#11892 = DIRECTION('',(1.,0.,-0.));
#11893 = DEFINITIONAL_REPRESENTATION('',(#11894),#11907);
#11894 = B_SPLINE_CURVE_WITH_KNOTS('',6,(#11895,#11896,#11897,#11898,
    #11899,#11900,#11901,#11902,#11903,#11904,#11905,#11906),
  .UNSPECIFIED.,.F.,.F.,(7,5,7),(0.,0.530368541323,1.),.UNSPECIFIED.);
#11895 = CARTESIAN_POINT('',(4.712388980385,3.));
#11896 = CARTESIAN_POINT('',(4.722630622279,3.));
#11897 = CARTESIAN_POINT('',(4.732817988578,2.929198436749));
#11898 = CARTESIAN_POINT('',(4.7427866146,2.789002092115));
#11899 = CARTESIAN_POINT('',(4.752377087199,2.584716600253));
#11900 = CARTESIAN_POINT('',(4.761448583594,2.325332955857));
#11901 = CARTESIAN_POINT('',(4.777363143315,1.756144699494));
#11902 = CARTESIAN_POINT('',(4.784377620135,1.454257689824));
#11903 = CARTESIAN_POINT('',(4.790923250231,1.123192568297));
#11904 = CARTESIAN_POINT('',(4.796997997765,0.767712059317));
#11905 = CARTESIAN_POINT('',(4.802605330319,0.392048279647));
#11906 = CARTESIAN_POINT('',(4.807752534426,-2.4E-06));
#11907 = ( GEOMETRIC_REPRESENTATION_CONTEXT(2) 
PARAMETRIC_REPRESENTATION_CONTEXT() REPRESENTATION_CONTEXT('2D SPACE',''
  ) );
#11908 = ORIENTED_EDGE('',*,*,#11909,.F.);
#11909 = EDGE_CURVE('',#11910,#11855,#11912,.T.);
#11910 = VERTEX_POINT('',#11911);
#11911 = CARTESIAN_POINT('',(-2.449293598295E-15,0.,80.));
#11912 = SEAM_CURVE('',#11913,(#11917,#11924),.PCURVE_S1.);
#11913 = LINE('',#11914,#11915);
#11914 = CARTESIAN_POINT('',(-2.449293598295E-15,0.,80.));
#11915 = VECTOR('',#11916,1.);
#11916 = DIRECTION('',(0.,1.,0.));
#11917 = PCURVE('',#11640,#11918);
#11918 = DEFINITIONAL_REPRESENTATION('',(#11919),#11923);
#11919 = LINE('',#11920,#11921);
#11920 = CARTESIAN_POINT('',(6.28318530718,-0.));
#11921 = VECTOR('',#11922,1.);
#11922 = DIRECTION('',(0.,1.));
#11923 = ( GEOMETRIC_REPRESENTATION_CONTEXT(2) 
PARAMETRIC_REPRESENTATION_CONTEXT() REPRESENTATION_CONTEXT('2D SPACE',''
  ) );
#11924 = PCURVE('',#11640,#11925);
#11925 = DEFINITIONAL_REPRESENTATION('',(#11926),#11930);
#11926 = LINE('',#11927,#11928);
#11927 = CARTESIAN_POINT('',(0.,-0.));
#11928 = VECTOR('',#11929,1.);
#11929 = DIRECTION('',(0.,1.));
#11930 = ( GEOMETRIC_REPRESENTATION_CONTEXT(2) 
PARAMETRIC_REPRESENTATION_CONTEXT() REPRESENTATION_CONTEXT('2D SPACE',''
  ) );
#11931 = ORIENTED_EDGE('',*,*,#11932,.T.);
#11932 = EDGE_CURVE('',#11910,#11910,#11933,.T.);
#11933 = SURFACE_CURVE('',#11934,(#11939,#11946),.PCURVE_S1.);
#11934 = CIRCLE('',#11935,10.);
#11935 = AXIS2_PLACEMENT_3D('',#11936,#11937,#11938);
#11936 = CARTESIAN_POINT('',(0.,0.,70.));
#11937 = DIRECTION('',(0.,1.,0.));
#11938 = DIRECTION('',(0.,-0.,1.));
#11939 = PCURVE('',#11640,#11940);
#11940 = DEFINITIONAL_REPRESENTATION('',(#11941),#11945);
#11941 = LINE('',#11942,#11943);
#11942 = CARTESIAN_POINT('',(0.,0.));
#11943 = VECTOR('',#11944,1.);
#11944 = DIRECTION('',(1.,0.));
#11945 = ( GEOMETRIC_REPRESENTATION_CONTEXT(2) 
PARAMETRIC_REPRESENTATION_CONTEXT() REPRESENTATION_CONTEXT('2D SPACE',''
  ) );
#11946 = PCURVE('',#11947,#11952);
#11947 = PLANE('',#11948);
#11948 = AXIS2_PLACEMENT_3D('',#11949,#11950,#11951);
#11949 = CARTESIAN_POINT('',(0.,0.,70.));
#11950 = DIRECTION('',(0.,1.,0.));
#11951 = DIRECTION('',(0.,-0.,1.));
#11952 = DEFINITIONAL_REPRESENTATION('',(#11953),#11957);
#11953 = CIRCLE('',#11954,10.);
#11954 = AXIS2_PLACEMENT_2D('',#11955,#11956);
#11955 = CARTESIAN_POINT('',(0.,0.));
#11956 = DIRECTION('',(1.,0.));
#11957 = ( GEOMETRIC_REPRESENTATION_CONTEXT(2) 
PARAMETRIC_REPRESENTATION_CONTEXT() REPRESENTATION_CONTEXT('2D SPACE',''
  ) );
#11958 = ORIENTED_EDGE('',*,*,#11909,.T.);
#11959 = ORIENTED_EDGE('',*,*,#11960,.F.);
#11960 = EDGE_CURVE('',#11961,#11855,#11963,.T.);
#11961 = VERTEX_POINT('',#11962);
#11962 = CARTESIAN_POINT('',(-7.141428428543,255.34077418028,77.));
#11963 = SURFACE_CURVE('',#11964,(#11977,#11993),.PCURVE_S1.);
#11964 = B_SPLINE_CURVE_WITH_KNOTS('',6,(#11965,#11966,#11967,#11968,
    #11969,#11970,#11971,#11972,#11973,#11974,#11975,#11976),
  .UNSPECIFIED.,.F.,.F.,(7,5,7),(0.,0.46963202569,1.),.UNSPECIFIED.);
#11965 = CARTESIAN_POINT('',(-7.141430780996,255.3407744053,
    76.999997600009));
#11966 = CARTESIAN_POINT('',(-6.75714276695,255.30401583688,
    77.392050056179));
#11967 = CARTESIAN_POINT('',(-6.3382768394,255.26634506436,
    77.767713135611));
#11968 = CARTESIAN_POINT('',(-5.884230360901,255.2285076406,
    78.123192475333));
#11969 = CARTESIAN_POINT('',(-5.394688230233,255.19141749616,
    78.454256975777));
#11970 = CARTESIAN_POINT('',(-4.869761089255,255.15616496458,
    78.756144090978));
#11971 = CARTESIAN_POINT('',(-3.678140462086,255.08757094455,
    79.325332955857));
#11972 = CARTESIAN_POINT('',(-2.99853424712,255.05487355871,
    79.584716600251));
#11973 = CARTESIAN_POINT('',(-2.279678019435,255.02813540943,
    79.789002092116));
#11974 = CARTESIAN_POINT('',(-1.532175502859,255.00943958082,
    79.929198436748));
#11975 = CARTESIAN_POINT('',(-0.768123142058,255.,80.));
#11976 = CARTESIAN_POINT('',(-7.993605777301E-15,255.,80.));
#11977 = PCURVE('',#11640,#11978);
#11978 = DEFINITIONAL_REPRESENTATION('',(#11979),#11992);
#11979 = B_SPLINE_CURVE_WITH_KNOTS('',6,(#11980,#11981,#11982,#11983,
    #11984,#11985,#11986,#11987,#11988,#11989,#11990,#11991),
  .UNSPECIFIED.,.F.,.F.,(7,5,7),(0.,0.46963202569,1.),.UNSPECIFIED.);
#11980 = CARTESIAN_POINT('',(5.487786140931,255.3407744053));
#11981 = CARTESIAN_POINT('',(5.542684447474,255.30401583688));
#11982 = CARTESIAN_POINT('',(5.598832795768,255.26634506436));
#11983 = CARTESIAN_POINT('',(5.656300053737,255.2285076406));
#11984 = CARTESIAN_POINT('',(5.715172259385,255.19141749616));
#11985 = CARTESIAN_POINT('',(5.775550588167,255.15616496458));
#11986 = CARTESIAN_POINT('',(5.907608745166,255.08757094455));
#11987 = CARTESIAN_POINT('',(5.980112473937,255.05487355871));
#11988 = CARTESIAN_POINT('',(6.054401602631,255.02813540943));
#11989 = CARTESIAN_POINT('',(6.129967786777,255.00943958082));
#11990 = CARTESIAN_POINT('',(6.206372992974,255.));
#11991 = CARTESIAN_POINT('',(6.28318530718,255.));
#11992 = ( GEOMETRIC_REPRESENTATION_CONTEXT(2) 
PARAMETRIC_REPRESENTATION_CONTEXT() REPRESENTATION_CONTEXT('2D SPACE',''
  ) );
#11993 = PCURVE('',#11888,#11994);
#11994 = DEFINITIONAL_REPRESENTATION('',(#11995),#12008);
#11995 = B_SPLINE_CURVE_WITH_KNOTS('',6,(#11996,#11997,#11998,#11999,
    #12000,#12001,#12002,#12003,#12004,#12005,#12006,#12007),
  .UNSPECIFIED.,.F.,.F.,(7,5,7),(0.,0.46963202569,1.),.UNSPECIFIED.);
#11996 = CARTESIAN_POINT('',(4.617025426359,-2.4E-06));
#11997 = CARTESIAN_POINT('',(4.622172653791,0.39205005617));
#11998 = CARTESIAN_POINT('',(4.627779983201,0.767713135647));
#11999 = CARTESIAN_POINT('',(4.633854713437,1.123192475295));
#12000 = CARTESIAN_POINT('',(4.640400327104,1.454256975792));
#12001 = CARTESIAN_POINT('',(4.64741480044,1.756144090978));
#12002 = CARTESIAN_POINT('',(4.663329377175,2.325332955857));
#12003 = CARTESIAN_POINT('',(4.67240087357,2.584716600251));
#12004 = CARTESIAN_POINT('',(4.681991346169,2.789002092116));
#12005 = CARTESIAN_POINT('',(4.691959972192,2.929198436748));
#12006 = CARTESIAN_POINT('',(4.702147338491,3.));
#12007 = CARTESIAN_POINT('',(4.712388980385,3.));
#12008 = ( GEOMETRIC_REPRESENTATION_CONTEXT(2) 
PARAMETRIC_REPRESENTATION_CONTEXT() REPRESENTATION_CONTEXT('2D SPACE',''
  ) );
#12009 = ORIENTED_EDGE('',*,*,#12010,.T.);
#12010 = EDGE_CURVE('',#11961,#12011,#12013,.T.);
#12011 = VERTEX_POINT('',#12012);
#12012 = CARTESIAN_POINT('',(-7.141428428543,330.,77.));
#12013 = SURFACE_CURVE('',#12014,(#12018,#12024),.PCURVE_S1.);
#12014 = LINE('',#12015,#12016);
#12015 = CARTESIAN_POINT('',(-7.141428428543,0.,77.));
#12016 = VECTOR('',#12017,1.);
#12017 = DIRECTION('',(0.,1.,0.));
#12018 = PCURVE('',#11640,#12019);
#12019 = DEFINITIONAL_REPRESENTATION('',(#12020),#12023);
#12020 = B_SPLINE_CURVE_WITH_KNOTS('',1,(#12021,#12022),.UNSPECIFIED.,
  .F.,.F.,(2,2),(240.,330.0000024),.PIECEWISE_BEZIER_KNOTS.);
#12021 = CARTESIAN_POINT('',(5.487786476995,240.));
#12022 = CARTESIAN_POINT('',(5.487786476995,330.0000024));
#12023 = ( GEOMETRIC_REPRESENTATION_CONTEXT(2) 
PARAMETRIC_REPRESENTATION_CONTEXT() REPRESENTATION_CONTEXT('2D SPACE',''
  ) );
#12024 = PCURVE('',#11843,#12025);
#12025 = DEFINITIONAL_REPRESENTATION('',(#12026),#12029);
#12026 = B_SPLINE_CURVE_WITH_KNOTS('',1,(#12027,#12028),.UNSPECIFIED.,
  .F.,.F.,(2,2),(240.,330.0000024),.PIECEWISE_BEZIER_KNOTS.);
#12027 = CARTESIAN_POINT('',(-7.141428428543,-90.));
#12028 = CARTESIAN_POINT('',(-7.141428428543,2.400000028047E-06));
#12029 = ( GEOMETRIC_REPRESENTATION_CONTEXT(2) 
PARAMETRIC_REPRESENTATION_CONTEXT() REPRESENTATION_CONTEXT('2D SPACE',''
  ) );
#12030 = ORIENTED_EDGE('',*,*,#12031,.F.);
#12031 = EDGE_CURVE('',#11736,#12011,#12032,.T.);
#12032 = SURFACE_CURVE('',#12033,(#12038,#12045),.PCURVE_S1.);
#12033 = CIRCLE('',#12034,10.);
#12034 = AXIS2_PLACEMENT_3D('',#12035,#12036,#12037);
#12035 = CARTESIAN_POINT('',(0.,330.,70.));
#12036 = DIRECTION('',(0.,1.,0.));
#12037 = DIRECTION('',(0.,-0.,1.));
#12038 = PCURVE('',#11640,#12039);
#12039 = DEFINITIONAL_REPRESENTATION('',(#12040),#12044);
#12040 = LINE('',#12041,#12042);
#12041 = CARTESIAN_POINT('',(0.,330.));
#12042 = VECTOR('',#12043,1.);
#12043 = DIRECTION('',(1.,0.));
#12044 = ( GEOMETRIC_REPRESENTATION_CONTEXT(2) 
PARAMETRIC_REPRESENTATION_CONTEXT() REPRESENTATION_CONTEXT('2D SPACE',''
  ) );
#12045 = PCURVE('',#11771,#12046);
#12046 = DEFINITIONAL_REPRESENTATION('',(#12047),#12051);
#12047 = CIRCLE('',#12048,10.);
#12048 = AXIS2_PLACEMENT_2D('',#12049,#12050);
#12049 = CARTESIAN_POINT('',(0.,0.));
#12050 = DIRECTION('',(1.,0.));
#12051 = ( GEOMETRIC_REPRESENTATION_CONTEXT(2) 
PARAMETRIC_REPRESENTATION_CONTEXT() REPRESENTATION_CONTEXT('2D SPACE',''
  ) );
#12052 = ORIENTED_EDGE('',*,*,#11735,.F.);
#12053 = ORIENTED_EDGE('',*,*,#11576,.F.);
#12054 = ORIENTED_EDGE('',*,*,#11782,.T.);
#12055 = ADVANCED_FACE('',(#12056),#11771,.T.);
#12056 = FACE_BOUND('',#12057,.T.);
#12057 = EDGE_LOOP('',(#12058,#12077,#12078,#12079));
#12058 = ORIENTED_EDGE('',*,*,#12059,.F.);
#12059 = EDGE_CURVE('',#11805,#12011,#12060,.T.);
#12060 = SURFACE_CURVE('',#12061,(#12065,#12071),.PCURVE_S1.);
#12061 = LINE('',#12062,#12063);
#12062 = CARTESIAN_POINT('',(0.,330.,77.));
#12063 = VECTOR('',#12064,1.);
#12064 = DIRECTION('',(-1.,0.,0.));
#12065 = PCURVE('',#11771,#12066);
#12066 = DEFINITIONAL_REPRESENTATION('',(#12067),#12070);
#12067 = B_SPLINE_CURVE_WITH_KNOTS('',1,(#12068,#12069),.UNSPECIFIED.,
  .F.,.F.,(2,2),(-10.,10.),.PIECEWISE_BEZIER_KNOTS.);
#12068 = CARTESIAN_POINT('',(7.,10.));
#12069 = CARTESIAN_POINT('',(7.,-10.));
#12070 = ( GEOMETRIC_REPRESENTATION_CONTEXT(2) 
PARAMETRIC_REPRESENTATION_CONTEXT() REPRESENTATION_CONTEXT('2D SPACE',''
  ) );
#12071 = PCURVE('',#11843,#12072);
#12072 = DEFINITIONAL_REPRESENTATION('',(#12073),#12076);
#12073 = B_SPLINE_CURVE_WITH_KNOTS('',1,(#12074,#12075),.UNSPECIFIED.,
  .F.,.F.,(2,2),(-10.,10.),.PIECEWISE_BEZIER_KNOTS.);
#12074 = CARTESIAN_POINT('',(10.,0.));
#12075 = CARTESIAN_POINT('',(-10.,0.));
#12076 = ( GEOMETRIC_REPRESENTATION_CONTEXT(2) 
PARAMETRIC_REPRESENTATION_CONTEXT() REPRESENTATION_CONTEXT('2D SPACE',''
  ) );
#12077 = ORIENTED_EDGE('',*,*,#11804,.T.);
#12078 = ORIENTED_EDGE('',*,*,#11756,.T.);
#12079 = ORIENTED_EDGE('',*,*,#12031,.T.);
#12080 = ADVANCED_FACE('',(#12081),#11843,.F.);
#12081 = FACE_BOUND('',#12082,.F.);
#12082 = EDGE_LOOP('',(#12083,#12107,#12129,#12130,#12131));
#12083 = ORIENTED_EDGE('',*,*,#12084,.T.);
#12084 = EDGE_CURVE('',#11829,#12085,#12087,.T.);
#12085 = VERTEX_POINT('',#12086);
#12086 = CARTESIAN_POINT('',(75.,330.,77.));
#12087 = SURFACE_CURVE('',#12088,(#12093,#12100),.PCURVE_S1.);
#12088 = CIRCLE('',#12089,75.);
#12089 = AXIS2_PLACEMENT_3D('',#12090,#12091,#12092);
#12090 = CARTESIAN_POINT('',(0.,330.,77.));
#12091 = DIRECTION('',(0.,0.,1.));
#12092 = DIRECTION('',(1.,0.,-0.));
#12093 = PCURVE('',#11843,#12094);
#12094 = DEFINITIONAL_REPRESENTATION('',(#12095),#12099);
#12095 = CIRCLE('',#12096,75.);
#12096 = AXIS2_PLACEMENT_2D('',#12097,#12098);
#12097 = CARTESIAN_POINT('',(0.,0.));
#12098 = DIRECTION('',(1.,0.));
#12099 = ( GEOMETRIC_REPRESENTATION_CONTEXT(2) 
PARAMETRIC_REPRESENTATION_CONTEXT() REPRESENTATION_CONTEXT('2D SPACE',''
  ) );
#12100 = PCURVE('',#11888,#12101);
#12101 = DEFINITIONAL_REPRESENTATION('',(#12102),#12106);
#12102 = LINE('',#12103,#12104);
#12103 = CARTESIAN_POINT('',(0.,0.));
#12104 = VECTOR('',#12105,1.);
#12105 = DIRECTION('',(1.,0.));
#12106 = ( GEOMETRIC_REPRESENTATION_CONTEXT(2) 
PARAMETRIC_REPRESENTATION_CONTEXT() REPRESENTATION_CONTEXT('2D SPACE',''
  ) );
#12107 = ORIENTED_EDGE('',*,*,#12108,.T.);
#12108 = EDGE_CURVE('',#12085,#11961,#12109,.T.);
#12109 = SURFACE_CURVE('',#12110,(#12115,#12122),.PCURVE_S1.);
#12110 = CIRCLE('',#12111,75.);
#12111 = AXIS2_PLACEMENT_3D('',#12112,#12113,#12114);
#12112 = CARTESIAN_POINT('',(0.,330.,77.));
#12113 = DIRECTION('',(0.,0.,1.));
#12114 = DIRECTION('',(1.,0.,-0.));
#12115 = PCURVE('',#11843,#12116);
#12116 = DEFINITIONAL_REPRESENTATION('',(#12117),#12121);
#12117 = CIRCLE('',#12118,75.);
#12118 = AXIS2_PLACEMENT_2D('',#12119,#12120);
#12119 = CARTESIAN_POINT('',(0.,0.));
#12120 = DIRECTION('',(1.,0.));
#12121 = ( GEOMETRIC_REPRESENTATION_CONTEXT(2) 
PARAMETRIC_REPRESENTATION_CONTEXT() REPRESENTATION_CONTEXT('2D SPACE',''
  ) );
#12122 = PCURVE('',#11888,#12123);
#12123 = DEFINITIONAL_REPRESENTATION('',(#12124),#12128);
#12124 = LINE('',#12125,#12126);
#12125 = CARTESIAN_POINT('',(0.,0.));
#12126 = VECTOR('',#12127,1.);
#12127 = DIRECTION('',(1.,0.));
#12128 = ( GEOMETRIC_REPRESENTATION_CONTEXT(2) 
PARAMETRIC_REPRESENTATION_CONTEXT() REPRESENTATION_CONTEXT('2D SPACE',''
  ) );
#12129 = ORIENTED_EDGE('',*,*,#12010,.T.);
#12130 = ORIENTED_EDGE('',*,*,#12059,.F.);
#12131 = ORIENTED_EDGE('',*,*,#11828,.F.);
#12132 = ADVANCED_FACE('',(#12133),#11888,.T.);
#12133 = FACE_BOUND('',#12134,.T.);
#12134 = EDGE_LOOP('',(#12135,#12158,#12185,#12186,#12187,#12188,#12189)
  );
#12135 = ORIENTED_EDGE('',*,*,#12136,.T.);
#12136 = EDGE_CURVE('',#12085,#12137,#12139,.T.);
#12137 = VERTEX_POINT('',#12138);
#12138 = CARTESIAN_POINT('',(75.,330.,91.));
#12139 = SEAM_CURVE('',#12140,(#12144,#12151),.PCURVE_S1.);
#12140 = LINE('',#12141,#12142);
#12141 = CARTESIAN_POINT('',(75.,330.,77.));
#12142 = VECTOR('',#12143,1.);
#12143 = DIRECTION('',(0.,0.,1.));
#12144 = PCURVE('',#11888,#12145);
#12145 = DEFINITIONAL_REPRESENTATION('',(#12146),#12150);
#12146 = LINE('',#12147,#12148);
#12147 = CARTESIAN_POINT('',(6.28318530718,-0.));
#12148 = VECTOR('',#12149,1.);
#12149 = DIRECTION('',(0.,1.));
#12150 = ( GEOMETRIC_REPRESENTATION_CONTEXT(2) 
PARAMETRIC_REPRESENTATION_CONTEXT() REPRESENTATION_CONTEXT('2D SPACE',''
  ) );
#12151 = PCURVE('',#11888,#12152);
#12152 = DEFINITIONAL_REPRESENTATION('',(#12153),#12157);
#12153 = LINE('',#12154,#12155);
#12154 = CARTESIAN_POINT('',(0.,-0.));
#12155 = VECTOR('',#12156,1.);
#12156 = DIRECTION('',(0.,1.));
#12157 = ( GEOMETRIC_REPRESENTATION_CONTEXT(2) 
PARAMETRIC_REPRESENTATION_CONTEXT() REPRESENTATION_CONTEXT('2D SPACE',''
  ) );
#12158 = ORIENTED_EDGE('',*,*,#12159,.F.);
#12159 = EDGE_CURVE('',#12137,#12137,#12160,.T.);
#12160 = SURFACE_CURVE('',#12161,(#12166,#12173),.PCURVE_S1.);
#12161 = CIRCLE('',#12162,75.);
#12162 = AXIS2_PLACEMENT_3D('',#12163,#12164,#12165);
#12163 = CARTESIAN_POINT('',(0.,330.,91.));
#12164 = DIRECTION('',(0.,0.,1.));
#12165 = DIRECTION('',(1.,0.,-0.));
#12166 = PCURVE('',#11888,#12167);
#12167 = DEFINITIONAL_REPRESENTATION('',(#12168),#12172);
#12168 = LINE('',#12169,#12170);
#12169 = CARTESIAN_POINT('',(0.,14.));
#12170 = VECTOR('',#12171,1.);
#12171 = DIRECTION('',(1.,0.));
#12172 = ( GEOMETRIC_REPRESENTATION_CONTEXT(2) 
PARAMETRIC_REPRESENTATION_CONTEXT() REPRESENTATION_CONTEXT('2D SPACE',''
  ) );
#12173 = PCURVE('',#12174,#12179);
#12174 = PLANE('',#12175);
#12175 = AXIS2_PLACEMENT_3D('',#12176,#12177,#12178);
#12176 = CARTESIAN_POINT('',(0.,330.,91.));
#12177 = DIRECTION('',(0.,0.,1.));
#12178 = DIRECTION('',(1.,0.,-0.));
#12179 = DEFINITIONAL_REPRESENTATION('',(#12180),#12184);
#12180 = CIRCLE('',#12181,75.);
#12181 = AXIS2_PLACEMENT_2D('',#12182,#12183);
#12182 = CARTESIAN_POINT('',(0.,0.));
#12183 = DIRECTION('',(1.,0.));
#12184 = ( GEOMETRIC_REPRESENTATION_CONTEXT(2) 
PARAMETRIC_REPRESENTATION_CONTEXT() REPRESENTATION_CONTEXT('2D SPACE',''
  ) );
#12185 = ORIENTED_EDGE('',*,*,#12136,.F.);
#12186 = ORIENTED_EDGE('',*,*,#12108,.T.);
#12187 = ORIENTED_EDGE('',*,*,#11960,.T.);
#12188 = ORIENTED_EDGE('',*,*,#11854,.T.);
#12189 = ORIENTED_EDGE('',*,*,#12084,.T.);
#12190 = ADVANCED_FACE('',(#12191),#11947,.F.);
#12191 = FACE_BOUND('',#12192,.T.);
#12192 = EDGE_LOOP('',(#12193));
#12193 = ORIENTED_EDGE('',*,*,#11932,.F.);
#12194 = ADVANCED_FACE('',(#12195),#12174,.T.);
#12195 = FACE_BOUND('',#12196,.T.);
#12196 = EDGE_LOOP('',(#12197));
#12197 = ORIENTED_EDGE('',*,*,#12159,.T.);
#12198 = MANIFOLD_SOLID_BREP('',#12199);
#12199 = CLOSED_SHELL('',(#12200,#12288,#12292));
#12200 = ADVANCED_FACE('',(#12201),#12214,.T.);
#12201 = FACE_BOUND('',#12202,.T.);
#12202 = EDGE_LOOP('',(#12203,#12237,#12260,#12287));
#12203 = ORIENTED_EDGE('',*,*,#12204,.F.);
#12204 = EDGE_CURVE('',#12205,#12205,#12207,.T.);
#12205 = VERTEX_POINT('',#12206);
#12206 = CARTESIAN_POINT('',(75.,330.,7.));
#12207 = SURFACE_CURVE('',#12208,(#12213,#12225),.PCURVE_S1.);
#12208 = CIRCLE('',#12209,75.);
#12209 = AXIS2_PLACEMENT_3D('',#12210,#12211,#12212);
#12210 = CARTESIAN_POINT('',(0.,330.,7.));
#12211 = DIRECTION('',(0.,0.,1.));
#12212 = DIRECTION('',(1.,0.,-0.));
#12213 = PCURVE('',#12214,#12219);
#12214 = CYLINDRICAL_SURFACE('',#12215,75.);
#12215 = AXIS2_PLACEMENT_3D('',#12216,#12217,#12218);
#12216 = CARTESIAN_POINT('',(0.,330.,-7.));
#12217 = DIRECTION('',(0.,0.,1.));
#12218 = DIRECTION('',(1.,0.,-0.));
#12219 = DEFINITIONAL_REPRESENTATION('',(#12220),#12224);
#12220 = LINE('',#12221,#12222);
#12221 = CARTESIAN_POINT('',(0.,14.));
#12222 = VECTOR('',#12223,1.);
#12223 = DIRECTION('',(1.,0.));
#12224 = ( GEOMETRIC_REPRESENTATION_CONTEXT(2) 
PARAMETRIC_REPRESENTATION_CONTEXT() REPRESENTATION_CONTEXT('2D SPACE',''
  ) );
#12225 = PCURVE('',#12226,#12231);
#12226 = PLANE('',#12227);
#12227 = AXIS2_PLACEMENT_3D('',#12228,#12229,#12230);
#12228 = CARTESIAN_POINT('',(0.,330.,7.));
#12229 = DIRECTION('',(0.,0.,1.));
#12230 = DIRECTION('',(1.,0.,-0.));
#12231 = DEFINITIONAL_REPRESENTATION('',(#12232),#12236);
#12232 = CIRCLE('',#12233,75.);
#12233 = AXIS2_PLACEMENT_2D('',#12234,#12235);
#12234 = CARTESIAN_POINT('',(0.,0.));
#12235 = DIRECTION('',(1.,0.));
#12236 = ( GEOMETRIC_REPRESENTATION_CONTEXT(2) 
PARAMETRIC_REPRESENTATION_CONTEXT() REPRESENTATION_CONTEXT('2D SPACE',''
  ) );
#12237 = ORIENTED_EDGE('',*,*,#12238,.F.);
#12238 = EDGE_CURVE('',#12239,#12205,#12241,.T.);
#12239 = VERTEX_POINT('',#12240);
#12240 = CARTESIAN_POINT('',(75.,330.,-7.));
#12241 = SEAM_CURVE('',#12242,(#12246,#12253),.PCURVE_S1.);
#12242 = LINE('',#12243,#12244);
#12243 = CARTESIAN_POINT('',(75.,330.,-7.));
#12244 = VECTOR('',#12245,1.);
#12245 = DIRECTION('',(0.,0.,1.));
#12246 = PCURVE('',#12214,#12247);
#12247 = DEFINITIONAL_REPRESENTATION('',(#12248),#12252);
#12248 = LINE('',#12249,#12250);
#12249 = CARTESIAN_POINT('',(6.28318530718,-0.));
#12250 = VECTOR('',#12251,1.);
#12251 = DIRECTION('',(0.,1.));
#12252 = ( GEOMETRIC_REPRESENTATION_CONTEXT(2) 
PARAMETRIC_REPRESENTATION_CONTEXT() REPRESENTATION_CONTEXT('2D SPACE',''
  ) );
#12253 = PCURVE('',#12214,#12254);
#12254 = DEFINITIONAL_REPRESENTATION('',(#12255),#12259);
#12255 = LINE('',#12256,#12257);
#12256 = CARTESIAN_POINT('',(0.,-0.));
#12257 = VECTOR('',#12258,1.);
#12258 = DIRECTION('',(0.,1.));
#12259 = ( GEOMETRIC_REPRESENTATION_CONTEXT(2) 
PARAMETRIC_REPRESENTATION_CONTEXT() REPRESENTATION_CONTEXT('2D SPACE',''
  ) );
#12260 = ORIENTED_EDGE('',*,*,#12261,.T.);
#12261 = EDGE_CURVE('',#12239,#12239,#12262,.T.);
#12262 = SURFACE_CURVE('',#12263,(#12268,#12275),.PCURVE_S1.);
#12263 = CIRCLE('',#12264,75.);
#12264 = AXIS2_PLACEMENT_3D('',#12265,#12266,#12267);
#12265 = CARTESIAN_POINT('',(0.,330.,-7.));
#12266 = DIRECTION('',(0.,0.,1.));
#12267 = DIRECTION('',(1.,0.,-0.));
#12268 = PCURVE('',#12214,#12269);
#12269 = DEFINITIONAL_REPRESENTATION('',(#12270),#12274);
#12270 = LINE('',#12271,#12272);
#12271 = CARTESIAN_POINT('',(0.,0.));
#12272 = VECTOR('',#12273,1.);
#12273 = DIRECTION('',(1.,0.));
#12274 = ( GEOMETRIC_REPRESENTATION_CONTEXT(2) 
PARAMETRIC_REPRESENTATION_CONTEXT() REPRESENTATION_CONTEXT('2D SPACE',''
  ) );
#12275 = PCURVE('',#12276,#12281);
#12276 = PLANE('',#12277);
#12277 = AXIS2_PLACEMENT_3D('',#12278,#12279,#12280);
#12278 = CARTESIAN_POINT('',(0.,330.,-7.));
#12279 = DIRECTION('',(0.,0.,1.));
#12280 = DIRECTION('',(1.,0.,-0.));
#12281 = DEFINITIONAL_REPRESENTATION('',(#12282),#12286);
#12282 = CIRCLE('',#12283,75.);
#12283 = AXIS2_PLACEMENT_2D('',#12284,#12285);
#12284 = CARTESIAN_POINT('',(0.,0.));
#12285 = DIRECTION('',(1.,0.));
#12286 = ( GEOMETRIC_REPRESENTATION_CONTEXT(2) 
PARAMETRIC_REPRESENTATION_CONTEXT() REPRESENTATION_CONTEXT('2D SPACE',''
  ) );
#12287 = ORIENTED_EDGE('',*,*,#12238,.T.);
#12288 = ADVANCED_FACE('',(#12289),#12226,.T.);
#12289 = FACE_BOUND('',#12290,.T.);
#12290 = EDGE_LOOP('',(#12291));
#12291 = ORIENTED_EDGE('',*,*,#12204,.T.);
#12292 = ADVANCED_FACE('',(#12293),#12276,.F.);
#12293 = FACE_BOUND('',#12294,.T.);
#12294 = EDGE_LOOP('',(#12295));
#12295 = ORIENTED_EDGE('',*,*,#12261,.F.);
#12296 = MANIFOLD_SOLID_BREP('',#12297);
#12297 = CLOSED_SHELL('',(#12298,#12386,#12390));
#12298 = ADVANCED_FACE('',(#12299),#12312,.T.);
#12299 = FACE_BOUND('',#12300,.T.);
#12300 = EDGE_LOOP('',(#12301,#12335,#12358,#12385));
#12301 = ORIENTED_EDGE('',*,*,#12302,.F.);
#12302 = EDGE_CURVE('',#12303,#12303,#12305,.T.);
#12303 = VERTEX_POINT('',#12304);
#12304 = CARTESIAN_POINT('',(75.,330.,35.));
#12305 = SURFACE_CURVE('',#12306,(#12311,#12323),.PCURVE_S1.);
#12306 = CIRCLE('',#12307,75.);
#12307 = AXIS2_PLACEMENT_3D('',#12308,#12309,#12310);
#12308 = CARTESIAN_POINT('',(0.,330.,35.));
#12309 = DIRECTION('',(0.,0.,1.));
#12310 = DIRECTION('',(1.,0.,-0.));
#12311 = PCURVE('',#12312,#12317);
#12312 = CYLINDRICAL_SURFACE('',#12313,75.);
#12313 = AXIS2_PLACEMENT_3D('',#12314,#12315,#12316);
#12314 = CARTESIAN_POINT('',(0.,330.,21.));
#12315 = DIRECTION('',(0.,0.,1.));
#12316 = DIRECTION('',(1.,0.,-0.));
#12317 = DEFINITIONAL_REPRESENTATION('',(#12318),#12322);
#12318 = LINE('',#12319,#12320);
#12319 = CARTESIAN_POINT('',(0.,14.));
#12320 = VECTOR('',#12321,1.);
#12321 = DIRECTION('',(1.,0.));
#12322 = ( GEOMETRIC_REPRESENTATION_CONTEXT(2) 
PARAMETRIC_REPRESENTATION_CONTEXT() REPRESENTATION_CONTEXT('2D SPACE',''
  ) );
#12323 = PCURVE('',#12324,#12329);
#12324 = PLANE('',#12325);
#12325 = AXIS2_PLACEMENT_3D('',#12326,#12327,#12328);
#12326 = CARTESIAN_POINT('',(0.,330.,35.));
#12327 = DIRECTION('',(0.,0.,1.));
#12328 = DIRECTION('',(1.,0.,-0.));
#12329 = DEFINITIONAL_REPRESENTATION('',(#12330),#12334);
#12330 = CIRCLE('',#12331,75.);
#12331 = AXIS2_PLACEMENT_2D('',#12332,#12333);
#12332 = CARTESIAN_POINT('',(0.,0.));
#12333 = DIRECTION('',(1.,0.));
#12334 = ( GEOMETRIC_REPRESENTATION_CONTEXT(2) 
PARAMETRIC_REPRESENTATION_CONTEXT() REPRESENTATION_CONTEXT('2D SPACE',''
  ) );
#12335 = ORIENTED_EDGE('',*,*,#12336,.F.);
#12336 = EDGE_CURVE('',#12337,#12303,#12339,.T.);
#12337 = VERTEX_POINT('',#12338);
#12338 = CARTESIAN_POINT('',(75.,330.,21.));
#12339 = SEAM_CURVE('',#12340,(#12344,#12351),.PCURVE_S1.);
#12340 = LINE('',#12341,#12342);
#12341 = CARTESIAN_POINT('',(75.,330.,21.));
#12342 = VECTOR('',#12343,1.);
#12343 = DIRECTION('',(0.,0.,1.));
#12344 = PCURVE('',#12312,#12345);
#12345 = DEFINITIONAL_REPRESENTATION('',(#12346),#12350);
#12346 = LINE('',#12347,#12348);
#12347 = CARTESIAN_POINT('',(6.28318530718,-0.));
#12348 = VECTOR('',#12349,1.);
#12349 = DIRECTION('',(0.,1.));
#12350 = ( GEOMETRIC_REPRESENTATION_CONTEXT(2) 
PARAMETRIC_REPRESENTATION_CONTEXT() REPRESENTATION_CONTEXT('2D SPACE',''
  ) );
#12351 = PCURVE('',#12312,#12352);
#12352 = DEFINITIONAL_REPRESENTATION('',(#12353),#12357);
#12353 = LINE('',#12354,#12355);
#12354 = CARTESIAN_POINT('',(0.,-0.));
#12355 = VECTOR('',#12356,1.);
#12356 = DIRECTION('',(0.,1.));
#12357 = ( GEOMETRIC_REPRESENTATION_CONTEXT(2) 
PARAMETRIC_REPRESENTATION_CONTEXT() REPRESENTATION_CONTEXT('2D SPACE',''
  ) );
#12358 = ORIENTED_EDGE('',*,*,#12359,.T.);
#12359 = EDGE_CURVE('',#12337,#12337,#12360,.T.);
#12360 = SURFACE_CURVE('',#12361,(#12366,#12373),.PCURVE_S1.);
#12361 = CIRCLE('',#12362,75.);
#12362 = AXIS2_PLACEMENT_3D('',#12363,#12364,#12365);
#12363 = CARTESIAN_POINT('',(0.,330.,21.));
#12364 = DIRECTION('',(0.,0.,1.));
#12365 = DIRECTION('',(1.,0.,-0.));
#12366 = PCURVE('',#12312,#12367);
#12367 = DEFINITIONAL_REPRESENTATION('',(#12368),#12372);
#12368 = LINE('',#12369,#12370);
#12369 = CARTESIAN_POINT('',(0.,0.));
#12370 = VECTOR('',#12371,1.);
#12371 = DIRECTION('',(1.,0.));
#12372 = ( GEOMETRIC_REPRESENTATION_CONTEXT(2) 
PARAMETRIC_REPRESENTATION_CONTEXT() REPRESENTATION_CONTEXT('2D SPACE',''
  ) );
#12373 = PCURVE('',#12374,#12379);
#12374 = PLANE('',#12375);
#12375 = AXIS2_PLACEMENT_3D('',#12376,#12377,#12378);
#12376 = CARTESIAN_POINT('',(0.,330.,21.));
#12377 = DIRECTION('',(0.,0.,1.));
#12378 = DIRECTION('',(1.,0.,-0.));
#12379 = DEFINITIONAL_REPRESENTATION('',(#12380),#12384);
#12380 = CIRCLE('',#12381,75.);
#12381 = AXIS2_PLACEMENT_2D('',#12382,#12383);
#12382 = CARTESIAN_POINT('',(0.,0.));
#12383 = DIRECTION('',(1.,0.));
#12384 = ( GEOMETRIC_REPRESENTATION_CONTEXT(2) 
PARAMETRIC_REPRESENTATION_CONTEXT() REPRESENTATION_CONTEXT('2D SPACE',''
  ) );
#12385 = ORIENTED_EDGE('',*,*,#12336,.T.);
#12386 = ADVANCED_FACE('',(#12387),#12324,.T.);
#12387 = FACE_BOUND('',#12388,.T.);
#12388 = EDGE_LOOP('',(#12389));
#12389 = ORIENTED_EDGE('',*,*,#12302,.T.);
#12390 = ADVANCED_FACE('',(#12391),#12374,.F.);
#12391 = FACE_BOUND('',#12392,.T.);
#12392 = EDGE_LOOP('',(#12393));
#12393 = ORIENTED_EDGE('',*,*,#12359,.F.);
#12394 = MANIFOLD_SOLID_BREP('',#12395);
#12395 = CLOSED_SHELL('',(#12396,#12484,#12488));
#12396 = ADVANCED_FACE('',(#12397),#12410,.T.);
#12397 = FACE_BOUND('',#12398,.T.);
#12398 = EDGE_LOOP('',(#12399,#12433,#12456,#12483));
#12399 = ORIENTED_EDGE('',*,*,#12400,.F.);
#12400 = EDGE_CURVE('',#12401,#12401,#12403,.T.);
#12401 = VERTEX_POINT('',#12402);
#12402 = CARTESIAN_POINT('',(75.,330.,119.));
#12403 = SURFACE_CURVE('',#12404,(#12409,#12421),.PCURVE_S1.);
#12404 = CIRCLE('',#12405,75.);
#12405 = AXIS2_PLACEMENT_3D('',#12406,#12407,#12408);
#12406 = CARTESIAN_POINT('',(0.,330.,119.));
#12407 = DIRECTION('',(0.,0.,1.));
#12408 = DIRECTION('',(1.,0.,-0.));
#12409 = PCURVE('',#12410,#12415);
#12410 = CYLINDRICAL_SURFACE('',#12411,75.);
#12411 = AXIS2_PLACEMENT_3D('',#12412,#12413,#12414);
#12412 = CARTESIAN_POINT('',(0.,330.,105.));
#12413 = DIRECTION('',(0.,0.,1.));
#12414 = DIRECTION('',(1.,0.,-0.));
#12415 = DEFINITIONAL_REPRESENTATION('',(#12416),#12420);
#12416 = LINE('',#12417,#12418);
#12417 = CARTESIAN_POINT('',(0.,14.));
#12418 = VECTOR('',#12419,1.);
#12419 = DIRECTION('',(1.,0.));
#12420 = ( GEOMETRIC_REPRESENTATION_CONTEXT(2) 
PARAMETRIC_REPRESENTATION_CONTEXT() REPRESENTATION_CONTEXT('2D SPACE',''
  ) );
#12421 = PCURVE('',#12422,#12427);
#12422 = PLANE('',#12423);
#12423 = AXIS2_PLACEMENT_3D('',#12424,#12425,#12426);
#12424 = CARTESIAN_POINT('',(0.,330.,119.));
#12425 = DIRECTION('',(0.,0.,1.));
#12426 = DIRECTION('',(1.,0.,-0.));
#12427 = DEFINITIONAL_REPRESENTATION('',(#12428),#12432);
#12428 = CIRCLE('',#12429,75.);
#12429 = AXIS2_PLACEMENT_2D('',#12430,#12431);
#12430 = CARTESIAN_POINT('',(0.,0.));
#12431 = DIRECTION('',(1.,0.));
#12432 = ( GEOMETRIC_REPRESENTATION_CONTEXT(2) 
PARAMETRIC_REPRESENTATION_CONTEXT() REPRESENTATION_CONTEXT('2D SPACE',''
  ) );
#12433 = ORIENTED_EDGE('',*,*,#12434,.F.);
#12434 = EDGE_CURVE('',#12435,#12401,#12437,.T.);
#12435 = VERTEX_POINT('',#12436);
#12436 = CARTESIAN_POINT('',(75.,330.,105.));
#12437 = SEAM_CURVE('',#12438,(#12442,#12449),.PCURVE_S1.);
#12438 = LINE('',#12439,#12440);
#12439 = CARTESIAN_POINT('',(75.,330.,105.));
#12440 = VECTOR('',#12441,1.);
#12441 = DIRECTION('',(0.,0.,1.));
#12442 = PCURVE('',#12410,#12443);
#12443 = DEFINITIONAL_REPRESENTATION('',(#12444),#12448);
#12444 = LINE('',#12445,#12446);
#12445 = CARTESIAN_POINT('',(6.28318530718,-0.));
#12446 = VECTOR('',#12447,1.);
#12447 = DIRECTION('',(0.,1.));
#12448 = ( GEOMETRIC_REPRESENTATION_CONTEXT(2) 
PARAMETRIC_REPRESENTATION_CONTEXT() REPRESENTATION_CONTEXT('2D SPACE',''
  ) );
#12449 = PCURVE('',#12410,#12450);
#12450 = DEFINITIONAL_REPRESENTATION('',(#12451),#12455);
#12451 = LINE('',#12452,#12453);
#12452 = CARTESIAN_POINT('',(0.,-0.));
#12453 = VECTOR('',#12454,1.);
#12454 = DIRECTION('',(0.,1.));
#12455 = ( GEOMETRIC_REPRESENTATION_CONTEXT(2) 
PARAMETRIC_REPRESENTATION_CONTEXT() REPRESENTATION_CONTEXT('2D SPACE',''
  ) );
#12456 = ORIENTED_EDGE('',*,*,#12457,.T.);
#12457 = EDGE_CURVE('',#12435,#12435,#12458,.T.);
#12458 = SURFACE_CURVE('',#12459,(#12464,#12471),.PCURVE_S1.);
#12459 = CIRCLE('',#12460,75.);
#12460 = AXIS2_PLACEMENT_3D('',#12461,#12462,#12463);
#12461 = CARTESIAN_POINT('',(0.,330.,105.));
#12462 = DIRECTION('',(0.,0.,1.));
#12463 = DIRECTION('',(1.,0.,-0.));
#12464 = PCURVE('',#12410,#12465);
#12465 = DEFINITIONAL_REPRESENTATION('',(#12466),#12470);
#12466 = LINE('',#12467,#12468);
#12467 = CARTESIAN_POINT('',(0.,0.));
#12468 = VECTOR('',#12469,1.);
#12469 = DIRECTION('',(1.,0.));
#12470 = ( GEOMETRIC_REPRESENTATION_CONTEXT(2) 
PARAMETRIC_REPRESENTATION_CONTEXT() REPRESENTATION_CONTEXT('2D SPACE',''
  ) );
#12471 = PCURVE('',#12472,#12477);
#12472 = PLANE('',#12473);
#12473 = AXIS2_PLACEMENT_3D('',#12474,#12475,#12476);
#12474 = CARTESIAN_POINT('',(0.,330.,105.));
#12475 = DIRECTION('',(0.,0.,1.));
#12476 = DIRECTION('',(1.,0.,-0.));
#12477 = DEFINITIONAL_REPRESENTATION('',(#12478),#12482);
#12478 = CIRCLE('',#12479,75.);
#12479 = AXIS2_PLACEMENT_2D('',#12480,#12481);
#12480 = CARTESIAN_POINT('',(0.,0.));
#12481 = DIRECTION('',(1.,0.));
#12482 = ( GEOMETRIC_REPRESENTATION_CONTEXT(2) 
PARAMETRIC_REPRESENTATION_CONTEXT() REPRESENTATION_CONTEXT('2D SPACE',''
  ) );
#12483 = ORIENTED_EDGE('',*,*,#12434,.T.);
#12484 = ADVANCED_FACE('',(#12485),#12422,.T.);
#12485 = FACE_BOUND('',#12486,.T.);
#12486 = EDGE_LOOP('',(#12487));
#12487 = ORIENTED_EDGE('',*,*,#12400,.T.);
#12488 = ADVANCED_FACE('',(#12489),#12472,.F.);
#12489 = FACE_BOUND('',#12490,.T.);
#12490 = EDGE_LOOP('',(#12491));
#12491 = ORIENTED_EDGE('',*,*,#12457,.F.);
#12492 = MANIFOLD_SOLID_BREP('',#12493);
#12493 = CLOSED_SHELL('',(#12494,#12582,#12586));
#12494 = ADVANCED_FACE('',(#12495),#12508,.T.);
#12495 = FACE_BOUND('',#12496,.T.);
#12496 = EDGE_LOOP('',(#12497,#12531,#12554,#12581));
#12497 = ORIENTED_EDGE('',*,*,#12498,.F.);
#12498 = EDGE_CURVE('',#12499,#12499,#12501,.T.);
#12499 = VERTEX_POINT('',#12500);
#12500 = CARTESIAN_POINT('',(75.,330.,147.));
#12501 = SURFACE_CURVE('',#12502,(#12507,#12519),.PCURVE_S1.);
#12502 = CIRCLE('',#12503,75.);
#12503 = AXIS2_PLACEMENT_3D('',#12504,#12505,#12506);
#12504 = CARTESIAN_POINT('',(0.,330.,147.));
#12505 = DIRECTION('',(0.,0.,1.));
#12506 = DIRECTION('',(1.,0.,-0.));
#12507 = PCURVE('',#12508,#12513);
#12508 = CYLINDRICAL_SURFACE('',#12509,75.);
#12509 = AXIS2_PLACEMENT_3D('',#12510,#12511,#12512);
#12510 = CARTESIAN_POINT('',(0.,330.,133.));
#12511 = DIRECTION('',(0.,0.,1.));
#12512 = DIRECTION('',(1.,0.,-0.));
#12513 = DEFINITIONAL_REPRESENTATION('',(#12514),#12518);
#12514 = LINE('',#12515,#12516);
#12515 = CARTESIAN_POINT('',(0.,14.));
#12516 = VECTOR('',#12517,1.);
#12517 = DIRECTION('',(1.,0.));
#12518 = ( GEOMETRIC_REPRESENTATION_CONTEXT(2) 
PARAMETRIC_REPRESENTATION_CONTEXT() REPRESENTATION_CONTEXT('2D SPACE',''
  ) );
#12519 = PCURVE('',#12520,#12525);
#12520 = PLANE('',#12521);
#12521 = AXIS2_PLACEMENT_3D('',#12522,#12523,#12524);
#12522 = CARTESIAN_POINT('',(0.,330.,147.));
#12523 = DIRECTION('',(0.,0.,1.));
#12524 = DIRECTION('',(1.,0.,-0.));
#12525 = DEFINITIONAL_REPRESENTATION('',(#12526),#12530);
#12526 = CIRCLE('',#12527,75.);
#12527 = AXIS2_PLACEMENT_2D('',#12528,#12529);
#12528 = CARTESIAN_POINT('',(0.,0.));
#12529 = DIRECTION('',(1.,0.));
#12530 = ( GEOMETRIC_REPRESENTATION_CONTEXT(2) 
PARAMETRIC_REPRESENTATION_CONTEXT() REPRESENTATION_CONTEXT('2D SPACE',''
  ) );
#12531 = ORIENTED_EDGE('',*,*,#12532,.F.);
#12532 = EDGE_CURVE('',#12533,#12499,#12535,.T.);
#12533 = VERTEX_POINT('',#12534);
#12534 = CARTESIAN_POINT('',(75.,330.,133.));
#12535 = SEAM_CURVE('',#12536,(#12540,#12547),.PCURVE_S1.);
#12536 = LINE('',#12537,#12538);
#12537 = CARTESIAN_POINT('',(75.,330.,133.));
#12538 = VECTOR('',#12539,1.);
#12539 = DIRECTION('',(0.,0.,1.));
#12540 = PCURVE('',#12508,#12541);
#12541 = DEFINITIONAL_REPRESENTATION('',(#12542),#12546);
#12542 = LINE('',#12543,#12544);
#12543 = CARTESIAN_POINT('',(6.28318530718,-0.));
#12544 = VECTOR('',#12545,1.);
#12545 = DIRECTION('',(0.,1.));
#12546 = ( GEOMETRIC_REPRESENTATION_CONTEXT(2) 
PARAMETRIC_REPRESENTATION_CONTEXT() REPRESENTATION_CONTEXT('2D SPACE',''
  ) );
#12547 = PCURVE('',#12508,#12548);
#12548 = DEFINITIONAL_REPRESENTATION('',(#12549),#12553);
#12549 = LINE('',#12550,#12551);
#12550 = CARTESIAN_POINT('',(0.,-0.));
#12551 = VECTOR('',#12552,1.);
#12552 = DIRECTION('',(0.,1.));
#12553 = ( GEOMETRIC_REPRESENTATION_CONTEXT(2) 
PARAMETRIC_REPRESENTATION_CONTEXT() REPRESENTATION_CONTEXT('2D SPACE',''
  ) );
#12554 = ORIENTED_EDGE('',*,*,#12555,.T.);
#12555 = EDGE_CURVE('',#12533,#12533,#12556,.T.);
#12556 = SURFACE_CURVE('',#12557,(#12562,#12569),.PCURVE_S1.);
#12557 = CIRCLE('',#12558,75.);
#12558 = AXIS2_PLACEMENT_3D('',#12559,#12560,#12561);
#12559 = CARTESIAN_POINT('',(0.,330.,133.));
#12560 = DIRECTION('',(0.,0.,1.));
#12561 = DIRECTION('',(1.,0.,-0.));
#12562 = PCURVE('',#12508,#12563);
#12563 = DEFINITIONAL_REPRESENTATION('',(#12564),#12568);
#12564 = LINE('',#12565,#12566);
#12565 = CARTESIAN_POINT('',(0.,0.));
#12566 = VECTOR('',#12567,1.);
#12567 = DIRECTION('',(1.,0.));
#12568 = ( GEOMETRIC_REPRESENTATION_CONTEXT(2) 
PARAMETRIC_REPRESENTATION_CONTEXT() REPRESENTATION_CONTEXT('2D SPACE',''
  ) );
#12569 = PCURVE('',#12570,#12575);
#12570 = PLANE('',#12571);
#12571 = AXIS2_PLACEMENT_3D('',#12572,#12573,#12574);
#12572 = CARTESIAN_POINT('',(0.,330.,133.));
#12573 = DIRECTION('',(0.,0.,1.));
#12574 = DIRECTION('',(1.,0.,-0.));
#12575 = DEFINITIONAL_REPRESENTATION('',(#12576),#12580);
#12576 = CIRCLE('',#12577,75.);
#12577 = AXIS2_PLACEMENT_2D('',#12578,#12579);
#12578 = CARTESIAN_POINT('',(0.,0.));
#12579 = DIRECTION('',(1.,0.));
#12580 = ( GEOMETRIC_REPRESENTATION_CONTEXT(2) 
PARAMETRIC_REPRESENTATION_CONTEXT() REPRESENTATION_CONTEXT('2D SPACE',''
  ) );
#12581 = ORIENTED_EDGE('',*,*,#12532,.T.);
#12582 = ADVANCED_FACE('',(#12583),#12520,.T.);
#12583 = FACE_BOUND('',#12584,.T.);
#12584 = EDGE_LOOP('',(#12585));
#12585 = ORIENTED_EDGE('',*,*,#12498,.T.);
#12586 = ADVANCED_FACE('',(#12587),#12570,.F.);
#12587 = FACE_BOUND('',#12588,.T.);
#12588 = EDGE_LOOP('',(#12589));
#12589 = ORIENTED_EDGE('',*,*,#12555,.F.);
#12590 = ( GEOMETRIC_REPRESENTATION_CONTEXT(3) 
GLOBAL_UNCERTAINTY_ASSIGNED_CONTEXT((#12594)) 
GLOBAL_UNIT_ASSIGNED_CONTEXT((#12591,#12592,#12593)) 
REPRESENTATION_CONTEXT('Context #1',
  '3D Context with UNIT and UNCERTAINTY') );
#12591 = ( LENGTH_UNIT() NAMED_UNIT(*) SI_UNIT(.MILLI.,.METRE.) );
#12592 = ( NAMED_UNIT(*) PLANE_ANGLE_UNIT() SI_UNIT($,.RADIAN.) );
#12593 = ( NAMED_UNIT(*) SI_UNIT($,.STERADIAN.) SOLID_ANGLE_UNIT() );
#12594 = UNCERTAINTY_MEASURE_WITH_UNIT(LENGTH_MEASURE(2.E-07),#12591,
  'distance_accuracy_value','confusion accuracy');
#12595 = CONTEXT_DEPENDENT_SHAPE_REPRESENTATION(#12596,#12598);
#12596 = ( REPRESENTATION_RELATIONSHIP('','',#11510,#10) 
REPRESENTATION_RELATIONSHIP_WITH_TRANSFORMATION(#12597) 
SHAPE_REPRESENTATION_RELATIONSHIP() );
#12597 = ITEM_DEFINED_TRANSFORMATION('','',#11,#51);
#12598 = PRODUCT_DEFINITION_SHAPE('Placement','Placement of an item',
  #12599);
#12599 = NEXT_ASSEMBLY_USAGE_OCCURRENCE('10','=>[0:1:1:11]','',#5,#11505
  ,$);
#12600 = PRODUCT_RELATED_PRODUCT_CATEGORY('part',$,(#11507));
#12601 = SHAPE_DEFINITION_REPRESENTATION(#12602,#12608);
#12602 = PRODUCT_DEFINITION_SHAPE('','',#12603);
#12603 = PRODUCT_DEFINITION('design','',#12604,#12607);
#12604 = PRODUCT_DEFINITION_FORMATION('','',#12605);
#12605 = PRODUCT('COMPOUND','COMPOUND','',(#12606));
#12606 = PRODUCT_CONTEXT('',#2,'mechanical');
#12607 = PRODUCT_DEFINITION_CONTEXT('part definition',#2,'design');
#12608 = SHAPE_REPRESENTATION('',(#11,#12609,#12939),#13440);
#12609 = MANIFOLD_SOLID_BREP('',#12610);
#12610 = CLOSED_SHELL('',(#12611,#12731,#12831,#12878,#12925,#12932));
#12611 = ADVANCED_FACE('',(#12612),#12626,.F.);
#12612 = FACE_BOUND('',#12613,.F.);
#12613 = EDGE_LOOP('',(#12614,#12649,#12677,#12705));
#12614 = ORIENTED_EDGE('',*,*,#12615,.F.);
#12615 = EDGE_CURVE('',#12616,#12618,#12620,.T.);
#12616 = VERTEX_POINT('',#12617);
#12617 = CARTESIAN_POINT('',(-645.0573604601,-3.639632674009E+03,
    1.22E+03));
#12618 = VERTEX_POINT('',#12619);
#12619 = CARTESIAN_POINT('',(-645.0573604601,-3.639632674009E+03,
    1.48E+03));
#12620 = SURFACE_CURVE('',#12621,(#12625,#12637),.PCURVE_S1.);
#12621 = LINE('',#12622,#12623);
#12622 = CARTESIAN_POINT('',(-645.0573604601,-3.639632674009E+03,
    1.22E+03));
#12623 = VECTOR('',#12624,1.);
#12624 = DIRECTION('',(0.,-0.,1.));
#12625 = PCURVE('',#12626,#12631);
#12626 = PLANE('',#12627);
#12627 = AXIS2_PLACEMENT_3D('',#12628,#12629,#12630);
#12628 = CARTESIAN_POINT('',(-645.0573604601,-3.639632674009E+03,
    1.22E+03));
#12629 = DIRECTION('',(-0.14780941113,-0.989015863362,0.));
#12630 = DIRECTION('',(0.,-0.,1.));
#12631 = DEFINITIONAL_REPRESENTATION('',(#12632),#12636);
#12632 = LINE('',#12633,#12634);
#12633 = CARTESIAN_POINT('',(0.,0.));
#12634 = VECTOR('',#12635,1.);
#12635 = DIRECTION('',(1.,0.));
#12636 = ( GEOMETRIC_REPRESENTATION_CONTEXT(2) 
PARAMETRIC_REPRESENTATION_CONTEXT() REPRESENTATION_CONTEXT('2D SPACE',''
  ) );
#12637 = PCURVE('',#12638,#12643);
#12638 = PLANE('',#12639);
#12639 = AXIS2_PLACEMENT_3D('',#12640,#12641,#12642);
#12640 = CARTESIAN_POINT('',(-645.0573604601,-3.639632674009E+03,
    1.22E+03));
#12641 = DIRECTION('',(0.989015863362,-0.14780941113,0.));
#12642 = DIRECTION('',(0.,-0.,1.));
#12643 = DEFINITIONAL_REPRESENTATION('',(#12644),#12648);
#12644 = LINE('',#12645,#12646);
#12645 = CARTESIAN_POINT('',(0.,0.));
#12646 = VECTOR('',#12647,1.);
#12647 = DIRECTION('',(1.,0.));
#12648 = ( GEOMETRIC_REPRESENTATION_CONTEXT(2) 
PARAMETRIC_REPRESENTATION_CONTEXT() REPRESENTATION_CONTEXT('2D SPACE',''
  ) );
#12649 = ORIENTED_EDGE('',*,*,#12650,.T.);
#12650 = EDGE_CURVE('',#12616,#12651,#12653,.T.);
#12651 = VERTEX_POINT('',#12652);
#12652 = CARTESIAN_POINT('',(-447.2541877877,-3.669194556235E+03,
    1.22E+03));
#12653 = SURFACE_CURVE('',#12654,(#12658,#12665),.PCURVE_S1.);
#12654 = LINE('',#12655,#12656);
#12655 = CARTESIAN_POINT('',(-645.0573604601,-3.639632674009E+03,
    1.22E+03));
#12656 = VECTOR('',#12657,1.);
#12657 = DIRECTION('',(0.989015863362,-0.14780941113,0.));
#12658 = PCURVE('',#12626,#12659);
#12659 = DEFINITIONAL_REPRESENTATION('',(#12660),#12664);
#12660 = LINE('',#12661,#12662);
#12661 = CARTESIAN_POINT('',(0.,0.));
#12662 = VECTOR('',#12663,1.);
#12663 = DIRECTION('',(0.,-1.));
#12664 = ( GEOMETRIC_REPRESENTATION_CONTEXT(2) 
PARAMETRIC_REPRESENTATION_CONTEXT() REPRESENTATION_CONTEXT('2D SPACE',''
  ) );
#12665 = PCURVE('',#12666,#12671);
#12666 = PLANE('',#12667);
#12667 = AXIS2_PLACEMENT_3D('',#12668,#12669,#12670);
#12668 = CARTESIAN_POINT('',(-645.0573604601,-3.639632674009E+03,
    1.22E+03));
#12669 = DIRECTION('',(0.,-0.,1.));
#12670 = DIRECTION('',(-0.14780941113,-0.989015863362,0.));
#12671 = DEFINITIONAL_REPRESENTATION('',(#12672),#12676);
#12672 = LINE('',#12673,#12674);
#12673 = CARTESIAN_POINT('',(0.,0.));
#12674 = VECTOR('',#12675,1.);
#12675 = DIRECTION('',(0.,1.));
#12676 = ( GEOMETRIC_REPRESENTATION_CONTEXT(2) 
PARAMETRIC_REPRESENTATION_CONTEXT() REPRESENTATION_CONTEXT('2D SPACE',''
  ) );
#12677 = ORIENTED_EDGE('',*,*,#12678,.T.);
#12678 = EDGE_CURVE('',#12651,#12679,#12681,.T.);
#12679 = VERTEX_POINT('',#12680);
#12680 = CARTESIAN_POINT('',(-447.2541877877,-3.669194556235E+03,
    1.48E+03));
#12681 = SURFACE_CURVE('',#12682,(#12686,#12693),.PCURVE_S1.);
#12682 = LINE('',#12683,#12684);
#12683 = CARTESIAN_POINT('',(-447.2541877877,-3.669194556235E+03,
    1.22E+03));
#12684 = VECTOR('',#12685,1.);
#12685 = DIRECTION('',(0.,-0.,1.));
#12686 = PCURVE('',#12626,#12687);
#12687 = DEFINITIONAL_REPRESENTATION('',(#12688),#12692);
#12688 = LINE('',#12689,#12690);
#12689 = CARTESIAN_POINT('',(0.,-200.));
#12690 = VECTOR('',#12691,1.);
#12691 = DIRECTION('',(1.,0.));
#12692 = ( GEOMETRIC_REPRESENTATION_CONTEXT(2) 
PARAMETRIC_REPRESENTATION_CONTEXT() REPRESENTATION_CONTEXT('2D SPACE',''
  ) );
#12693 = PCURVE('',#12694,#12699);
#12694 = PLANE('',#12695);
#12695 = AXIS2_PLACEMENT_3D('',#12696,#12697,#12698);
#12696 = CARTESIAN_POINT('',(-447.2541877877,-3.669194556235E+03,
    1.22E+03));
#12697 = DIRECTION('',(0.989015863362,-0.14780941113,0.));
#12698 = DIRECTION('',(0.,-0.,1.));
#12699 = DEFINITIONAL_REPRESENTATION('',(#12700),#12704);
#12700 = LINE('',#12701,#12702);
#12701 = CARTESIAN_POINT('',(0.,0.));
#12702 = VECTOR('',#12703,1.);
#12703 = DIRECTION('',(1.,0.));
#12704 = ( GEOMETRIC_REPRESENTATION_CONTEXT(2) 
PARAMETRIC_REPRESENTATION_CONTEXT() REPRESENTATION_CONTEXT('2D SPACE',''
  ) );
#12705 = ORIENTED_EDGE('',*,*,#12706,.F.);
#12706 = EDGE_CURVE('',#12618,#12679,#12707,.T.);
#12707 = SURFACE_CURVE('',#12708,(#12712,#12719),.PCURVE_S1.);
#12708 = LINE('',#12709,#12710);
#12709 = CARTESIAN_POINT('',(-645.0573604601,-3.639632674009E+03,
    1.48E+03));
#12710 = VECTOR('',#12711,1.);
#12711 = DIRECTION('',(0.989015863362,-0.14780941113,0.));
#12712 = PCURVE('',#12626,#12713);
#12713 = DEFINITIONAL_REPRESENTATION('',(#12714),#12718);
#12714 = LINE('',#12715,#12716);
#12715 = CARTESIAN_POINT('',(260.,0.));
#12716 = VECTOR('',#12717,1.);
#12717 = DIRECTION('',(0.,-1.));
#12718 = ( GEOMETRIC_REPRESENTATION_CONTEXT(2) 
PARAMETRIC_REPRESENTATION_CONTEXT() REPRESENTATION_CONTEXT('2D SPACE',''
  ) );
#12719 = PCURVE('',#12720,#12725);
#12720 = PLANE('',#12721);
#12721 = AXIS2_PLACEMENT_3D('',#12722,#12723,#12724);
#12722 = CARTESIAN_POINT('',(-645.0573604601,-3.639632674009E+03,
    1.48E+03));
#12723 = DIRECTION('',(0.,-0.,1.));
#12724 = DIRECTION('',(-0.14780941113,-0.989015863362,0.));
#12725 = DEFINITIONAL_REPRESENTATION('',(#12726),#12730);
#12726 = LINE('',#12727,#12728);
#12727 = CARTESIAN_POINT('',(0.,0.));
#12728 = VECTOR('',#12729,1.);
#12729 = DIRECTION('',(0.,1.));
#12730 = ( GEOMETRIC_REPRESENTATION_CONTEXT(2) 
PARAMETRIC_REPRESENTATION_CONTEXT() REPRESENTATION_CONTEXT('2D SPACE',''
  ) );
#12731 = ADVANCED_FACE('',(#12732),#12746,.T.);
#12732 = FACE_BOUND('',#12733,.T.);
#12733 = EDGE_LOOP('',(#12734,#12764,#12787,#12810));
#12734 = ORIENTED_EDGE('',*,*,#12735,.F.);
#12735 = EDGE_CURVE('',#12736,#12738,#12740,.T.);
#12736 = VERTEX_POINT('',#12737);
#12737 = CARTESIAN_POINT('',(-662.7944897956,-3.758314577613E+03,
    1.22E+03));
#12738 = VERTEX_POINT('',#12739);
#12739 = CARTESIAN_POINT('',(-662.7944897956,-3.758314577613E+03,
    1.48E+03));
#12740 = SURFACE_CURVE('',#12741,(#12745,#12757),.PCURVE_S1.);
#12741 = LINE('',#12742,#12743);
#12742 = CARTESIAN_POINT('',(-662.7944897956,-3.758314577613E+03,
    1.22E+03));
#12743 = VECTOR('',#12744,1.);
#12744 = DIRECTION('',(0.,-0.,1.));
#12745 = PCURVE('',#12746,#12751);
#12746 = PLANE('',#12747);
#12747 = AXIS2_PLACEMENT_3D('',#12748,#12749,#12750);
#12748 = CARTESIAN_POINT('',(-662.7944897956,-3.758314577613E+03,
    1.22E+03));
#12749 = DIRECTION('',(-0.14780941113,-0.989015863362,0.));
#12750 = DIRECTION('',(0.,-0.,1.));
#12751 = DEFINITIONAL_REPRESENTATION('',(#12752),#12756);
#12752 = LINE('',#12753,#12754);
#12753 = CARTESIAN_POINT('',(0.,0.));
#12754 = VECTOR('',#12755,1.);
#12755 = DIRECTION('',(1.,0.));
#12756 = ( GEOMETRIC_REPRESENTATION_CONTEXT(2) 
PARAMETRIC_REPRESENTATION_CONTEXT() REPRESENTATION_CONTEXT('2D SPACE',''
  ) );
#12757 = PCURVE('',#12638,#12758);
#12758 = DEFINITIONAL_REPRESENTATION('',(#12759),#12763);
#12759 = LINE('',#12760,#12761);
#12760 = CARTESIAN_POINT('',(0.,120.));
#12761 = VECTOR('',#12762,1.);
#12762 = DIRECTION('',(1.,0.));
#12763 = ( GEOMETRIC_REPRESENTATION_CONTEXT(2) 
PARAMETRIC_REPRESENTATION_CONTEXT() REPRESENTATION_CONTEXT('2D SPACE',''
  ) );
#12764 = ORIENTED_EDGE('',*,*,#12765,.T.);
#12765 = EDGE_CURVE('',#12736,#12766,#12768,.T.);
#12766 = VERTEX_POINT('',#12767);
#12767 = CARTESIAN_POINT('',(-464.9913171232,-3.787876459839E+03,
    1.22E+03));
#12768 = SURFACE_CURVE('',#12769,(#12773,#12780),.PCURVE_S1.);
#12769 = LINE('',#12770,#12771);
#12770 = CARTESIAN_POINT('',(-662.7944897956,-3.758314577613E+03,
    1.22E+03));
#12771 = VECTOR('',#12772,1.);
#12772 = DIRECTION('',(0.989015863362,-0.14780941113,0.));
#12773 = PCURVE('',#12746,#12774);
#12774 = DEFINITIONAL_REPRESENTATION('',(#12775),#12779);
#12775 = LINE('',#12776,#12777);
#12776 = CARTESIAN_POINT('',(0.,0.));
#12777 = VECTOR('',#12778,1.);
#12778 = DIRECTION('',(0.,-1.));
#12779 = ( GEOMETRIC_REPRESENTATION_CONTEXT(2) 
PARAMETRIC_REPRESENTATION_CONTEXT() REPRESENTATION_CONTEXT('2D SPACE',''
  ) );
#12780 = PCURVE('',#12666,#12781);
#12781 = DEFINITIONAL_REPRESENTATION('',(#12782),#12786);
#12782 = LINE('',#12783,#12784);
#12783 = CARTESIAN_POINT('',(120.,0.));
#12784 = VECTOR('',#12785,1.);
#12785 = DIRECTION('',(0.,1.));
#12786 = ( GEOMETRIC_REPRESENTATION_CONTEXT(2) 
PARAMETRIC_REPRESENTATION_CONTEXT() REPRESENTATION_CONTEXT('2D SPACE',''
  ) );
#12787 = ORIENTED_EDGE('',*,*,#12788,.T.);
#12788 = EDGE_CURVE('',#12766,#12789,#12791,.T.);
#12789 = VERTEX_POINT('',#12790);
#12790 = CARTESIAN_POINT('',(-464.9913171232,-3.787876459839E+03,
    1.48E+03));
#12791 = SURFACE_CURVE('',#12792,(#12796,#12803),.PCURVE_S1.);
#12792 = LINE('',#12793,#12794);
#12793 = CARTESIAN_POINT('',(-464.9913171232,-3.787876459839E+03,
    1.22E+03));
#12794 = VECTOR('',#12795,1.);
#12795 = DIRECTION('',(0.,-0.,1.));
#12796 = PCURVE('',#12746,#12797);
#12797 = DEFINITIONAL_REPRESENTATION('',(#12798),#12802);
#12798 = LINE('',#12799,#12800);
#12799 = CARTESIAN_POINT('',(0.,-200.));
#12800 = VECTOR('',#12801,1.);
#12801 = DIRECTION('',(1.,0.));
#12802 = ( GEOMETRIC_REPRESENTATION_CONTEXT(2) 
PARAMETRIC_REPRESENTATION_CONTEXT() REPRESENTATION_CONTEXT('2D SPACE',''
  ) );
#12803 = PCURVE('',#12694,#12804);
#12804 = DEFINITIONAL_REPRESENTATION('',(#12805),#12809);
#12805 = LINE('',#12806,#12807);
#12806 = CARTESIAN_POINT('',(0.,120.));
#12807 = VECTOR('',#12808,1.);
#12808 = DIRECTION('',(1.,0.));
#12809 = ( GEOMETRIC_REPRESENTATION_CONTEXT(2) 
PARAMETRIC_REPRESENTATION_CONTEXT() REPRESENTATION_CONTEXT('2D SPACE',''
  ) );
#12810 = ORIENTED_EDGE('',*,*,#12811,.F.);
#12811 = EDGE_CURVE('',#12738,#12789,#12812,.T.);
#12812 = SURFACE_CURVE('',#12813,(#12817,#12824),.PCURVE_S1.);
#12813 = LINE('',#12814,#12815);
#12814 = CARTESIAN_POINT('',(-662.7944897956,-3.758314577613E+03,
    1.48E+03));
#12815 = VECTOR('',#12816,1.);
#12816 = DIRECTION('',(0.989015863362,-0.14780941113,0.));
#12817 = PCURVE('',#12746,#12818);
#12818 = DEFINITIONAL_REPRESENTATION('',(#12819),#12823);
#12819 = LINE('',#12820,#12821);
#12820 = CARTESIAN_POINT('',(260.,0.));
#12821 = VECTOR('',#12822,1.);
#12822 = DIRECTION('',(0.,-1.));
#12823 = ( GEOMETRIC_REPRESENTATION_CONTEXT(2) 
PARAMETRIC_REPRESENTATION_CONTEXT() REPRESENTATION_CONTEXT('2D SPACE',''
  ) );
#12824 = PCURVE('',#12720,#12825);
#12825 = DEFINITIONAL_REPRESENTATION('',(#12826),#12830);
#12826 = LINE('',#12827,#12828);
#12827 = CARTESIAN_POINT('',(120.,0.));
#12828 = VECTOR('',#12829,1.);
#12829 = DIRECTION('',(0.,1.));
#12830 = ( GEOMETRIC_REPRESENTATION_CONTEXT(2) 
PARAMETRIC_REPRESENTATION_CONTEXT() REPRESENTATION_CONTEXT('2D SPACE',''
  ) );
#12831 = ADVANCED_FACE('',(#12832),#12638,.F.);
#12832 = FACE_BOUND('',#12833,.F.);
#12833 = EDGE_LOOP('',(#12834,#12855,#12856,#12877));
#12834 = ORIENTED_EDGE('',*,*,#12835,.F.);
#12835 = EDGE_CURVE('',#12616,#12736,#12836,.T.);
#12836 = SURFACE_CURVE('',#12837,(#12841,#12848),.PCURVE_S1.);
#12837 = LINE('',#12838,#12839);
#12838 = CARTESIAN_POINT('',(-645.0573604601,-3.639632674009E+03,
    1.22E+03));
#12839 = VECTOR('',#12840,1.);
#12840 = DIRECTION('',(-0.14780941113,-0.989015863362,0.));
#12841 = PCURVE('',#12638,#12842);
#12842 = DEFINITIONAL_REPRESENTATION('',(#12843),#12847);
#12843 = LINE('',#12844,#12845);
#12844 = CARTESIAN_POINT('',(0.,0.));
#12845 = VECTOR('',#12846,1.);
#12846 = DIRECTION('',(0.,1.));
#12847 = ( GEOMETRIC_REPRESENTATION_CONTEXT(2) 
PARAMETRIC_REPRESENTATION_CONTEXT() REPRESENTATION_CONTEXT('2D SPACE',''
  ) );
#12848 = PCURVE('',#12666,#12849);
#12849 = DEFINITIONAL_REPRESENTATION('',(#12850),#12854);
#12850 = LINE('',#12851,#12852);
#12851 = CARTESIAN_POINT('',(0.,0.));
#12852 = VECTOR('',#12853,1.);
#12853 = DIRECTION('',(1.,0.));
#12854 = ( GEOMETRIC_REPRESENTATION_CONTEXT(2) 
PARAMETRIC_REPRESENTATION_CONTEXT() REPRESENTATION_CONTEXT('2D SPACE',''
  ) );
#12855 = ORIENTED_EDGE('',*,*,#12615,.T.);
#12856 = ORIENTED_EDGE('',*,*,#12857,.T.);
#12857 = EDGE_CURVE('',#12618,#12738,#12858,.T.);
#12858 = SURFACE_CURVE('',#12859,(#12863,#12870),.PCURVE_S1.);
#12859 = LINE('',#12860,#12861);
#12860 = CARTESIAN_POINT('',(-645.0573604601,-3.639632674009E+03,
    1.48E+03));
#12861 = VECTOR('',#12862,1.);
#12862 = DIRECTION('',(-0.14780941113,-0.989015863362,0.));
#12863 = PCURVE('',#12638,#12864);
#12864 = DEFINITIONAL_REPRESENTATION('',(#12865),#12869);
#12865 = LINE('',#12866,#12867);
#12866 = CARTESIAN_POINT('',(260.,0.));
#12867 = VECTOR('',#12868,1.);
#12868 = DIRECTION('',(0.,1.));
#12869 = ( GEOMETRIC_REPRESENTATION_CONTEXT(2) 
PARAMETRIC_REPRESENTATION_CONTEXT() REPRESENTATION_CONTEXT('2D SPACE',''
  ) );
#12870 = PCURVE('',#12720,#12871);
#12871 = DEFINITIONAL_REPRESENTATION('',(#12872),#12876);
#12872 = LINE('',#12873,#12874);
#12873 = CARTESIAN_POINT('',(0.,0.));
#12874 = VECTOR('',#12875,1.);
#12875 = DIRECTION('',(1.,0.));
#12876 = ( GEOMETRIC_REPRESENTATION_CONTEXT(2) 
PARAMETRIC_REPRESENTATION_CONTEXT() REPRESENTATION_CONTEXT('2D SPACE',''
  ) );
#12877 = ORIENTED_EDGE('',*,*,#12735,.F.);
#12878 = ADVANCED_FACE('',(#12879),#12694,.T.);
#12879 = FACE_BOUND('',#12880,.T.);
#12880 = EDGE_LOOP('',(#12881,#12902,#12903,#12924));
#12881 = ORIENTED_EDGE('',*,*,#12882,.F.);
#12882 = EDGE_CURVE('',#12651,#12766,#12883,.T.);
#12883 = SURFACE_CURVE('',#12884,(#12888,#12895),.PCURVE_S1.);
#12884 = LINE('',#12885,#12886);
#12885 = CARTESIAN_POINT('',(-447.2541877877,-3.669194556235E+03,
    1.22E+03));
#12886 = VECTOR('',#12887,1.);
#12887 = DIRECTION('',(-0.14780941113,-0.989015863362,0.));
#12888 = PCURVE('',#12694,#12889);
#12889 = DEFINITIONAL_REPRESENTATION('',(#12890),#12894);
#12890 = LINE('',#12891,#12892);
#12891 = CARTESIAN_POINT('',(0.,0.));
#12892 = VECTOR('',#12893,1.);
#12893 = DIRECTION('',(0.,1.));
#12894 = ( GEOMETRIC_REPRESENTATION_CONTEXT(2) 
PARAMETRIC_REPRESENTATION_CONTEXT() REPRESENTATION_CONTEXT('2D SPACE',''
  ) );
#12895 = PCURVE('',#12666,#12896);
#12896 = DEFINITIONAL_REPRESENTATION('',(#12897),#12901);
#12897 = LINE('',#12898,#12899);
#12898 = CARTESIAN_POINT('',(0.,200.));
#12899 = VECTOR('',#12900,1.);
#12900 = DIRECTION('',(1.,0.));
#12901 = ( GEOMETRIC_REPRESENTATION_CONTEXT(2) 
PARAMETRIC_REPRESENTATION_CONTEXT() REPRESENTATION_CONTEXT('2D SPACE',''
  ) );
#12902 = ORIENTED_EDGE('',*,*,#12678,.T.);
#12903 = ORIENTED_EDGE('',*,*,#12904,.T.);
#12904 = EDGE_CURVE('',#12679,#12789,#12905,.T.);
#12905 = SURFACE_CURVE('',#12906,(#12910,#12917),.PCURVE_S1.);
#12906 = LINE('',#12907,#12908);
#12907 = CARTESIAN_POINT('',(-447.2541877877,-3.669194556235E+03,
    1.48E+03));
#12908 = VECTOR('',#12909,1.);
#12909 = DIRECTION('',(-0.14780941113,-0.989015863362,0.));
#12910 = PCURVE('',#12694,#12911);
#12911 = DEFINITIONAL_REPRESENTATION('',(#12912),#12916);
#12912 = LINE('',#12913,#12914);
#12913 = CARTESIAN_POINT('',(260.,0.));
#12914 = VECTOR('',#12915,1.);
#12915 = DIRECTION('',(0.,1.));
#12916 = ( GEOMETRIC_REPRESENTATION_CONTEXT(2) 
PARAMETRIC_REPRESENTATION_CONTEXT() REPRESENTATION_CONTEXT('2D SPACE',''
  ) );
#12917 = PCURVE('',#12720,#12918);
#12918 = DEFINITIONAL_REPRESENTATION('',(#12919),#12923);
#12919 = LINE('',#12920,#12921);
#12920 = CARTESIAN_POINT('',(0.,200.));
#12921 = VECTOR('',#12922,1.);
#12922 = DIRECTION('',(1.,0.));
#12923 = ( GEOMETRIC_REPRESENTATION_CONTEXT(2) 
PARAMETRIC_REPRESENTATION_CONTEXT() REPRESENTATION_CONTEXT('2D SPACE',''
  ) );
#12924 = ORIENTED_EDGE('',*,*,#12788,.F.);
#12925 = ADVANCED_FACE('',(#12926),#12666,.F.);
#12926 = FACE_BOUND('',#12927,.F.);
#12927 = EDGE_LOOP('',(#12928,#12929,#12930,#12931));
#12928 = ORIENTED_EDGE('',*,*,#12650,.F.);
#12929 = ORIENTED_EDGE('',*,*,#12835,.T.);
#12930 = ORIENTED_EDGE('',*,*,#12765,.T.);
#12931 = ORIENTED_EDGE('',*,*,#12882,.F.);
#12932 = ADVANCED_FACE('',(#12933),#12720,.T.);
#12933 = FACE_BOUND('',#12934,.T.);
#12934 = EDGE_LOOP('',(#12935,#12936,#12937,#12938));
#12935 = ORIENTED_EDGE('',*,*,#12706,.F.);
#12936 = ORIENTED_EDGE('',*,*,#12857,.T.);
#12937 = ORIENTED_EDGE('',*,*,#12811,.T.);
#12938 = ORIENTED_EDGE('',*,*,#12904,.F.);
#12939 = MANIFOLD_SOLID_BREP('',#12940);
#12940 = CLOSED_SHELL('',(#12941,#13104,#13292,#13296,#13319,#13403,
    #13426,#13431,#13436));
#12941 = ADVANCED_FACE('',(#12942),#12957,.T.);
#12942 = FACE_BOUND('',#12943,.T.);
#12943 = EDGE_LOOP('',(#12944,#12992,#13021,#13053,#13076,#13103));
#12944 = ORIENTED_EDGE('',*,*,#12945,.F.);
#12945 = EDGE_CURVE('',#12946,#12948,#12950,.T.);
#12946 = VERTEX_POINT('',#12947);
#12947 = CARTESIAN_POINT('',(2.641242044971E+03,-2.218883975172E+03,60.)
  );
#12948 = VERTEX_POINT('',#12949);
#12949 = CARTESIAN_POINT('',(2.634023106545E+03,-2.21440331537E+03,
    64.480659802146));
#12950 = SURFACE_CURVE('',#12951,(#12956,#12974),.PCURVE_S1.);
#12951 = ELLIPSE('',#12952,7.071067811865,5.);
#12952 = AXIS2_PLACEMENT_3D('',#12953,#12954,#12955);
#12953 = CARTESIAN_POINT('',(2.639023106545E+03,-2.21440331537E+03,60.)
  );
#12954 = DIRECTION('',(-0.633660986065,-0.313805281566,-0.707106781187)
  );
#12955 = DIRECTION('',(0.633660986065,0.313805281566,-0.707106781187));
#12956 = PCURVE('',#12957,#12962);
#12957 = CYLINDRICAL_SURFACE('',#12958,5.);
#12958 = AXIS2_PLACEMENT_3D('',#12959,#12960,#12961);
#12959 = CARTESIAN_POINT('',(2.639023106545E+03,-2.21440331537E+03,
    1.05E+03));
#12960 = DIRECTION('',(0.,0.,-1.));
#12961 = DIRECTION('',(-1.,0.,-0.));
#12962 = DEFINITIONAL_REPRESENTATION('',(#12963),#12973);
#12963 = B_SPLINE_CURVE_WITH_KNOTS('',8,(#12964,#12965,#12966,#12967,
    #12968,#12969,#12970,#12971,#12972),.UNSPECIFIED.,.F.,.F.,(9,9),(
    1.570796326795,3.601413629798),.PIECEWISE_BEZIER_KNOTS.);
#12964 = CARTESIAN_POINT('',(4.252568004179,990.));
#12965 = CARTESIAN_POINT('',(4.506395167054,988.73086418562));
#12966 = CARTESIAN_POINT('',(4.760222329929,987.46172654838));
#12967 = CARTESIAN_POINT('',(5.014049492808,986.31720315618));
#12968 = CARTESIAN_POINT('',(5.267876655679,985.4218170531));
#12969 = CARTESIAN_POINT('',(5.521703818559,984.87471017986));
#12970 = CARTESIAN_POINT('',(5.775530981431,984.72280908608));
#12971 = CARTESIAN_POINT('',(6.029358144307,984.95611335261));
#12972 = CARTESIAN_POINT('',(6.283185307182,985.5193401978));
#12973 = ( GEOMETRIC_REPRESENTATION_CONTEXT(2) 
PARAMETRIC_REPRESENTATION_CONTEXT() REPRESENTATION_CONTEXT('2D SPACE',''
  ) );
#12974 = PCURVE('',#12975,#12980);
#12975 = CYLINDRICAL_SURFACE('',#12976,5.);
#12976 = AXIS2_PLACEMENT_3D('',#12977,#12978,#12979);
#12977 = CARTESIAN_POINT('',(2.639023106545E+03,-2.21440331537E+03,60.)
  );
#12978 = DIRECTION('',(-0.89613196044,-0.443787685135,0.));
#12979 = DIRECTION('',(0.443787685135,-0.89613196044,0.));
#12980 = DEFINITIONAL_REPRESENTATION('',(#12981),#12991);
#12981 = B_SPLINE_CURVE_WITH_KNOTS('',8,(#12982,#12983,#12984,#12985,
    #12986,#12987,#12988,#12989,#12990),.UNSPECIFIED.,.F.,.F.,(9,9),(
    1.570796326795,3.601413629798),.PIECEWISE_BEZIER_KNOTS.);
#12982 = CARTESIAN_POINT('',(0.,0.));
#12983 = CARTESIAN_POINT('',(0.253827162875,1.269135814377));
#12984 = CARTESIAN_POINT('',(0.507654325751,2.538273449579));
#12985 = CARTESIAN_POINT('',(0.761481488624,3.682796847068));
#12986 = CARTESIAN_POINT('',(1.015308651501,4.578182940706));
#12987 = CARTESIAN_POINT('',(1.269135814375,5.12528982571));
#12988 = CARTESIAN_POINT('',(1.522962977253,5.277190911777));
#12989 = CARTESIAN_POINT('',(1.776790140128,5.043886647383));
#12990 = CARTESIAN_POINT('',(2.030617303004,4.480659802197));
#12991 = ( GEOMETRIC_REPRESENTATION_CONTEXT(2) 
PARAMETRIC_REPRESENTATION_CONTEXT() REPRESENTATION_CONTEXT('2D SPACE',''
  ) );
#12992 = ORIENTED_EDGE('',*,*,#12993,.F.);
#12993 = EDGE_CURVE('',#12994,#12946,#12996,.T.);
#12994 = VERTEX_POINT('',#12995);
#12995 = CARTESIAN_POINT('',(2.636804168119E+03,-2.209922655568E+03,60.)
  );
#12996 = SURFACE_CURVE('',#12997,(#13002,#13009),.PCURVE_S1.);
#12997 = CIRCLE('',#12998,5.);
#12998 = AXIS2_PLACEMENT_3D('',#12999,#13000,#13001);
#12999 = CARTESIAN_POINT('',(2.639023106545E+03,-2.21440331537E+03,60.)
  );
#13000 = DIRECTION('',(0.,0.,-1.));
#13001 = DIRECTION('',(-1.,0.,-0.));
#13002 = PCURVE('',#12957,#13003);
#13003 = DEFINITIONAL_REPRESENTATION('',(#13004),#13008);
#13004 = LINE('',#13005,#13006);
#13005 = CARTESIAN_POINT('',(0.,990.));
#13006 = VECTOR('',#13007,1.);
#13007 = DIRECTION('',(1.,0.));
#13008 = ( GEOMETRIC_REPRESENTATION_CONTEXT(2) 
PARAMETRIC_REPRESENTATION_CONTEXT() REPRESENTATION_CONTEXT('2D SPACE',''
  ) );
#13009 = PCURVE('',#13010,#13015);
#13010 = PLANE('',#13011);
#13011 = AXIS2_PLACEMENT_3D('',#13012,#13013,#13014);
#13012 = CARTESIAN_POINT('',(2.639023106545E+03,-2.21440331537E+03,60.)
  );
#13013 = DIRECTION('',(0.,0.,-1.));
#13014 = DIRECTION('',(-1.,0.,-0.));
#13015 = DEFINITIONAL_REPRESENTATION('',(#13016),#13020);
#13016 = CIRCLE('',#13017,5.);
#13017 = AXIS2_PLACEMENT_2D('',#13018,#13019);
#13018 = CARTESIAN_POINT('',(0.,0.));
#13019 = DIRECTION('',(1.,0.));
#13020 = ( GEOMETRIC_REPRESENTATION_CONTEXT(2) 
PARAMETRIC_REPRESENTATION_CONTEXT() REPRESENTATION_CONTEXT('2D SPACE',''
  ) );
#13021 = ORIENTED_EDGE('',*,*,#13022,.F.);
#13022 = EDGE_CURVE('',#12948,#12994,#13023,.T.);
#13023 = SURFACE_CURVE('',#13024,(#13029,#13041),.PCURVE_S1.);
#13024 = ELLIPSE('',#13025,7.071067811865,5.);
#13025 = AXIS2_PLACEMENT_3D('',#13026,#13027,#13028);
#13026 = CARTESIAN_POINT('',(2.639023106545E+03,-2.21440331537E+03,60.)
  );
#13027 = DIRECTION('',(-0.633660986065,-0.313805281566,-0.707106781187)
  );
#13028 = DIRECTION('',(0.633660986065,0.313805281566,-0.707106781187));
#13029 = PCURVE('',#12957,#13030);
#13030 = DEFINITIONAL_REPRESENTATION('',(#13031),#13040);
#13031 = B_SPLINE_CURVE_WITH_KNOTS('',7,(#13032,#13033,#13034,#13035,
    #13036,#13037,#13038,#13039),.UNSPECIFIED.,.F.,.F.,(8,8),(
    3.601413629798,4.712388897736),.PIECEWISE_BEZIER_KNOTS.);
#13032 = CARTESIAN_POINT('',(2.546585164964E-12,985.5193401978));
#13033 = CARTESIAN_POINT('',(0.158710752565,985.87150958523));
#13034 = CARTESIAN_POINT('',(0.317421505127,986.35535365177));
#13035 = CARTESIAN_POINT('',(0.47613225769,986.95638133829));
#13036 = CARTESIAN_POINT('',(0.634843010252,987.65198582853));
#13037 = CARTESIAN_POINT('',(0.793553762815,988.41289228695));
#13038 = CARTESIAN_POINT('',(0.952264515377,989.20644582394));
#13039 = CARTESIAN_POINT('',(1.11097526794,989.99999958675));
#13040 = ( GEOMETRIC_REPRESENTATION_CONTEXT(2) 
PARAMETRIC_REPRESENTATION_CONTEXT() REPRESENTATION_CONTEXT('2D SPACE',''
  ) );
#13041 = PCURVE('',#12975,#13042);
#13042 = DEFINITIONAL_REPRESENTATION('',(#13043),#13052);
#13043 = B_SPLINE_CURVE_WITH_KNOTS('',7,(#13044,#13045,#13046,#13047,
    #13048,#13049,#13050,#13051),.UNSPECIFIED.,.F.,.F.,(8,8),(
    3.601413629798,4.712388897736),.PIECEWISE_BEZIER_KNOTS.);
#13044 = CARTESIAN_POINT('',(2.030617303004,4.480659802197));
#13045 = CARTESIAN_POINT('',(2.189328055566,4.128490414767));
#13046 = CARTESIAN_POINT('',(2.348038808129,3.644646348023));
#13047 = CARTESIAN_POINT('',(2.50674956069,3.043618662351));
#13048 = CARTESIAN_POINT('',(2.665460313254,2.348014170619));
#13049 = CARTESIAN_POINT('',(2.824171065815,1.587107713335));
#13050 = CARTESIAN_POINT('',(2.982881818378,0.793554176058));
#13051 = CARTESIAN_POINT('',(3.141592570941,4.132452886552E-07));
#13052 = ( GEOMETRIC_REPRESENTATION_CONTEXT(2) 
PARAMETRIC_REPRESENTATION_CONTEXT() REPRESENTATION_CONTEXT('2D SPACE',''
  ) );
#13053 = ORIENTED_EDGE('',*,*,#13054,.F.);
#13054 = EDGE_CURVE('',#13055,#12948,#13057,.T.);
#13055 = VERTEX_POINT('',#13056);
#13056 = CARTESIAN_POINT('',(2.634023106545E+03,-2.21440331537E+03,
    1.05E+03));
#13057 = SEAM_CURVE('',#13058,(#13062,#13069),.PCURVE_S1.);
#13058 = LINE('',#13059,#13060);
#13059 = CARTESIAN_POINT('',(2.634023106545E+03,-2.21440331537E+03,
    1.05E+03));
#13060 = VECTOR('',#13061,1.);
#13061 = DIRECTION('',(0.,0.,-1.));
#13062 = PCURVE('',#12957,#13063);
#13063 = DEFINITIONAL_REPRESENTATION('',(#13064),#13068);
#13064 = LINE('',#13065,#13066);
#13065 = CARTESIAN_POINT('',(6.28318530718,-0.));
#13066 = VECTOR('',#13067,1.);
#13067 = DIRECTION('',(0.,1.));
#13068 = ( GEOMETRIC_REPRESENTATION_CONTEXT(2) 
PARAMETRIC_REPRESENTATION_CONTEXT() REPRESENTATION_CONTEXT('2D SPACE',''
  ) );
#13069 = PCURVE('',#12957,#13070);
#13070 = DEFINITIONAL_REPRESENTATION('',(#13071),#13075);
#13071 = LINE('',#13072,#13073);
#13072 = CARTESIAN_POINT('',(0.,-0.));
#13073 = VECTOR('',#13074,1.);
#13074 = DIRECTION('',(0.,1.));
#13075 = ( GEOMETRIC_REPRESENTATION_CONTEXT(2) 
PARAMETRIC_REPRESENTATION_CONTEXT() REPRESENTATION_CONTEXT('2D SPACE',''
  ) );
#13076 = ORIENTED_EDGE('',*,*,#13077,.T.);
#13077 = EDGE_CURVE('',#13055,#13055,#13078,.T.);
#13078 = SURFACE_CURVE('',#13079,(#13084,#13091),.PCURVE_S1.);
#13079 = CIRCLE('',#13080,5.);
#13080 = AXIS2_PLACEMENT_3D('',#13081,#13082,#13083);
#13081 = CARTESIAN_POINT('',(2.639023106545E+03,-2.21440331537E+03,
    1.05E+03));
#13082 = DIRECTION('',(0.,0.,-1.));
#13083 = DIRECTION('',(-1.,0.,-0.));
#13084 = PCURVE('',#12957,#13085);
#13085 = DEFINITIONAL_REPRESENTATION('',(#13086),#13090);
#13086 = LINE('',#13087,#13088);
#13087 = CARTESIAN_POINT('',(0.,0.));
#13088 = VECTOR('',#13089,1.);
#13089 = DIRECTION('',(1.,0.));
#13090 = ( GEOMETRIC_REPRESENTATION_CONTEXT(2) 
PARAMETRIC_REPRESENTATION_CONTEXT() REPRESENTATION_CONTEXT('2D SPACE',''
  ) );
#13091 = PCURVE('',#13092,#13097);
#13092 = PLANE('',#13093);
#13093 = AXIS2_PLACEMENT_3D('',#13094,#13095,#13096);
#13094 = CARTESIAN_POINT('',(2.639023106545E+03,-2.21440331537E+03,
    1.05E+03));
#13095 = DIRECTION('',(0.,0.,-1.));
#13096 = DIRECTION('',(-1.,0.,-0.));
#13097 = DEFINITIONAL_REPRESENTATION('',(#13098),#13102);
#13098 = CIRCLE('',#13099,5.);
#13099 = AXIS2_PLACEMENT_2D('',#13100,#13101);
#13100 = CARTESIAN_POINT('',(0.,0.));
#13101 = DIRECTION('',(1.,0.));
#13102 = ( GEOMETRIC_REPRESENTATION_CONTEXT(2) 
PARAMETRIC_REPRESENTATION_CONTEXT() REPRESENTATION_CONTEXT('2D SPACE',''
  ) );
#13103 = ORIENTED_EDGE('',*,*,#13054,.T.);
#13104 = ADVANCED_FACE('',(#13105),#12975,.T.);
#13105 = FACE_BOUND('',#13106,.T.);
#13106 = EDGE_LOOP('',(#13107,#13144,#13165,#13166,#13167,#13194,#13195,
    #13224,#13260));
#13107 = ORIENTED_EDGE('',*,*,#13108,.F.);
#13108 = EDGE_CURVE('',#13109,#13111,#13113,.T.);
#13109 = VERTEX_POINT('',#13110);
#13110 = CARTESIAN_POINT('',(-566.1082473676,-3.807246654429E+03,60.));
#13111 = VERTEX_POINT('',#13112);
#13112 = CARTESIAN_POINT('',(-566.1082202799,-3.807246641014E+03,
    60.000030227428));
#13113 = SURFACE_CURVE('',#13114,(#13119,#13129),.PCURVE_S1.);
#13114 = ELLIPSE('',#13115,7.071067811865,5.);
#13115 = AXIS2_PLACEMENT_3D('',#13116,#13117,#13118);
#13116 = CARTESIAN_POINT('',(-568.3271857933,-3.802765994627E+03,60.));
#13117 = DIRECTION('',(-0.633660986065,-0.313805281566,0.707106781187));
#13118 = DIRECTION('',(-0.633660986065,-0.313805281566,-0.707106781187)
  );
#13119 = PCURVE('',#12975,#13120);
#13120 = DEFINITIONAL_REPRESENTATION('',(#13121),#13128);
#13121 = B_SPLINE_CURVE_WITH_KNOTS('',5,(#13122,#13123,#13124,#13125,
    #13126,#13127),.UNSPECIFIED.,.F.,.F.,(6,6),(1.570796326795,
    1.570802372281),.PIECEWISE_BEZIER_KNOTS.);
#13122 = CARTESIAN_POINT('',(0.,3.579104901874E+03));
#13123 = CARTESIAN_POINT('',(1.209097127486E-06,3.579104895828E+03));
#13124 = CARTESIAN_POINT('',(2.418194251889E-06,3.579104889783E+03));
#13125 = CARTESIAN_POINT('',(3.627291385398E-06,3.579104883737E+03));
#13126 = CARTESIAN_POINT('',(4.836388509269E-06,3.579104877692E+03));
#13127 = CARTESIAN_POINT('',(6.045485636755E-06,3.579104871646E+03));
#13128 = ( GEOMETRIC_REPRESENTATION_CONTEXT(2) 
PARAMETRIC_REPRESENTATION_CONTEXT() REPRESENTATION_CONTEXT('2D SPACE',''
  ) );
#13129 = PCURVE('',#13130,#13135);
#13130 = CYLINDRICAL_SURFACE('',#13131,5.);
#13131 = AXIS2_PLACEMENT_3D('',#13132,#13133,#13134);
#13132 = CARTESIAN_POINT('',(-568.3271857933,-3.802765994627E+03,60.));
#13133 = DIRECTION('',(0.,0.,1.));
#13134 = DIRECTION('',(1.,0.,-0.));
#13135 = DEFINITIONAL_REPRESENTATION('',(#13136),#13143);
#13136 = B_SPLINE_CURVE_WITH_KNOTS('',5,(#13137,#13138,#13139,#13140,
    #13141,#13142),.UNSPECIFIED.,.F.,.F.,(6,6),(1.570796326795,
    1.570802372281),.PIECEWISE_BEZIER_KNOTS.);
#13137 = CARTESIAN_POINT('',(5.172209956591,0.));
#13138 = CARTESIAN_POINT('',(5.172211165688,6.045485637429E-06));
#13139 = CARTESIAN_POINT('',(5.172212374785,1.209097125945E-05));
#13140 = CARTESIAN_POINT('',(5.172213583882,1.813645692696E-05));
#13141 = CARTESIAN_POINT('',(5.172214792979,2.418194254627E-05));
#13142 = CARTESIAN_POINT('',(5.172216002076,3.022742818359E-05));
#13143 = ( GEOMETRIC_REPRESENTATION_CONTEXT(2) 
PARAMETRIC_REPRESENTATION_CONTEXT() REPRESENTATION_CONTEXT('2D SPACE',''
  ) );
#13144 = ORIENTED_EDGE('',*,*,#13145,.F.);
#13145 = EDGE_CURVE('',#12946,#13109,#13146,.T.);
#13146 = SEAM_CURVE('',#13147,(#13151,#13158),.PCURVE_S1.);
#13147 = LINE('',#13148,#13149);
#13148 = CARTESIAN_POINT('',(2.641242044971E+03,-2.218883975172E+03,60.)
  );
#13149 = VECTOR('',#13150,1.);
#13150 = DIRECTION('',(-0.89613196044,-0.443787685135,0.));
#13151 = PCURVE('',#12975,#13152);
#13152 = DEFINITIONAL_REPRESENTATION('',(#13153),#13157);
#13153 = LINE('',#13154,#13155);
#13154 = CARTESIAN_POINT('',(6.28318530718,-0.));
#13155 = VECTOR('',#13156,1.);
#13156 = DIRECTION('',(0.,1.));
#13157 = ( GEOMETRIC_REPRESENTATION_CONTEXT(2) 
PARAMETRIC_REPRESENTATION_CONTEXT() REPRESENTATION_CONTEXT('2D SPACE',''
  ) );
#13158 = PCURVE('',#12975,#13159);
#13159 = DEFINITIONAL_REPRESENTATION('',(#13160),#13164);
#13160 = LINE('',#13161,#13162);
#13161 = CARTESIAN_POINT('',(0.,-0.));
#13162 = VECTOR('',#13163,1.);
#13163 = DIRECTION('',(0.,1.));
#13164 = ( GEOMETRIC_REPRESENTATION_CONTEXT(2) 
PARAMETRIC_REPRESENTATION_CONTEXT() REPRESENTATION_CONTEXT('2D SPACE',''
  ) );
#13165 = ORIENTED_EDGE('',*,*,#12945,.T.);
#13166 = ORIENTED_EDGE('',*,*,#13022,.T.);
#13167 = ORIENTED_EDGE('',*,*,#13168,.T.);
#13168 = EDGE_CURVE('',#12994,#12946,#13169,.T.);
#13169 = SURFACE_CURVE('',#13170,(#13175,#13182),.PCURVE_S1.);
#13170 = CIRCLE('',#13171,5.);
#13171 = AXIS2_PLACEMENT_3D('',#13172,#13173,#13174);
#13172 = CARTESIAN_POINT('',(2.639023106545E+03,-2.21440331537E+03,60.)
  );
#13173 = DIRECTION('',(-0.89613196044,-0.443787685135,0.));
#13174 = DIRECTION('',(0.443787685135,-0.89613196044,0.));
#13175 = PCURVE('',#12975,#13176);
#13176 = DEFINITIONAL_REPRESENTATION('',(#13177),#13181);
#13177 = LINE('',#13178,#13179);
#13178 = CARTESIAN_POINT('',(0.,0.));
#13179 = VECTOR('',#13180,1.);
#13180 = DIRECTION('',(1.,0.));
#13181 = ( GEOMETRIC_REPRESENTATION_CONTEXT(2) 
PARAMETRIC_REPRESENTATION_CONTEXT() REPRESENTATION_CONTEXT('2D SPACE',''
  ) );
#13182 = PCURVE('',#13183,#13188);
#13183 = PLANE('',#13184);
#13184 = AXIS2_PLACEMENT_3D('',#13185,#13186,#13187);
#13185 = CARTESIAN_POINT('',(2.639023106545E+03,-2.21440331537E+03,60.)
  );
#13186 = DIRECTION('',(-0.89613196044,-0.443787685135,0.));
#13187 = DIRECTION('',(0.443787685135,-0.89613196044,0.));
#13188 = DEFINITIONAL_REPRESENTATION('',(#13189),#13193);
#13189 = CIRCLE('',#13190,5.);
#13190 = AXIS2_PLACEMENT_2D('',#13191,#13192);
#13191 = CARTESIAN_POINT('',(0.,0.));
#13192 = DIRECTION('',(1.,0.));
#13193 = ( GEOMETRIC_REPRESENTATION_CONTEXT(2) 
PARAMETRIC_REPRESENTATION_CONTEXT() REPRESENTATION_CONTEXT('2D SPACE',''
  ) );
#13194 = ORIENTED_EDGE('',*,*,#13145,.T.);
#13195 = ORIENTED_EDGE('',*,*,#13196,.F.);
#13196 = EDGE_CURVE('',#13197,#13109,#13199,.T.);
#13197 = VERTEX_POINT('',#13198);
#13198 = CARTESIAN_POINT('',(-570.546124219,-3.798285334824E+03,60.));
#13199 = SURFACE_CURVE('',#13200,(#13205,#13212),.PCURVE_S1.);
#13200 = CIRCLE('',#13201,5.);
#13201 = AXIS2_PLACEMENT_3D('',#13202,#13203,#13204);
#13202 = CARTESIAN_POINT('',(-568.3271857933,-3.802765994627E+03,60.));
#13203 = DIRECTION('',(-0.89613196044,-0.443787685135,0.));
#13204 = DIRECTION('',(0.443787685135,-0.89613196044,0.));
#13205 = PCURVE('',#12975,#13206);
#13206 = DEFINITIONAL_REPRESENTATION('',(#13207),#13211);
#13207 = LINE('',#13208,#13209);
#13208 = CARTESIAN_POINT('',(0.,3.579104901874E+03));
#13209 = VECTOR('',#13210,1.);
#13210 = DIRECTION('',(1.,0.));
#13211 = ( GEOMETRIC_REPRESENTATION_CONTEXT(2) 
PARAMETRIC_REPRESENTATION_CONTEXT() REPRESENTATION_CONTEXT('2D SPACE',''
  ) );
#13212 = PCURVE('',#13213,#13218);
#13213 = PLANE('',#13214);
#13214 = AXIS2_PLACEMENT_3D('',#13215,#13216,#13217);
#13215 = CARTESIAN_POINT('',(-568.3271857933,-3.802765994627E+03,60.));
#13216 = DIRECTION('',(-0.89613196044,-0.443787685135,0.));
#13217 = DIRECTION('',(0.443787685135,-0.89613196044,0.));
#13218 = DEFINITIONAL_REPRESENTATION('',(#13219),#13223);
#13219 = CIRCLE('',#13220,5.);
#13220 = AXIS2_PLACEMENT_2D('',#13221,#13222);
#13221 = CARTESIAN_POINT('',(0.,0.));
#13222 = DIRECTION('',(1.,0.));
#13223 = ( GEOMETRIC_REPRESENTATION_CONTEXT(2) 
PARAMETRIC_REPRESENTATION_CONTEXT() REPRESENTATION_CONTEXT('2D SPACE',''
  ) );
#13224 = ORIENTED_EDGE('',*,*,#13225,.F.);
#13225 = EDGE_CURVE('',#13226,#13197,#13228,.T.);
#13226 = VERTEX_POINT('',#13227);
#13227 = CARTESIAN_POINT('',(-563.3271857933,-3.802765994627E+03,
    64.480659802146));
#13228 = SURFACE_CURVE('',#13229,(#13234,#13247),.PCURVE_S1.);
#13229 = ELLIPSE('',#13230,7.071067811865,5.);
#13230 = AXIS2_PLACEMENT_3D('',#13231,#13232,#13233);
#13231 = CARTESIAN_POINT('',(-568.3271857933,-3.802765994627E+03,60.));
#13232 = DIRECTION('',(-0.633660986065,-0.313805281566,0.707106781187));
#13233 = DIRECTION('',(-0.633660986065,-0.313805281566,-0.707106781187)
  );
#13234 = PCURVE('',#12975,#13235);
#13235 = DEFINITIONAL_REPRESENTATION('',(#13236),#13246);
#13236 = B_SPLINE_CURVE_WITH_KNOTS('',8,(#13237,#13238,#13239,#13240,
    #13241,#13242,#13243,#13244,#13245),.UNSPECIFIED.,.F.,.F.,(9,9),(
    2.681771677381,4.712389040385),.PIECEWISE_BEZIER_KNOTS.);
#13237 = CARTESIAN_POINT('',(1.110975350586,3.574624242072E+03));
#13238 = CARTESIAN_POINT('',(1.364802520962,3.57406101521E+03));
#13239 = CARTESIAN_POINT('',(1.618629691338,3.573827710945E+03));
#13240 = CARTESIAN_POINT('',(1.872456861709,3.573979612067E+03));
#13241 = CARTESIAN_POINT('',(2.126284032085,3.574526718993E+03));
#13242 = CARTESIAN_POINT('',(2.38011120246,3.57542210516E+03));
#13243 = CARTESIAN_POINT('',(2.63393837284,3.576566628622E+03));
#13244 = CARTESIAN_POINT('',(2.887765543214,3.577835766322E+03));
#13245 = CARTESIAN_POINT('',(3.14159271359,3.579104902174E+03));
#13246 = ( GEOMETRIC_REPRESENTATION_CONTEXT(2) 
PARAMETRIC_REPRESENTATION_CONTEXT() REPRESENTATION_CONTEXT('2D SPACE',''
  ) );
#13247 = PCURVE('',#13130,#13248);
#13248 = DEFINITIONAL_REPRESENTATION('',(#13249),#13259);
#13249 = B_SPLINE_CURVE_WITH_KNOTS('',8,(#13250,#13251,#13252,#13253,
    #13254,#13255,#13256,#13257,#13258),.UNSPECIFIED.,.F.,.F.,(9,9),(
    2.681771677381,4.712389040385),.PIECEWISE_BEZIER_KNOTS.);
#13250 = CARTESIAN_POINT('',(-2.54640752928E-12,4.480659802197));
#13251 = CARTESIAN_POINT('',(0.253827170373,5.043886664026));
#13252 = CARTESIAN_POINT('',(0.507654340749,5.277190925558));
#13253 = CARTESIAN_POINT('',(0.76148151112,5.125289812248));
#13254 = CARTESIAN_POINT('',(1.015308681502,4.578182876023));
#13255 = CARTESIAN_POINT('',(1.269135851872,3.682796714798));
#13256 = CARTESIAN_POINT('',(1.52296302225,2.538273246662));
#13257 = CARTESIAN_POINT('',(1.776790192626,1.269135551877));
#13258 = CARTESIAN_POINT('',(2.030617363001,-3.000000603492E-07));
#13259 = ( GEOMETRIC_REPRESENTATION_CONTEXT(2) 
PARAMETRIC_REPRESENTATION_CONTEXT() REPRESENTATION_CONTEXT('2D SPACE',''
  ) );
#13260 = ORIENTED_EDGE('',*,*,#13261,.F.);
#13261 = EDGE_CURVE('',#13111,#13226,#13262,.T.);
#13262 = SURFACE_CURVE('',#13263,(#13268,#13280),.PCURVE_S1.);
#13263 = ELLIPSE('',#13264,7.071067811865,5.);
#13264 = AXIS2_PLACEMENT_3D('',#13265,#13266,#13267);
#13265 = CARTESIAN_POINT('',(-568.3271857933,-3.802765994627E+03,60.));
#13266 = DIRECTION('',(-0.633660986065,-0.313805281566,0.707106781187));
#13267 = DIRECTION('',(-0.633660986065,-0.313805281566,-0.707106781187)
  );
#13268 = PCURVE('',#12975,#13269);
#13269 = DEFINITIONAL_REPRESENTATION('',(#13270),#13279);
#13270 = B_SPLINE_CURVE_WITH_KNOTS('',7,(#13271,#13272,#13273,#13274,
    #13275,#13276,#13277,#13278),.UNSPECIFIED.,.F.,.F.,(8,8),(
    1.570802372281,2.681771677381),.PIECEWISE_BEZIER_KNOTS.);
#13271 = CARTESIAN_POINT('',(6.045485636755E-06,3.579104871646E+03));
#13272 = CARTESIAN_POINT('',(0.158715946214,3.578311322143E+03));
#13273 = CARTESIAN_POINT('',(0.317425846943,3.577517773741E+03));
#13274 = CARTESIAN_POINT('',(0.476135747673,3.57675687277E+03));
#13275 = CARTESIAN_POINT('',(0.634845648399,3.576061273535E+03));
#13276 = CARTESIAN_POINT('',(0.79355554913,3.575460250332E+03));
#13277 = CARTESIAN_POINT('',(0.952265449858,3.574976409569E+03));
#13278 = CARTESIAN_POINT('',(1.110975350586,3.574624242072E+03));
#13279 = ( GEOMETRIC_REPRESENTATION_CONTEXT(2) 
PARAMETRIC_REPRESENTATION_CONTEXT() REPRESENTATION_CONTEXT('2D SPACE',''
  ) );
#13280 = PCURVE('',#13130,#13281);
#13281 = DEFINITIONAL_REPRESENTATION('',(#13282),#13291);
#13282 = B_SPLINE_CURVE_WITH_KNOTS('',7,(#13283,#13284,#13285,#13286,
    #13287,#13288,#13289,#13290),.UNSPECIFIED.,.F.,.F.,(8,8),(
    1.570802372281,2.681771677381),.PIECEWISE_BEZIER_KNOTS.);
#13283 = CARTESIAN_POINT('',(5.172216002076,3.022742818359E-05));
#13284 = CARTESIAN_POINT('',(5.330925902805,0.793579731057));
#13285 = CARTESIAN_POINT('',(5.489635803533,1.587128133013));
#13286 = CARTESIAN_POINT('',(5.648345704265,2.348029104456));
#13287 = CARTESIAN_POINT('',(5.807055604988,3.043628339841));
#13288 = CARTESIAN_POINT('',(5.965765505721,3.644651541809));
#13289 = CARTESIAN_POINT('',(6.124475406448,4.128492304933));
#13290 = CARTESIAN_POINT('',(6.283185307177,4.480659802197));
#13291 = ( GEOMETRIC_REPRESENTATION_CONTEXT(2) 
PARAMETRIC_REPRESENTATION_CONTEXT() REPRESENTATION_CONTEXT('2D SPACE',''
  ) );
#13292 = ADVANCED_FACE('',(#13293),#13092,.F.);
#13293 = FACE_BOUND('',#13294,.T.);
#13294 = EDGE_LOOP('',(#13295));
#13295 = ORIENTED_EDGE('',*,*,#13077,.F.);
#13296 = ADVANCED_FACE('',(#13297),#13010,.T.);
#13297 = FACE_BOUND('',#13298,.T.);
#13298 = EDGE_LOOP('',(#13299,#13300));
#13299 = ORIENTED_EDGE('',*,*,#12993,.T.);
#13300 = ORIENTED_EDGE('',*,*,#13301,.T.);
#13301 = EDGE_CURVE('',#12946,#12994,#13302,.T.);
#13302 = SURFACE_CURVE('',#13303,(#13307,#13313),.PCURVE_S1.);
#13303 = LINE('',#13304,#13305);
#13304 = CARTESIAN_POINT('',(2.639023106545E+03,-2.21440331537E+03,60.)
  );
#13305 = VECTOR('',#13306,1.);
#13306 = DIRECTION('',(-0.443787685135,0.89613196044,0.));
#13307 = PCURVE('',#13010,#13308);
#13308 = DEFINITIONAL_REPRESENTATION('',(#13309),#13312);
#13309 = B_SPLINE_CURVE_WITH_KNOTS('',1,(#13310,#13311),.UNSPECIFIED.,
  .F.,.F.,(2,2),(-5.,5.),.PIECEWISE_BEZIER_KNOTS.);
#13310 = CARTESIAN_POINT('',(-2.218938425673,-4.480659802202));
#13311 = CARTESIAN_POINT('',(2.218938425673,4.480659802202));
#13312 = ( GEOMETRIC_REPRESENTATION_CONTEXT(2) 
PARAMETRIC_REPRESENTATION_CONTEXT() REPRESENTATION_CONTEXT('2D SPACE',''
  ) );
#13313 = PCURVE('',#13183,#13314);
#13314 = DEFINITIONAL_REPRESENTATION('',(#13315),#13318);
#13315 = B_SPLINE_CURVE_WITH_KNOTS('',1,(#13316,#13317),.UNSPECIFIED.,
  .F.,.F.,(2,2),(-5.,5.),.PIECEWISE_BEZIER_KNOTS.);
#13316 = CARTESIAN_POINT('',(5.,0.));
#13317 = CARTESIAN_POINT('',(-5.,0.));
#13318 = ( GEOMETRIC_REPRESENTATION_CONTEXT(2) 
PARAMETRIC_REPRESENTATION_CONTEXT() REPRESENTATION_CONTEXT('2D SPACE',''
  ) );
#13319 = ADVANCED_FACE('',(#13320),#13130,.T.);
#13320 = FACE_BOUND('',#13321,.T.);
#13321 = EDGE_LOOP('',(#13322,#13345,#13372,#13373,#13374,#13401,#13402)
  );
#13322 = ORIENTED_EDGE('',*,*,#13323,.T.);
#13323 = EDGE_CURVE('',#13226,#13324,#13326,.T.);
#13324 = VERTEX_POINT('',#13325);
#13325 = CARTESIAN_POINT('',(-563.3271857933,-3.802765994627E+03,
    1.22E+03));
#13326 = SEAM_CURVE('',#13327,(#13331,#13338),.PCURVE_S1.);
#13327 = LINE('',#13328,#13329);
#13328 = CARTESIAN_POINT('',(-563.3271857933,-3.802765994627E+03,60.));
#13329 = VECTOR('',#13330,1.);
#13330 = DIRECTION('',(0.,0.,1.));
#13331 = PCURVE('',#13130,#13332);
#13332 = DEFINITIONAL_REPRESENTATION('',(#13333),#13337);
#13333 = LINE('',#13334,#13335);
#13334 = CARTESIAN_POINT('',(6.28318530718,-0.));
#13335 = VECTOR('',#13336,1.);
#13336 = DIRECTION('',(0.,1.));
#13337 = ( GEOMETRIC_REPRESENTATION_CONTEXT(2) 
PARAMETRIC_REPRESENTATION_CONTEXT() REPRESENTATION_CONTEXT('2D SPACE',''
  ) );
#13338 = PCURVE('',#13130,#13339);
#13339 = DEFINITIONAL_REPRESENTATION('',(#13340),#13344);
#13340 = LINE('',#13341,#13342);
#13341 = CARTESIAN_POINT('',(0.,-0.));
#13342 = VECTOR('',#13343,1.);
#13343 = DIRECTION('',(0.,1.));
#13344 = ( GEOMETRIC_REPRESENTATION_CONTEXT(2) 
PARAMETRIC_REPRESENTATION_CONTEXT() REPRESENTATION_CONTEXT('2D SPACE',''
  ) );
#13345 = ORIENTED_EDGE('',*,*,#13346,.F.);
#13346 = EDGE_CURVE('',#13324,#13324,#13347,.T.);
#13347 = SURFACE_CURVE('',#13348,(#13353,#13360),.PCURVE_S1.);
#13348 = CIRCLE('',#13349,5.);
#13349 = AXIS2_PLACEMENT_3D('',#13350,#13351,#13352);
#13350 = CARTESIAN_POINT('',(-568.3271857933,-3.802765994627E+03,
    1.22E+03));
#13351 = DIRECTION('',(0.,0.,1.));
#13352 = DIRECTION('',(1.,0.,-0.));
#13353 = PCURVE('',#13130,#13354);
#13354 = DEFINITIONAL_REPRESENTATION('',(#13355),#13359);
#13355 = LINE('',#13356,#13357);
#13356 = CARTESIAN_POINT('',(0.,1.16E+03));
#13357 = VECTOR('',#13358,1.);
#13358 = DIRECTION('',(1.,0.));
#13359 = ( GEOMETRIC_REPRESENTATION_CONTEXT(2) 
PARAMETRIC_REPRESENTATION_CONTEXT() REPRESENTATION_CONTEXT('2D SPACE',''
  ) );
#13360 = PCURVE('',#13361,#13366);
#13361 = PLANE('',#13362);
#13362 = AXIS2_PLACEMENT_3D('',#13363,#13364,#13365);
#13363 = CARTESIAN_POINT('',(-568.3271857933,-3.802765994627E+03,
    1.22E+03));
#13364 = DIRECTION('',(0.,0.,1.));
#13365 = DIRECTION('',(1.,0.,-0.));
#13366 = DEFINITIONAL_REPRESENTATION('',(#13367),#13371);
#13367 = CIRCLE('',#13368,5.);
#13368 = AXIS2_PLACEMENT_2D('',#13369,#13370);
#13369 = CARTESIAN_POINT('',(0.,0.));
#13370 = DIRECTION('',(1.,0.));
#13371 = ( GEOMETRIC_REPRESENTATION_CONTEXT(2) 
PARAMETRIC_REPRESENTATION_CONTEXT() REPRESENTATION_CONTEXT('2D SPACE',''
  ) );
#13372 = ORIENTED_EDGE('',*,*,#13323,.F.);
#13373 = ORIENTED_EDGE('',*,*,#13225,.T.);
#13374 = ORIENTED_EDGE('',*,*,#13375,.T.);
#13375 = EDGE_CURVE('',#13197,#13109,#13376,.T.);
#13376 = SURFACE_CURVE('',#13377,(#13382,#13389),.PCURVE_S1.);
#13377 = CIRCLE('',#13378,5.);
#13378 = AXIS2_PLACEMENT_3D('',#13379,#13380,#13381);
#13379 = CARTESIAN_POINT('',(-568.3271857933,-3.802765994627E+03,60.));
#13380 = DIRECTION('',(0.,0.,1.));
#13381 = DIRECTION('',(1.,0.,-0.));
#13382 = PCURVE('',#13130,#13383);
#13383 = DEFINITIONAL_REPRESENTATION('',(#13384),#13388);
#13384 = LINE('',#13385,#13386);
#13385 = CARTESIAN_POINT('',(0.,0.));
#13386 = VECTOR('',#13387,1.);
#13387 = DIRECTION('',(1.,0.));
#13388 = ( GEOMETRIC_REPRESENTATION_CONTEXT(2) 
PARAMETRIC_REPRESENTATION_CONTEXT() REPRESENTATION_CONTEXT('2D SPACE',''
  ) );
#13389 = PCURVE('',#13390,#13395);
#13390 = PLANE('',#13391);
#13391 = AXIS2_PLACEMENT_3D('',#13392,#13393,#13394);
#13392 = CARTESIAN_POINT('',(-568.3271857933,-3.802765994627E+03,60.));
#13393 = DIRECTION('',(0.,0.,1.));
#13394 = DIRECTION('',(1.,0.,-0.));
#13395 = DEFINITIONAL_REPRESENTATION('',(#13396),#13400);
#13396 = CIRCLE('',#13397,5.);
#13397 = AXIS2_PLACEMENT_2D('',#13398,#13399);
#13398 = CARTESIAN_POINT('',(0.,0.));
#13399 = DIRECTION('',(1.,0.));
#13400 = ( GEOMETRIC_REPRESENTATION_CONTEXT(2) 
PARAMETRIC_REPRESENTATION_CONTEXT() REPRESENTATION_CONTEXT('2D SPACE',''
  ) );
#13401 = ORIENTED_EDGE('',*,*,#13108,.T.);
#13402 = ORIENTED_EDGE('',*,*,#13261,.T.);
#13403 = ADVANCED_FACE('',(#13404),#13213,.T.);
#13404 = FACE_BOUND('',#13405,.T.);
#13405 = EDGE_LOOP('',(#13406,#13407));
#13406 = ORIENTED_EDGE('',*,*,#13196,.T.);
#13407 = ORIENTED_EDGE('',*,*,#13408,.T.);
#13408 = EDGE_CURVE('',#13109,#13197,#13409,.T.);
#13409 = SURFACE_CURVE('',#13410,(#13414,#13420),.PCURVE_S1.);
#13410 = LINE('',#13411,#13412);
#13411 = CARTESIAN_POINT('',(-568.3271857933,-3.802765994627E+03,60.));
#13412 = VECTOR('',#13413,1.);
#13413 = DIRECTION('',(-0.443787685135,0.89613196044,0.));
#13414 = PCURVE('',#13213,#13415);
#13415 = DEFINITIONAL_REPRESENTATION('',(#13416),#13419);
#13416 = B_SPLINE_CURVE_WITH_KNOTS('',1,(#13417,#13418),.UNSPECIFIED.,
  .F.,.F.,(2,2),(-5.,5.),.PIECEWISE_BEZIER_KNOTS.);
#13417 = CARTESIAN_POINT('',(5.,0.));
#13418 = CARTESIAN_POINT('',(-5.,0.));
#13419 = ( GEOMETRIC_REPRESENTATION_CONTEXT(2) 
PARAMETRIC_REPRESENTATION_CONTEXT() REPRESENTATION_CONTEXT('2D SPACE',''
  ) );
#13420 = PCURVE('',#13390,#13421);
#13421 = DEFINITIONAL_REPRESENTATION('',(#13422),#13425);
#13422 = B_SPLINE_CURVE_WITH_KNOTS('',1,(#13423,#13424),.UNSPECIFIED.,
  .F.,.F.,(2,2),(-5.,5.),.PIECEWISE_BEZIER_KNOTS.);
#13423 = CARTESIAN_POINT('',(2.218938425673,-4.480659802202));
#13424 = CARTESIAN_POINT('',(-2.218938425673,4.480659802202));
#13425 = ( GEOMETRIC_REPRESENTATION_CONTEXT(2) 
PARAMETRIC_REPRESENTATION_CONTEXT() REPRESENTATION_CONTEXT('2D SPACE',''
  ) );
#13426 = ADVANCED_FACE('',(#13427),#13183,.F.);
#13427 = FACE_BOUND('',#13428,.F.);
#13428 = EDGE_LOOP('',(#13429,#13430));
#13429 = ORIENTED_EDGE('',*,*,#13168,.T.);
#13430 = ORIENTED_EDGE('',*,*,#13301,.T.);
#13431 = ADVANCED_FACE('',(#13432),#13390,.F.);
#13432 = FACE_BOUND('',#13433,.F.);
#13433 = EDGE_LOOP('',(#13434,#13435));
#13434 = ORIENTED_EDGE('',*,*,#13375,.T.);
#13435 = ORIENTED_EDGE('',*,*,#13408,.T.);
#13436 = ADVANCED_FACE('',(#13437),#13361,.T.);
#13437 = FACE_BOUND('',#13438,.T.);
#13438 = EDGE_LOOP('',(#13439));
#13439 = ORIENTED_EDGE('',*,*,#13346,.T.);
#13440 = ( GEOMETRIC_REPRESENTATION_CONTEXT(3) 
GLOBAL_UNCERTAINTY_ASSIGNED_CONTEXT((#13444)) 
GLOBAL_UNIT_ASSIGNED_CONTEXT((#13441,#13442,#13443)) 
REPRESENTATION_CONTEXT('Context #1',
  '3D Context with UNIT and UNCERTAINTY') );
#13441 = ( LENGTH_UNIT() NAMED_UNIT(*) SI_UNIT(.MILLI.,.METRE.) );
#13442 = ( NAMED_UNIT(*) PLANE_ANGLE_UNIT() SI_UNIT($,.RADIAN.) );
#13443 = ( NAMED_UNIT(*) SI_UNIT($,.STERADIAN.) SOLID_ANGLE_UNIT() );
#13444 = UNCERTAINTY_MEASURE_WITH_UNIT(LENGTH_MEASURE(2.E-07),#13441,
  'distance_accuracy_value','confusion accuracy');
#13445 = CONTEXT_DEPENDENT_SHAPE_REPRESENTATION(#13446,#13448);
#13446 = ( REPRESENTATION_RELATIONSHIP('','',#12608,#10) 
REPRESENTATION_RELATIONSHIP_WITH_TRANSFORMATION(#13447) 
SHAPE_REPRESENTATION_RELATIONSHIP() );
#13447 = ITEM_DEFINED_TRANSFORMATION('','',#11,#55);
#13448 = PRODUCT_DEFINITION_SHAPE('Placement','Placement of an item',
  #13449);
#13449 = NEXT_ASSEMBLY_USAGE_OCCURRENCE('11','=>[0:1:1:12]','',#5,#12603
  ,$);
#13450 = PRODUCT_RELATED_PRODUCT_CATEGORY('part',$,(#12605));
#13451 = SHAPE_DEFINITION_REPRESENTATION(#13452,#13458);
#13452 = PRODUCT_DEFINITION_SHAPE('','',#13453);
#13453 = PRODUCT_DEFINITION('design','',#13454,#13457);
#13454 = PRODUCT_DEFINITION_FORMATION('','',#13455);
#13455 = PRODUCT('SOLID','SOLID','',(#13456));
#13456 = PRODUCT_CONTEXT('',#2,'mechanical');
#13457 = PRODUCT_DEFINITION_CONTEXT('part definition',#2,'design');
#13458 = ADVANCED_BREP_SHAPE_REPRESENTATION('',(#11,#13459),#13886);
#13459 = MANIFOLD_SOLID_BREP('',#13460);
#13460 = CLOSED_SHELL('',(#13461,#13498,#13553,#13588,#13771,#13853,
    #13857,#13880));
#13461 = ADVANCED_FACE('',(#13462),#13475,.T.);
#13462 = FACE_BOUND('',#13463,.T.);
#13463 = EDGE_LOOP('',(#13464));
#13464 = ORIENTED_EDGE('',*,*,#13465,.T.);
#13465 = EDGE_CURVE('',#13466,#13466,#13468,.T.);
#13466 = VERTEX_POINT('',#13467);
#13467 = CARTESIAN_POINT('',(530.66883095013,-3.009572493205E+03,400.));
#13468 = SURFACE_CURVE('',#13469,(#13474,#13486),.PCURVE_S1.);
#13469 = CIRCLE('',#13470,11.);
#13470 = AXIS2_PLACEMENT_3D('',#13471,#13472,#13473);
#13471 = CARTESIAN_POINT('',(528.7587009958,-2.998739607922E+03,400.));
#13472 = DIRECTION('',(-0.,0.,1.));
#13473 = DIRECTION('',(0.173648177667,-0.984807753012,0.));
#13474 = PCURVE('',#13475,#13480);
#13475 = PLANE('',#13476);
#13476 = AXIS2_PLACEMENT_3D('',#13477,#13478,#13479);
#13477 = CARTESIAN_POINT('',(528.7587009958,-2.998739607922E+03,400.));
#13478 = DIRECTION('',(0.,0.,1.));
#13479 = DIRECTION('',(1.,0.,-0.));
#13480 = DEFINITIONAL_REPRESENTATION('',(#13481),#13485);
#13481 = CIRCLE('',#13482,11.);
#13482 = AXIS2_PLACEMENT_2D('',#13483,#13484);
#13483 = CARTESIAN_POINT('',(0.,0.));
#13484 = DIRECTION('',(0.173648177667,-0.984807753012));
#13485 = ( GEOMETRIC_REPRESENTATION_CONTEXT(2) 
PARAMETRIC_REPRESENTATION_CONTEXT() REPRESENTATION_CONTEXT('2D SPACE',''
  ) );
#13486 = PCURVE('',#13487,#13492);
#13487 = CYLINDRICAL_SURFACE('',#13488,11.);
#13488 = AXIS2_PLACEMENT_3D('',#13489,#13490,#13491);
#13489 = CARTESIAN_POINT('',(528.7587009958,-2.998739607922E+03,380.));
#13490 = DIRECTION('',(0.,0.,1.));
#13491 = DIRECTION('',(0.173648177667,-0.984807753012,0.));
#13492 = DEFINITIONAL_REPRESENTATION('',(#13493),#13497);
#13493 = LINE('',#13494,#13495);
#13494 = CARTESIAN_POINT('',(0.,20.));
#13495 = VECTOR('',#13496,1.);
#13496 = DIRECTION('',(1.,0.));
#13497 = ( GEOMETRIC_REPRESENTATION_CONTEXT(2) 
PARAMETRIC_REPRESENTATION_CONTEXT() REPRESENTATION_CONTEXT('2D SPACE',''
  ) );
#13498 = ADVANCED_FACE('',(#13499),#13487,.T.);
#13499 = FACE_BOUND('',#13500,.T.);
#13500 = EDGE_LOOP('',(#13501,#13502,#13525,#13552));
#13501 = ORIENTED_EDGE('',*,*,#13465,.F.);
#13502 = ORIENTED_EDGE('',*,*,#13503,.F.);
#13503 = EDGE_CURVE('',#13504,#13466,#13506,.T.);
#13504 = VERTEX_POINT('',#13505);
#13505 = CARTESIAN_POINT('',(530.66883095013,-3.009572493205E+03,380.));
#13506 = SEAM_CURVE('',#13507,(#13511,#13518),.PCURVE_S1.);
#13507 = LINE('',#13508,#13509);
#13508 = CARTESIAN_POINT('',(530.66883095013,-3.009572493205E+03,380.));
#13509 = VECTOR('',#13510,1.);
#13510 = DIRECTION('',(0.,0.,1.));
#13511 = PCURVE('',#13487,#13512);
#13512 = DEFINITIONAL_REPRESENTATION('',(#13513),#13517);
#13513 = LINE('',#13514,#13515);
#13514 = CARTESIAN_POINT('',(6.28318530718,-0.));
#13515 = VECTOR('',#13516,1.);
#13516 = DIRECTION('',(0.,1.));
#13517 = ( GEOMETRIC_REPRESENTATION_CONTEXT(2) 
PARAMETRIC_REPRESENTATION_CONTEXT() REPRESENTATION_CONTEXT('2D SPACE',''
  ) );
#13518 = PCURVE('',#13487,#13519);
#13519 = DEFINITIONAL_REPRESENTATION('',(#13520),#13524);
#13520 = LINE('',#13521,#13522);
#13521 = CARTESIAN_POINT('',(0.,-0.));
#13522 = VECTOR('',#13523,1.);
#13523 = DIRECTION('',(0.,1.));
#13524 = ( GEOMETRIC_REPRESENTATION_CONTEXT(2) 
PARAMETRIC_REPRESENTATION_CONTEXT() REPRESENTATION_CONTEXT('2D SPACE',''
  ) );
#13525 = ORIENTED_EDGE('',*,*,#13526,.T.);
#13526 = EDGE_CURVE('',#13504,#13504,#13527,.T.);
#13527 = SURFACE_CURVE('',#13528,(#13533,#13540),.PCURVE_S1.);
#13528 = CIRCLE('',#13529,11.);
#13529 = AXIS2_PLACEMENT_3D('',#13530,#13531,#13532);
#13530 = CARTESIAN_POINT('',(528.7587009958,-2.998739607922E+03,380.));
#13531 = DIRECTION('',(-0.,0.,1.));
#13532 = DIRECTION('',(0.173648177667,-0.984807753012,0.));
#13533 = PCURVE('',#13487,#13534);
#13534 = DEFINITIONAL_REPRESENTATION('',(#13535),#13539);
#13535 = LINE('',#13536,#13537);
#13536 = CARTESIAN_POINT('',(0.,0.));
#13537 = VECTOR('',#13538,1.);
#13538 = DIRECTION('',(1.,0.));
#13539 = ( GEOMETRIC_REPRESENTATION_CONTEXT(2) 
PARAMETRIC_REPRESENTATION_CONTEXT() REPRESENTATION_CONTEXT('2D SPACE',''
  ) );
#13540 = PCURVE('',#13541,#13546);
#13541 = PLANE('',#13542);
#13542 = AXIS2_PLACEMENT_3D('',#13543,#13544,#13545);
#13543 = CARTESIAN_POINT('',(528.7587009958,-2.998739607922E+03,380.));
#13544 = DIRECTION('',(0.,0.,1.));
#13545 = DIRECTION('',(0.173648177667,-0.984807753012,0.));
#13546 = DEFINITIONAL_REPRESENTATION('',(#13547),#13551);
#13547 = CIRCLE('',#13548,11.);
#13548 = AXIS2_PLACEMENT_2D('',#13549,#13550);
#13549 = CARTESIAN_POINT('',(0.,0.));
#13550 = DIRECTION('',(1.,0.));
#13551 = ( GEOMETRIC_REPRESENTATION_CONTEXT(2) 
PARAMETRIC_REPRESENTATION_CONTEXT() REPRESENTATION_CONTEXT('2D SPACE',''
  ) );
#13552 = ORIENTED_EDGE('',*,*,#13503,.T.);
#13553 = ADVANCED_FACE('',(#13554,#13557),#13541,.F.);
#13554 = FACE_BOUND('',#13555,.F.);
#13555 = EDGE_LOOP('',(#13556));
#13556 = ORIENTED_EDGE('',*,*,#13526,.T.);
#13557 = FACE_BOUND('',#13558,.F.);
#13558 = EDGE_LOOP('',(#13559));
#13559 = ORIENTED_EDGE('',*,*,#13560,.F.);
#13560 = EDGE_CURVE('',#13561,#13561,#13563,.T.);
#13561 = VERTEX_POINT('',#13562);
#13562 = CARTESIAN_POINT('',(531.7587009958,-2.998739607922E+03,380.));
#13563 = SURFACE_CURVE('',#13564,(#13569,#13576),.PCURVE_S1.);
#13564 = CIRCLE('',#13565,3.);
#13565 = AXIS2_PLACEMENT_3D('',#13566,#13567,#13568);
#13566 = CARTESIAN_POINT('',(528.7587009958,-2.998739607922E+03,380.));
#13567 = DIRECTION('',(0.,0.,1.));
#13568 = DIRECTION('',(1.,0.,-0.));
#13569 = PCURVE('',#13541,#13570);
#13570 = DEFINITIONAL_REPRESENTATION('',(#13571),#13575);
#13571 = CIRCLE('',#13572,3.);
#13572 = AXIS2_PLACEMENT_2D('',#13573,#13574);
#13573 = CARTESIAN_POINT('',(0.,0.));
#13574 = DIRECTION('',(0.173648177667,0.984807753012));
#13575 = ( GEOMETRIC_REPRESENTATION_CONTEXT(2) 
PARAMETRIC_REPRESENTATION_CONTEXT() REPRESENTATION_CONTEXT('2D SPACE',''
  ) );
#13576 = PCURVE('',#13577,#13582);
#13577 = CYLINDRICAL_SURFACE('',#13578,3.);
#13578 = AXIS2_PLACEMENT_3D('',#13579,#13580,#13581);
#13579 = CARTESIAN_POINT('',(528.7587009958,-2.998739607922E+03,330.));
#13580 = DIRECTION('',(0.,0.,1.));
#13581 = DIRECTION('',(1.,0.,-0.));
#13582 = DEFINITIONAL_REPRESENTATION('',(#13583),#13587);
#13583 = LINE('',#13584,#13585);
#13584 = CARTESIAN_POINT('',(0.,50.));
#13585 = VECTOR('',#13586,1.);
#13586 = DIRECTION('',(1.,0.));
#13587 = ( GEOMETRIC_REPRESENTATION_CONTEXT(2) 
PARAMETRIC_REPRESENTATION_CONTEXT() REPRESENTATION_CONTEXT('2D SPACE',''
  ) );
#13588 = ADVANCED_FACE('',(#13589),#13577,.T.);
#13589 = FACE_BOUND('',#13590,.T.);
#13590 = EDGE_LOOP('',(#13591,#13592,#13615,#13639,#13662,#13691,#13746,
    #13768,#13769,#13770));
#13591 = ORIENTED_EDGE('',*,*,#13560,.F.);
#13592 = ORIENTED_EDGE('',*,*,#13593,.F.);
#13593 = EDGE_CURVE('',#13594,#13561,#13596,.T.);
#13594 = VERTEX_POINT('',#13595);
#13595 = CARTESIAN_POINT('',(531.7587009958,-2.998739607922E+03,330.));
#13596 = SEAM_CURVE('',#13597,(#13601,#13608),.PCURVE_S1.);
#13597 = LINE('',#13598,#13599);
#13598 = CARTESIAN_POINT('',(531.7587009958,-2.998739607922E+03,330.));
#13599 = VECTOR('',#13600,1.);
#13600 = DIRECTION('',(0.,0.,1.));
#13601 = PCURVE('',#13577,#13602);
#13602 = DEFINITIONAL_REPRESENTATION('',(#13603),#13607);
#13603 = LINE('',#13604,#13605);
#13604 = CARTESIAN_POINT('',(0.,-0.));
#13605 = VECTOR('',#13606,1.);
#13606 = DIRECTION('',(0.,1.));
#13607 = ( GEOMETRIC_REPRESENTATION_CONTEXT(2) 
PARAMETRIC_REPRESENTATION_CONTEXT() REPRESENTATION_CONTEXT('2D SPACE',''
  ) );
#13608 = PCURVE('',#13577,#13609);
#13609 = DEFINITIONAL_REPRESENTATION('',(#13610),#13614);
#13610 = LINE('',#13611,#13612);
#13611 = CARTESIAN_POINT('',(6.28318530718,-0.));
#13612 = VECTOR('',#13613,1.);
#13613 = DIRECTION('',(0.,1.));
#13614 = ( GEOMETRIC_REPRESENTATION_CONTEXT(2) 
PARAMETRIC_REPRESENTATION_CONTEXT() REPRESENTATION_CONTEXT('2D SPACE',''
  ) );
#13615 = ORIENTED_EDGE('',*,*,#13616,.T.);
#13616 = EDGE_CURVE('',#13594,#13617,#13619,.T.);
#13617 = VERTEX_POINT('',#13618);
#13618 = CARTESIAN_POINT('',(525.7587009958,-2.998739607922E+03,330.));
#13619 = SEAM_CURVE('',#13620,(#13625,#13632),.PCURVE_S1.);
#13620 = CIRCLE('',#13621,3.);
#13621 = AXIS2_PLACEMENT_3D('',#13622,#13623,#13624);
#13622 = CARTESIAN_POINT('',(528.7587009958,-2.998739607922E+03,330.));
#13623 = DIRECTION('',(0.,0.,1.));
#13624 = DIRECTION('',(1.,0.,-0.));
#13625 = PCURVE('',#13577,#13626);
#13626 = DEFINITIONAL_REPRESENTATION('',(#13627),#13631);
#13627 = LINE('',#13628,#13629);
#13628 = CARTESIAN_POINT('',(0.,0.));
#13629 = VECTOR('',#13630,1.);
#13630 = DIRECTION('',(1.,0.));
#13631 = ( GEOMETRIC_REPRESENTATION_CONTEXT(2) 
PARAMETRIC_REPRESENTATION_CONTEXT() REPRESENTATION_CONTEXT('2D SPACE',''
  ) );
#13632 = PCURVE('',#13577,#13633);
#13633 = DEFINITIONAL_REPRESENTATION('',(#13634),#13638);
#13634 = LINE('',#13635,#13636);
#13635 = CARTESIAN_POINT('',(6.28318530718,0.));
#13636 = VECTOR('',#13637,1.);
#13637 = DIRECTION('',(1.,-0.));
#13638 = ( GEOMETRIC_REPRESENTATION_CONTEXT(2) 
PARAMETRIC_REPRESENTATION_CONTEXT() REPRESENTATION_CONTEXT('2D SPACE',''
  ) );
#13639 = ORIENTED_EDGE('',*,*,#13640,.T.);
#13640 = EDGE_CURVE('',#13617,#13641,#13643,.T.);
#13641 = VERTEX_POINT('',#13642);
#13642 = CARTESIAN_POINT('',(525.7587009958,-2.998739607922E+03,60.));
#13643 = SEAM_CURVE('',#13644,(#13648,#13655),.PCURVE_S1.);
#13644 = LINE('',#13645,#13646);
#13645 = CARTESIAN_POINT('',(525.7587009958,-2.998739607922E+03,400.));
#13646 = VECTOR('',#13647,1.);
#13647 = DIRECTION('',(0.,0.,-1.));
#13648 = PCURVE('',#13577,#13649);
#13649 = DEFINITIONAL_REPRESENTATION('',(#13650),#13654);
#13650 = LINE('',#13651,#13652);
#13651 = CARTESIAN_POINT('',(3.14159265359,70.));
#13652 = VECTOR('',#13653,1.);
#13653 = DIRECTION('',(-0.,-1.));
#13654 = ( GEOMETRIC_REPRESENTATION_CONTEXT(2) 
PARAMETRIC_REPRESENTATION_CONTEXT() REPRESENTATION_CONTEXT('2D SPACE',''
  ) );
#13655 = PCURVE('',#13577,#13656);
#13656 = DEFINITIONAL_REPRESENTATION('',(#13657),#13661);
#13657 = LINE('',#13658,#13659);
#13658 = CARTESIAN_POINT('',(9.424777960769,70.));
#13659 = VECTOR('',#13660,1.);
#13660 = DIRECTION('',(-0.,-1.));
#13661 = ( GEOMETRIC_REPRESENTATION_CONTEXT(2) 
PARAMETRIC_REPRESENTATION_CONTEXT() REPRESENTATION_CONTEXT('2D SPACE',''
  ) );
#13662 = ORIENTED_EDGE('',*,*,#13663,.F.);
#13663 = EDGE_CURVE('',#13664,#13641,#13666,.T.);
#13664 = VERTEX_POINT('',#13665);
#13665 = CARTESIAN_POINT('',(529.80387393166,-3.001551655847E+03,60.));
#13666 = SURFACE_CURVE('',#13667,(#13672,#13679),.PCURVE_S1.);
#13667 = CIRCLE('',#13668,3.);
#13668 = AXIS2_PLACEMENT_3D('',#13669,#13670,#13671);
#13669 = CARTESIAN_POINT('',(528.7587009958,-2.998739607922E+03,60.));
#13670 = DIRECTION('',(0.,0.,-1.));
#13671 = DIRECTION('',(-1.,0.,-0.));
#13672 = PCURVE('',#13577,#13673);
#13673 = DEFINITIONAL_REPRESENTATION('',(#13674),#13678);
#13674 = LINE('',#13675,#13676);
#13675 = CARTESIAN_POINT('',(9.424777960769,-270.));
#13676 = VECTOR('',#13677,1.);
#13677 = DIRECTION('',(-1.,-0.));
#13678 = ( GEOMETRIC_REPRESENTATION_CONTEXT(2) 
PARAMETRIC_REPRESENTATION_CONTEXT() REPRESENTATION_CONTEXT('2D SPACE',''
  ) );
#13679 = PCURVE('',#13680,#13685);
#13680 = PLANE('',#13681);
#13681 = AXIS2_PLACEMENT_3D('',#13682,#13683,#13684);
#13682 = CARTESIAN_POINT('',(528.7587009958,-2.998739607922E+03,60.));
#13683 = DIRECTION('',(0.,0.,-1.));
#13684 = DIRECTION('',(-1.,0.,-0.));
#13685 = DEFINITIONAL_REPRESENTATION('',(#13686),#13690);
#13686 = CIRCLE('',#13687,3.);
#13687 = AXIS2_PLACEMENT_2D('',#13688,#13689);
#13688 = CARTESIAN_POINT('',(0.,0.));
#13689 = DIRECTION('',(1.,0.));
#13690 = ( GEOMETRIC_REPRESENTATION_CONTEXT(2) 
PARAMETRIC_REPRESENTATION_CONTEXT() REPRESENTATION_CONTEXT('2D SPACE',''
  ) );
#13691 = ORIENTED_EDGE('',*,*,#13692,.F.);
#13692 = EDGE_CURVE('',#13693,#13664,#13695,.T.);
#13693 = VERTEX_POINT('',#13694);
#13694 = CARTESIAN_POINT('',(527.71352805993,-2.995927559997E+03,60.));
#13695 = SURFACE_CURVE('',#13696,(#13701,#13721),.PCURVE_S1.);
#13696 = ELLIPSE('',#13697,4.242640687119,3.);
#13697 = AXIS2_PLACEMENT_3D('',#13698,#13699,#13700);
#13698 = CARTESIAN_POINT('',(528.7587009958,-2.998739607922E+03,60.));
#13699 = DIRECTION('',(0.662806052332,0.246349623488,-0.707106781187));
#13700 = DIRECTION('',(-0.662806052332,-0.246349623488,-0.707106781187)
  );
#13701 = PCURVE('',#13577,#13702);
#13702 = DEFINITIONAL_REPRESENTATION('',(#13703),#13720);
#13703 = B_SPLINE_CURVE_WITH_KNOTS('',8,(#13704,#13705,#13706,#13707,
    #13708,#13709,#13710,#13711,#13712,#13713,#13714,#13715,#13716,
    #13717,#13718,#13719),.UNSPECIFIED.,.F.,.F.,(9,7,9),(1.57080639172,
    3.141597736052,4.712389080385),.UNSPECIFIED.);
#13704 = CARTESIAN_POINT('',(8.209825558524,-269.9999698052));
#13705 = CARTESIAN_POINT('',(8.013476640482,-269.4109230511));
#13706 = CARTESIAN_POINT('',(7.81712772244,-268.8218774873));
#13707 = CARTESIAN_POINT('',(7.620778804404,-268.2674392884));
#13708 = CARTESIAN_POINT('',(7.42442988636,-267.7822075826));
#13709 = CARTESIAN_POINT('',(7.228080968321,-267.3965345406));
#13710 = CARTESIAN_POINT('',(7.031732050275,-267.1321755016));
#13711 = CARTESIAN_POINT('',(6.835383132233,-266.9999970062));
#13712 = CARTESIAN_POINT('',(6.44268529615,-267.0000029938));
#13713 = CARTESIAN_POINT('',(6.246336378111,-267.1321874771));
#13714 = CARTESIAN_POINT('',(6.049987460078,-267.3965521496));
#13715 = CARTESIAN_POINT('',(5.853638542031,-267.7822301264));
#13716 = CARTESIAN_POINT('',(5.657289623991,-268.2674657516));
#13717 = CARTESIAN_POINT('',(5.460940705943,-268.8219066388));
#13718 = CARTESIAN_POINT('',(5.264591787901,-269.4109535458));
#13719 = CARTESIAN_POINT('',(5.068242869859,-270.0000003));
#13720 = ( GEOMETRIC_REPRESENTATION_CONTEXT(2) 
PARAMETRIC_REPRESENTATION_CONTEXT() REPRESENTATION_CONTEXT('2D SPACE',''
  ) );
#13721 = PCURVE('',#13722,#13727);
#13722 = CYLINDRICAL_SURFACE('',#13723,3.);
#13723 = AXIS2_PLACEMENT_3D('',#13724,#13725,#13726);
#13724 = CARTESIAN_POINT('',(528.7587009958,-2.998739607922E+03,60.));
#13725 = DIRECTION('',(0.93734930843,0.348390978622,0.));
#13726 = DIRECTION('',(-0.348390978622,0.93734930843,0.));
#13727 = DEFINITIONAL_REPRESENTATION('',(#13728),#13745);
#13728 = B_SPLINE_CURVE_WITH_KNOTS('',8,(#13729,#13730,#13731,#13732,
    #13733,#13734,#13735,#13736,#13737,#13738,#13739,#13740,#13741,
    #13742,#13743,#13744),.UNSPECIFIED.,.F.,.F.,(9,7,9),(1.57080639172,
    3.141597736052,4.712389080385),.UNSPECIFIED.);
#13729 = CARTESIAN_POINT('',(1.006492469001E-05,3.019477412636E-05));
#13730 = CARTESIAN_POINT('',(0.196358982966,0.589076948869));
#13731 = CARTESIAN_POINT('',(0.392707901007,1.178122512423));
#13732 = CARTESIAN_POINT('',(0.589056819048,1.732560711181));
#13733 = CARTESIAN_POINT('',(0.785405737086,2.217792416837));
#13734 = CARTESIAN_POINT('',(0.981754655137,2.60346546013));
#13735 = CARTESIAN_POINT('',(1.178103573173,2.867824498171));
#13736 = CARTESIAN_POINT('',(1.374452491216,3.000002993769));
#13737 = CARTESIAN_POINT('',(1.767150327299,2.999997006153));
#13738 = CARTESIAN_POINT('',(1.963499245339,2.867812522938));
#13739 = CARTESIAN_POINT('',(2.159848163389,2.603447849052));
#13740 = CARTESIAN_POINT('',(2.356197081417,2.217769873367));
#13741 = CARTESIAN_POINT('',(2.552545999475,1.73253424734));
#13742 = CARTESIAN_POINT('',(2.748894917505,1.17809336132));
#13743 = CARTESIAN_POINT('',(2.945243835548,0.589046454125));
#13744 = CARTESIAN_POINT('',(3.14159275359,-2.999998969244E-07));
#13745 = ( GEOMETRIC_REPRESENTATION_CONTEXT(2) 
PARAMETRIC_REPRESENTATION_CONTEXT() REPRESENTATION_CONTEXT('2D SPACE',''
  ) );
#13746 = ORIENTED_EDGE('',*,*,#13747,.F.);
#13747 = EDGE_CURVE('',#13641,#13693,#13748,.T.);
#13748 = SURFACE_CURVE('',#13749,(#13754,#13761),.PCURVE_S1.);
#13749 = CIRCLE('',#13750,3.);
#13750 = AXIS2_PLACEMENT_3D('',#13751,#13752,#13753);
#13751 = CARTESIAN_POINT('',(528.7587009958,-2.998739607922E+03,60.));
#13752 = DIRECTION('',(0.,0.,-1.));
#13753 = DIRECTION('',(-1.,0.,-0.));
#13754 = PCURVE('',#13577,#13755);
#13755 = DEFINITIONAL_REPRESENTATION('',(#13756),#13760);
#13756 = LINE('',#13757,#13758);
#13757 = CARTESIAN_POINT('',(9.424777960769,-270.));
#13758 = VECTOR('',#13759,1.);
#13759 = DIRECTION('',(-1.,-0.));
#13760 = ( GEOMETRIC_REPRESENTATION_CONTEXT(2) 
PARAMETRIC_REPRESENTATION_CONTEXT() REPRESENTATION_CONTEXT('2D SPACE',''
  ) );
#13761 = PCURVE('',#13680,#13762);
#13762 = DEFINITIONAL_REPRESENTATION('',(#13763),#13767);
#13763 = CIRCLE('',#13764,3.);
#13764 = AXIS2_PLACEMENT_2D('',#13765,#13766);
#13765 = CARTESIAN_POINT('',(0.,0.));
#13766 = DIRECTION('',(1.,0.));
#13767 = ( GEOMETRIC_REPRESENTATION_CONTEXT(2) 
PARAMETRIC_REPRESENTATION_CONTEXT() REPRESENTATION_CONTEXT('2D SPACE',''
  ) );
#13768 = ORIENTED_EDGE('',*,*,#13640,.F.);
#13769 = ORIENTED_EDGE('',*,*,#13616,.F.);
#13770 = ORIENTED_EDGE('',*,*,#13593,.T.);
#13771 = ADVANCED_FACE('',(#13772),#13722,.T.);
#13772 = FACE_BOUND('',#13773,.T.);
#13773 = EDGE_LOOP('',(#13774,#13797,#13824,#13825,#13826));
#13774 = ORIENTED_EDGE('',*,*,#13775,.T.);
#13775 = EDGE_CURVE('',#13693,#13776,#13778,.T.);
#13776 = VERTEX_POINT('',#13777);
#13777 = CARTESIAN_POINT('',(2.637977933609E+03,-2.211591267445E+03,60.)
  );
#13778 = SEAM_CURVE('',#13779,(#13783,#13790),.PCURVE_S1.);
#13779 = LINE('',#13780,#13781);
#13780 = CARTESIAN_POINT('',(527.71352805993,-2.995927559997E+03,60.));
#13781 = VECTOR('',#13782,1.);
#13782 = DIRECTION('',(0.93734930843,0.348390978622,0.));
#13783 = PCURVE('',#13722,#13784);
#13784 = DEFINITIONAL_REPRESENTATION('',(#13785),#13789);
#13785 = LINE('',#13786,#13787);
#13786 = CARTESIAN_POINT('',(6.28318530718,-0.));
#13787 = VECTOR('',#13788,1.);
#13788 = DIRECTION('',(0.,1.));
#13789 = ( GEOMETRIC_REPRESENTATION_CONTEXT(2) 
PARAMETRIC_REPRESENTATION_CONTEXT() REPRESENTATION_CONTEXT('2D SPACE',''
  ) );
#13790 = PCURVE('',#13722,#13791);
#13791 = DEFINITIONAL_REPRESENTATION('',(#13792),#13796);
#13792 = LINE('',#13793,#13794);
#13793 = CARTESIAN_POINT('',(0.,-0.));
#13794 = VECTOR('',#13795,1.);
#13795 = DIRECTION('',(0.,1.));
#13796 = ( GEOMETRIC_REPRESENTATION_CONTEXT(2) 
PARAMETRIC_REPRESENTATION_CONTEXT() REPRESENTATION_CONTEXT('2D SPACE',''
  ) );
#13797 = ORIENTED_EDGE('',*,*,#13798,.F.);
#13798 = EDGE_CURVE('',#13776,#13776,#13799,.T.);
#13799 = SURFACE_CURVE('',#13800,(#13805,#13812),.PCURVE_S1.);
#13800 = CIRCLE('',#13801,3.);
#13801 = AXIS2_PLACEMENT_3D('',#13802,#13803,#13804);
#13802 = CARTESIAN_POINT('',(2.639023106545E+03,-2.21440331537E+03,60.)
  );
#13803 = DIRECTION('',(0.93734930843,0.348390978622,0.));
#13804 = DIRECTION('',(-0.348390978622,0.93734930843,0.));
#13805 = PCURVE('',#13722,#13806);
#13806 = DEFINITIONAL_REPRESENTATION('',(#13807),#13811);
#13807 = LINE('',#13808,#13809);
#13808 = CARTESIAN_POINT('',(0.,2.251310569678E+03));
#13809 = VECTOR('',#13810,1.);
#13810 = DIRECTION('',(1.,0.));
#13811 = ( GEOMETRIC_REPRESENTATION_CONTEXT(2) 
PARAMETRIC_REPRESENTATION_CONTEXT() REPRESENTATION_CONTEXT('2D SPACE',''
  ) );
#13812 = PCURVE('',#13813,#13818);
#13813 = PLANE('',#13814);
#13814 = AXIS2_PLACEMENT_3D('',#13815,#13816,#13817);
#13815 = CARTESIAN_POINT('',(2.639023106545E+03,-2.21440331537E+03,60.)
  );
#13816 = DIRECTION('',(0.93734930843,0.348390978622,0.));
#13817 = DIRECTION('',(-0.348390978622,0.93734930843,0.));
#13818 = DEFINITIONAL_REPRESENTATION('',(#13819),#13823);
#13819 = CIRCLE('',#13820,3.);
#13820 = AXIS2_PLACEMENT_2D('',#13821,#13822);
#13821 = CARTESIAN_POINT('',(0.,0.));
#13822 = DIRECTION('',(1.,0.));
#13823 = ( GEOMETRIC_REPRESENTATION_CONTEXT(2) 
PARAMETRIC_REPRESENTATION_CONTEXT() REPRESENTATION_CONTEXT('2D SPACE',''
  ) );
#13824 = ORIENTED_EDGE('',*,*,#13775,.F.);
#13825 = ORIENTED_EDGE('',*,*,#13692,.T.);
#13826 = ORIENTED_EDGE('',*,*,#13827,.T.);
#13827 = EDGE_CURVE('',#13664,#13693,#13828,.T.);
#13828 = SURFACE_CURVE('',#13829,(#13834,#13841),.PCURVE_S1.);
#13829 = CIRCLE('',#13830,3.);
#13830 = AXIS2_PLACEMENT_3D('',#13831,#13832,#13833);
#13831 = CARTESIAN_POINT('',(528.7587009958,-2.998739607922E+03,60.));
#13832 = DIRECTION('',(0.93734930843,0.348390978622,0.));
#13833 = DIRECTION('',(-0.348390978622,0.93734930843,0.));
#13834 = PCURVE('',#13722,#13835);
#13835 = DEFINITIONAL_REPRESENTATION('',(#13836),#13840);
#13836 = LINE('',#13837,#13838);
#13837 = CARTESIAN_POINT('',(0.,0.));
#13838 = VECTOR('',#13839,1.);
#13839 = DIRECTION('',(1.,0.));
#13840 = ( GEOMETRIC_REPRESENTATION_CONTEXT(2) 
PARAMETRIC_REPRESENTATION_CONTEXT() REPRESENTATION_CONTEXT('2D SPACE',''
  ) );
#13841 = PCURVE('',#13842,#13847);
#13842 = PLANE('',#13843);
#13843 = AXIS2_PLACEMENT_3D('',#13844,#13845,#13846);
#13844 = CARTESIAN_POINT('',(528.7587009958,-2.998739607922E+03,60.));
#13845 = DIRECTION('',(0.93734930843,0.348390978622,0.));
#13846 = DIRECTION('',(-0.348390978622,0.93734930843,0.));
#13847 = DEFINITIONAL_REPRESENTATION('',(#13848),#13852);
#13848 = CIRCLE('',#13849,3.);
#13849 = AXIS2_PLACEMENT_2D('',#13850,#13851);
#13850 = CARTESIAN_POINT('',(0.,0.));
#13851 = DIRECTION('',(1.,0.));
#13852 = ( GEOMETRIC_REPRESENTATION_CONTEXT(2) 
PARAMETRIC_REPRESENTATION_CONTEXT() REPRESENTATION_CONTEXT('2D SPACE',''
  ) );
#13853 = ADVANCED_FACE('',(#13854),#13813,.T.);
#13854 = FACE_BOUND('',#13855,.T.);
#13855 = EDGE_LOOP('',(#13856));
#13856 = ORIENTED_EDGE('',*,*,#13798,.T.);
#13857 = ADVANCED_FACE('',(#13858),#13842,.F.);
#13858 = FACE_BOUND('',#13859,.F.);
#13859 = EDGE_LOOP('',(#13860,#13861));
#13860 = ORIENTED_EDGE('',*,*,#13827,.T.);
#13861 = ORIENTED_EDGE('',*,*,#13862,.T.);
#13862 = EDGE_CURVE('',#13693,#13664,#13863,.T.);
#13863 = SURFACE_CURVE('',#13864,(#13868,#13874),.PCURVE_S1.);
#13864 = LINE('',#13865,#13866);
#13865 = CARTESIAN_POINT('',(528.7587009958,-2.998739607922E+03,60.));
#13866 = VECTOR('',#13867,1.);
#13867 = DIRECTION('',(0.348390978622,-0.93734930843,0.));
#13868 = PCURVE('',#13842,#13869);
#13869 = DEFINITIONAL_REPRESENTATION('',(#13870),#13873);
#13870 = B_SPLINE_CURVE_WITH_KNOTS('',1,(#13871,#13872),.UNSPECIFIED.,
  .F.,.F.,(2,2),(-3.,3.),.PIECEWISE_BEZIER_KNOTS.);
#13871 = CARTESIAN_POINT('',(3.,0.));
#13872 = CARTESIAN_POINT('',(-3.,0.));
#13873 = ( GEOMETRIC_REPRESENTATION_CONTEXT(2) 
PARAMETRIC_REPRESENTATION_CONTEXT() REPRESENTATION_CONTEXT('2D SPACE',''
  ) );
#13874 = PCURVE('',#13680,#13875);
#13875 = DEFINITIONAL_REPRESENTATION('',(#13876),#13879);
#13876 = B_SPLINE_CURVE_WITH_KNOTS('',1,(#13877,#13878),.UNSPECIFIED.,
  .F.,.F.,(2,2),(-3.,3.),.PIECEWISE_BEZIER_KNOTS.);
#13877 = CARTESIAN_POINT('',(1.045172935866,2.812047925291));
#13878 = CARTESIAN_POINT('',(-1.045172935866,-2.812047925291));
#13879 = ( GEOMETRIC_REPRESENTATION_CONTEXT(2) 
PARAMETRIC_REPRESENTATION_CONTEXT() REPRESENTATION_CONTEXT('2D SPACE',''
  ) );
#13880 = ADVANCED_FACE('',(#13881),#13680,.T.);
#13881 = FACE_BOUND('',#13882,.T.);
#13882 = EDGE_LOOP('',(#13883,#13884,#13885));
#13883 = ORIENTED_EDGE('',*,*,#13663,.T.);
#13884 = ORIENTED_EDGE('',*,*,#13747,.T.);
#13885 = ORIENTED_EDGE('',*,*,#13862,.T.);
#13886 = ( GEOMETRIC_REPRESENTATION_CONTEXT(3) 
GLOBAL_UNCERTAINTY_ASSIGNED_CONTEXT((#13890)) 
GLOBAL_UNIT_ASSIGNED_CONTEXT((#13887,#13888,#13889)) 
REPRESENTATION_CONTEXT('Context #1',
  '3D Context with UNIT and UNCERTAINTY') );
#13887 = ( LENGTH_UNIT() NAMED_UNIT(*) SI_UNIT(.MILLI.,.METRE.) );
#13888 = ( NAMED_UNIT(*) PLANE_ANGLE_UNIT() SI_UNIT($,.RADIAN.) );
#13889 = ( NAMED_UNIT(*) SI_UNIT($,.STERADIAN.) SOLID_ANGLE_UNIT() );
#13890 = UNCERTAINTY_MEASURE_WITH_UNIT(LENGTH_MEASURE(5.E-06),#13887,
  'distance_accuracy_value','confusion accuracy');
#13891 = CONTEXT_DEPENDENT_SHAPE_REPRESENTATION(#13892,#13894);
#13892 = ( REPRESENTATION_RELATIONSHIP('','',#13458,#10) 
REPRESENTATION_RELATIONSHIP_WITH_TRANSFORMATION(#13893) 
SHAPE_REPRESENTATION_RELATIONSHIP() );
#13893 = ITEM_DEFINED_TRANSFORMATION('','',#11,#59);
#13894 = PRODUCT_DEFINITION_SHAPE('Placement','Placement of an item',
  #13895);
#13895 = NEXT_ASSEMBLY_USAGE_OCCURRENCE('12','=>[0:1:1:13]','',#5,#13453
  ,$);
#13896 = PRODUCT_RELATED_PRODUCT_CATEGORY('part',$,(#13455));
#13897 = SHAPE_DEFINITION_REPRESENTATION(#13898,#13904);
#13898 = PRODUCT_DEFINITION_SHAPE('','',#13899);
#13899 = PRODUCT_DEFINITION('design','',#13900,#13903);
#13900 = PRODUCT_DEFINITION_FORMATION('','',#13901);
#13901 = PRODUCT('COMPOUND','COMPOUND','',(#13902));
#13902 = PRODUCT_CONTEXT('',#2,'mechanical');
#13903 = PRODUCT_DEFINITION_CONTEXT('part definition',#2,'design');
#13904 = ADVANCED_BREP_SHAPE_REPRESENTATION('',(#11,#13905),#14957);
#13905 = MANIFOLD_SOLID_BREP('',#13906);
#13906 = CLOSED_SHELL('',(#13907,#13995,#14030,#14065,#14246,#14301,
    #14336,#14412,#14461,#14510,#14537,#14572,#14627,#14634,#14819,
    #14823,#14827,#14875,#14924,#14950));
#13907 = ADVANCED_FACE('',(#13908),#13921,.T.);
#13908 = FACE_BOUND('',#13909,.T.);
#13909 = EDGE_LOOP('',(#13910,#13944,#13967,#13994));
#13910 = ORIENTED_EDGE('',*,*,#13911,.F.);
#13911 = EDGE_CURVE('',#13912,#13912,#13914,.T.);
#13912 = VERTEX_POINT('',#13913);
#13913 = CARTESIAN_POINT('',(2.77E+03,-6.784543267276E-13,5.6E+03));
#13914 = SURFACE_CURVE('',#13915,(#13920,#13932),.PCURVE_S1.);
#13915 = CIRCLE('',#13916,2.77E+03);
#13916 = AXIS2_PLACEMENT_3D('',#13917,#13918,#13919);
#13917 = CARTESIAN_POINT('',(0.,0.,5.6E+03));
#13918 = DIRECTION('',(0.,0.,1.));
#13919 = DIRECTION('',(1.,0.,-0.));
#13920 = PCURVE('',#13921,#13926);
#13921 = CYLINDRICAL_SURFACE('',#13922,2.77E+03);
#13922 = AXIS2_PLACEMENT_3D('',#13923,#13924,#13925);
#13923 = CARTESIAN_POINT('',(0.,0.,0.));
#13924 = DIRECTION('',(0.,0.,1.));
#13925 = DIRECTION('',(1.,0.,-0.));
#13926 = DEFINITIONAL_REPRESENTATION('',(#13927),#13931);
#13927 = LINE('',#13928,#13929);
#13928 = CARTESIAN_POINT('',(0.,5.6E+03));
#13929 = VECTOR('',#13930,1.);
#13930 = DIRECTION('',(1.,0.));
#13931 = ( GEOMETRIC_REPRESENTATION_CONTEXT(2) 
PARAMETRIC_REPRESENTATION_CONTEXT() REPRESENTATION_CONTEXT('2D SPACE',''
  ) );
#13932 = PCURVE('',#13933,#13938);
#13933 = PLANE('',#13934);
#13934 = AXIS2_PLACEMENT_3D('',#13935,#13936,#13937);
#13935 = CARTESIAN_POINT('',(0.,0.,5.6E+03));
#13936 = DIRECTION('',(0.,0.,1.));
#13937 = DIRECTION('',(1.,0.,-0.));
#13938 = DEFINITIONAL_REPRESENTATION('',(#13939),#13943);
#13939 = CIRCLE('',#13940,2.77E+03);
#13940 = AXIS2_PLACEMENT_2D('',#13941,#13942);
#13941 = CARTESIAN_POINT('',(0.,0.));
#13942 = DIRECTION('',(1.,0.));
#13943 = ( GEOMETRIC_REPRESENTATION_CONTEXT(2) 
PARAMETRIC_REPRESENTATION_CONTEXT() REPRESENTATION_CONTEXT('2D SPACE',''
  ) );
#13944 = ORIENTED_EDGE('',*,*,#13945,.F.);
#13945 = EDGE_CURVE('',#13946,#13912,#13948,.T.);
#13946 = VERTEX_POINT('',#13947);
#13947 = CARTESIAN_POINT('',(2.77E+03,-6.784543267276E-13,0.));
#13948 = SEAM_CURVE('',#13949,(#13953,#13960),.PCURVE_S1.);
#13949 = LINE('',#13950,#13951);
#13950 = CARTESIAN_POINT('',(2.77E+03,-6.784543267276E-13,0.));
#13951 = VECTOR('',#13952,1.);
#13952 = DIRECTION('',(0.,0.,1.));
#13953 = PCURVE('',#13921,#13954);
#13954 = DEFINITIONAL_REPRESENTATION('',(#13955),#13959);
#13955 = LINE('',#13956,#13957);
#13956 = CARTESIAN_POINT('',(6.28318530718,-0.));
#13957 = VECTOR('',#13958,1.);
#13958 = DIRECTION('',(0.,1.));
#13959 = ( GEOMETRIC_REPRESENTATION_CONTEXT(2) 
PARAMETRIC_REPRESENTATION_CONTEXT() REPRESENTATION_CONTEXT('2D SPACE',''
  ) );
#13960 = PCURVE('',#13921,#13961);
#13961 = DEFINITIONAL_REPRESENTATION('',(#13962),#13966);
#13962 = LINE('',#13963,#13964);
#13963 = CARTESIAN_POINT('',(0.,-0.));
#13964 = VECTOR('',#13965,1.);
#13965 = DIRECTION('',(0.,1.));
#13966 = ( GEOMETRIC_REPRESENTATION_CONTEXT(2) 
PARAMETRIC_REPRESENTATION_CONTEXT() REPRESENTATION_CONTEXT('2D SPACE',''
  ) );
#13967 = ORIENTED_EDGE('',*,*,#13968,.T.);
#13968 = EDGE_CURVE('',#13946,#13946,#13969,.T.);
#13969 = SURFACE_CURVE('',#13970,(#13975,#13982),.PCURVE_S1.);
#13970 = CIRCLE('',#13971,2.77E+03);
#13971 = AXIS2_PLACEMENT_3D('',#13972,#13973,#13974);
#13972 = CARTESIAN_POINT('',(0.,0.,0.));
#13973 = DIRECTION('',(0.,0.,1.));
#13974 = DIRECTION('',(1.,0.,-0.));
#13975 = PCURVE('',#13921,#13976);
#13976 = DEFINITIONAL_REPRESENTATION('',(#13977),#13981);
#13977 = LINE('',#13978,#13979);
#13978 = CARTESIAN_POINT('',(0.,0.));
#13979 = VECTOR('',#13980,1.);
#13980 = DIRECTION('',(1.,0.));
#13981 = ( GEOMETRIC_REPRESENTATION_CONTEXT(2) 
PARAMETRIC_REPRESENTATION_CONTEXT() REPRESENTATION_CONTEXT('2D SPACE',''
  ) );
#13982 = PCURVE('',#13983,#13988);
#13983 = PLANE('',#13984);
#13984 = AXIS2_PLACEMENT_3D('',#13985,#13986,#13987);
#13985 = CARTESIAN_POINT('',(0.,0.,0.));
#13986 = DIRECTION('',(0.,0.,1.));
#13987 = DIRECTION('',(1.,0.,-0.));
#13988 = DEFINITIONAL_REPRESENTATION('',(#13989),#13993);
#13989 = CIRCLE('',#13990,2.77E+03);
#13990 = AXIS2_PLACEMENT_2D('',#13991,#13992);
#13991 = CARTESIAN_POINT('',(0.,0.));
#13992 = DIRECTION('',(1.,0.));
#13993 = ( GEOMETRIC_REPRESENTATION_CONTEXT(2) 
PARAMETRIC_REPRESENTATION_CONTEXT() REPRESENTATION_CONTEXT('2D SPACE',''
  ) );
#13994 = ORIENTED_EDGE('',*,*,#13945,.T.);
#13995 = ADVANCED_FACE('',(#13996,#14027),#13933,.F.);
#13996 = FACE_BOUND('',#13997,.F.);
#13997 = EDGE_LOOP('',(#13998));
#13998 = ORIENTED_EDGE('',*,*,#13999,.T.);
#13999 = EDGE_CURVE('',#14000,#14000,#14002,.T.);
#14000 = VERTEX_POINT('',#14001);
#14001 = CARTESIAN_POINT('',(2.805E+03,-6.870268543217E-13,5.6E+03));
#14002 = SURFACE_CURVE('',#14003,(#14008,#14015),.PCURVE_S1.);
#14003 = CIRCLE('',#14004,2.805E+03);
#14004 = AXIS2_PLACEMENT_3D('',#14005,#14006,#14007);
#14005 = CARTESIAN_POINT('',(0.,0.,5.6E+03));
#14006 = DIRECTION('',(0.,0.,1.));
#14007 = DIRECTION('',(1.,0.,-0.));
#14008 = PCURVE('',#13933,#14009);
#14009 = DEFINITIONAL_REPRESENTATION('',(#14010),#14014);
#14010 = CIRCLE('',#14011,2.805E+03);
#14011 = AXIS2_PLACEMENT_2D('',#14012,#14013);
#14012 = CARTESIAN_POINT('',(0.,0.));
#14013 = DIRECTION('',(1.,0.));
#14014 = ( GEOMETRIC_REPRESENTATION_CONTEXT(2) 
PARAMETRIC_REPRESENTATION_CONTEXT() REPRESENTATION_CONTEXT('2D SPACE',''
  ) );
#14015 = PCURVE('',#14016,#14021);
#14016 = CONICAL_SURFACE('',#14017,2.805E+03,1.001246271129);
#14017 = AXIS2_PLACEMENT_3D('',#14018,#14019,#14020);
#14018 = CARTESIAN_POINT('',(0.,0.,5.6E+03));
#14019 = DIRECTION('',(-0.,-0.,-1.));
#14020 = DIRECTION('',(1.,0.,-0.));
#14021 = DEFINITIONAL_REPRESENTATION('',(#14022),#14026);
#14022 = LINE('',#14023,#14024);
#14023 = CARTESIAN_POINT('',(-0.,-0.));
#14024 = VECTOR('',#14025,1.);
#14025 = DIRECTION('',(-1.,-0.));
#14026 = ( GEOMETRIC_REPRESENTATION_CONTEXT(2) 
PARAMETRIC_REPRESENTATION_CONTEXT() REPRESENTATION_CONTEXT('2D SPACE',''
  ) );
#14027 = FACE_BOUND('',#14028,.F.);
#14028 = EDGE_LOOP('',(#14029));
#14029 = ORIENTED_EDGE('',*,*,#13911,.F.);
#14030 = ADVANCED_FACE('',(#14031,#14034),#13983,.F.);
#14031 = FACE_BOUND('',#14032,.F.);
#14032 = EDGE_LOOP('',(#14033));
#14033 = ORIENTED_EDGE('',*,*,#13968,.T.);
#14034 = FACE_BOUND('',#14035,.F.);
#14035 = EDGE_LOOP('',(#14036));
#14036 = ORIENTED_EDGE('',*,*,#14037,.F.);
#14037 = EDGE_CURVE('',#14038,#14038,#14040,.T.);
#14038 = VERTEX_POINT('',#14039);
#14039 = CARTESIAN_POINT('',(2.745E+03,-6.723310927319E-13,0.));
#14040 = SURFACE_CURVE('',#14041,(#14046,#14053),.PCURVE_S1.);
#14041 = CIRCLE('',#14042,2.745E+03);
#14042 = AXIS2_PLACEMENT_3D('',#14043,#14044,#14045);
#14043 = CARTESIAN_POINT('',(0.,0.,0.));
#14044 = DIRECTION('',(0.,0.,1.));
#14045 = DIRECTION('',(1.,0.,-0.));
#14046 = PCURVE('',#13983,#14047);
#14047 = DEFINITIONAL_REPRESENTATION('',(#14048),#14052);
#14048 = CIRCLE('',#14049,2.745E+03);
#14049 = AXIS2_PLACEMENT_2D('',#14050,#14051);
#14050 = CARTESIAN_POINT('',(0.,0.));
#14051 = DIRECTION('',(1.,0.));
#14052 = ( GEOMETRIC_REPRESENTATION_CONTEXT(2) 
PARAMETRIC_REPRESENTATION_CONTEXT() REPRESENTATION_CONTEXT('2D SPACE',''
  ) );
#14053 = PCURVE('',#14054,#14059);
#14054 = CYLINDRICAL_SURFACE('',#14055,2.745E+03);
#14055 = AXIS2_PLACEMENT_3D('',#14056,#14057,#14058);
#14056 = CARTESIAN_POINT('',(0.,0.,-1.));
#14057 = DIRECTION('',(0.,0.,1.));
#14058 = DIRECTION('',(1.,0.,-0.));
#14059 = DEFINITIONAL_REPRESENTATION('',(#14060),#14064);
#14060 = LINE('',#14061,#14062);
#14061 = CARTESIAN_POINT('',(0.,1.));
#14062 = VECTOR('',#14063,1.);
#14063 = DIRECTION('',(1.,0.));
#14064 = ( GEOMETRIC_REPRESENTATION_CONTEXT(2) 
PARAMETRIC_REPRESENTATION_CONTEXT() REPRESENTATION_CONTEXT('2D SPACE',''
  ) );
#14065 = ADVANCED_FACE('',(#14066,#14120),#14016,.T.);
#14066 = FACE_BOUND('',#14067,.T.);
#14067 = EDGE_LOOP('',(#14068,#14091,#14118,#14119));
#14068 = ORIENTED_EDGE('',*,*,#14069,.T.);
#14069 = EDGE_CURVE('',#14000,#14070,#14072,.T.);
#14070 = VERTEX_POINT('',#14071);
#14071 = CARTESIAN_POINT('',(376.85055463096,-9.230176509714E-14,
    7.154826488926E+03));
#14072 = SEAM_CURVE('',#14073,(#14077,#14084),.PCURVE_S1.);
#14073 = LINE('',#14074,#14075);
#14074 = CARTESIAN_POINT('',(2.805E+03,-6.870268543217E-13,5.6E+03));
#14075 = VECTOR('',#14076,1.);
#14076 = DIRECTION('',(-0.842143694316,2.062657159332E-16,0.539253185549
    ));
#14077 = PCURVE('',#14016,#14078);
#14078 = DEFINITIONAL_REPRESENTATION('',(#14079),#14083);
#14079 = LINE('',#14080,#14081);
#14080 = CARTESIAN_POINT('',(-6.28318530718,0.));
#14081 = VECTOR('',#14082,1.);
#14082 = DIRECTION('',(-0.,-1.));
#14083 = ( GEOMETRIC_REPRESENTATION_CONTEXT(2) 
PARAMETRIC_REPRESENTATION_CONTEXT() REPRESENTATION_CONTEXT('2D SPACE',''
  ) );
#14084 = PCURVE('',#14016,#14085);
#14085 = DEFINITIONAL_REPRESENTATION('',(#14086),#14090);
#14086 = LINE('',#14087,#14088);
#14087 = CARTESIAN_POINT('',(0.,-0.));
#14088 = VECTOR('',#14089,1.);
#14089 = DIRECTION('',(-0.,-1.));
#14090 = ( GEOMETRIC_REPRESENTATION_CONTEXT(2) 
PARAMETRIC_REPRESENTATION_CONTEXT() REPRESENTATION_CONTEXT('2D SPACE',''
  ) );
#14091 = ORIENTED_EDGE('',*,*,#14092,.F.);
#14092 = EDGE_CURVE('',#14070,#14070,#14093,.T.);
#14093 = SURFACE_CURVE('',#14094,(#14099,#14106),.PCURVE_S1.);
#14094 = CIRCLE('',#14095,376.85055463096);
#14095 = AXIS2_PLACEMENT_3D('',#14096,#14097,#14098);
#14096 = CARTESIAN_POINT('',(0.,0.,7.154826488926E+03));
#14097 = DIRECTION('',(0.,0.,1.));
#14098 = DIRECTION('',(1.,0.,-0.));
#14099 = PCURVE('',#14016,#14100);
#14100 = DEFINITIONAL_REPRESENTATION('',(#14101),#14105);
#14101 = LINE('',#14102,#14103);
#14102 = CARTESIAN_POINT('',(-0.,-1.554826488926E+03));
#14103 = VECTOR('',#14104,1.);
#14104 = DIRECTION('',(-1.,-0.));
#14105 = ( GEOMETRIC_REPRESENTATION_CONTEXT(2) 
PARAMETRIC_REPRESENTATION_CONTEXT() REPRESENTATION_CONTEXT('2D SPACE',''
  ) );
#14106 = PCURVE('',#14107,#14112);
#14107 = PLANE('',#14108);
#14108 = AXIS2_PLACEMENT_3D('',#14109,#14110,#14111);
#14109 = CARTESIAN_POINT('',(0.,0.,7.154826488926E+03));
#14110 = DIRECTION('',(0.,0.,1.));
#14111 = DIRECTION('',(1.,0.,-0.));
#14112 = DEFINITIONAL_REPRESENTATION('',(#14113),#14117);
#14113 = CIRCLE('',#14114,376.85055463096);
#14114 = AXIS2_PLACEMENT_2D('',#14115,#14116);
#14115 = CARTESIAN_POINT('',(0.,0.));
#14116 = DIRECTION('',(1.,0.));
#14117 = ( GEOMETRIC_REPRESENTATION_CONTEXT(2) 
PARAMETRIC_REPRESENTATION_CONTEXT() REPRESENTATION_CONTEXT('2D SPACE',''
  ) );
#14118 = ORIENTED_EDGE('',*,*,#14069,.F.);
#14119 = ORIENTED_EDGE('',*,*,#13999,.T.);
#14120 = FACE_BOUND('',#14121,.T.);
#14121 = EDGE_LOOP('',(#14122,#14153,#14186,#14215));
#14122 = ORIENTED_EDGE('',*,*,#14123,.F.);
#14123 = EDGE_CURVE('',#14124,#14126,#14128,.T.);
#14124 = VERTEX_POINT('',#14125);
#14125 = CARTESIAN_POINT('',(-1.524893370439E+03,1.099790700201E+03,
    6.192234065792E+03));
#14126 = VERTEX_POINT('',#14127);
#14127 = CARTESIAN_POINT('',(-1.71489337044E+03,770.70104676269,
    6.192234065792E+03));
#14128 = SURFACE_CURVE('',#14129,(#14134,#14141),.PCURVE_S1.);
#14129 = CIRCLE('',#14130,1.880116851544E+03);
#14130 = AXIS2_PLACEMENT_3D('',#14131,#14132,#14133);
#14131 = CARTESIAN_POINT('',(0.,0.,6.192234065792E+03));
#14132 = DIRECTION('',(0.,0.,1.));
#14133 = DIRECTION('',(1.,0.,-0.));
#14134 = PCURVE('',#14016,#14135);
#14135 = DEFINITIONAL_REPRESENTATION('',(#14136),#14140);
#14136 = LINE('',#14137,#14138);
#14137 = CARTESIAN_POINT('',(-0.,-592.2340657916));
#14138 = VECTOR('',#14139,1.);
#14139 = DIRECTION('',(-1.,-0.));
#14140 = ( GEOMETRIC_REPRESENTATION_CONTEXT(2) 
PARAMETRIC_REPRESENTATION_CONTEXT() REPRESENTATION_CONTEXT('2D SPACE',''
  ) );
#14141 = PCURVE('',#14142,#14147);
#14142 = PLANE('',#14143);
#14143 = AXIS2_PLACEMENT_3D('',#14144,#14145,#14146);
#14144 = CARTESIAN_POINT('',(-1.162382283755E+03,890.49482671904,
    6.192234065792E+03));
#14145 = DIRECTION('',(0.,0.,1.));
#14146 = DIRECTION('',(-0.866025403784,0.5,0.));
#14147 = DEFINITIONAL_REPRESENTATION('',(#14148),#14152);
#14148 = CIRCLE('',#14149,1.880116851544E+03);
#14149 = AXIS2_PLACEMENT_2D('',#14150,#14151);
#14150 = CARTESIAN_POINT('',(-1.4519E+03,190.));
#14151 = DIRECTION('',(-0.866025403784,-0.5));
#14152 = ( GEOMETRIC_REPRESENTATION_CONTEXT(2) 
PARAMETRIC_REPRESENTATION_CONTEXT() REPRESENTATION_CONTEXT('2D SPACE',''
  ) );
#14153 = ORIENTED_EDGE('',*,*,#14154,.T.);
#14154 = EDGE_CURVE('',#14124,#14155,#14157,.T.);
#14155 = VERTEX_POINT('',#14156);
#14156 = CARTESIAN_POINT('',(-1.170940770957E+03,895.43607160917,
    6.452234065792E+03));
#14157 = SURFACE_CURVE('',#14158,(#14163,#14174),.PCURVE_S1.);
#14158 = HYPERBOLA('',#14159,121.66344763468,190.);
#14159 = AXIS2_PLACEMENT_3D('',#14160,#14161,#14162);
#14160 = CARTESIAN_POINT('',(95.,164.54482671904,7.396136687449E+03));
#14161 = DIRECTION('',(-0.5,-0.866025403784,0.));
#14162 = DIRECTION('',(-0.,0.,-1.));
#14163 = PCURVE('',#14016,#14164);
#14164 = DEFINITIONAL_REPRESENTATION('',(#14165),#14173);
#14165 = B_SPLINE_CURVE_WITH_KNOTS('',6,(#14166,#14167,#14168,#14169,
    #14170,#14171,#14172),.UNSPECIFIED.,.F.,.F.,(7,7),(-3.004123472443,
    -2.709558613852),.PIECEWISE_BEZIER_KNOTS.);
#14166 = CARTESIAN_POINT('',(-2.51891062916,-566.2340657917));
#14167 = CARTESIAN_POINT('',(-2.514054177436,-626.3189284921));
#14168 = CARTESIAN_POINT('',(-2.508913021021,-682.8465663825));
#14169 = CARTESIAN_POINT('',(-2.503466502703,-736.0776512587));
#14170 = CARTESIAN_POINT('',(-2.497692028481,-786.2471417802));
#14171 = CARTESIAN_POINT('',(-2.491564818199,-833.568020454));
#14172 = CARTESIAN_POINT('',(-2.485057632614,-878.2340657916));
#14173 = ( GEOMETRIC_REPRESENTATION_CONTEXT(2) 
PARAMETRIC_REPRESENTATION_CONTEXT() REPRESENTATION_CONTEXT('2D SPACE',''
  ) );
#14174 = PCURVE('',#14175,#14180);
#14175 = PLANE('',#14176);
#14176 = AXIS2_PLACEMENT_3D('',#14177,#14178,#14179);
#14177 = CARTESIAN_POINT('',(-1.162382283755E+03,890.49482671904,
    6.192234065792E+03));
#14178 = DIRECTION('',(-0.5,-0.866025403784,0.));
#14179 = DIRECTION('',(0.,0.,1.));
#14180 = DEFINITIONAL_REPRESENTATION('',(#14181),#14185);
#14181 = ( BOUNDED_CURVE() B_SPLINE_CURVE(2,(#14182,#14183,#14184),
.UNSPECIFIED.,.F.,.F.) B_SPLINE_CURVE_WITH_KNOTS((3,3),(-3.004123472443,
-2.709558613852),.PIECEWISE_BEZIER_KNOTS.) CURVE() 
GEOMETRIC_REPRESENTATION_ITEM() RATIONAL_B_SPLINE_CURVE((1.,
1.01086567733,1.)) REPRESENTATION_ITEM('') );
#14182 = CARTESIAN_POINT('',(-25.99999999999,459.40004842209));
#14183 = CARTESIAN_POINT('',(152.96243110101,178.53953145261));
#14184 = CARTESIAN_POINT('',(285.99999999999,-31.07267711306));
#14185 = ( GEOMETRIC_REPRESENTATION_CONTEXT(2) 
PARAMETRIC_REPRESENTATION_CONTEXT() REPRESENTATION_CONTEXT('2D SPACE',''
  ) );
#14186 = ORIENTED_EDGE('',*,*,#14187,.T.);
#14187 = EDGE_CURVE('',#14155,#14188,#14190,.T.);
#14188 = VERTEX_POINT('',#14189);
#14189 = CARTESIAN_POINT('',(-1.360940770957E+03,566.34641817109,
    6.452234065792E+03));
#14190 = SURFACE_CURVE('',#14191,(#14196,#14203),.PCURVE_S1.);
#14191 = CIRCLE('',#14192,1.474078711409E+03);
#14192 = AXIS2_PLACEMENT_3D('',#14193,#14194,#14195);
#14193 = CARTESIAN_POINT('',(0.,0.,6.452234065792E+03));
#14194 = DIRECTION('',(0.,0.,1.));
#14195 = DIRECTION('',(1.,0.,-0.));
#14196 = PCURVE('',#14016,#14197);
#14197 = DEFINITIONAL_REPRESENTATION('',(#14198),#14202);
#14198 = LINE('',#14199,#14200);
#14199 = CARTESIAN_POINT('',(-0.,-852.2340657916));
#14200 = VECTOR('',#14201,1.);
#14201 = DIRECTION('',(-1.,-0.));
#14202 = ( GEOMETRIC_REPRESENTATION_CONTEXT(2) 
PARAMETRIC_REPRESENTATION_CONTEXT() REPRESENTATION_CONTEXT('2D SPACE',''
  ) );
#14203 = PCURVE('',#14204,#14209);
#14204 = PLANE('',#14205);
#14205 = AXIS2_PLACEMENT_3D('',#14206,#14207,#14208);
#14206 = CARTESIAN_POINT('',(-1.162382283755E+03,890.49482671904,
    6.452234065792E+03));
#14207 = DIRECTION('',(0.,0.,1.));
#14208 = DIRECTION('',(-0.866025403784,0.5,0.));
#14209 = DEFINITIONAL_REPRESENTATION('',(#14210),#14214);
#14210 = CIRCLE('',#14211,1.474078711409E+03);
#14211 = AXIS2_PLACEMENT_2D('',#14212,#14213);
#14212 = CARTESIAN_POINT('',(-1.4519E+03,190.));
#14213 = DIRECTION('',(-0.866025403784,-0.5));
#14214 = ( GEOMETRIC_REPRESENTATION_CONTEXT(2) 
PARAMETRIC_REPRESENTATION_CONTEXT() REPRESENTATION_CONTEXT('2D SPACE',''
  ) );
#14215 = ORIENTED_EDGE('',*,*,#14216,.F.);
#14216 = EDGE_CURVE('',#14126,#14188,#14217,.T.);
#14217 = SURFACE_CURVE('',#14218,(#14223,#14234),.PCURVE_S1.);
#14218 = HYPERBOLA('',#14219,121.66344763468,190.);
#14219 = AXIS2_PLACEMENT_3D('',#14220,#14221,#14222);
#14220 = CARTESIAN_POINT('',(-95.,-164.544826719,7.396136687449E+03));
#14221 = DIRECTION('',(-0.5,-0.866025403784,0.));
#14222 = DIRECTION('',(-0.,0.,-1.));
#14223 = PCURVE('',#14016,#14224);
#14224 = DEFINITIONAL_REPRESENTATION('',(#14225),#14233);
#14225 = B_SPLINE_CURVE_WITH_KNOTS('',6,(#14226,#14227,#14228,#14229,
    #14230,#14231,#14232),.UNSPECIFIED.,.F.,.F.,(7,7),(-3.004123472443,
    -2.709558613852),.PIECEWISE_BEZIER_KNOTS.);
#14226 = CARTESIAN_POINT('',(-2.717077126823,-566.2340657916));
#14227 = CARTESIAN_POINT('',(-2.721933578547,-626.3189284921));
#14228 = CARTESIAN_POINT('',(-2.727074734962,-682.8465663825));
#14229 = CARTESIAN_POINT('',(-2.732521253279,-736.0776512587));
#14230 = CARTESIAN_POINT('',(-2.738295727502,-786.2471417802));
#14231 = CARTESIAN_POINT('',(-2.744422937784,-833.568020454));
#14232 = CARTESIAN_POINT('',(-2.750930123369,-878.2340657916));
#14233 = ( GEOMETRIC_REPRESENTATION_CONTEXT(2) 
PARAMETRIC_REPRESENTATION_CONTEXT() REPRESENTATION_CONTEXT('2D SPACE',''
  ) );
#14234 = PCURVE('',#14235,#14240);
#14235 = PLANE('',#14236);
#14236 = AXIS2_PLACEMENT_3D('',#14237,#14238,#14239);
#14237 = CARTESIAN_POINT('',(-1.352382283755E+03,561.40517328095,
    6.192234065792E+03));
#14238 = DIRECTION('',(-0.5,-0.866025403784,0.));
#14239 = DIRECTION('',(0.,0.,1.));
#14240 = DEFINITIONAL_REPRESENTATION('',(#14241),#14245);
#14241 = ( BOUNDED_CURVE() B_SPLINE_CURVE(2,(#14242,#14243,#14244),
.UNSPECIFIED.,.F.,.F.) B_SPLINE_CURVE_WITH_KNOTS((3,3),(-3.004123472443,
-2.709558613852),.PIECEWISE_BEZIER_KNOTS.) CURVE() 
GEOMETRIC_REPRESENTATION_ITEM() RATIONAL_B_SPLINE_CURVE((1.,
1.01086567733,1.)) REPRESENTATION_ITEM('') );
#14242 = CARTESIAN_POINT('',(-26.,459.4000484221));
#14243 = CARTESIAN_POINT('',(152.962431101,178.53953145262));
#14244 = CARTESIAN_POINT('',(285.99999999999,-31.07267711305));
#14245 = ( GEOMETRIC_REPRESENTATION_CONTEXT(2) 
PARAMETRIC_REPRESENTATION_CONTEXT() REPRESENTATION_CONTEXT('2D SPACE',''
  ) );
#14246 = ADVANCED_FACE('',(#14247),#14054,.F.);
#14247 = FACE_BOUND('',#14248,.F.);
#14248 = EDGE_LOOP('',(#14249,#14278,#14299,#14300));
#14249 = ORIENTED_EDGE('',*,*,#14250,.F.);
#14250 = EDGE_CURVE('',#14251,#14251,#14253,.T.);
#14251 = VERTEX_POINT('',#14252);
#14252 = CARTESIAN_POINT('',(2.745E+03,-6.723310927319E-13,5.6E+03));
#14253 = SURFACE_CURVE('',#14254,(#14259,#14266),.PCURVE_S1.);
#14254 = CIRCLE('',#14255,2.745E+03);
#14255 = AXIS2_PLACEMENT_3D('',#14256,#14257,#14258);
#14256 = CARTESIAN_POINT('',(0.,0.,5.6E+03));
#14257 = DIRECTION('',(0.,0.,1.));
#14258 = DIRECTION('',(1.,0.,-0.));
#14259 = PCURVE('',#14054,#14260);
#14260 = DEFINITIONAL_REPRESENTATION('',(#14261),#14265);
#14261 = LINE('',#14262,#14263);
#14262 = CARTESIAN_POINT('',(0.,5.601E+03));
#14263 = VECTOR('',#14264,1.);
#14264 = DIRECTION('',(1.,0.));
#14265 = ( GEOMETRIC_REPRESENTATION_CONTEXT(2) 
PARAMETRIC_REPRESENTATION_CONTEXT() REPRESENTATION_CONTEXT('2D SPACE',''
  ) );
#14266 = PCURVE('',#14267,#14272);
#14267 = PLANE('',#14268);
#14268 = AXIS2_PLACEMENT_3D('',#14269,#14270,#14271);
#14269 = CARTESIAN_POINT('',(0.,0.,5.6E+03));
#14270 = DIRECTION('',(0.,0.,1.));
#14271 = DIRECTION('',(1.,0.,-0.));
#14272 = DEFINITIONAL_REPRESENTATION('',(#14273),#14277);
#14273 = CIRCLE('',#14274,2.745E+03);
#14274 = AXIS2_PLACEMENT_2D('',#14275,#14276);
#14275 = CARTESIAN_POINT('',(0.,0.));
#14276 = DIRECTION('',(1.,0.));
#14277 = ( GEOMETRIC_REPRESENTATION_CONTEXT(2) 
PARAMETRIC_REPRESENTATION_CONTEXT() REPRESENTATION_CONTEXT('2D SPACE',''
  ) );
#14278 = ORIENTED_EDGE('',*,*,#14279,.F.);
#14279 = EDGE_CURVE('',#14038,#14251,#14280,.T.);
#14280 = SEAM_CURVE('',#14281,(#14285,#14292),.PCURVE_S1.);
#14281 = LINE('',#14282,#14283);
#14282 = CARTESIAN_POINT('',(2.745E+03,-6.723310927319E-13,-1.));
#14283 = VECTOR('',#14284,1.);
#14284 = DIRECTION('',(0.,0.,1.));
#14285 = PCURVE('',#14054,#14286);
#14286 = DEFINITIONAL_REPRESENTATION('',(#14287),#14291);
#14287 = LINE('',#14288,#14289);
#14288 = CARTESIAN_POINT('',(6.28318530718,-0.));
#14289 = VECTOR('',#14290,1.);
#14290 = DIRECTION('',(0.,1.));
#14291 = ( GEOMETRIC_REPRESENTATION_CONTEXT(2) 
PARAMETRIC_REPRESENTATION_CONTEXT() REPRESENTATION_CONTEXT('2D SPACE',''
  ) );
#14292 = PCURVE('',#14054,#14293);
#14293 = DEFINITIONAL_REPRESENTATION('',(#14294),#14298);
#14294 = LINE('',#14295,#14296);
#14295 = CARTESIAN_POINT('',(0.,-0.));
#14296 = VECTOR('',#14297,1.);
#14297 = DIRECTION('',(0.,1.));
#14298 = ( GEOMETRIC_REPRESENTATION_CONTEXT(2) 
PARAMETRIC_REPRESENTATION_CONTEXT() REPRESENTATION_CONTEXT('2D SPACE',''
  ) );
#14299 = ORIENTED_EDGE('',*,*,#14037,.T.);
#14300 = ORIENTED_EDGE('',*,*,#14279,.T.);
#14301 = ADVANCED_FACE('',(#14302,#14333),#14107,.F.);
#14302 = FACE_BOUND('',#14303,.F.);
#14303 = EDGE_LOOP('',(#14304));
#14304 = ORIENTED_EDGE('',*,*,#14305,.T.);
#14305 = EDGE_CURVE('',#14306,#14306,#14308,.T.);
#14306 = VERTEX_POINT('',#14307);
#14307 = CARTESIAN_POINT('',(420.,-1.028703311284E-13,7.154826488926E+03
    ));
#14308 = SURFACE_CURVE('',#14309,(#14314,#14321),.PCURVE_S1.);
#14309 = CIRCLE('',#14310,420.);
#14310 = AXIS2_PLACEMENT_3D('',#14311,#14312,#14313);
#14311 = CARTESIAN_POINT('',(0.,0.,7.154826488926E+03));
#14312 = DIRECTION('',(0.,0.,1.));
#14313 = DIRECTION('',(1.,0.,-0.));
#14314 = PCURVE('',#14107,#14315);
#14315 = DEFINITIONAL_REPRESENTATION('',(#14316),#14320);
#14316 = CIRCLE('',#14317,420.);
#14317 = AXIS2_PLACEMENT_2D('',#14318,#14319);
#14318 = CARTESIAN_POINT('',(0.,0.));
#14319 = DIRECTION('',(1.,0.));
#14320 = ( GEOMETRIC_REPRESENTATION_CONTEXT(2) 
PARAMETRIC_REPRESENTATION_CONTEXT() REPRESENTATION_CONTEXT('2D SPACE',''
  ) );
#14321 = PCURVE('',#14322,#14327);
#14322 = CONICAL_SURFACE('',#14323,420.,1.030376826524);
#14323 = AXIS2_PLACEMENT_3D('',#14324,#14325,#14326);
#14324 = CARTESIAN_POINT('',(0.,0.,7.154826488926E+03));
#14325 = DIRECTION('',(-0.,-0.,-1.));
#14326 = DIRECTION('',(1.,0.,-0.));
#14327 = DEFINITIONAL_REPRESENTATION('',(#14328),#14332);
#14328 = LINE('',#14329,#14330);
#14329 = CARTESIAN_POINT('',(-0.,-0.));
#14330 = VECTOR('',#14331,1.);
#14331 = DIRECTION('',(-1.,-0.));
#14332 = ( GEOMETRIC_REPRESENTATION_CONTEXT(2) 
PARAMETRIC_REPRESENTATION_CONTEXT() REPRESENTATION_CONTEXT('2D SPACE',''
  ) );
#14333 = FACE_BOUND('',#14334,.F.);
#14334 = EDGE_LOOP('',(#14335));
#14335 = ORIENTED_EDGE('',*,*,#14092,.F.);
#14336 = ADVANCED_FACE('',(#14337),#14142,.F.);
#14337 = FACE_BOUND('',#14338,.F.);
#14338 = EDGE_LOOP('',(#14339,#14362,#14363,#14386));
#14339 = ORIENTED_EDGE('',*,*,#14340,.F.);
#14340 = EDGE_CURVE('',#14126,#14341,#14343,.T.);
#14341 = VERTEX_POINT('',#14342);
#14342 = CARTESIAN_POINT('',(-1.785394985647E+03,811.40517328095,
    6.192234065792E+03));
#14343 = SURFACE_CURVE('',#14344,(#14348,#14355),.PCURVE_S1.);
#14344 = LINE('',#14345,#14346);
#14345 = CARTESIAN_POINT('',(-1.352382283755E+03,561.40517328095,
    6.192234065792E+03));
#14346 = VECTOR('',#14347,1.);
#14347 = DIRECTION('',(-0.866025403784,0.5,0.));
#14348 = PCURVE('',#14142,#14349);
#14349 = DEFINITIONAL_REPRESENTATION('',(#14350),#14354);
#14350 = LINE('',#14351,#14352);
#14351 = CARTESIAN_POINT('',(0.,380.));
#14352 = VECTOR('',#14353,1.);
#14353 = DIRECTION('',(1.,0.));
#14354 = ( GEOMETRIC_REPRESENTATION_CONTEXT(2) 
PARAMETRIC_REPRESENTATION_CONTEXT() REPRESENTATION_CONTEXT('2D SPACE',''
  ) );
#14355 = PCURVE('',#14235,#14356);
#14356 = DEFINITIONAL_REPRESENTATION('',(#14357),#14361);
#14357 = LINE('',#14358,#14359);
#14358 = CARTESIAN_POINT('',(0.,0.));
#14359 = VECTOR('',#14360,1.);
#14360 = DIRECTION('',(0.,1.));
#14361 = ( GEOMETRIC_REPRESENTATION_CONTEXT(2) 
PARAMETRIC_REPRESENTATION_CONTEXT() REPRESENTATION_CONTEXT('2D SPACE',''
  ) );
#14362 = ORIENTED_EDGE('',*,*,#14123,.F.);
#14363 = ORIENTED_EDGE('',*,*,#14364,.T.);
#14364 = EDGE_CURVE('',#14124,#14365,#14367,.T.);
#14365 = VERTEX_POINT('',#14366);
#14366 = CARTESIAN_POINT('',(-1.595394985647E+03,1.140494826719E+03,
    6.192234065792E+03));
#14367 = SURFACE_CURVE('',#14368,(#14372,#14379),.PCURVE_S1.);
#14368 = LINE('',#14369,#14370);
#14369 = CARTESIAN_POINT('',(-1.162382283755E+03,890.49482671904,
    6.192234065792E+03));
#14370 = VECTOR('',#14371,1.);
#14371 = DIRECTION('',(-0.866025403784,0.5,0.));
#14372 = PCURVE('',#14142,#14373);
#14373 = DEFINITIONAL_REPRESENTATION('',(#14374),#14378);
#14374 = LINE('',#14375,#14376);
#14375 = CARTESIAN_POINT('',(0.,0.));
#14376 = VECTOR('',#14377,1.);
#14377 = DIRECTION('',(1.,0.));
#14378 = ( GEOMETRIC_REPRESENTATION_CONTEXT(2) 
PARAMETRIC_REPRESENTATION_CONTEXT() REPRESENTATION_CONTEXT('2D SPACE',''
  ) );
#14379 = PCURVE('',#14175,#14380);
#14380 = DEFINITIONAL_REPRESENTATION('',(#14381),#14385);
#14381 = LINE('',#14382,#14383);
#14382 = CARTESIAN_POINT('',(0.,0.));
#14383 = VECTOR('',#14384,1.);
#14384 = DIRECTION('',(0.,1.));
#14385 = ( GEOMETRIC_REPRESENTATION_CONTEXT(2) 
PARAMETRIC_REPRESENTATION_CONTEXT() REPRESENTATION_CONTEXT('2D SPACE',''
  ) );
#14386 = ORIENTED_EDGE('',*,*,#14387,.T.);
#14387 = EDGE_CURVE('',#14365,#14341,#14388,.T.);
#14388 = SURFACE_CURVE('',#14389,(#14393,#14400),.PCURVE_S1.);
#14389 = LINE('',#14390,#14391);
#14390 = CARTESIAN_POINT('',(-1.595394985647E+03,1.140494826719E+03,
    6.192234065792E+03));
#14391 = VECTOR('',#14392,1.);
#14392 = DIRECTION('',(-0.5,-0.866025403784,0.));
#14393 = PCURVE('',#14142,#14394);
#14394 = DEFINITIONAL_REPRESENTATION('',(#14395),#14399);
#14395 = LINE('',#14396,#14397);
#14396 = CARTESIAN_POINT('',(500.,0.));
#14397 = VECTOR('',#14398,1.);
#14398 = DIRECTION('',(0.,1.));
#14399 = ( GEOMETRIC_REPRESENTATION_CONTEXT(2) 
PARAMETRIC_REPRESENTATION_CONTEXT() REPRESENTATION_CONTEXT('2D SPACE',''
  ) );
#14400 = PCURVE('',#14401,#14406);
#14401 = PLANE('',#14402);
#14402 = AXIS2_PLACEMENT_3D('',#14403,#14404,#14405);
#14403 = CARTESIAN_POINT('',(-1.595394985647E+03,1.140494826719E+03,
    6.192234065792E+03));
#14404 = DIRECTION('',(-0.866025403784,0.5,0.));
#14405 = DIRECTION('',(0.,0.,1.));
#14406 = DEFINITIONAL_REPRESENTATION('',(#14407),#14411);
#14407 = LINE('',#14408,#14409);
#14408 = CARTESIAN_POINT('',(0.,0.));
#14409 = VECTOR('',#14410,1.);
#14410 = DIRECTION('',(0.,-1.));
#14411 = ( GEOMETRIC_REPRESENTATION_CONTEXT(2) 
PARAMETRIC_REPRESENTATION_CONTEXT() REPRESENTATION_CONTEXT('2D SPACE',''
  ) );
#14412 = ADVANCED_FACE('',(#14413),#14235,.T.);
#14413 = FACE_BOUND('',#14414,.T.);
#14414 = EDGE_LOOP('',(#14415,#14416,#14417,#14440));
#14415 = ORIENTED_EDGE('',*,*,#14340,.F.);
#14416 = ORIENTED_EDGE('',*,*,#14216,.T.);
#14417 = ORIENTED_EDGE('',*,*,#14418,.T.);
#14418 = EDGE_CURVE('',#14188,#14419,#14421,.T.);
#14419 = VERTEX_POINT('',#14420);
#14420 = CARTESIAN_POINT('',(-1.785394985647E+03,811.40517328095,
    6.452234065792E+03));
#14421 = SURFACE_CURVE('',#14422,(#14426,#14433),.PCURVE_S1.);
#14422 = LINE('',#14423,#14424);
#14423 = CARTESIAN_POINT('',(-1.352382283755E+03,561.40517328095,
    6.452234065792E+03));
#14424 = VECTOR('',#14425,1.);
#14425 = DIRECTION('',(-0.866025403784,0.5,0.));
#14426 = PCURVE('',#14235,#14427);
#14427 = DEFINITIONAL_REPRESENTATION('',(#14428),#14432);
#14428 = LINE('',#14429,#14430);
#14429 = CARTESIAN_POINT('',(260.,0.));
#14430 = VECTOR('',#14431,1.);
#14431 = DIRECTION('',(0.,1.));
#14432 = ( GEOMETRIC_REPRESENTATION_CONTEXT(2) 
PARAMETRIC_REPRESENTATION_CONTEXT() REPRESENTATION_CONTEXT('2D SPACE',''
  ) );
#14433 = PCURVE('',#14204,#14434);
#14434 = DEFINITIONAL_REPRESENTATION('',(#14435),#14439);
#14435 = LINE('',#14436,#14437);
#14436 = CARTESIAN_POINT('',(0.,380.));
#14437 = VECTOR('',#14438,1.);
#14438 = DIRECTION('',(1.,0.));
#14439 = ( GEOMETRIC_REPRESENTATION_CONTEXT(2) 
PARAMETRIC_REPRESENTATION_CONTEXT() REPRESENTATION_CONTEXT('2D SPACE',''
  ) );
#14440 = ORIENTED_EDGE('',*,*,#14441,.F.);
#14441 = EDGE_CURVE('',#14341,#14419,#14442,.T.);
#14442 = SURFACE_CURVE('',#14443,(#14447,#14454),.PCURVE_S1.);
#14443 = LINE('',#14444,#14445);
#14444 = CARTESIAN_POINT('',(-1.785394985647E+03,811.40517328095,
    6.192234065792E+03));
#14445 = VECTOR('',#14446,1.);
#14446 = DIRECTION('',(0.,0.,1.));
#14447 = PCURVE('',#14235,#14448);
#14448 = DEFINITIONAL_REPRESENTATION('',(#14449),#14453);
#14449 = LINE('',#14450,#14451);
#14450 = CARTESIAN_POINT('',(0.,500.));
#14451 = VECTOR('',#14452,1.);
#14452 = DIRECTION('',(1.,0.));
#14453 = ( GEOMETRIC_REPRESENTATION_CONTEXT(2) 
PARAMETRIC_REPRESENTATION_CONTEXT() REPRESENTATION_CONTEXT('2D SPACE',''
  ) );
#14454 = PCURVE('',#14401,#14455);
#14455 = DEFINITIONAL_REPRESENTATION('',(#14456),#14460);
#14456 = LINE('',#14457,#14458);
#14457 = CARTESIAN_POINT('',(0.,-380.));
#14458 = VECTOR('',#14459,1.);
#14459 = DIRECTION('',(1.,0.));
#14460 = ( GEOMETRIC_REPRESENTATION_CONTEXT(2) 
PARAMETRIC_REPRESENTATION_CONTEXT() REPRESENTATION_CONTEXT('2D SPACE',''
  ) );
#14461 = ADVANCED_FACE('',(#14462),#14204,.T.);
#14462 = FACE_BOUND('',#14463,.T.);
#14463 = EDGE_LOOP('',(#14464,#14465,#14466,#14489));
#14464 = ORIENTED_EDGE('',*,*,#14418,.F.);
#14465 = ORIENTED_EDGE('',*,*,#14187,.F.);
#14466 = ORIENTED_EDGE('',*,*,#14467,.T.);
#14467 = EDGE_CURVE('',#14155,#14468,#14470,.T.);
#14468 = VERTEX_POINT('',#14469);
#14469 = CARTESIAN_POINT('',(-1.595394985647E+03,1.140494826719E+03,
    6.452234065792E+03));
#14470 = SURFACE_CURVE('',#14471,(#14475,#14482),.PCURVE_S1.);
#14471 = LINE('',#14472,#14473);
#14472 = CARTESIAN_POINT('',(-1.162382283755E+03,890.49482671904,
    6.452234065792E+03));
#14473 = VECTOR('',#14474,1.);
#14474 = DIRECTION('',(-0.866025403784,0.5,0.));
#14475 = PCURVE('',#14204,#14476);
#14476 = DEFINITIONAL_REPRESENTATION('',(#14477),#14481);
#14477 = LINE('',#14478,#14479);
#14478 = CARTESIAN_POINT('',(0.,0.));
#14479 = VECTOR('',#14480,1.);
#14480 = DIRECTION('',(1.,0.));
#14481 = ( GEOMETRIC_REPRESENTATION_CONTEXT(2) 
PARAMETRIC_REPRESENTATION_CONTEXT() REPRESENTATION_CONTEXT('2D SPACE',''
  ) );
#14482 = PCURVE('',#14175,#14483);
#14483 = DEFINITIONAL_REPRESENTATION('',(#14484),#14488);
#14484 = LINE('',#14485,#14486);
#14485 = CARTESIAN_POINT('',(260.,0.));
#14486 = VECTOR('',#14487,1.);
#14487 = DIRECTION('',(0.,1.));
#14488 = ( GEOMETRIC_REPRESENTATION_CONTEXT(2) 
PARAMETRIC_REPRESENTATION_CONTEXT() REPRESENTATION_CONTEXT('2D SPACE',''
  ) );
#14489 = ORIENTED_EDGE('',*,*,#14490,.T.);
#14490 = EDGE_CURVE('',#14468,#14419,#14491,.T.);
#14491 = SURFACE_CURVE('',#14492,(#14496,#14503),.PCURVE_S1.);
#14492 = LINE('',#14493,#14494);
#14493 = CARTESIAN_POINT('',(-1.595394985647E+03,1.140494826719E+03,
    6.452234065792E+03));
#14494 = VECTOR('',#14495,1.);
#14495 = DIRECTION('',(-0.5,-0.866025403784,0.));
#14496 = PCURVE('',#14204,#14497);
#14497 = DEFINITIONAL_REPRESENTATION('',(#14498),#14502);
#14498 = LINE('',#14499,#14500);
#14499 = CARTESIAN_POINT('',(500.,0.));
#14500 = VECTOR('',#14501,1.);
#14501 = DIRECTION('',(0.,1.));
#14502 = ( GEOMETRIC_REPRESENTATION_CONTEXT(2) 
PARAMETRIC_REPRESENTATION_CONTEXT() REPRESENTATION_CONTEXT('2D SPACE',''
  ) );
#14503 = PCURVE('',#14401,#14504);
#14504 = DEFINITIONAL_REPRESENTATION('',(#14505),#14509);
#14505 = LINE('',#14506,#14507);
#14506 = CARTESIAN_POINT('',(260.,0.));
#14507 = VECTOR('',#14508,1.);
#14508 = DIRECTION('',(0.,-1.));
#14509 = ( GEOMETRIC_REPRESENTATION_CONTEXT(2) 
PARAMETRIC_REPRESENTATION_CONTEXT() REPRESENTATION_CONTEXT('2D SPACE',''
  ) );
#14510 = ADVANCED_FACE('',(#14511),#14175,.F.);
#14511 = FACE_BOUND('',#14512,.F.);
#14512 = EDGE_LOOP('',(#14513,#14514,#14515,#14516));
#14513 = ORIENTED_EDGE('',*,*,#14364,.F.);
#14514 = ORIENTED_EDGE('',*,*,#14154,.T.);
#14515 = ORIENTED_EDGE('',*,*,#14467,.T.);
#14516 = ORIENTED_EDGE('',*,*,#14517,.F.);
#14517 = EDGE_CURVE('',#14365,#14468,#14518,.T.);
#14518 = SURFACE_CURVE('',#14519,(#14523,#14530),.PCURVE_S1.);
#14519 = LINE('',#14520,#14521);
#14520 = CARTESIAN_POINT('',(-1.595394985647E+03,1.140494826719E+03,
    6.192234065792E+03));
#14521 = VECTOR('',#14522,1.);
#14522 = DIRECTION('',(0.,0.,1.));
#14523 = PCURVE('',#14175,#14524);
#14524 = DEFINITIONAL_REPRESENTATION('',(#14525),#14529);
#14525 = LINE('',#14526,#14527);
#14526 = CARTESIAN_POINT('',(0.,500.));
#14527 = VECTOR('',#14528,1.);
#14528 = DIRECTION('',(1.,0.));
#14529 = ( GEOMETRIC_REPRESENTATION_CONTEXT(2) 
PARAMETRIC_REPRESENTATION_CONTEXT() REPRESENTATION_CONTEXT('2D SPACE',''
  ) );
#14530 = PCURVE('',#14401,#14531);
#14531 = DEFINITIONAL_REPRESENTATION('',(#14532),#14536);
#14532 = LINE('',#14533,#14534);
#14533 = CARTESIAN_POINT('',(0.,0.));
#14534 = VECTOR('',#14535,1.);
#14535 = DIRECTION('',(1.,0.));
#14536 = ( GEOMETRIC_REPRESENTATION_CONTEXT(2) 
PARAMETRIC_REPRESENTATION_CONTEXT() REPRESENTATION_CONTEXT('2D SPACE',''
  ) );
#14537 = ADVANCED_FACE('',(#14538,#14569),#14267,.T.);
#14538 = FACE_BOUND('',#14539,.T.);
#14539 = EDGE_LOOP('',(#14540));
#14540 = ORIENTED_EDGE('',*,*,#14541,.T.);
#14541 = EDGE_CURVE('',#14542,#14542,#14544,.T.);
#14542 = VERTEX_POINT('',#14543);
#14543 = CARTESIAN_POINT('',(2.758149445369E+03,-6.755517779682E-13,
    5.6E+03));
#14544 = SURFACE_CURVE('',#14545,(#14550,#14557),.PCURVE_S1.);
#14545 = CIRCLE('',#14546,2.758149445369E+03);
#14546 = AXIS2_PLACEMENT_3D('',#14547,#14548,#14549);
#14547 = CARTESIAN_POINT('',(0.,0.,5.6E+03));
#14548 = DIRECTION('',(0.,0.,1.));
#14549 = DIRECTION('',(1.,0.,-0.));
#14550 = PCURVE('',#14267,#14551);
#14551 = DEFINITIONAL_REPRESENTATION('',(#14552),#14556);
#14552 = CIRCLE('',#14553,2.758149445369E+03);
#14553 = AXIS2_PLACEMENT_2D('',#14554,#14555);
#14554 = CARTESIAN_POINT('',(0.,0.));
#14555 = DIRECTION('',(1.,0.));
#14556 = ( GEOMETRIC_REPRESENTATION_CONTEXT(2) 
PARAMETRIC_REPRESENTATION_CONTEXT() REPRESENTATION_CONTEXT('2D SPACE',''
  ) );
#14557 = PCURVE('',#14558,#14563);
#14558 = CONICAL_SURFACE('',#14559,2.805E+03,1.001246271129);
#14559 = AXIS2_PLACEMENT_3D('',#14560,#14561,#14562);
#14560 = CARTESIAN_POINT('',(0.,0.,5.57E+03));
#14561 = DIRECTION('',(-0.,-0.,-1.));
#14562 = DIRECTION('',(1.,0.,-0.));
#14563 = DEFINITIONAL_REPRESENTATION('',(#14564),#14568);
#14564 = LINE('',#14565,#14566);
#14565 = CARTESIAN_POINT('',(-0.,-30.));
#14566 = VECTOR('',#14567,1.);
#14567 = DIRECTION('',(-1.,-0.));
#14568 = ( GEOMETRIC_REPRESENTATION_CONTEXT(2) 
PARAMETRIC_REPRESENTATION_CONTEXT() REPRESENTATION_CONTEXT('2D SPACE',''
  ) );
#14569 = FACE_BOUND('',#14570,.T.);
#14570 = EDGE_LOOP('',(#14571));
#14571 = ORIENTED_EDGE('',*,*,#14250,.F.);
#14572 = ADVANCED_FACE('',(#14573),#14322,.T.);
#14573 = FACE_BOUND('',#14574,.T.);
#14574 = EDGE_LOOP('',(#14575,#14604,#14625,#14626));
#14575 = ORIENTED_EDGE('',*,*,#14576,.F.);
#14576 = EDGE_CURVE('',#14577,#14577,#14579,.T.);
#14577 = VERTEX_POINT('',#14578);
#14578 = CARTESIAN_POINT('',(120.,-2.939152317954E-14,7.334826488926E+03
    ));
#14579 = SURFACE_CURVE('',#14580,(#14585,#14592),.PCURVE_S1.);
#14580 = CIRCLE('',#14581,120.);
#14581 = AXIS2_PLACEMENT_3D('',#14582,#14583,#14584);
#14582 = CARTESIAN_POINT('',(0.,0.,7.334826488926E+03));
#14583 = DIRECTION('',(0.,0.,1.));
#14584 = DIRECTION('',(1.,0.,-0.));
#14585 = PCURVE('',#14322,#14586);
#14586 = DEFINITIONAL_REPRESENTATION('',(#14587),#14591);
#14587 = LINE('',#14588,#14589);
#14588 = CARTESIAN_POINT('',(-0.,-180.));
#14589 = VECTOR('',#14590,1.);
#14590 = DIRECTION('',(-1.,-0.));
#14591 = ( GEOMETRIC_REPRESENTATION_CONTEXT(2) 
PARAMETRIC_REPRESENTATION_CONTEXT() REPRESENTATION_CONTEXT('2D SPACE',''
  ) );
#14592 = PCURVE('',#14593,#14598);
#14593 = PLANE('',#14594);
#14594 = AXIS2_PLACEMENT_3D('',#14595,#14596,#14597);
#14595 = CARTESIAN_POINT('',(0.,0.,7.334826488926E+03));
#14596 = DIRECTION('',(0.,0.,1.));
#14597 = DIRECTION('',(1.,0.,-0.));
#14598 = DEFINITIONAL_REPRESENTATION('',(#14599),#14603);
#14599 = CIRCLE('',#14600,120.);
#14600 = AXIS2_PLACEMENT_2D('',#14601,#14602);
#14601 = CARTESIAN_POINT('',(0.,0.));
#14602 = DIRECTION('',(1.,0.));
#14603 = ( GEOMETRIC_REPRESENTATION_CONTEXT(2) 
PARAMETRIC_REPRESENTATION_CONTEXT() REPRESENTATION_CONTEXT('2D SPACE',''
  ) );
#14604 = ORIENTED_EDGE('',*,*,#14605,.F.);
#14605 = EDGE_CURVE('',#14306,#14577,#14606,.T.);
#14606 = SEAM_CURVE('',#14607,(#14611,#14618),.PCURVE_S1.);
#14607 = LINE('',#14608,#14609);
#14608 = CARTESIAN_POINT('',(420.,-1.028703311284E-13,7.154826488926E+03
    ));
#14609 = VECTOR('',#14610,1.);
#14610 = DIRECTION('',(-0.857492925713,2.100251933531E-16,0.514495755428
    ));
#14611 = PCURVE('',#14322,#14612);
#14612 = DEFINITIONAL_REPRESENTATION('',(#14613),#14617);
#14613 = LINE('',#14614,#14615);
#14614 = CARTESIAN_POINT('',(-6.28318530718,0.));
#14615 = VECTOR('',#14616,1.);
#14616 = DIRECTION('',(-0.,-1.));
#14617 = ( GEOMETRIC_REPRESENTATION_CONTEXT(2) 
PARAMETRIC_REPRESENTATION_CONTEXT() REPRESENTATION_CONTEXT('2D SPACE',''
  ) );
#14618 = PCURVE('',#14322,#14619);
#14619 = DEFINITIONAL_REPRESENTATION('',(#14620),#14624);
#14620 = LINE('',#14621,#14622);
#14621 = CARTESIAN_POINT('',(0.,-0.));
#14622 = VECTOR('',#14623,1.);
#14623 = DIRECTION('',(-0.,-1.));
#14624 = ( GEOMETRIC_REPRESENTATION_CONTEXT(2) 
PARAMETRIC_REPRESENTATION_CONTEXT() REPRESENTATION_CONTEXT('2D SPACE',''
  ) );
#14625 = ORIENTED_EDGE('',*,*,#14305,.T.);
#14626 = ORIENTED_EDGE('',*,*,#14605,.T.);
#14627 = ADVANCED_FACE('',(#14628),#14401,.T.);
#14628 = FACE_BOUND('',#14629,.T.);
#14629 = EDGE_LOOP('',(#14630,#14631,#14632,#14633));
#14630 = ORIENTED_EDGE('',*,*,#14517,.F.);
#14631 = ORIENTED_EDGE('',*,*,#14387,.T.);
#14632 = ORIENTED_EDGE('',*,*,#14441,.T.);
#14633 = ORIENTED_EDGE('',*,*,#14490,.F.);
#14634 = ADVANCED_FACE('',(#14635,#14689),#14558,.F.);
#14635 = FACE_BOUND('',#14636,.F.);
#14636 = EDGE_LOOP('',(#14637,#14638,#14661,#14688));
#14637 = ORIENTED_EDGE('',*,*,#14541,.T.);
#14638 = ORIENTED_EDGE('',*,*,#14639,.T.);
#14639 = EDGE_CURVE('',#14542,#14640,#14642,.T.);
#14640 = VERTEX_POINT('',#14641);
#14641 = CARTESIAN_POINT('',(330.,-8.082668874373E-14,7.154826488926E+03
    ));
#14642 = SEAM_CURVE('',#14643,(#14647,#14654),.PCURVE_S1.);
#14643 = LINE('',#14644,#14645);
#14644 = CARTESIAN_POINT('',(2.805E+03,-6.870268543217E-13,5.57E+03));
#14645 = VECTOR('',#14646,1.);
#14646 = DIRECTION('',(-0.842143694316,2.062657159332E-16,0.539253185549
    ));
#14647 = PCURVE('',#14558,#14648);
#14648 = DEFINITIONAL_REPRESENTATION('',(#14649),#14653);
#14649 = LINE('',#14650,#14651);
#14650 = CARTESIAN_POINT('',(0.,-0.));
#14651 = VECTOR('',#14652,1.);
#14652 = DIRECTION('',(-0.,-1.));
#14653 = ( GEOMETRIC_REPRESENTATION_CONTEXT(2) 
PARAMETRIC_REPRESENTATION_CONTEXT() REPRESENTATION_CONTEXT('2D SPACE',''
  ) );
#14654 = PCURVE('',#14558,#14655);
#14655 = DEFINITIONAL_REPRESENTATION('',(#14656),#14660);
#14656 = LINE('',#14657,#14658);
#14657 = CARTESIAN_POINT('',(-6.28318530718,0.));
#14658 = VECTOR('',#14659,1.);
#14659 = DIRECTION('',(-0.,-1.));
#14660 = ( GEOMETRIC_REPRESENTATION_CONTEXT(2) 
PARAMETRIC_REPRESENTATION_CONTEXT() REPRESENTATION_CONTEXT('2D SPACE',''
  ) );
#14661 = ORIENTED_EDGE('',*,*,#14662,.F.);
#14662 = EDGE_CURVE('',#14640,#14640,#14663,.T.);
#14663 = SURFACE_CURVE('',#14664,(#14669,#14676),.PCURVE_S1.);
#14664 = CIRCLE('',#14665,330.);
#14665 = AXIS2_PLACEMENT_3D('',#14666,#14667,#14668);
#14666 = CARTESIAN_POINT('',(0.,0.,7.154826488926E+03));
#14667 = DIRECTION('',(0.,0.,1.));
#14668 = DIRECTION('',(1.,0.,-0.));
#14669 = PCURVE('',#14558,#14670);
#14670 = DEFINITIONAL_REPRESENTATION('',(#14671),#14675);
#14671 = LINE('',#14672,#14673);
#14672 = CARTESIAN_POINT('',(-0.,-1.584826488926E+03));
#14673 = VECTOR('',#14674,1.);
#14674 = DIRECTION('',(-1.,-0.));
#14675 = ( GEOMETRIC_REPRESENTATION_CONTEXT(2) 
PARAMETRIC_REPRESENTATION_CONTEXT() REPRESENTATION_CONTEXT('2D SPACE',''
  ) );
#14676 = PCURVE('',#14677,#14682);
#14677 = PLANE('',#14678);
#14678 = AXIS2_PLACEMENT_3D('',#14679,#14680,#14681);
#14679 = CARTESIAN_POINT('',(0.,0.,7.154826488926E+03));
#14680 = DIRECTION('',(0.,0.,1.));
#14681 = DIRECTION('',(1.,0.,-0.));
#14682 = DEFINITIONAL_REPRESENTATION('',(#14683),#14687);
#14683 = CIRCLE('',#14684,330.);
#14684 = AXIS2_PLACEMENT_2D('',#14685,#14686);
#14685 = CARTESIAN_POINT('',(0.,0.));
#14686 = DIRECTION('',(1.,0.));
#14687 = ( GEOMETRIC_REPRESENTATION_CONTEXT(2) 
PARAMETRIC_REPRESENTATION_CONTEXT() REPRESENTATION_CONTEXT('2D SPACE',''
  ) );
#14688 = ORIENTED_EDGE('',*,*,#14639,.F.);
#14689 = FACE_BOUND('',#14690,.F.);
#14690 = EDGE_LOOP('',(#14691,#14726,#14759,#14792));
#14691 = ORIENTED_EDGE('',*,*,#14692,.T.);
#14692 = EDGE_CURVE('',#14693,#14695,#14697,.T.);
#14693 = VERTEX_POINT('',#14694);
#14694 = CARTESIAN_POINT('',(-1.484105438705E+03,1.076241776834E+03,
    6.192234065792E+03));
#14695 = VERTEX_POINT('',#14696);
#14696 = CARTESIAN_POINT('',(-1.162382283755E+03,890.49482671904,
    6.42850901796E+03));
#14697 = SURFACE_CURVE('',#14698,(#14703,#14714),.PCURVE_S1.);
#14698 = HYPERBOLA('',#14699,121.66344763468,190.);
#14699 = AXIS2_PLACEMENT_3D('',#14700,#14701,#14702);
#14700 = CARTESIAN_POINT('',(95.,164.54482671904,7.366136687449E+03));
#14701 = DIRECTION('',(-0.5,-0.866025403784,0.));
#14702 = DIRECTION('',(-0.,0.,-1.));
#14703 = PCURVE('',#14558,#14704);
#14704 = DEFINITIONAL_REPRESENTATION('',(#14705),#14713);
#14705 = B_SPLINE_CURVE_WITH_KNOTS('',6,(#14706,#14707,#14708,#14709,
    #14710,#14711,#14712),.UNSPECIFIED.,.F.,.F.,(7,7),(-2.979304083893,
    -2.696267653442),.PIECEWISE_BEZIER_KNOTS.);
#14706 = CARTESIAN_POINT('',(-2.516424898375,-596.2340657917));
#14707 = CARTESIAN_POINT('',(-2.511641845245,-652.5450452117));
#14708 = CARTESIAN_POINT('',(-2.506589431877,-705.6519000003));
#14709 = CARTESIAN_POINT('',(-2.501248893591,-755.7801814269));
#14710 = CARTESIAN_POINT('',(-2.49559977923,-803.1340566667));
#14711 = CARTESIAN_POINT('',(-2.48961974432,-847.899296054));
#14712 = CARTESIAN_POINT('',(-2.483284327698,-890.2455153224));
#14713 = ( GEOMETRIC_REPRESENTATION_CONTEXT(2) 
PARAMETRIC_REPRESENTATION_CONTEXT() REPRESENTATION_CONTEXT('2D SPACE',''
  ) );
#14714 = PCURVE('',#14715,#14720);
#14715 = PLANE('',#14716);
#14716 = AXIS2_PLACEMENT_3D('',#14717,#14718,#14719);
#14717 = CARTESIAN_POINT('',(-1.162382283755E+03,890.49482671904,
    6.192234065792E+03));
#14718 = DIRECTION('',(-0.5,-0.866025403784,0.));
#14719 = DIRECTION('',(0.,0.,1.));
#14720 = DEFINITIONAL_REPRESENTATION('',(#14721),#14725);
#14721 = ( BOUNDED_CURVE() B_SPLINE_CURVE(2,(#14722,#14723,#14724),
.UNSPECIFIED.,.F.,.F.) B_SPLINE_CURVE_WITH_KNOTS((3,3),(-2.979304083893,
-2.696267653442),.PIECEWISE_BEZIER_KNOTS.) CURVE() 
GEOMETRIC_REPRESENTATION_ITEM() RATIONAL_B_SPLINE_CURVE((1.,
1.010030426155,1.)) REPRESENTATION_ITEM('') );
#14722 = CARTESIAN_POINT('',(-25.99999999999,412.31275411969));
#14723 = CARTESIAN_POINT('',(141.81413727408,148.88226660882));
#14724 = CARTESIAN_POINT('',(268.01144953077,-50.));
#14725 = ( GEOMETRIC_REPRESENTATION_CONTEXT(2) 
PARAMETRIC_REPRESENTATION_CONTEXT() REPRESENTATION_CONTEXT('2D SPACE',''
  ) );
#14726 = ORIENTED_EDGE('',*,*,#14727,.T.);
#14727 = EDGE_CURVE('',#14695,#14728,#14730,.T.);
#14728 = VERTEX_POINT('',#14729);
#14729 = CARTESIAN_POINT('',(-1.352382283755E+03,561.40517328095,
    6.42850901796E+03));
#14730 = SURFACE_CURVE('',#14731,(#14736,#14747),.PCURVE_S1.);
#14731 = HYPERBOLA('',#14732,929.70084010948,1.4519E+03);
#14732 = AXIS2_PLACEMENT_3D('',#14733,#14734,#14735);
#14733 = CARTESIAN_POINT('',(-1.257382283755E+03,725.95,
    7.366136687449E+03));
#14734 = DIRECTION('',(-0.866025403784,0.5,0.));
#14735 = DIRECTION('',(-0.,0.,-1.));
#14736 = PCURVE('',#14558,#14737);
#14737 = DEFINITIONAL_REPRESENTATION('',(#14738),#14746);
#14738 = B_SPLINE_CURVE_WITH_KNOTS('',6,(#14739,#14740,#14741,#14742,
    #14743,#14744,#14745),.UNSPECIFIED.,.F.,.F.,(7,7),(-0.156397246281,
    0.156397246281),.PIECEWISE_BEZIER_KNOTS.);
#14739 = CARTESIAN_POINT('',(-2.462230342382,-855.0423647764));
#14740 = CARTESIAN_POINT('',(-2.513731609845,-862.6534960496));
#14741 = CARTESIAN_POINT('',(-2.565732679095,-867.1953926652));
#14742 = CARTESIAN_POINT('',(-2.617993877991,-868.7052883816));
#14743 = CARTESIAN_POINT('',(-2.670255076888,-867.1953926652));
#14744 = CARTESIAN_POINT('',(-2.722256146138,-862.6534960496));
#14745 = CARTESIAN_POINT('',(-2.773757413601,-855.0423647764));
#14746 = ( GEOMETRIC_REPRESENTATION_CONTEXT(2) 
PARAMETRIC_REPRESENTATION_CONTEXT() REPRESENTATION_CONTEXT('2D SPACE',''
  ) );
#14747 = PCURVE('',#14748,#14753);
#14748 = PLANE('',#14749);
#14749 = AXIS2_PLACEMENT_3D('',#14750,#14751,#14752);
#14750 = CARTESIAN_POINT('',(-1.162382283755E+03,890.49482671904,
    6.192234065792E+03));
#14751 = DIRECTION('',(-0.866025403784,0.5,0.));
#14752 = DIRECTION('',(0.,0.,1.));
#14753 = DEFINITIONAL_REPRESENTATION('',(#14754),#14758);
#14754 = ( BOUNDED_CURVE() B_SPLINE_CURVE(2,(#14755,#14756,#14757),
.UNSPECIFIED.,.F.,.F.) B_SPLINE_CURVE_WITH_KNOTS((3,3),(-0.156397246281,
0.156397246281),.PIECEWISE_BEZIER_KNOTS.) CURVE() 
GEOMETRIC_REPRESENTATION_ITEM() RATIONAL_B_SPLINE_CURVE((1.,
1.012254998674,1.)) REPRESENTATION_ITEM('') );
#14755 = CARTESIAN_POINT('',(232.80829898473,38.));
#14756 = CARTESIAN_POINT('',(255.45732741112,-189.9999999999));
#14757 = CARTESIAN_POINT('',(232.80829898473,-418.));
#14758 = ( GEOMETRIC_REPRESENTATION_CONTEXT(2) 
PARAMETRIC_REPRESENTATION_CONTEXT() REPRESENTATION_CONTEXT('2D SPACE',''
  ) );
#14759 = ORIENTED_EDGE('',*,*,#14760,.F.);
#14760 = EDGE_CURVE('',#14761,#14728,#14763,.T.);
#14761 = VERTEX_POINT('',#14762);
#14762 = CARTESIAN_POINT('',(-1.674105438705E+03,747.15212339595,
    6.192234065792E+03));
#14763 = SURFACE_CURVE('',#14764,(#14769,#14780),.PCURVE_S1.);
#14764 = HYPERBOLA('',#14765,121.66344763468,190.);
#14765 = AXIS2_PLACEMENT_3D('',#14766,#14767,#14768);
#14766 = CARTESIAN_POINT('',(-95.,-164.544826719,7.366136687449E+03));
#14767 = DIRECTION('',(-0.5,-0.866025403784,0.));
#14768 = DIRECTION('',(-0.,0.,-1.));
#14769 = PCURVE('',#14558,#14770);
#14770 = DEFINITIONAL_REPRESENTATION('',(#14771),#14779);
#14771 = B_SPLINE_CURVE_WITH_KNOTS('',6,(#14772,#14773,#14774,#14775,
    #14776,#14777,#14778),.UNSPECIFIED.,.F.,.F.,(7,7),(-2.979304083893,
    -2.696267653442),.PIECEWISE_BEZIER_KNOTS.);
#14772 = CARTESIAN_POINT('',(-2.719562857608,-596.2340657917));
#14773 = CARTESIAN_POINT('',(-2.724345910737,-652.5450452117));
#14774 = CARTESIAN_POINT('',(-2.729398324106,-705.6519000003));
#14775 = CARTESIAN_POINT('',(-2.734738862392,-755.7801814269));
#14776 = CARTESIAN_POINT('',(-2.740387976753,-803.1340566666));
#14777 = CARTESIAN_POINT('',(-2.746368011663,-847.899296054));
#14778 = CARTESIAN_POINT('',(-2.752703428285,-890.2455153224));
#14779 = ( GEOMETRIC_REPRESENTATION_CONTEXT(2) 
PARAMETRIC_REPRESENTATION_CONTEXT() REPRESENTATION_CONTEXT('2D SPACE',''
  ) );
#14780 = PCURVE('',#14781,#14786);
#14781 = PLANE('',#14782);
#14782 = AXIS2_PLACEMENT_3D('',#14783,#14784,#14785);
#14783 = CARTESIAN_POINT('',(-1.352382283755E+03,561.40517328095,
    6.192234065792E+03));
#14784 = DIRECTION('',(-0.5,-0.866025403784,0.));
#14785 = DIRECTION('',(0.,0.,1.));
#14786 = DEFINITIONAL_REPRESENTATION('',(#14787),#14791);
#14787 = ( BOUNDED_CURVE() B_SPLINE_CURVE(2,(#14788,#14789,#14790),
.UNSPECIFIED.,.F.,.F.) B_SPLINE_CURVE_WITH_KNOTS((3,3),(-2.979304083893,
-2.696267653442),.PIECEWISE_BEZIER_KNOTS.) CURVE() 
GEOMETRIC_REPRESENTATION_ITEM() RATIONAL_B_SPLINE_CURVE((1.,
1.010030426155,1.)) REPRESENTATION_ITEM('') );
#14788 = CARTESIAN_POINT('',(-25.99999999999,412.31275411969));
#14789 = CARTESIAN_POINT('',(141.81413727408,148.88226660882));
#14790 = CARTESIAN_POINT('',(268.01144953077,-50.));
#14791 = ( GEOMETRIC_REPRESENTATION_CONTEXT(2) 
PARAMETRIC_REPRESENTATION_CONTEXT() REPRESENTATION_CONTEXT('2D SPACE',''
  ) );
#14792 = ORIENTED_EDGE('',*,*,#14793,.F.);
#14793 = EDGE_CURVE('',#14693,#14761,#14794,.T.);
#14794 = SURFACE_CURVE('',#14795,(#14800,#14807),.PCURVE_S1.);
#14795 = CIRCLE('',#14796,1.833266296913E+03);
#14796 = AXIS2_PLACEMENT_3D('',#14797,#14798,#14799);
#14797 = CARTESIAN_POINT('',(0.,0.,6.192234065792E+03));
#14798 = DIRECTION('',(0.,0.,1.));
#14799 = DIRECTION('',(1.,0.,-0.));
#14800 = PCURVE('',#14558,#14801);
#14801 = DEFINITIONAL_REPRESENTATION('',(#14802),#14806);
#14802 = LINE('',#14803,#14804);
#14803 = CARTESIAN_POINT('',(-0.,-622.2340657916));
#14804 = VECTOR('',#14805,1.);
#14805 = DIRECTION('',(-1.,-0.));
#14806 = ( GEOMETRIC_REPRESENTATION_CONTEXT(2) 
PARAMETRIC_REPRESENTATION_CONTEXT() REPRESENTATION_CONTEXT('2D SPACE',''
  ) );
#14807 = PCURVE('',#14808,#14813);
#14808 = PLANE('',#14809);
#14809 = AXIS2_PLACEMENT_3D('',#14810,#14811,#14812);
#14810 = CARTESIAN_POINT('',(-1.162382283755E+03,890.49482671904,
    6.192234065792E+03));
#14811 = DIRECTION('',(0.,0.,1.));
#14812 = DIRECTION('',(-0.866025403784,0.5,0.));
#14813 = DEFINITIONAL_REPRESENTATION('',(#14814),#14818);
#14814 = CIRCLE('',#14815,1.833266296913E+03);
#14815 = AXIS2_PLACEMENT_2D('',#14816,#14817);
#14816 = CARTESIAN_POINT('',(-1.4519E+03,190.));
#14817 = DIRECTION('',(-0.866025403784,-0.5));
#14818 = ( GEOMETRIC_REPRESENTATION_CONTEXT(2) 
PARAMETRIC_REPRESENTATION_CONTEXT() REPRESENTATION_CONTEXT('2D SPACE',''
  ) );
#14819 = ADVANCED_FACE('',(#14820),#14593,.T.);
#14820 = FACE_BOUND('',#14821,.T.);
#14821 = EDGE_LOOP('',(#14822));
#14822 = ORIENTED_EDGE('',*,*,#14576,.T.);
#14823 = ADVANCED_FACE('',(#14824),#14677,.F.);
#14824 = FACE_BOUND('',#14825,.F.);
#14825 = EDGE_LOOP('',(#14826));
#14826 = ORIENTED_EDGE('',*,*,#14662,.T.);
#14827 = ADVANCED_FACE('',(#14828),#14715,.F.);
#14828 = FACE_BOUND('',#14829,.F.);
#14829 = EDGE_LOOP('',(#14830,#14853,#14874));
#14830 = ORIENTED_EDGE('',*,*,#14831,.F.);
#14831 = EDGE_CURVE('',#14832,#14693,#14834,.T.);
#14832 = VERTEX_POINT('',#14833);
#14833 = CARTESIAN_POINT('',(-1.162382283755E+03,890.49482671904,
    6.192234065792E+03));
#14834 = SURFACE_CURVE('',#14835,(#14839,#14846),.PCURVE_S1.);
#14835 = LINE('',#14836,#14837);
#14836 = CARTESIAN_POINT('',(-1.162382283755E+03,890.49482671904,
    6.192234065792E+03));
#14837 = VECTOR('',#14838,1.);
#14838 = DIRECTION('',(-0.866025403784,0.5,0.));
#14839 = PCURVE('',#14715,#14840);
#14840 = DEFINITIONAL_REPRESENTATION('',(#14841),#14845);
#14841 = LINE('',#14842,#14843);
#14842 = CARTESIAN_POINT('',(0.,0.));
#14843 = VECTOR('',#14844,1.);
#14844 = DIRECTION('',(0.,1.));
#14845 = ( GEOMETRIC_REPRESENTATION_CONTEXT(2) 
PARAMETRIC_REPRESENTATION_CONTEXT() REPRESENTATION_CONTEXT('2D SPACE',''
  ) );
#14846 = PCURVE('',#14808,#14847);
#14847 = DEFINITIONAL_REPRESENTATION('',(#14848),#14852);
#14848 = LINE('',#14849,#14850);
#14849 = CARTESIAN_POINT('',(0.,0.));
#14850 = VECTOR('',#14851,1.);
#14851 = DIRECTION('',(1.,0.));
#14852 = ( GEOMETRIC_REPRESENTATION_CONTEXT(2) 
PARAMETRIC_REPRESENTATION_CONTEXT() REPRESENTATION_CONTEXT('2D SPACE',''
  ) );
#14853 = ORIENTED_EDGE('',*,*,#14854,.T.);
#14854 = EDGE_CURVE('',#14832,#14695,#14855,.T.);
#14855 = SURFACE_CURVE('',#14856,(#14860,#14867),.PCURVE_S1.);
#14856 = LINE('',#14857,#14858);
#14857 = CARTESIAN_POINT('',(-1.162382283755E+03,890.49482671904,
    6.192234065792E+03));
#14858 = VECTOR('',#14859,1.);
#14859 = DIRECTION('',(0.,0.,1.));
#14860 = PCURVE('',#14715,#14861);
#14861 = DEFINITIONAL_REPRESENTATION('',(#14862),#14866);
#14862 = LINE('',#14863,#14864);
#14863 = CARTESIAN_POINT('',(0.,0.));
#14864 = VECTOR('',#14865,1.);
#14865 = DIRECTION('',(1.,0.));
#14866 = ( GEOMETRIC_REPRESENTATION_CONTEXT(2) 
PARAMETRIC_REPRESENTATION_CONTEXT() REPRESENTATION_CONTEXT('2D SPACE',''
  ) );
#14867 = PCURVE('',#14748,#14868);
#14868 = DEFINITIONAL_REPRESENTATION('',(#14869),#14873);
#14869 = LINE('',#14870,#14871);
#14870 = CARTESIAN_POINT('',(0.,0.));
#14871 = VECTOR('',#14872,1.);
#14872 = DIRECTION('',(1.,0.));
#14873 = ( GEOMETRIC_REPRESENTATION_CONTEXT(2) 
PARAMETRIC_REPRESENTATION_CONTEXT() REPRESENTATION_CONTEXT('2D SPACE',''
  ) );
#14874 = ORIENTED_EDGE('',*,*,#14692,.F.);
#14875 = ADVANCED_FACE('',(#14876),#14808,.F.);
#14876 = FACE_BOUND('',#14877,.F.);
#14877 = EDGE_LOOP('',(#14878,#14901,#14922,#14923));
#14878 = ORIENTED_EDGE('',*,*,#14879,.F.);
#14879 = EDGE_CURVE('',#14880,#14761,#14882,.T.);
#14880 = VERTEX_POINT('',#14881);
#14881 = CARTESIAN_POINT('',(-1.352382283755E+03,561.40517328095,
    6.192234065792E+03));
#14882 = SURFACE_CURVE('',#14883,(#14887,#14894),.PCURVE_S1.);
#14883 = LINE('',#14884,#14885);
#14884 = CARTESIAN_POINT('',(-1.352382283755E+03,561.40517328095,
    6.192234065792E+03));
#14885 = VECTOR('',#14886,1.);
#14886 = DIRECTION('',(-0.866025403784,0.5,0.));
#14887 = PCURVE('',#14808,#14888);
#14888 = DEFINITIONAL_REPRESENTATION('',(#14889),#14893);
#14889 = LINE('',#14890,#14891);
#14890 = CARTESIAN_POINT('',(0.,380.));
#14891 = VECTOR('',#14892,1.);
#14892 = DIRECTION('',(1.,0.));
#14893 = ( GEOMETRIC_REPRESENTATION_CONTEXT(2) 
PARAMETRIC_REPRESENTATION_CONTEXT() REPRESENTATION_CONTEXT('2D SPACE',''
  ) );
#14894 = PCURVE('',#14781,#14895);
#14895 = DEFINITIONAL_REPRESENTATION('',(#14896),#14900);
#14896 = LINE('',#14897,#14898);
#14897 = CARTESIAN_POINT('',(0.,0.));
#14898 = VECTOR('',#14899,1.);
#14899 = DIRECTION('',(0.,1.));
#14900 = ( GEOMETRIC_REPRESENTATION_CONTEXT(2) 
PARAMETRIC_REPRESENTATION_CONTEXT() REPRESENTATION_CONTEXT('2D SPACE',''
  ) );
#14901 = ORIENTED_EDGE('',*,*,#14902,.F.);
#14902 = EDGE_CURVE('',#14832,#14880,#14903,.T.);
#14903 = SURFACE_CURVE('',#14904,(#14908,#14915),.PCURVE_S1.);
#14904 = LINE('',#14905,#14906);
#14905 = CARTESIAN_POINT('',(-1.162382283755E+03,890.49482671904,
    6.192234065792E+03));
#14906 = VECTOR('',#14907,1.);
#14907 = DIRECTION('',(-0.5,-0.866025403784,0.));
#14908 = PCURVE('',#14808,#14909);
#14909 = DEFINITIONAL_REPRESENTATION('',(#14910),#14914);
#14910 = LINE('',#14911,#14912);
#14911 = CARTESIAN_POINT('',(0.,0.));
#14912 = VECTOR('',#14913,1.);
#14913 = DIRECTION('',(0.,1.));
#14914 = ( GEOMETRIC_REPRESENTATION_CONTEXT(2) 
PARAMETRIC_REPRESENTATION_CONTEXT() REPRESENTATION_CONTEXT('2D SPACE',''
  ) );
#14915 = PCURVE('',#14748,#14916);
#14916 = DEFINITIONAL_REPRESENTATION('',(#14917),#14921);
#14917 = LINE('',#14918,#14919);
#14918 = CARTESIAN_POINT('',(0.,0.));
#14919 = VECTOR('',#14920,1.);
#14920 = DIRECTION('',(0.,-1.));
#14921 = ( GEOMETRIC_REPRESENTATION_CONTEXT(2) 
PARAMETRIC_REPRESENTATION_CONTEXT() REPRESENTATION_CONTEXT('2D SPACE',''
  ) );
#14922 = ORIENTED_EDGE('',*,*,#14831,.T.);
#14923 = ORIENTED_EDGE('',*,*,#14793,.T.);
#14924 = ADVANCED_FACE('',(#14925),#14781,.T.);
#14925 = FACE_BOUND('',#14926,.T.);
#14926 = EDGE_LOOP('',(#14927,#14928,#14949));
#14927 = ORIENTED_EDGE('',*,*,#14879,.F.);
#14928 = ORIENTED_EDGE('',*,*,#14929,.T.);
#14929 = EDGE_CURVE('',#14880,#14728,#14930,.T.);
#14930 = SURFACE_CURVE('',#14931,(#14935,#14942),.PCURVE_S1.);
#14931 = LINE('',#14932,#14933);
#14932 = CARTESIAN_POINT('',(-1.352382283755E+03,561.40517328095,
    6.192234065792E+03));
#14933 = VECTOR('',#14934,1.);
#14934 = DIRECTION('',(0.,0.,1.));
#14935 = PCURVE('',#14781,#14936);
#14936 = DEFINITIONAL_REPRESENTATION('',(#14937),#14941);
#14937 = LINE('',#14938,#14939);
#14938 = CARTESIAN_POINT('',(0.,0.));
#14939 = VECTOR('',#14940,1.);
#14940 = DIRECTION('',(1.,0.));
#14941 = ( GEOMETRIC_REPRESENTATION_CONTEXT(2) 
PARAMETRIC_REPRESENTATION_CONTEXT() REPRESENTATION_CONTEXT('2D SPACE',''
  ) );
#14942 = PCURVE('',#14748,#14943);
#14943 = DEFINITIONAL_REPRESENTATION('',(#14944),#14948);
#14944 = LINE('',#14945,#14946);
#14945 = CARTESIAN_POINT('',(0.,-380.));
#14946 = VECTOR('',#14947,1.);
#14947 = DIRECTION('',(1.,0.));
#14948 = ( GEOMETRIC_REPRESENTATION_CONTEXT(2) 
PARAMETRIC_REPRESENTATION_CONTEXT() REPRESENTATION_CONTEXT('2D SPACE',''
  ) );
#14949 = ORIENTED_EDGE('',*,*,#14760,.F.);
#14950 = ADVANCED_FACE('',(#14951),#14748,.F.);
#14951 = FACE_BOUND('',#14952,.F.);
#14952 = EDGE_LOOP('',(#14953,#14954,#14955,#14956));
#14953 = ORIENTED_EDGE('',*,*,#14854,.F.);
#14954 = ORIENTED_EDGE('',*,*,#14902,.T.);
#14955 = ORIENTED_EDGE('',*,*,#14929,.T.);
#14956 = ORIENTED_EDGE('',*,*,#14727,.F.);
#14957 = ( GEOMETRIC_REPRESENTATION_CONTEXT(3) 
GLOBAL_UNCERTAINTY_ASSIGNED_CONTEXT((#14961)) 
GLOBAL_UNIT_ASSIGNED_CONTEXT((#14958,#14959,#14960)) 
REPRESENTATION_CONTEXT('Context #1',
  '3D Context with UNIT and UNCERTAINTY') );
#14958 = ( LENGTH_UNIT() NAMED_UNIT(*) SI_UNIT(.MILLI.,.METRE.) );
#14959 = ( NAMED_UNIT(*) PLANE_ANGLE_UNIT() SI_UNIT($,.RADIAN.) );
#14960 = ( NAMED_UNIT(*) SI_UNIT($,.STERADIAN.) SOLID_ANGLE_UNIT() );
#14961 = UNCERTAINTY_MEASURE_WITH_UNIT(LENGTH_MEASURE(2.E-07),#14958,
  'distance_accuracy_value','confusion accuracy');
#14962 = CONTEXT_DEPENDENT_SHAPE_REPRESENTATION(#14963,#14965);
#14963 = ( REPRESENTATION_RELATIONSHIP('','',#13904,#10) 
REPRESENTATION_RELATIONSHIP_WITH_TRANSFORMATION(#14964) 
SHAPE_REPRESENTATION_RELATIONSHIP() );
#14964 = ITEM_DEFINED_TRANSFORMATION('','',#11,#63);
#14965 = PRODUCT_DEFINITION_SHAPE('Placement','Placement of an item',
  #14966);
#14966 = NEXT_ASSEMBLY_USAGE_OCCURRENCE('13','=>[0:1:1:14]','',#5,#13899
  ,$);
#14967 = PRODUCT_RELATED_PRODUCT_CATEGORY('part',$,(#13901));
#14968 = SHAPE_DEFINITION_REPRESENTATION(#14969,#14975);
#14969 = PRODUCT_DEFINITION_SHAPE('','',#14970);
#14970 = PRODUCT_DEFINITION('design','',#14971,#14974);
#14971 = PRODUCT_DEFINITION_FORMATION('','',#14972);
#14972 = PRODUCT('COMPOUND','COMPOUND','',(#14973));
#14973 = PRODUCT_CONTEXT('',#2,'mechanical');
#14974 = PRODUCT_DEFINITION_CONTEXT('part definition',#2,'design');
#14975 = ADVANCED_BREP_SHAPE_REPRESENTATION('',(#11,#14976),#15074);
#14976 = MANIFOLD_SOLID_BREP('',#14977);
#14977 = CLOSED_SHELL('',(#14978,#15066,#15070));
#14978 = ADVANCED_FACE('',(#14979),#14992,.T.);
#14979 = FACE_BOUND('',#14980,.T.);
#14980 = EDGE_LOOP('',(#14981,#15015,#15038,#15065));
#14981 = ORIENTED_EDGE('',*,*,#14982,.F.);
#14982 = EDGE_CURVE('',#14983,#14983,#14985,.T.);
#14983 = VERTEX_POINT('',#14984);
#14984 = CARTESIAN_POINT('',(2.745E+03,-6.723310927319E-13,15.));
#14985 = SURFACE_CURVE('',#14986,(#14991,#15003),.PCURVE_S1.);
#14986 = CIRCLE('',#14987,2.745E+03);
#14987 = AXIS2_PLACEMENT_3D('',#14988,#14989,#14990);
#14988 = CARTESIAN_POINT('',(0.,0.,15.));
#14989 = DIRECTION('',(0.,0.,1.));
#14990 = DIRECTION('',(1.,0.,-0.));
#14991 = PCURVE('',#14992,#14997);
#14992 = CYLINDRICAL_SURFACE('',#14993,2.745E+03);
#14993 = AXIS2_PLACEMENT_3D('',#14994,#14995,#14996);
#14994 = CARTESIAN_POINT('',(0.,0.,-15.));
#14995 = DIRECTION('',(0.,0.,1.));
#14996 = DIRECTION('',(1.,0.,-0.));
#14997 = DEFINITIONAL_REPRESENTATION('',(#14998),#15002);
#14998 = LINE('',#14999,#15000);
#14999 = CARTESIAN_POINT('',(0.,30.));
#15000 = VECTOR('',#15001,1.);
#15001 = DIRECTION('',(1.,0.));
#15002 = ( GEOMETRIC_REPRESENTATION_CONTEXT(2) 
PARAMETRIC_REPRESENTATION_CONTEXT() REPRESENTATION_CONTEXT('2D SPACE',''
  ) );
#15003 = PCURVE('',#15004,#15009);
#15004 = PLANE('',#15005);
#15005 = AXIS2_PLACEMENT_3D('',#15006,#15007,#15008);
#15006 = CARTESIAN_POINT('',(0.,0.,15.));
#15007 = DIRECTION('',(0.,0.,1.));
#15008 = DIRECTION('',(1.,0.,-0.));
#15009 = DEFINITIONAL_REPRESENTATION('',(#15010),#15014);
#15010 = CIRCLE('',#15011,2.745E+03);
#15011 = AXIS2_PLACEMENT_2D('',#15012,#15013);
#15012 = CARTESIAN_POINT('',(0.,0.));
#15013 = DIRECTION('',(1.,0.));
#15014 = ( GEOMETRIC_REPRESENTATION_CONTEXT(2) 
PARAMETRIC_REPRESENTATION_CONTEXT() REPRESENTATION_CONTEXT('2D SPACE',''
  ) );
#15015 = ORIENTED_EDGE('',*,*,#15016,.F.);
#15016 = EDGE_CURVE('',#15017,#14983,#15019,.T.);
#15017 = VERTEX_POINT('',#15018);
#15018 = CARTESIAN_POINT('',(2.745E+03,-6.723310927319E-13,-15.));
#15019 = SEAM_CURVE('',#15020,(#15024,#15031),.PCURVE_S1.);
#15020 = LINE('',#15021,#15022);
#15021 = CARTESIAN_POINT('',(2.745E+03,-6.723310927319E-13,-15.));
#15022 = VECTOR('',#15023,1.);
#15023 = DIRECTION('',(0.,0.,1.));
#15024 = PCURVE('',#14992,#15025);
#15025 = DEFINITIONAL_REPRESENTATION('',(#15026),#15030);
#15026 = LINE('',#15027,#15028);
#15027 = CARTESIAN_POINT('',(6.28318530718,-0.));
#15028 = VECTOR('',#15029,1.);
#15029 = DIRECTION('',(0.,1.));
#15030 = ( GEOMETRIC_REPRESENTATION_CONTEXT(2) 
PARAMETRIC_REPRESENTATION_CONTEXT() REPRESENTATION_CONTEXT('2D SPACE',''
  ) );
#15031 = PCURVE('',#14992,#15032);
#15032 = DEFINITIONAL_REPRESENTATION('',(#15033),#15037);
#15033 = LINE('',#15034,#15035);
#15034 = CARTESIAN_POINT('',(0.,-0.));
#15035 = VECTOR('',#15036,1.);
#15036 = DIRECTION('',(0.,1.));
#15037 = ( GEOMETRIC_REPRESENTATION_CONTEXT(2) 
PARAMETRIC_REPRESENTATION_CONTEXT() REPRESENTATION_CONTEXT('2D SPACE',''
  ) );
#15038 = ORIENTED_EDGE('',*,*,#15039,.T.);
#15039 = EDGE_CURVE('',#15017,#15017,#15040,.T.);
#15040 = SURFACE_CURVE('',#15041,(#15046,#15053),.PCURVE_S1.);
#15041 = CIRCLE('',#15042,2.745E+03);
#15042 = AXIS2_PLACEMENT_3D('',#15043,#15044,#15045);
#15043 = CARTESIAN_POINT('',(0.,0.,-15.));
#15044 = DIRECTION('',(0.,0.,1.));
#15045 = DIRECTION('',(1.,0.,-0.));
#15046 = PCURVE('',#14992,#15047);
#15047 = DEFINITIONAL_REPRESENTATION('',(#15048),#15052);
#15048 = LINE('',#15049,#15050);
#15049 = CARTESIAN_POINT('',(0.,0.));
#15050 = VECTOR('',#15051,1.);
#15051 = DIRECTION('',(1.,0.));
#15052 = ( GEOMETRIC_REPRESENTATION_CONTEXT(2) 
PARAMETRIC_REPRESENTATION_CONTEXT() REPRESENTATION_CONTEXT('2D SPACE',''
  ) );
#15053 = PCURVE('',#15054,#15059);
#15054 = PLANE('',#15055);
#15055 = AXIS2_PLACEMENT_3D('',#15056,#15057,#15058);
#15056 = CARTESIAN_POINT('',(0.,0.,-15.));
#15057 = DIRECTION('',(0.,0.,1.));
#15058 = DIRECTION('',(1.,0.,-0.));
#15059 = DEFINITIONAL_REPRESENTATION('',(#15060),#15064);
#15060 = CIRCLE('',#15061,2.745E+03);
#15061 = AXIS2_PLACEMENT_2D('',#15062,#15063);
#15062 = CARTESIAN_POINT('',(0.,0.));
#15063 = DIRECTION('',(1.,0.));
#15064 = ( GEOMETRIC_REPRESENTATION_CONTEXT(2) 
PARAMETRIC_REPRESENTATION_CONTEXT() REPRESENTATION_CONTEXT('2D SPACE',''
  ) );
#15065 = ORIENTED_EDGE('',*,*,#15016,.T.);
#15066 = ADVANCED_FACE('',(#15067),#15004,.T.);
#15067 = FACE_BOUND('',#15068,.T.);
#15068 = EDGE_LOOP('',(#15069));
#15069 = ORIENTED_EDGE('',*,*,#14982,.T.);
#15070 = ADVANCED_FACE('',(#15071),#15054,.F.);
#15071 = FACE_BOUND('',#15072,.T.);
#15072 = EDGE_LOOP('',(#15073));
#15073 = ORIENTED_EDGE('',*,*,#15039,.F.);
#15074 = ( GEOMETRIC_REPRESENTATION_CONTEXT(3) 
GLOBAL_UNCERTAINTY_ASSIGNED_CONTEXT((#15078)) 
GLOBAL_UNIT_ASSIGNED_CONTEXT((#15075,#15076,#15077)) 
REPRESENTATION_CONTEXT('Context #1',
  '3D Context with UNIT and UNCERTAINTY') );
#15075 = ( LENGTH_UNIT() NAMED_UNIT(*) SI_UNIT(.MILLI.,.METRE.) );
#15076 = ( NAMED_UNIT(*) PLANE_ANGLE_UNIT() SI_UNIT($,.RADIAN.) );
#15077 = ( NAMED_UNIT(*) SI_UNIT($,.STERADIAN.) SOLID_ANGLE_UNIT() );
#15078 = UNCERTAINTY_MEASURE_WITH_UNIT(LENGTH_MEASURE(1.E-07),#15075,
  'distance_accuracy_value','confusion accuracy');
#15079 = CONTEXT_DEPENDENT_SHAPE_REPRESENTATION(#15080,#15082);
#15080 = ( REPRESENTATION_RELATIONSHIP('','',#14975,#10) 
REPRESENTATION_RELATIONSHIP_WITH_TRANSFORMATION(#15081) 
SHAPE_REPRESENTATION_RELATIONSHIP() );
#15081 = ITEM_DEFINED_TRANSFORMATION('','',#11,#67);
#15082 = PRODUCT_DEFINITION_SHAPE('Placement','Placement of an item',
  #15083);
#15083 = NEXT_ASSEMBLY_USAGE_OCCURRENCE('14','=>[0:1:1:15]','',#5,#14970
  ,$);
#15084 = PRODUCT_RELATED_PRODUCT_CATEGORY('part',$,(#14972));
#15085 = SHAPE_DEFINITION_REPRESENTATION(#15086,#15092);
#15086 = PRODUCT_DEFINITION_SHAPE('','',#15087);
#15087 = PRODUCT_DEFINITION('design','',#15088,#15091);
#15088 = PRODUCT_DEFINITION_FORMATION('','',#15089);
#15089 = PRODUCT('COMPOUND','COMPOUND','',(#15090));
#15090 = PRODUCT_CONTEXT('',#2,'mechanical');
#15091 = PRODUCT_DEFINITION_CONTEXT('part definition',#2,'design');
#15092 = ADVANCED_BREP_SHAPE_REPRESENTATION('',(#11,#15093),#15741);
#15093 = MANIFOLD_SOLID_BREP('',#15094);
#15094 = CLOSED_SHELL('',(#15095,#15215,#15343,#15390,#15481,#15508,
    #15560,#15640,#15647,#15682,#15737));
#15095 = ADVANCED_FACE('',(#15096),#15110,.F.);
#15096 = FACE_BOUND('',#15097,.F.);
#15097 = EDGE_LOOP('',(#15098,#15133,#15161,#15189));
#15098 = ORIENTED_EDGE('',*,*,#15099,.F.);
#15099 = EDGE_CURVE('',#15100,#15102,#15104,.T.);
#15100 = VERTEX_POINT('',#15101);
#15101 = CARTESIAN_POINT('',(211.9318230292,-2.699205420561E+03,20.));
#15102 = VERTEX_POINT('',#15103);
#15103 = CARTESIAN_POINT('',(211.9318230292,-2.699205420561E+03,380.));
#15104 = SURFACE_CURVE('',#15105,(#15109,#15121),.PCURVE_S1.);
#15105 = LINE('',#15106,#15107);
#15106 = CARTESIAN_POINT('',(211.9318230292,-2.699205420561E+03,20.));
#15107 = VECTOR('',#15108,1.);
#15108 = DIRECTION('',(0.,0.,1.));
#15109 = PCURVE('',#15110,#15115);
#15110 = PLANE('',#15111);
#15111 = AXIS2_PLACEMENT_3D('',#15112,#15113,#15114);
#15112 = CARTESIAN_POINT('',(211.9318230292,-2.699205420561E+03,20.));
#15113 = DIRECTION('',(0.173648177667,-0.984807753012,0.));
#15114 = DIRECTION('',(0.,0.,1.));
#15115 = DEFINITIONAL_REPRESENTATION('',(#15116),#15120);
#15116 = LINE('',#15117,#15118);
#15117 = CARTESIAN_POINT('',(0.,0.));
#15118 = VECTOR('',#15119,1.);
#15119 = DIRECTION('',(1.,0.));
#15120 = ( GEOMETRIC_REPRESENTATION_CONTEXT(2) 
PARAMETRIC_REPRESENTATION_CONTEXT() REPRESENTATION_CONTEXT('2D SPACE',''
  ) );
#15121 = PCURVE('',#15122,#15127);
#15122 = PLANE('',#15123);
#15123 = AXIS2_PLACEMENT_3D('',#15124,#15125,#15126);
#15124 = CARTESIAN_POINT('',(211.9318230292,-2.699205420561E+03,20.));
#15125 = DIRECTION('',(0.984807753012,0.173648177667,0.));
#15126 = DIRECTION('',(0.,0.,1.));
#15127 = DEFINITIONAL_REPRESENTATION('',(#15128),#15132);
#15128 = LINE('',#15129,#15130);
#15129 = CARTESIAN_POINT('',(0.,0.));
#15130 = VECTOR('',#15131,1.);
#15131 = DIRECTION('',(1.,0.));
#15132 = ( GEOMETRIC_REPRESENTATION_CONTEXT(2) 
PARAMETRIC_REPRESENTATION_CONTEXT() REPRESENTATION_CONTEXT('2D SPACE',''
  ) );
#15133 = ORIENTED_EDGE('',*,*,#15134,.T.);
#15134 = EDGE_CURVE('',#15100,#15135,#15137,.T.);
#15135 = VERTEX_POINT('',#15136);
#15136 = CARTESIAN_POINT('',(724.03185459555,-2.608908368174E+03,20.));
#15137 = SURFACE_CURVE('',#15138,(#15142,#15149),.PCURVE_S1.);
#15138 = LINE('',#15139,#15140);
#15139 = CARTESIAN_POINT('',(211.9318230292,-2.699205420561E+03,20.));
#15140 = VECTOR('',#15141,1.);
#15141 = DIRECTION('',(0.984807753012,0.173648177667,0.));
#15142 = PCURVE('',#15110,#15143);
#15143 = DEFINITIONAL_REPRESENTATION('',(#15144),#15148);
#15144 = LINE('',#15145,#15146);
#15145 = CARTESIAN_POINT('',(0.,0.));
#15146 = VECTOR('',#15147,1.);
#15147 = DIRECTION('',(0.,-1.));
#15148 = ( GEOMETRIC_REPRESENTATION_CONTEXT(2) 
PARAMETRIC_REPRESENTATION_CONTEXT() REPRESENTATION_CONTEXT('2D SPACE',''
  ) );
#15149 = PCURVE('',#15150,#15155);
#15150 = PLANE('',#15151);
#15151 = AXIS2_PLACEMENT_3D('',#15152,#15153,#15154);
#15152 = CARTESIAN_POINT('',(211.9318230292,-2.699205420561E+03,20.));
#15153 = DIRECTION('',(0.,0.,1.));
#15154 = DIRECTION('',(0.173648177667,-0.984807753012,0.));
#15155 = DEFINITIONAL_REPRESENTATION('',(#15156),#15160);
#15156 = LINE('',#15157,#15158);
#15157 = CARTESIAN_POINT('',(0.,0.));
#15158 = VECTOR('',#15159,1.);
#15159 = DIRECTION('',(0.,1.));
#15160 = ( GEOMETRIC_REPRESENTATION_CONTEXT(2) 
PARAMETRIC_REPRESENTATION_CONTEXT() REPRESENTATION_CONTEXT('2D SPACE',''
  ) );
#15161 = ORIENTED_EDGE('',*,*,#15162,.T.);
#15162 = EDGE_CURVE('',#15135,#15163,#15165,.T.);
#15163 = VERTEX_POINT('',#15164);
#15164 = CARTESIAN_POINT('',(724.03185459555,-2.608908368174E+03,380.));
#15165 = SURFACE_CURVE('',#15166,(#15170,#15177),.PCURVE_S1.);
#15166 = LINE('',#15167,#15168);
#15167 = CARTESIAN_POINT('',(724.03185459555,-2.608908368174E+03,20.));
#15168 = VECTOR('',#15169,1.);
#15169 = DIRECTION('',(0.,0.,1.));
#15170 = PCURVE('',#15110,#15171);
#15171 = DEFINITIONAL_REPRESENTATION('',(#15172),#15176);
#15172 = LINE('',#15173,#15174);
#15173 = CARTESIAN_POINT('',(0.,-520.));
#15174 = VECTOR('',#15175,1.);
#15175 = DIRECTION('',(1.,0.));
#15176 = ( GEOMETRIC_REPRESENTATION_CONTEXT(2) 
PARAMETRIC_REPRESENTATION_CONTEXT() REPRESENTATION_CONTEXT('2D SPACE',''
  ) );
#15177 = PCURVE('',#15178,#15183);
#15178 = PLANE('',#15179);
#15179 = AXIS2_PLACEMENT_3D('',#15180,#15181,#15182);
#15180 = CARTESIAN_POINT('',(724.03185459555,-2.608908368174E+03,20.));
#15181 = DIRECTION('',(0.984807753012,0.173648177667,0.));
#15182 = DIRECTION('',(0.,0.,1.));
#15183 = DEFINITIONAL_REPRESENTATION('',(#15184),#15188);
#15184 = LINE('',#15185,#15186);
#15185 = CARTESIAN_POINT('',(0.,0.));
#15186 = VECTOR('',#15187,1.);
#15187 = DIRECTION('',(1.,0.));
#15188 = ( GEOMETRIC_REPRESENTATION_CONTEXT(2) 
PARAMETRIC_REPRESENTATION_CONTEXT() REPRESENTATION_CONTEXT('2D SPACE',''
  ) );
#15189 = ORIENTED_EDGE('',*,*,#15190,.F.);
#15190 = EDGE_CURVE('',#15102,#15163,#15191,.T.);
#15191 = SURFACE_CURVE('',#15192,(#15196,#15203),.PCURVE_S1.);
#15192 = LINE('',#15193,#15194);
#15193 = CARTESIAN_POINT('',(211.9318230292,-2.699205420561E+03,380.));
#15194 = VECTOR('',#15195,1.);
#15195 = DIRECTION('',(0.984807753012,0.173648177667,0.));
#15196 = PCURVE('',#15110,#15197);
#15197 = DEFINITIONAL_REPRESENTATION('',(#15198),#15202);
#15198 = LINE('',#15199,#15200);
#15199 = CARTESIAN_POINT('',(360.,0.));
#15200 = VECTOR('',#15201,1.);
#15201 = DIRECTION('',(0.,-1.));
#15202 = ( GEOMETRIC_REPRESENTATION_CONTEXT(2) 
PARAMETRIC_REPRESENTATION_CONTEXT() REPRESENTATION_CONTEXT('2D SPACE',''
  ) );
#15203 = PCURVE('',#15204,#15209);
#15204 = PLANE('',#15205);
#15205 = AXIS2_PLACEMENT_3D('',#15206,#15207,#15208);
#15206 = CARTESIAN_POINT('',(211.9318230292,-2.699205420561E+03,380.));
#15207 = DIRECTION('',(0.,0.,1.));
#15208 = DIRECTION('',(0.173648177667,-0.984807753012,0.));
#15209 = DEFINITIONAL_REPRESENTATION('',(#15210),#15214);
#15210 = LINE('',#15211,#15212);
#15211 = CARTESIAN_POINT('',(0.,0.));
#15212 = VECTOR('',#15213,1.);
#15213 = DIRECTION('',(0.,1.));
#15214 = ( GEOMETRIC_REPRESENTATION_CONTEXT(2) 
PARAMETRIC_REPRESENTATION_CONTEXT() REPRESENTATION_CONTEXT('2D SPACE',''
  ) );
#15215 = ADVANCED_FACE('',(#15216),#15122,.F.);
#15216 = FACE_BOUND('',#15217,.F.);
#15217 = EDGE_LOOP('',(#15218,#15248,#15269,#15270,#15293,#15319));
#15218 = ORIENTED_EDGE('',*,*,#15219,.F.);
#15219 = EDGE_CURVE('',#15220,#15222,#15224,.T.);
#15220 = VERTEX_POINT('',#15221);
#15221 = CARTESIAN_POINT('',(333.48554739605,-3.38857084767E+03,20.));
#15222 = VERTEX_POINT('',#15223);
#15223 = CARTESIAN_POINT('',(333.48554739605,-3.38857084767E+03,
    156.77598567098));
#15224 = SURFACE_CURVE('',#15225,(#15229,#15236),.PCURVE_S1.);
#15225 = LINE('',#15226,#15227);
#15226 = CARTESIAN_POINT('',(333.48554739605,-3.38857084767E+03,20.));
#15227 = VECTOR('',#15228,1.);
#15228 = DIRECTION('',(0.,0.,1.));
#15229 = PCURVE('',#15122,#15230);
#15230 = DEFINITIONAL_REPRESENTATION('',(#15231),#15235);
#15231 = LINE('',#15232,#15233);
#15232 = CARTESIAN_POINT('',(0.,700.));
#15233 = VECTOR('',#15234,1.);
#15234 = DIRECTION('',(1.,0.));
#15235 = ( GEOMETRIC_REPRESENTATION_CONTEXT(2) 
PARAMETRIC_REPRESENTATION_CONTEXT() REPRESENTATION_CONTEXT('2D SPACE',''
  ) );
#15236 = PCURVE('',#15237,#15242);
#15237 = PLANE('',#15238);
#15238 = AXIS2_PLACEMENT_3D('',#15239,#15240,#15241);
#15239 = CARTESIAN_POINT('',(333.48554739605,-3.38857084767E+03,20.));
#15240 = DIRECTION('',(0.173648177667,-0.984807753012,0.));
#15241 = DIRECTION('',(0.,0.,1.));
#15242 = DEFINITIONAL_REPRESENTATION('',(#15243),#15247);
#15243 = LINE('',#15244,#15245);
#15244 = CARTESIAN_POINT('',(0.,0.));
#15245 = VECTOR('',#15246,1.);
#15246 = DIRECTION('',(1.,0.));
#15247 = ( GEOMETRIC_REPRESENTATION_CONTEXT(2) 
PARAMETRIC_REPRESENTATION_CONTEXT() REPRESENTATION_CONTEXT('2D SPACE',''
  ) );
#15248 = ORIENTED_EDGE('',*,*,#15249,.F.);
#15249 = EDGE_CURVE('',#15100,#15220,#15250,.T.);
#15250 = SURFACE_CURVE('',#15251,(#15255,#15262),.PCURVE_S1.);
#15251 = LINE('',#15252,#15253);
#15252 = CARTESIAN_POINT('',(211.9318230292,-2.699205420561E+03,20.));
#15253 = VECTOR('',#15254,1.);
#15254 = DIRECTION('',(0.173648177667,-0.984807753012,0.));
#15255 = PCURVE('',#15122,#15256);
#15256 = DEFINITIONAL_REPRESENTATION('',(#15257),#15261);
#15257 = LINE('',#15258,#15259);
#15258 = CARTESIAN_POINT('',(0.,0.));
#15259 = VECTOR('',#15260,1.);
#15260 = DIRECTION('',(0.,1.));
#15261 = ( GEOMETRIC_REPRESENTATION_CONTEXT(2) 
PARAMETRIC_REPRESENTATION_CONTEXT() REPRESENTATION_CONTEXT('2D SPACE',''
  ) );
#15262 = PCURVE('',#15150,#15263);
#15263 = DEFINITIONAL_REPRESENTATION('',(#15264),#15268);
#15264 = LINE('',#15265,#15266);
#15265 = CARTESIAN_POINT('',(0.,0.));
#15266 = VECTOR('',#15267,1.);
#15267 = DIRECTION('',(1.,0.));
#15268 = ( GEOMETRIC_REPRESENTATION_CONTEXT(2) 
PARAMETRIC_REPRESENTATION_CONTEXT() REPRESENTATION_CONTEXT('2D SPACE',''
  ) );
#15269 = ORIENTED_EDGE('',*,*,#15099,.T.);
#15270 = ORIENTED_EDGE('',*,*,#15271,.T.);
#15271 = EDGE_CURVE('',#15102,#15272,#15274,.T.);
#15272 = VERTEX_POINT('',#15273);
#15273 = CARTESIAN_POINT('',(329.14434295438,-3.363950653845E+03,380.));
#15274 = SURFACE_CURVE('',#15275,(#15279,#15286),.PCURVE_S1.);
#15275 = LINE('',#15276,#15277);
#15276 = CARTESIAN_POINT('',(211.9318230292,-2.699205420561E+03,380.));
#15277 = VECTOR('',#15278,1.);
#15278 = DIRECTION('',(0.173648177667,-0.984807753012,0.));
#15279 = PCURVE('',#15122,#15280);
#15280 = DEFINITIONAL_REPRESENTATION('',(#15281),#15285);
#15281 = LINE('',#15282,#15283);
#15282 = CARTESIAN_POINT('',(360.,0.));
#15283 = VECTOR('',#15284,1.);
#15284 = DIRECTION('',(0.,1.));
#15285 = ( GEOMETRIC_REPRESENTATION_CONTEXT(2) 
PARAMETRIC_REPRESENTATION_CONTEXT() REPRESENTATION_CONTEXT('2D SPACE',''
  ) );
#15286 = PCURVE('',#15204,#15287);
#15287 = DEFINITIONAL_REPRESENTATION('',(#15288),#15292);
#15288 = LINE('',#15289,#15290);
#15289 = CARTESIAN_POINT('',(0.,0.));
#15290 = VECTOR('',#15291,1.);
#15291 = DIRECTION('',(1.,0.));
#15292 = ( GEOMETRIC_REPRESENTATION_CONTEXT(2) 
PARAMETRIC_REPRESENTATION_CONTEXT() REPRESENTATION_CONTEXT('2D SPACE',''
  ) );
#15293 = ORIENTED_EDGE('',*,*,#15294,.T.);
#15294 = EDGE_CURVE('',#15272,#15295,#15297,.T.);
#15295 = VERTEX_POINT('',#15296);
#15296 = CARTESIAN_POINT('',(329.14434295438,-3.363950653845E+03,
    156.77598567098));
#15297 = SURFACE_CURVE('',#15298,(#15302,#15308),.PCURVE_S1.);
#15298 = LINE('',#15299,#15300);
#15299 = CARTESIAN_POINT('',(329.14434295438,-3.363950653845E+03,190.));
#15300 = VECTOR('',#15301,1.);
#15301 = DIRECTION('',(3.855764100601E-17,-2.186712484447E-16,-1.));
#15302 = PCURVE('',#15122,#15303);
#15303 = DEFINITIONAL_REPRESENTATION('',(#15304),#15307);
#15304 = B_SPLINE_CURVE_WITH_KNOTS('',1,(#15305,#15306),.UNSPECIFIED.,
  .F.,.F.,(2,2),(-190.,160.),.PIECEWISE_BEZIER_KNOTS.);
#15305 = CARTESIAN_POINT('',(360.,675.));
#15306 = CARTESIAN_POINT('',(10.,675.));
#15307 = ( GEOMETRIC_REPRESENTATION_CONTEXT(2) 
PARAMETRIC_REPRESENTATION_CONTEXT() REPRESENTATION_CONTEXT('2D SPACE',''
  ) );
#15308 = PCURVE('',#15309,#15314);
#15309 = PLANE('',#15310);
#15310 = AXIS2_PLACEMENT_3D('',#15311,#15312,#15313);
#15311 = CARTESIAN_POINT('',(585.19435873755,-3.318802127651E+03,360.));
#15312 = DIRECTION('',(0.173648177667,-0.984807753012,2.22044604925E-16)
  );
#15313 = DIRECTION('',(3.855764100601E-17,-2.186712484447E-16,-1.));
#15314 = DEFINITIONAL_REPRESENTATION('',(#15315),#15318);
#15315 = B_SPLINE_CURVE_WITH_KNOTS('',1,(#15316,#15317),.UNSPECIFIED.,
  .F.,.F.,(2,2),(-190.,160.),.PIECEWISE_BEZIER_KNOTS.);
#15316 = CARTESIAN_POINT('',(-20.,-260.));
#15317 = CARTESIAN_POINT('',(330.,-260.));
#15318 = ( GEOMETRIC_REPRESENTATION_CONTEXT(2) 
PARAMETRIC_REPRESENTATION_CONTEXT() REPRESENTATION_CONTEXT('2D SPACE',''
  ) );
#15319 = ORIENTED_EDGE('',*,*,#15320,.T.);
#15320 = EDGE_CURVE('',#15295,#15222,#15321,.T.);
#15321 = SURFACE_CURVE('',#15322,(#15326,#15332),.PCURVE_S1.);
#15322 = LINE('',#15323,#15324);
#15323 = CARTESIAN_POINT('',(329.14434295438,-3.363950653845E+03,
    156.77598567098));
#15324 = VECTOR('',#15325,1.);
#15325 = DIRECTION('',(0.173648177667,-0.984807753012,2.22044604925E-16)
  );
#15326 = PCURVE('',#15122,#15327);
#15327 = DEFINITIONAL_REPRESENTATION('',(#15328),#15331);
#15328 = B_SPLINE_CURVE_WITH_KNOTS('',1,(#15329,#15330),.UNSPECIFIED.,
  .F.,.F.,(2,2),(-2.399999852233E-06,95.000000000001),
  .PIECEWISE_BEZIER_KNOTS.);
#15329 = CARTESIAN_POINT('',(136.77598567098,674.9999976));
#15330 = CARTESIAN_POINT('',(136.77598567098,770.));
#15331 = ( GEOMETRIC_REPRESENTATION_CONTEXT(2) 
PARAMETRIC_REPRESENTATION_CONTEXT() REPRESENTATION_CONTEXT('2D SPACE',''
  ) );
#15332 = PCURVE('',#15333,#15338);
#15333 = CYLINDRICAL_SURFACE('',#15334,330.);
#15334 = AXIS2_PLACEMENT_3D('',#15335,#15336,#15337);
#15335 = CARTESIAN_POINT('',(585.19435873755,-3.318802127651E+03,360.));
#15336 = DIRECTION('',(0.173648177667,-0.984807753012,2.22044604925E-16)
  );
#15337 = DIRECTION('',(3.855764100601E-17,-2.186712484447E-16,-1.));
#15338 = DEFINITIONAL_REPRESENTATION('',(#15339),#15342);
#15339 = B_SPLINE_CURVE_WITH_KNOTS('',1,(#15340,#15341),.UNSPECIFIED.,
  .F.,.F.,(2,2),(-2.399999852233E-06,95.000000000001),
  .PIECEWISE_BEZIER_KNOTS.);
#15340 = CARTESIAN_POINT('',(5.375828414622,-2.400000103416E-06));
#15341 = CARTESIAN_POINT('',(5.375828414622,95.));
#15342 = ( GEOMETRIC_REPRESENTATION_CONTEXT(2) 
PARAMETRIC_REPRESENTATION_CONTEXT() REPRESENTATION_CONTEXT('2D SPACE',''
  ) );
#15343 = ADVANCED_FACE('',(#15344),#15204,.T.);
#15344 = FACE_BOUND('',#15345,.T.);
#15345 = EDGE_LOOP('',(#15346,#15369,#15370,#15371));
#15346 = ORIENTED_EDGE('',*,*,#15347,.F.);
#15347 = EDGE_CURVE('',#15163,#15348,#15350,.T.);
#15348 = VERTEX_POINT('',#15349);
#15349 = CARTESIAN_POINT('',(841.24437452073,-3.273653601458E+03,380.));
#15350 = SURFACE_CURVE('',#15351,(#15355,#15362),.PCURVE_S1.);
#15351 = LINE('',#15352,#15353);
#15352 = CARTESIAN_POINT('',(724.03185459555,-2.608908368174E+03,380.));
#15353 = VECTOR('',#15354,1.);
#15354 = DIRECTION('',(0.173648177667,-0.984807753012,0.));
#15355 = PCURVE('',#15204,#15356);
#15356 = DEFINITIONAL_REPRESENTATION('',(#15357),#15361);
#15357 = LINE('',#15358,#15359);
#15358 = CARTESIAN_POINT('',(0.,520.));
#15359 = VECTOR('',#15360,1.);
#15360 = DIRECTION('',(1.,0.));
#15361 = ( GEOMETRIC_REPRESENTATION_CONTEXT(2) 
PARAMETRIC_REPRESENTATION_CONTEXT() REPRESENTATION_CONTEXT('2D SPACE',''
  ) );
#15362 = PCURVE('',#15178,#15363);
#15363 = DEFINITIONAL_REPRESENTATION('',(#15364),#15368);
#15364 = LINE('',#15365,#15366);
#15365 = CARTESIAN_POINT('',(360.,0.));
#15366 = VECTOR('',#15367,1.);
#15367 = DIRECTION('',(0.,1.));
#15368 = ( GEOMETRIC_REPRESENTATION_CONTEXT(2) 
PARAMETRIC_REPRESENTATION_CONTEXT() REPRESENTATION_CONTEXT('2D SPACE',''
  ) );
#15369 = ORIENTED_EDGE('',*,*,#15190,.F.);
#15370 = ORIENTED_EDGE('',*,*,#15271,.T.);
#15371 = ORIENTED_EDGE('',*,*,#15372,.T.);
#15372 = EDGE_CURVE('',#15272,#15348,#15373,.T.);
#15373 = SURFACE_CURVE('',#15374,(#15378,#15384),.PCURVE_S1.);
#15374 = LINE('',#15375,#15376);
#15375 = CARTESIAN_POINT('',(457.16935084596,-3.341376390748E+03,380.));
#15376 = VECTOR('',#15377,1.);
#15377 = DIRECTION('',(0.984807753012,0.173648177667,-0.));
#15378 = PCURVE('',#15204,#15379);
#15379 = DEFINITIONAL_REPRESENTATION('',(#15380),#15383);
#15380 = B_SPLINE_CURVE_WITH_KNOTS('',1,(#15381,#15382),.UNSPECIFIED.,
  .F.,.F.,(2,2),(-130.,390.),.PIECEWISE_BEZIER_KNOTS.);
#15381 = CARTESIAN_POINT('',(674.99999999999,0.));
#15382 = CARTESIAN_POINT('',(674.99999999999,520.));
#15383 = ( GEOMETRIC_REPRESENTATION_CONTEXT(2) 
PARAMETRIC_REPRESENTATION_CONTEXT() REPRESENTATION_CONTEXT('2D SPACE',''
  ) );
#15384 = PCURVE('',#15309,#15385);
#15385 = DEFINITIONAL_REPRESENTATION('',(#15386),#15389);
#15386 = B_SPLINE_CURVE_WITH_KNOTS('',1,(#15387,#15388),.UNSPECIFIED.,
  .F.,.F.,(2,2),(-130.,390.),.PIECEWISE_BEZIER_KNOTS.);
#15387 = CARTESIAN_POINT('',(-20.,-260.));
#15388 = CARTESIAN_POINT('',(-20.,260.));
#15389 = ( GEOMETRIC_REPRESENTATION_CONTEXT(2) 
PARAMETRIC_REPRESENTATION_CONTEXT() REPRESENTATION_CONTEXT('2D SPACE',''
  ) );
#15390 = ADVANCED_FACE('',(#15391),#15178,.T.);
#15391 = FACE_BOUND('',#15392,.T.);
#15392 = EDGE_LOOP('',(#15393,#15418,#15439,#15440,#15441,#15462));
#15393 = ORIENTED_EDGE('',*,*,#15394,.F.);
#15394 = EDGE_CURVE('',#15395,#15397,#15399,.T.);
#15395 = VERTEX_POINT('',#15396);
#15396 = CARTESIAN_POINT('',(845.5855789624,-3.298273795283E+03,20.));
#15397 = VERTEX_POINT('',#15398);
#15398 = CARTESIAN_POINT('',(845.5855789624,-3.298273795283E+03,
    156.77598567098));
#15399 = SURFACE_CURVE('',#15400,(#15404,#15411),.PCURVE_S1.);
#15400 = LINE('',#15401,#15402);
#15401 = CARTESIAN_POINT('',(845.5855789624,-3.298273795283E+03,20.));
#15402 = VECTOR('',#15403,1.);
#15403 = DIRECTION('',(0.,0.,1.));
#15404 = PCURVE('',#15178,#15405);
#15405 = DEFINITIONAL_REPRESENTATION('',(#15406),#15410);
#15406 = LINE('',#15407,#15408);
#15407 = CARTESIAN_POINT('',(0.,700.));
#15408 = VECTOR('',#15409,1.);
#15409 = DIRECTION('',(1.,0.));
#15410 = ( GEOMETRIC_REPRESENTATION_CONTEXT(2) 
PARAMETRIC_REPRESENTATION_CONTEXT() REPRESENTATION_CONTEXT('2D SPACE',''
  ) );
#15411 = PCURVE('',#15237,#15412);
#15412 = DEFINITIONAL_REPRESENTATION('',(#15413),#15417);
#15413 = LINE('',#15414,#15415);
#15414 = CARTESIAN_POINT('',(0.,-520.));
#15415 = VECTOR('',#15416,1.);
#15416 = DIRECTION('',(1.,0.));
#15417 = ( GEOMETRIC_REPRESENTATION_CONTEXT(2) 
PARAMETRIC_REPRESENTATION_CONTEXT() REPRESENTATION_CONTEXT('2D SPACE',''
  ) );
#15418 = ORIENTED_EDGE('',*,*,#15419,.F.);
#15419 = EDGE_CURVE('',#15135,#15395,#15420,.T.);
#15420 = SURFACE_CURVE('',#15421,(#15425,#15432),.PCURVE_S1.);
#15421 = LINE('',#15422,#15423);
#15422 = CARTESIAN_POINT('',(724.03185459555,-2.608908368174E+03,20.));
#15423 = VECTOR('',#15424,1.);
#15424 = DIRECTION('',(0.173648177667,-0.984807753012,0.));
#15425 = PCURVE('',#15178,#15426);
#15426 = DEFINITIONAL_REPRESENTATION('',(#15427),#15431);
#15427 = LINE('',#15428,#15429);
#15428 = CARTESIAN_POINT('',(0.,0.));
#15429 = VECTOR('',#15430,1.);
#15430 = DIRECTION('',(0.,1.));
#15431 = ( GEOMETRIC_REPRESENTATION_CONTEXT(2) 
PARAMETRIC_REPRESENTATION_CONTEXT() REPRESENTATION_CONTEXT('2D SPACE',''
  ) );
#15432 = PCURVE('',#15150,#15433);
#15433 = DEFINITIONAL_REPRESENTATION('',(#15434),#15438);
#15434 = LINE('',#15435,#15436);
#15435 = CARTESIAN_POINT('',(0.,520.));
#15436 = VECTOR('',#15437,1.);
#15437 = DIRECTION('',(1.,0.));
#15438 = ( GEOMETRIC_REPRESENTATION_CONTEXT(2) 
PARAMETRIC_REPRESENTATION_CONTEXT() REPRESENTATION_CONTEXT('2D SPACE',''
  ) );
#15439 = ORIENTED_EDGE('',*,*,#15162,.T.);
#15440 = ORIENTED_EDGE('',*,*,#15347,.T.);
#15441 = ORIENTED_EDGE('',*,*,#15442,.T.);
#15442 = EDGE_CURVE('',#15348,#15443,#15445,.T.);
#15443 = VERTEX_POINT('',#15444);
#15444 = CARTESIAN_POINT('',(841.24437452072,-3.273653601458E+03,
    156.77598567098));
#15445 = SURFACE_CURVE('',#15446,(#15450,#15456),.PCURVE_S1.);
#15446 = LINE('',#15447,#15448);
#15447 = CARTESIAN_POINT('',(841.24437452072,-3.273653601458E+03,190.));
#15448 = VECTOR('',#15449,1.);
#15449 = DIRECTION('',(3.855764100601E-17,-2.186712484447E-16,-1.));
#15450 = PCURVE('',#15178,#15451);
#15451 = DEFINITIONAL_REPRESENTATION('',(#15452),#15455);
#15452 = B_SPLINE_CURVE_WITH_KNOTS('',1,(#15453,#15454),.UNSPECIFIED.,
  .F.,.F.,(2,2),(-190.,160.),.PIECEWISE_BEZIER_KNOTS.);
#15453 = CARTESIAN_POINT('',(360.,675.));
#15454 = CARTESIAN_POINT('',(10.,675.));
#15455 = ( GEOMETRIC_REPRESENTATION_CONTEXT(2) 
PARAMETRIC_REPRESENTATION_CONTEXT() REPRESENTATION_CONTEXT('2D SPACE',''
  ) );
#15456 = PCURVE('',#15309,#15457);
#15457 = DEFINITIONAL_REPRESENTATION('',(#15458),#15461);
#15458 = B_SPLINE_CURVE_WITH_KNOTS('',1,(#15459,#15460),.UNSPECIFIED.,
  .F.,.F.,(2,2),(-190.,160.),.PIECEWISE_BEZIER_KNOTS.);
#15459 = CARTESIAN_POINT('',(-20.,260.));
#15460 = CARTESIAN_POINT('',(330.,260.));
#15461 = ( GEOMETRIC_REPRESENTATION_CONTEXT(2) 
PARAMETRIC_REPRESENTATION_CONTEXT() REPRESENTATION_CONTEXT('2D SPACE',''
  ) );
#15462 = ORIENTED_EDGE('',*,*,#15463,.T.);
#15463 = EDGE_CURVE('',#15443,#15397,#15464,.T.);
#15464 = SURFACE_CURVE('',#15465,(#15469,#15475),.PCURVE_S1.);
#15465 = LINE('',#15466,#15467);
#15466 = CARTESIAN_POINT('',(841.24437452072,-3.273653601458E+03,
    156.77598567098));
#15467 = VECTOR('',#15468,1.);
#15468 = DIRECTION('',(0.173648177667,-0.984807753012,2.22044604925E-16)
  );
#15469 = PCURVE('',#15178,#15470);
#15470 = DEFINITIONAL_REPRESENTATION('',(#15471),#15474);
#15471 = B_SPLINE_CURVE_WITH_KNOTS('',1,(#15472,#15473),.UNSPECIFIED.,
  .F.,.F.,(2,2),(-2.400000260589E-06,95.),.PIECEWISE_BEZIER_KNOTS.);
#15472 = CARTESIAN_POINT('',(136.77598567098,674.9999976));
#15473 = CARTESIAN_POINT('',(136.77598567098,770.));
#15474 = ( GEOMETRIC_REPRESENTATION_CONTEXT(2) 
PARAMETRIC_REPRESENTATION_CONTEXT() REPRESENTATION_CONTEXT('2D SPACE',''
  ) );
#15475 = PCURVE('',#15333,#15476);
#15476 = DEFINITIONAL_REPRESENTATION('',(#15477),#15480);
#15477 = B_SPLINE_CURVE_WITH_KNOTS('',1,(#15478,#15479),.UNSPECIFIED.,
  .F.,.F.,(2,2),(-2.400000260589E-06,95.),.PIECEWISE_BEZIER_KNOTS.);
#15478 = CARTESIAN_POINT('',(0.907356892557,-2.400000142289E-06));
#15479 = CARTESIAN_POINT('',(0.907356892557,95.));
#15480 = ( GEOMETRIC_REPRESENTATION_CONTEXT(2) 
PARAMETRIC_REPRESENTATION_CONTEXT() REPRESENTATION_CONTEXT('2D SPACE',''
  ) );
#15481 = ADVANCED_FACE('',(#15482),#15150,.F.);
#15482 = FACE_BOUND('',#15483,.F.);
#15483 = EDGE_LOOP('',(#15484,#15485,#15486,#15507));
#15484 = ORIENTED_EDGE('',*,*,#15134,.F.);
#15485 = ORIENTED_EDGE('',*,*,#15249,.T.);
#15486 = ORIENTED_EDGE('',*,*,#15487,.T.);
#15487 = EDGE_CURVE('',#15220,#15395,#15488,.T.);
#15488 = SURFACE_CURVE('',#15489,(#15493,#15500),.PCURVE_S1.);
#15489 = LINE('',#15490,#15491);
#15490 = CARTESIAN_POINT('',(333.48554739605,-3.38857084767E+03,20.));
#15491 = VECTOR('',#15492,1.);
#15492 = DIRECTION('',(0.984807753012,0.173648177667,0.));
#15493 = PCURVE('',#15150,#15494);
#15494 = DEFINITIONAL_REPRESENTATION('',(#15495),#15499);
#15495 = LINE('',#15496,#15497);
#15496 = CARTESIAN_POINT('',(700.,0.));
#15497 = VECTOR('',#15498,1.);
#15498 = DIRECTION('',(0.,1.));
#15499 = ( GEOMETRIC_REPRESENTATION_CONTEXT(2) 
PARAMETRIC_REPRESENTATION_CONTEXT() REPRESENTATION_CONTEXT('2D SPACE',''
  ) );
#15500 = PCURVE('',#15237,#15501);
#15501 = DEFINITIONAL_REPRESENTATION('',(#15502),#15506);
#15502 = LINE('',#15503,#15504);
#15503 = CARTESIAN_POINT('',(0.,0.));
#15504 = VECTOR('',#15505,1.);
#15505 = DIRECTION('',(0.,-1.));
#15506 = ( GEOMETRIC_REPRESENTATION_CONTEXT(2) 
PARAMETRIC_REPRESENTATION_CONTEXT() REPRESENTATION_CONTEXT('2D SPACE',''
  ) );
#15507 = ORIENTED_EDGE('',*,*,#15419,.F.);
#15508 = ADVANCED_FACE('',(#15509),#15237,.T.);
#15509 = FACE_BOUND('',#15510,.T.);
#15510 = EDGE_LOOP('',(#15511,#15512,#15513,#15514,#15538));
#15511 = ORIENTED_EDGE('',*,*,#15219,.F.);
#15512 = ORIENTED_EDGE('',*,*,#15487,.T.);
#15513 = ORIENTED_EDGE('',*,*,#15394,.T.);
#15514 = ORIENTED_EDGE('',*,*,#15515,.F.);
#15515 = EDGE_CURVE('',#15516,#15397,#15518,.T.);
#15516 = VERTEX_POINT('',#15517);
#15517 = CARTESIAN_POINT('',(589.53556317922,-3.343422321476E+03,30.));
#15518 = SURFACE_CURVE('',#15519,(#15524,#15531),.PCURVE_S1.);
#15519 = CIRCLE('',#15520,330.);
#15520 = AXIS2_PLACEMENT_3D('',#15521,#15522,#15523);
#15521 = CARTESIAN_POINT('',(589.53556317922,-3.343422321476E+03,360.));
#15522 = DIRECTION('',(0.173648177667,-0.984807753012,2.22044604925E-16)
  );
#15523 = DIRECTION('',(3.855764100601E-17,-2.186712484447E-16,-1.));
#15524 = PCURVE('',#15237,#15525);
#15525 = DEFINITIONAL_REPRESENTATION('',(#15526),#15530);
#15526 = CIRCLE('',#15527,330.);
#15527 = AXIS2_PLACEMENT_2D('',#15528,#15529);
#15528 = CARTESIAN_POINT('',(340.,-260.));
#15529 = DIRECTION('',(-1.,0.));
#15530 = ( GEOMETRIC_REPRESENTATION_CONTEXT(2) 
PARAMETRIC_REPRESENTATION_CONTEXT() REPRESENTATION_CONTEXT('2D SPACE',''
  ) );
#15531 = PCURVE('',#15333,#15532);
#15532 = DEFINITIONAL_REPRESENTATION('',(#15533),#15537);
#15533 = LINE('',#15534,#15535);
#15534 = CARTESIAN_POINT('',(4.968749957381E-32,25.000000000001));
#15535 = VECTOR('',#15536,1.);
#15536 = DIRECTION('',(1.,0.));
#15537 = ( GEOMETRIC_REPRESENTATION_CONTEXT(2) 
PARAMETRIC_REPRESENTATION_CONTEXT() REPRESENTATION_CONTEXT('2D SPACE',''
  ) );
#15538 = ORIENTED_EDGE('',*,*,#15539,.F.);
#15539 = EDGE_CURVE('',#15222,#15516,#15540,.T.);
#15540 = SURFACE_CURVE('',#15541,(#15546,#15553),.PCURVE_S1.);
#15541 = CIRCLE('',#15542,330.);
#15542 = AXIS2_PLACEMENT_3D('',#15543,#15544,#15545);
#15543 = CARTESIAN_POINT('',(589.53556317922,-3.343422321476E+03,360.));
#15544 = DIRECTION('',(0.173648177667,-0.984807753012,2.22044604925E-16)
  );
#15545 = DIRECTION('',(3.855764100601E-17,-2.186712484447E-16,-1.));
#15546 = PCURVE('',#15237,#15547);
#15547 = DEFINITIONAL_REPRESENTATION('',(#15548),#15552);
#15548 = CIRCLE('',#15549,330.);
#15549 = AXIS2_PLACEMENT_2D('',#15550,#15551);
#15550 = CARTESIAN_POINT('',(340.,-260.));
#15551 = DIRECTION('',(-1.,0.));
#15552 = ( GEOMETRIC_REPRESENTATION_CONTEXT(2) 
PARAMETRIC_REPRESENTATION_CONTEXT() REPRESENTATION_CONTEXT('2D SPACE',''
  ) );
#15553 = PCURVE('',#15333,#15554);
#15554 = DEFINITIONAL_REPRESENTATION('',(#15555),#15559);
#15555 = LINE('',#15556,#15557);
#15556 = CARTESIAN_POINT('',(4.968749957381E-32,25.000000000001));
#15557 = VECTOR('',#15558,1.);
#15558 = DIRECTION('',(1.,0.));
#15559 = ( GEOMETRIC_REPRESENTATION_CONTEXT(2) 
PARAMETRIC_REPRESENTATION_CONTEXT() REPRESENTATION_CONTEXT('2D SPACE',''
  ) );
#15560 = ADVANCED_FACE('',(#15561),#15333,.T.);
#15561 = FACE_BOUND('',#15562,.T.);
#15562 = EDGE_LOOP('',(#15563,#15564,#15587,#15614,#15615,#15616,#15617,
    #15639));
#15563 = ORIENTED_EDGE('',*,*,#15539,.T.);
#15564 = ORIENTED_EDGE('',*,*,#15565,.T.);
#15565 = EDGE_CURVE('',#15516,#15566,#15568,.T.);
#15566 = VERTEX_POINT('',#15567);
#15567 = CARTESIAN_POINT('',(697.19743333272,-3.954003128344E+03,30.));
#15568 = SEAM_CURVE('',#15569,(#15573,#15580),.PCURVE_S1.);
#15569 = LINE('',#15570,#15571);
#15570 = CARTESIAN_POINT('',(585.19435873755,-3.318802127651E+03,30.));
#15571 = VECTOR('',#15572,1.);
#15572 = DIRECTION('',(0.173648177667,-0.984807753012,2.22044604925E-16)
  );
#15573 = PCURVE('',#15333,#15574);
#15574 = DEFINITIONAL_REPRESENTATION('',(#15575),#15579);
#15575 = LINE('',#15576,#15577);
#15576 = CARTESIAN_POINT('',(0.,-0.));
#15577 = VECTOR('',#15578,1.);
#15578 = DIRECTION('',(0.,1.));
#15579 = ( GEOMETRIC_REPRESENTATION_CONTEXT(2) 
PARAMETRIC_REPRESENTATION_CONTEXT() REPRESENTATION_CONTEXT('2D SPACE',''
  ) );
#15580 = PCURVE('',#15333,#15581);
#15581 = DEFINITIONAL_REPRESENTATION('',(#15582),#15586);
#15582 = LINE('',#15583,#15584);
#15583 = CARTESIAN_POINT('',(6.28318530718,-0.));
#15584 = VECTOR('',#15585,1.);
#15585 = DIRECTION('',(0.,1.));
#15586 = ( GEOMETRIC_REPRESENTATION_CONTEXT(2) 
PARAMETRIC_REPRESENTATION_CONTEXT() REPRESENTATION_CONTEXT('2D SPACE',''
  ) );
#15587 = ORIENTED_EDGE('',*,*,#15588,.F.);
#15588 = EDGE_CURVE('',#15566,#15566,#15589,.T.);
#15589 = SURFACE_CURVE('',#15590,(#15595,#15602),.PCURVE_S1.);
#15590 = CIRCLE('',#15591,330.);
#15591 = AXIS2_PLACEMENT_3D('',#15592,#15593,#15594);
#15592 = CARTESIAN_POINT('',(697.19743333272,-3.954003128344E+03,360.));
#15593 = DIRECTION('',(0.173648177667,-0.984807753012,2.22044604925E-16)
  );
#15594 = DIRECTION('',(3.855764100601E-17,-2.186712484447E-16,-1.));
#15595 = PCURVE('',#15333,#15596);
#15596 = DEFINITIONAL_REPRESENTATION('',(#15597),#15601);
#15597 = LINE('',#15598,#15599);
#15598 = CARTESIAN_POINT('',(4.968749957381E-32,645.));
#15599 = VECTOR('',#15600,1.);
#15600 = DIRECTION('',(1.,0.));
#15601 = ( GEOMETRIC_REPRESENTATION_CONTEXT(2) 
PARAMETRIC_REPRESENTATION_CONTEXT() REPRESENTATION_CONTEXT('2D SPACE',''
  ) );
#15602 = PCURVE('',#15603,#15608);
#15603 = PLANE('',#15604);
#15604 = AXIS2_PLACEMENT_3D('',#15605,#15606,#15607);
#15605 = CARTESIAN_POINT('',(697.19743333272,-3.954003128344E+03,360.));
#15606 = DIRECTION('',(0.173648177667,-0.984807753012,2.22044604925E-16)
  );
#15607 = DIRECTION('',(3.855764100601E-17,-2.186712484447E-16,-1.));
#15608 = DEFINITIONAL_REPRESENTATION('',(#15609),#15613);
#15609 = CIRCLE('',#15610,330.);
#15610 = AXIS2_PLACEMENT_2D('',#15611,#15612);
#15611 = CARTESIAN_POINT('',(-1.136868377216E-13,1.119596792037E-13));
#15612 = DIRECTION('',(1.,0.));
#15613 = ( GEOMETRIC_REPRESENTATION_CONTEXT(2) 
PARAMETRIC_REPRESENTATION_CONTEXT() REPRESENTATION_CONTEXT('2D SPACE',''
  ) );
#15614 = ORIENTED_EDGE('',*,*,#15565,.F.);
#15615 = ORIENTED_EDGE('',*,*,#15515,.T.);
#15616 = ORIENTED_EDGE('',*,*,#15463,.F.);
#15617 = ORIENTED_EDGE('',*,*,#15618,.T.);
#15618 = EDGE_CURVE('',#15443,#15295,#15619,.T.);
#15619 = SURFACE_CURVE('',#15620,(#15625,#15632),.PCURVE_S1.);
#15620 = CIRCLE('',#15621,330.);
#15621 = AXIS2_PLACEMENT_3D('',#15622,#15623,#15624);
#15622 = CARTESIAN_POINT('',(585.19435873755,-3.318802127651E+03,360.));
#15623 = DIRECTION('',(0.173648177667,-0.984807753012,2.22044604925E-16)
  );
#15624 = DIRECTION('',(3.855764100601E-17,-2.186712484447E-16,-1.));
#15625 = PCURVE('',#15333,#15626);
#15626 = DEFINITIONAL_REPRESENTATION('',(#15627),#15631);
#15627 = LINE('',#15628,#15629);
#15628 = CARTESIAN_POINT('',(0.,0.));
#15629 = VECTOR('',#15630,1.);
#15630 = DIRECTION('',(1.,0.));
#15631 = ( GEOMETRIC_REPRESENTATION_CONTEXT(2) 
PARAMETRIC_REPRESENTATION_CONTEXT() REPRESENTATION_CONTEXT('2D SPACE',''
  ) );
#15632 = PCURVE('',#15309,#15633);
#15633 = DEFINITIONAL_REPRESENTATION('',(#15634),#15638);
#15634 = CIRCLE('',#15635,330.);
#15635 = AXIS2_PLACEMENT_2D('',#15636,#15637);
#15636 = CARTESIAN_POINT('',(0.,0.));
#15637 = DIRECTION('',(1.,0.));
#15638 = ( GEOMETRIC_REPRESENTATION_CONTEXT(2) 
PARAMETRIC_REPRESENTATION_CONTEXT() REPRESENTATION_CONTEXT('2D SPACE',''
  ) );
#15639 = ORIENTED_EDGE('',*,*,#15320,.T.);
#15640 = ADVANCED_FACE('',(#15641),#15309,.F.);
#15641 = FACE_BOUND('',#15642,.F.);
#15642 = EDGE_LOOP('',(#15643,#15644,#15645,#15646));
#15643 = ORIENTED_EDGE('',*,*,#15442,.T.);
#15644 = ORIENTED_EDGE('',*,*,#15618,.T.);
#15645 = ORIENTED_EDGE('',*,*,#15294,.F.);
#15646 = ORIENTED_EDGE('',*,*,#15372,.T.);
#15647 = ADVANCED_FACE('',(#15648,#15679),#15603,.F.);
#15648 = FACE_BOUND('',#15649,.F.);
#15649 = EDGE_LOOP('',(#15650));
#15650 = ORIENTED_EDGE('',*,*,#15651,.T.);
#15651 = EDGE_CURVE('',#15652,#15652,#15654,.T.);
#15652 = VERTEX_POINT('',#15653);
#15653 = CARTESIAN_POINT('',(697.19743333272,-3.954003128344E+03,15.));
#15654 = SURFACE_CURVE('',#15655,(#15660,#15667),.PCURVE_S1.);
#15655 = CIRCLE('',#15656,345.);
#15656 = AXIS2_PLACEMENT_3D('',#15657,#15658,#15659);
#15657 = CARTESIAN_POINT('',(697.19743333272,-3.954003128344E+03,360.));
#15658 = DIRECTION('',(0.173648177667,-0.984807753012,2.22044604925E-16)
  );
#15659 = DIRECTION('',(3.855764100601E-17,-2.186712484447E-16,-1.));
#15660 = PCURVE('',#15603,#15661);
#15661 = DEFINITIONAL_REPRESENTATION('',(#15662),#15666);
#15662 = CIRCLE('',#15663,345.);
#15663 = AXIS2_PLACEMENT_2D('',#15664,#15665);
#15664 = CARTESIAN_POINT('',(0.,0.));
#15665 = DIRECTION('',(1.,0.));
#15666 = ( GEOMETRIC_REPRESENTATION_CONTEXT(2) 
PARAMETRIC_REPRESENTATION_CONTEXT() REPRESENTATION_CONTEXT('2D SPACE',''
  ) );
#15667 = PCURVE('',#15668,#15673);
#15668 = CYLINDRICAL_SURFACE('',#15669,345.);
#15669 = AXIS2_PLACEMENT_3D('',#15670,#15671,#15672);
#15670 = CARTESIAN_POINT('',(697.19743333272,-3.954003128344E+03,360.));
#15671 = DIRECTION('',(0.173648177667,-0.984807753012,2.22044604925E-16)
  );
#15672 = DIRECTION('',(3.855764100601E-17,-2.186712484447E-16,-1.));
#15673 = DEFINITIONAL_REPRESENTATION('',(#15674),#15678);
#15674 = LINE('',#15675,#15676);
#15675 = CARTESIAN_POINT('',(0.,0.));
#15676 = VECTOR('',#15677,1.);
#15677 = DIRECTION('',(1.,0.));
#15678 = ( GEOMETRIC_REPRESENTATION_CONTEXT(2) 
PARAMETRIC_REPRESENTATION_CONTEXT() REPRESENTATION_CONTEXT('2D SPACE',''
  ) );
#15679 = FACE_BOUND('',#15680,.F.);
#15680 = EDGE_LOOP('',(#15681));
#15681 = ORIENTED_EDGE('',*,*,#15588,.F.);
#15682 = ADVANCED_FACE('',(#15683),#15668,.T.);
#15683 = FACE_BOUND('',#15684,.T.);
#15684 = EDGE_LOOP('',(#15685,#15714,#15735,#15736));
#15685 = ORIENTED_EDGE('',*,*,#15686,.F.);
#15686 = EDGE_CURVE('',#15687,#15687,#15689,.T.);
#15687 = VERTEX_POINT('',#15688);
#15688 = CARTESIAN_POINT('',(704.1433604394,-3.993395438465E+03,15.));
#15689 = SURFACE_CURVE('',#15690,(#15695,#15702),.PCURVE_S1.);
#15690 = CIRCLE('',#15691,345.);
#15691 = AXIS2_PLACEMENT_3D('',#15692,#15693,#15694);
#15692 = CARTESIAN_POINT('',(704.1433604394,-3.993395438465E+03,360.));
#15693 = DIRECTION('',(0.173648177667,-0.984807753012,2.22044604925E-16)
  );
#15694 = DIRECTION('',(3.855764100601E-17,-2.186712484447E-16,-1.));
#15695 = PCURVE('',#15668,#15696);
#15696 = DEFINITIONAL_REPRESENTATION('',(#15697),#15701);
#15697 = LINE('',#15698,#15699);
#15698 = CARTESIAN_POINT('',(0.,40.));
#15699 = VECTOR('',#15700,1.);
#15700 = DIRECTION('',(1.,0.));
#15701 = ( GEOMETRIC_REPRESENTATION_CONTEXT(2) 
PARAMETRIC_REPRESENTATION_CONTEXT() REPRESENTATION_CONTEXT('2D SPACE',''
  ) );
#15702 = PCURVE('',#15703,#15708);
#15703 = PLANE('',#15704);
#15704 = AXIS2_PLACEMENT_3D('',#15705,#15706,#15707);
#15705 = CARTESIAN_POINT('',(704.1433604394,-3.993395438465E+03,360.));
#15706 = DIRECTION('',(0.173648177667,-0.984807753012,2.22044604925E-16)
  );
#15707 = DIRECTION('',(3.855764100601E-17,-2.186712484447E-16,-1.));
#15708 = DEFINITIONAL_REPRESENTATION('',(#15709),#15713);
#15709 = CIRCLE('',#15710,345.);
#15710 = AXIS2_PLACEMENT_2D('',#15711,#15712);
#15711 = CARTESIAN_POINT('',(0.,0.));
#15712 = DIRECTION('',(1.,0.));
#15713 = ( GEOMETRIC_REPRESENTATION_CONTEXT(2) 
PARAMETRIC_REPRESENTATION_CONTEXT() REPRESENTATION_CONTEXT('2D SPACE',''
  ) );
#15714 = ORIENTED_EDGE('',*,*,#15715,.F.);
#15715 = EDGE_CURVE('',#15652,#15687,#15716,.T.);
#15716 = SEAM_CURVE('',#15717,(#15721,#15728),.PCURVE_S1.);
#15717 = LINE('',#15718,#15719);
#15718 = CARTESIAN_POINT('',(697.19743333272,-3.954003128344E+03,15.));
#15719 = VECTOR('',#15720,1.);
#15720 = DIRECTION('',(0.173648177667,-0.984807753012,2.22044604925E-16)
  );
#15721 = PCURVE('',#15668,#15722);
#15722 = DEFINITIONAL_REPRESENTATION('',(#15723),#15727);
#15723 = LINE('',#15724,#15725);
#15724 = CARTESIAN_POINT('',(6.28318530718,-0.));
#15725 = VECTOR('',#15726,1.);
#15726 = DIRECTION('',(0.,1.));
#15727 = ( GEOMETRIC_REPRESENTATION_CONTEXT(2) 
PARAMETRIC_REPRESENTATION_CONTEXT() REPRESENTATION_CONTEXT('2D SPACE',''
  ) );
#15728 = PCURVE('',#15668,#15729);
#15729 = DEFINITIONAL_REPRESENTATION('',(#15730),#15734);
#15730 = LINE('',#15731,#15732);
#15731 = CARTESIAN_POINT('',(0.,-0.));
#15732 = VECTOR('',#15733,1.);
#15733 = DIRECTION('',(0.,1.));
#15734 = ( GEOMETRIC_REPRESENTATION_CONTEXT(2) 
PARAMETRIC_REPRESENTATION_CONTEXT() REPRESENTATION_CONTEXT('2D SPACE',''
  ) );
#15735 = ORIENTED_EDGE('',*,*,#15651,.T.);
#15736 = ORIENTED_EDGE('',*,*,#15715,.T.);
#15737 = ADVANCED_FACE('',(#15738),#15703,.T.);
#15738 = FACE_BOUND('',#15739,.T.);
#15739 = EDGE_LOOP('',(#15740));
#15740 = ORIENTED_EDGE('',*,*,#15686,.T.);
#15741 = ( GEOMETRIC_REPRESENTATION_CONTEXT(3) 
GLOBAL_UNCERTAINTY_ASSIGNED_CONTEXT((#15745)) 
GLOBAL_UNIT_ASSIGNED_CONTEXT((#15742,#15743,#15744)) 
REPRESENTATION_CONTEXT('Context #1',
  '3D Context with UNIT and UNCERTAINTY') );
#15742 = ( LENGTH_UNIT() NAMED_UNIT(*) SI_UNIT(.MILLI.,.METRE.) );
#15743 = ( NAMED_UNIT(*) PLANE_ANGLE_UNIT() SI_UNIT($,.RADIAN.) );
#15744 = ( NAMED_UNIT(*) SI_UNIT($,.STERADIAN.) SOLID_ANGLE_UNIT() );
#15745 = UNCERTAINTY_MEASURE_WITH_UNIT(LENGTH_MEASURE(2.E-07),#15742,
  'distance_accuracy_value','confusion accuracy');
#15746 = CONTEXT_DEPENDENT_SHAPE_REPRESENTATION(#15747,#15749);
#15747 = ( REPRESENTATION_RELATIONSHIP('','',#15092,#10) 
REPRESENTATION_RELATIONSHIP_WITH_TRANSFORMATION(#15748) 
SHAPE_REPRESENTATION_RELATIONSHIP() );
#15748 = ITEM_DEFINED_TRANSFORMATION('','',#11,#71);
#15749 = PRODUCT_DEFINITION_SHAPE('Placement','Placement of an item',
  #15750);
#15750 = NEXT_ASSEMBLY_USAGE_OCCURRENCE('15','=>[0:1:1:16]','',#5,#15087
  ,$);
#15751 = PRODUCT_RELATED_PRODUCT_CATEGORY('part',$,(#15089));
#15752 = SHAPE_DEFINITION_REPRESENTATION(#15753,#15759);
#15753 = PRODUCT_DEFINITION_SHAPE('','',#15754);
#15754 = PRODUCT_DEFINITION('design','',#15755,#15758);
#15755 = PRODUCT_DEFINITION_FORMATION('','',#15756);
#15756 = PRODUCT('COMPOUND','COMPOUND','',(#15757));
#15757 = PRODUCT_CONTEXT('',#2,'mechanical');
#15758 = PRODUCT_DEFINITION_CONTEXT('part definition',#2,'design');
#15759 = ADVANCED_BREP_SHAPE_REPRESENTATION('',(#11,#15760),#16879);
#15760 = MANIFOLD_SOLID_BREP('',#15761);
#15761 = CLOSED_SHELL('',(#15762,#16329,#16333,#16337,#16413,#16518,
    #16611,#16739,#16814,#16841,#16868,#16875));
#15762 = ADVANCED_FACE('',(#15763,#15850),#15776,.T.);
#15763 = FACE_BOUND('',#15764,.T.);
#15764 = EDGE_LOOP('',(#15765,#15799,#15822,#15849));
#15765 = ORIENTED_EDGE('',*,*,#15766,.F.);
#15766 = EDGE_CURVE('',#15767,#15767,#15769,.T.);
#15767 = VERTEX_POINT('',#15768);
#15768 = CARTESIAN_POINT('',(-938.6569549267,-3.764747417951E+03,1.8E+03
    ));
#15769 = SURFACE_CURVE('',#15770,(#15775,#15787),.PCURVE_S1.);
#15770 = CIRCLE('',#15771,35.);
#15771 = AXIS2_PLACEMENT_3D('',#15772,#15773,#15774);
#15772 = CARTESIAN_POINT('',(-930.1896885807,-3.730787067531E+03,1.8E+03
    ));
#15773 = DIRECTION('',(0.,0.,1.));
#15774 = DIRECTION('',(-0.2419218956,-0.970295726276,0.));
#15775 = PCURVE('',#15776,#15781);
#15776 = CYLINDRICAL_SURFACE('',#15777,35.);
#15777 = AXIS2_PLACEMENT_3D('',#15778,#15779,#15780);
#15778 = CARTESIAN_POINT('',(-930.1896885807,-3.730787067531E+03,0.));
#15779 = DIRECTION('',(0.,-0.,1.));
#15780 = DIRECTION('',(-0.2419218956,-0.970295726276,0.));
#15781 = DEFINITIONAL_REPRESENTATION('',(#15782),#15786);
#15782 = LINE('',#15783,#15784);
#15783 = CARTESIAN_POINT('',(0.,1.8E+03));
#15784 = VECTOR('',#15785,1.);
#15785 = DIRECTION('',(1.,0.));
#15786 = ( GEOMETRIC_REPRESENTATION_CONTEXT(2) 
PARAMETRIC_REPRESENTATION_CONTEXT() REPRESENTATION_CONTEXT('2D SPACE',''
  ) );
#15787 = PCURVE('',#15788,#15793);
#15788 = PLANE('',#15789);
#15789 = AXIS2_PLACEMENT_3D('',#15790,#15791,#15792);
#15790 = CARTESIAN_POINT('',(-930.1896885807,-3.730787067531E+03,1.8E+03
    ));
#15791 = DIRECTION('',(0.,-0.,1.));
#15792 = DIRECTION('',(-0.2419218956,-0.970295726276,0.));
#15793 = DEFINITIONAL_REPRESENTATION('',(#15794),#15798);
#15794 = CIRCLE('',#15795,35.);
#15795 = AXIS2_PLACEMENT_2D('',#15796,#15797);
#15796 = CARTESIAN_POINT('',(0.,0.));
#15797 = DIRECTION('',(1.,0.));
#15798 = ( GEOMETRIC_REPRESENTATION_CONTEXT(2) 
PARAMETRIC_REPRESENTATION_CONTEXT() REPRESENTATION_CONTEXT('2D SPACE',''
  ) );
#15799 = ORIENTED_EDGE('',*,*,#15800,.F.);
#15800 = EDGE_CURVE('',#15801,#15767,#15803,.T.);
#15801 = VERTEX_POINT('',#15802);
#15802 = CARTESIAN_POINT('',(-938.6569549267,-3.764747417951E+03,0.));
#15803 = SEAM_CURVE('',#15804,(#15808,#15815),.PCURVE_S1.);
#15804 = LINE('',#15805,#15806);
#15805 = CARTESIAN_POINT('',(-938.6569549267,-3.764747417951E+03,0.));
#15806 = VECTOR('',#15807,1.);
#15807 = DIRECTION('',(0.,-0.,1.));
#15808 = PCURVE('',#15776,#15809);
#15809 = DEFINITIONAL_REPRESENTATION('',(#15810),#15814);
#15810 = LINE('',#15811,#15812);
#15811 = CARTESIAN_POINT('',(6.28318530718,-0.));
#15812 = VECTOR('',#15813,1.);
#15813 = DIRECTION('',(0.,1.));
#15814 = ( GEOMETRIC_REPRESENTATION_CONTEXT(2) 
PARAMETRIC_REPRESENTATION_CONTEXT() REPRESENTATION_CONTEXT('2D SPACE',''
  ) );
#15815 = PCURVE('',#15776,#15816);
#15816 = DEFINITIONAL_REPRESENTATION('',(#15817),#15821);
#15817 = LINE('',#15818,#15819);
#15818 = CARTESIAN_POINT('',(0.,-0.));
#15819 = VECTOR('',#15820,1.);
#15820 = DIRECTION('',(0.,1.));
#15821 = ( GEOMETRIC_REPRESENTATION_CONTEXT(2) 
PARAMETRIC_REPRESENTATION_CONTEXT() REPRESENTATION_CONTEXT('2D SPACE',''
  ) );
#15822 = ORIENTED_EDGE('',*,*,#15823,.T.);
#15823 = EDGE_CURVE('',#15801,#15801,#15824,.T.);
#15824 = SURFACE_CURVE('',#15825,(#15830,#15837),.PCURVE_S1.);
#15825 = CIRCLE('',#15826,35.);
#15826 = AXIS2_PLACEMENT_3D('',#15827,#15828,#15829);
#15827 = CARTESIAN_POINT('',(-930.1896885807,-3.730787067531E+03,0.));
#15828 = DIRECTION('',(0.,0.,1.));
#15829 = DIRECTION('',(-0.2419218956,-0.970295726276,0.));
#15830 = PCURVE('',#15776,#15831);
#15831 = DEFINITIONAL_REPRESENTATION('',(#15832),#15836);
#15832 = LINE('',#15833,#15834);
#15833 = CARTESIAN_POINT('',(0.,0.));
#15834 = VECTOR('',#15835,1.);
#15835 = DIRECTION('',(1.,0.));
#15836 = ( GEOMETRIC_REPRESENTATION_CONTEXT(2) 
PARAMETRIC_REPRESENTATION_CONTEXT() REPRESENTATION_CONTEXT('2D SPACE',''
  ) );
#15837 = PCURVE('',#15838,#15843);
#15838 = PLANE('',#15839);
#15839 = AXIS2_PLACEMENT_3D('',#15840,#15841,#15842);
#15840 = CARTESIAN_POINT('',(-930.1896885807,-3.730787067531E+03,0.));
#15841 = DIRECTION('',(0.,-0.,1.));
#15842 = DIRECTION('',(-0.2419218956,-0.970295726276,0.));
#15843 = DEFINITIONAL_REPRESENTATION('',(#15844),#15848);
#15844 = CIRCLE('',#15845,35.);
#15845 = AXIS2_PLACEMENT_2D('',#15846,#15847);
#15846 = CARTESIAN_POINT('',(0.,0.));
#15847 = DIRECTION('',(1.,0.));
#15848 = ( GEOMETRIC_REPRESENTATION_CONTEXT(2) 
PARAMETRIC_REPRESENTATION_CONTEXT() REPRESENTATION_CONTEXT('2D SPACE',''
  ) );
#15849 = ORIENTED_EDGE('',*,*,#15800,.T.);
#15850 = FACE_BOUND('',#15851,.T.);
#15851 = EDGE_LOOP('',(#15852,#15880,#15909,#16276,#16302));
#15852 = ORIENTED_EDGE('',*,*,#15853,.F.);
#15853 = EDGE_CURVE('',#15854,#15856,#15858,.T.);
#15854 = VERTEX_POINT('',#15855);
#15855 = CARTESIAN_POINT('',(-962.5921090282,-3.717555168607E+03,
    1.09E+03));
#15856 = VERTEX_POINT('',#15857);
#15857 = CARTESIAN_POINT('',(-962.5921090282,-3.717555168607E+03,
    1.61E+03));
#15858 = SURFACE_CURVE('',#15859,(#15863,#15869),.PCURVE_S1.);
#15859 = LINE('',#15860,#15861);
#15860 = CARTESIAN_POINT('',(-962.5921090282,-3.717555168607E+03,0.));
#15861 = VECTOR('',#15862,1.);
#15862 = DIRECTION('',(0.,-0.,1.));
#15863 = PCURVE('',#15776,#15864);
#15864 = DEFINITIONAL_REPRESENTATION('',(#15865),#15868);
#15865 = B_SPLINE_CURVE_WITH_KNOTS('',1,(#15866,#15867),.UNSPECIFIED.,
  .F.,.F.,(2,2),(1.038E+03,1.662E+03),.PIECEWISE_BEZIER_KNOTS.);
#15866 = CARTESIAN_POINT('',(4.569041411479,1.038E+03));
#15867 = CARTESIAN_POINT('',(4.569041411479,1.662E+03));
#15868 = ( GEOMETRIC_REPRESENTATION_CONTEXT(2) 
PARAMETRIC_REPRESENTATION_CONTEXT() REPRESENTATION_CONTEXT('2D SPACE',''
  ) );
#15869 = PCURVE('',#15870,#15875);
#15870 = PLANE('',#15871);
#15871 = AXIS2_PLACEMENT_3D('',#15872,#15873,#15874);
#15872 = CARTESIAN_POINT('',(-1.132742181621E+03,-3.675131990824E+03,
    1.09E+03));
#15873 = DIRECTION('',(-0.2419218956,-0.970295726276,0.));
#15874 = DIRECTION('',(0.,-0.,1.));
#15875 = DEFINITIONAL_REPRESENTATION('',(#15876),#15879);
#15876 = B_SPLINE_CURVE_WITH_KNOTS('',1,(#15877,#15878),.UNSPECIFIED.,
  .F.,.F.,(2,2),(1.038E+03,1.662E+03),.PIECEWISE_BEZIER_KNOTS.);
#15877 = CARTESIAN_POINT('',(-52.,-175.3589838486));
#15878 = CARTESIAN_POINT('',(572.,-175.3589838486));
#15879 = ( GEOMETRIC_REPRESENTATION_CONTEXT(2) 
PARAMETRIC_REPRESENTATION_CONTEXT() REPRESENTATION_CONTEXT('2D SPACE',''
  ) );
#15880 = ORIENTED_EDGE('',*,*,#15881,.F.);
#15881 = EDGE_CURVE('',#15882,#15854,#15884,.T.);
#15882 = VERTEX_POINT('',#15883);
#15883 = CARTESIAN_POINT('',(-897.0085538777,-3.719650986541E+03,
    1.09E+03));
#15884 = SURFACE_CURVE('',#15885,(#15890,#15897),.PCURVE_S1.);
#15885 = CIRCLE('',#15886,35.);
#15886 = AXIS2_PLACEMENT_3D('',#15887,#15888,#15889);
#15887 = CARTESIAN_POINT('',(-930.1896885807,-3.730787067531E+03,
    1.09E+03));
#15888 = DIRECTION('',(0.,0.,1.));
#15889 = DIRECTION('',(-0.2419218956,-0.970295726276,0.));
#15890 = PCURVE('',#15776,#15891);
#15891 = DEFINITIONAL_REPRESENTATION('',(#15892),#15896);
#15892 = LINE('',#15893,#15894);
#15893 = CARTESIAN_POINT('',(0.,1.09E+03));
#15894 = VECTOR('',#15895,1.);
#15895 = DIRECTION('',(1.,0.));
#15896 = ( GEOMETRIC_REPRESENTATION_CONTEXT(2) 
PARAMETRIC_REPRESENTATION_CONTEXT() REPRESENTATION_CONTEXT('2D SPACE',''
  ) );
#15897 = PCURVE('',#15898,#15903);
#15898 = PLANE('',#15899);
#15899 = AXIS2_PLACEMENT_3D('',#15900,#15901,#15902);
#15900 = CARTESIAN_POINT('',(-1.091615459369E+03,-3.510181717357E+03,
    1.09E+03));
#15901 = DIRECTION('',(0.,-0.,1.));
#15902 = DIRECTION('',(-0.2419218956,-0.970295726276,0.));
#15903 = DEFINITIONAL_REPRESENTATION('',(#15904),#15908);
#15904 = CIRCLE('',#15905,35.);
#15905 = AXIS2_PLACEMENT_2D('',#15906,#15907);
#15906 = CARTESIAN_POINT('',(175.,210.));
#15907 = DIRECTION('',(1.,0.));
#15908 = ( GEOMETRIC_REPRESENTATION_CONTEXT(2) 
PARAMETRIC_REPRESENTATION_CONTEXT() REPRESENTATION_CONTEXT('2D SPACE',''
  ) );
#15909 = ORIENTED_EDGE('',*,*,#15910,.F.);
#15910 = EDGE_CURVE('',#15911,#15882,#15913,.T.);
#15911 = VERTEX_POINT('',#15912);
#15912 = CARTESIAN_POINT('',(-895.3680491771,-3.734316009193E+03,
    1.103108287922E+03));
#15913 = SURFACE_CURVE('',#15914,(#16031,#16151),.PCURVE_S1.);
#15914 = B_SPLINE_CURVE_WITH_KNOTS('',7,(#15915,#15916,#15917,#15918,
    #15919,#15920,#15921,#15922,#15923,#15924,#15925,#15926,#15927,
    #15928,#15929,#15930,#15931,#15932,#15933,#15934,#15935,#15936,
    #15937,#15938,#15939,#15940,#15941,#15942,#15943,#15944,#15945,
    #15946,#15947,#15948,#15949,#15950,#15951,#15952,#15953,#15954,
    #15955,#15956,#15957,#15958,#15959,#15960,#15961,#15962,#15963,
    #15964,#15965,#15966,#15967,#15968,#15969,#15970,#15971,#15972,
    #15973,#15974,#15975,#15976,#15977,#15978,#15979,#15980,#15981,
    #15982,#15983,#15984,#15985,#15986,#15987,#15988,#15989,#15990,
    #15991,#15992,#15993,#15994,#15995,#15996,#15997,#15998,#15999,
    #16000,#16001,#16002,#16003,#16004,#16005,#16006,#16007,#16008,
    #16009,#16010,#16011,#16012,#16013,#16014,#16015,#16016,#16017,
    #16018,#16019,#16020,#16021,#16022,#16023,#16024,#16025,#16026,
    #16027,#16028,#16029,#16030),.UNSPECIFIED.,.T.,.F.,(8,6,6,6,6,6,6,6,
    6,6,6,6,6,6,6,6,6,6,6,8),(0.,5.551046414702E-02,9.31808981316E-02,
    0.157866562184,0.211373693434,0.314146302257,0.379099976274,
    0.42447835192,0.453752933765,0.483843422225,0.522899572364,
    0.552990060824,0.581798186203,0.627731945931,0.692403223094,
    0.7951789854,0.848632063465,0.913361570353,0.95128487672,1.),
  .UNSPECIFIED.);
#15915 = CARTESIAN_POINT('',(-895.2913283273,-3.733452485252E+03,
    1.103110977613E+03));
#15916 = CARTESIAN_POINT('',(-895.3603828572,-3.734356617405E+03,
    1.103134026458E+03));
#15917 = CARTESIAN_POINT('',(-895.456828314,-3.735259487567E+03,
    1.103093937008E+03));
#15918 = CARTESIAN_POINT('',(-895.5800045169,-3.736151273346E+03,
    1.102990707052E+03));
#15919 = CARTESIAN_POINT('',(-895.7276148625,-3.737022374659E+03,
    1.102826265039E+03));
#15920 = CARTESIAN_POINT('',(-895.895781607,-3.737863890423E+03,
    1.102604383735E+03));
#15921 = CARTESIAN_POINT('',(-896.0794783565,-3.738667993366E+03,
    1.102330697014E+03));
#15922 = CARTESIAN_POINT('',(-896.4045996664,-3.739944096989E+03,
    1.10179703711E+03));
#15923 = CARTESIAN_POINT('',(-896.5409113652,-3.740440854344E+03,
    1.101560473911E+03));
#15924 = CARTESIAN_POINT('',(-896.6807818734,-3.74091780553E+03,
    1.101304675351E+03));
#15925 = CARTESIAN_POINT('',(-896.8229059655,-3.741374443436E+03,
    1.101031210977E+03));
#15926 = CARTESIAN_POINT('',(-896.966017163,-3.741810414157E+03,
    1.100741641589E+03));
#15927 = CARTESIAN_POINT('',(-897.1089162789,-3.742225506828E+03,
    1.100437524986E+03));
#15928 = CARTESIAN_POINT('',(-897.4936199312,-3.743296433922E+03,
    1.099575908862E+03));
#15929 = CARTESIAN_POINT('',(-897.7329405275,-3.743911656592E+03,
    1.098992924215E+03));
#15930 = CARTESIAN_POINT('',(-897.9635186171,-3.744466675064E+03,
    1.09837785083E+03));
#15931 = CARTESIAN_POINT('',(-898.1812683534,-3.744963357977E+03,
    1.097736217576E+03));
#15932 = CARTESIAN_POINT('',(-898.382983982,-3.745403848937E+03,
    1.097072917339E+03));
#15933 = CARTESIAN_POINT('',(-898.5663080509,-3.745790424424E+03,
    1.09639236445E+03));
#15934 = CARTESIAN_POINT('',(-898.8647552322,-3.746402559873E+03,
    1.095124711364E+03));
#15935 = CARTESIAN_POINT('',(-898.9862022123,-3.746644426307E+03,
    1.094541732652E+03));
#15936 = CARTESIAN_POINT('',(-899.0931616957,-3.746852528292E+03,
    1.09395158212E+03));
#15937 = CARTESIAN_POINT('',(-899.1851128575,-3.747028254707E+03,
    1.093356000813E+03));
#15938 = CARTESIAN_POINT('',(-899.2618042986,-3.747172903966E+03,
    1.092756587294E+03));
#15939 = CARTESIAN_POINT('',(-899.3232200205,-3.747287694008E+03,
    1.092154841015E+03));
#15940 = CARTESIAN_POINT('',(-899.4585238256,-3.747539105166E+03,
    1.090394707572E+03));
#15941 = CARTESIAN_POINT('',(-899.4917137851,-3.747598297262E+03,
    1.08923546367E+03));
#15942 = CARTESIAN_POINT('',(-899.4709990541,-3.747560544559E+03,
    1.088080786447E+03));
#15943 = CARTESIAN_POINT('',(-899.3999109218,-3.747431954853E+03,
    1.08693571831E+03));
#15944 = CARTESIAN_POINT('',(-899.2827822994,-3.747216412653E+03,
    1.085804938023E+03));
#15945 = CARTESIAN_POINT('',(-899.1244851013,-3.746915900807E+03,
    1.084693434818E+03));
#15946 = CARTESIAN_POINT('',(-898.8077722685,-3.746287057098E+03,
    1.082920500733E+03));
#15947 = CARTESIAN_POINT('',(-898.6707985312,-3.746009582047E+03,
    1.082243755627E+03));
#15948 = CARTESIAN_POINT('',(-898.5206478241,-3.745697758414E+03,
    1.081577208615E+03));
#15949 = CARTESIAN_POINT('',(-898.358425723,-3.745350587715E+03,
    1.080921572069E+03));
#15950 = CARTESIAN_POINT('',(-898.1853093956,-3.744966572432E+03,
    1.080278136643E+03));
#15951 = CARTESIAN_POINT('',(-898.0026807116,-3.744543805716E+03,
    1.079648990863E+03));
#15952 = CARTESIAN_POINT('',(-897.6792607628,-3.743756059308E+03,
    1.078609850399E+03));
#15953 = CARTESIAN_POINT('',(-897.5424595917,-3.743412090296E+03,
    1.078190989391E+03));
#15954 = CARTESIAN_POINT('',(-897.4022786746,-3.743046918985E+03,
    1.07778109337E+03));
#15955 = CARTESIAN_POINT('',(-897.2592162251,-3.742659179904E+03,
    1.077381064481E+03));
#15956 = CARTESIAN_POINT('',(-897.113929106,-3.74224742412E+03,
    1.076992323527E+03));
#15957 = CARTESIAN_POINT('',(-896.967285918,-3.741810178986E+03,
    1.076616868161E+03));
#15958 = CARTESIAN_POINT('',(-896.7256578514,-3.741046565222E+03,
    1.076025390639E+03));
#15959 = CARTESIAN_POINT('',(-896.6307539896,-3.740735741863E+03,
    1.075799939326E+03));
#15960 = CARTESIAN_POINT('',(-896.5359858622,-3.740413088758E+03,
    1.075581668087E+03));
#15961 = CARTESIAN_POINT('',(-896.4416928641,-3.740078166036E+03,
    1.075371397944E+03));
#15962 = CARTESIAN_POINT('',(-896.3482702562,-3.739730556281E+03,
    1.075170089234E+03));
#15963 = CARTESIAN_POINT('',(-896.2561726483,-3.739369875223E+03,
    1.074978847933E+03));
#15964 = CARTESIAN_POINT('',(-896.0731468314,-3.738611263361E+03,
    1.074614001639E+03));
#15965 = CARTESIAN_POINT('',(-895.9821416508,-3.738211824875E+03,
    1.074440676179E+03));
#15966 = CARTESIAN_POINT('',(-895.8937292379,-3.737798044089E+03,
    1.074280909518E+03));
#15967 = CARTESIAN_POINT('',(-895.8087323358,-3.737370561685E+03,
    1.074136553119E+03));
#15968 = CARTESIAN_POINT('',(-895.7279541661,-3.73693008306E+03,
    1.074009361964E+03));
#15969 = CARTESIAN_POINT('',(-895.6521634617,-3.736477379487E+03,
    1.073901000531E+03));
#15970 = CARTESIAN_POINT('',(-895.4911135518,-3.735410920273E+03,
    1.07369889119E+03));
#15971 = CARTESIAN_POINT('',(-895.4098454665,-3.734789922821E+03,
    1.073619222617E+03));
#15972 = CARTESIAN_POINT('',(-895.340567672,-3.734157167174E+03,
    1.073578328436E+03));
#15973 = CARTESIAN_POINT('',(-895.2847924627,-3.733519653614E+03,
    1.073578328436E+03));
#15974 = CARTESIAN_POINT('',(-895.2431409068,-3.732884480984E+03,
    1.073619222617E+03));
#15975 = CARTESIAN_POINT('',(-895.2153392714,-3.732258805824E+03,
    1.07369889119E+03));
#15976 = CARTESIAN_POINT('',(-895.1887537722,-3.731180582498E+03,
    1.073901000531E+03));
#15977 = CARTESIAN_POINT('',(-895.1847818951,-3.730721595592E+03,
    1.074009361964E+03));
#15978 = CARTESIAN_POINT('',(-895.1878445523,-3.730273781845E+03,
    1.074136553119E+03));
#15979 = CARTESIAN_POINT('',(-895.19731862,-3.729838034302E+03,
    1.074280909518E+03));
#15980 = CARTESIAN_POINT('',(-895.2125355703,-3.729415187122E+03,
    1.074440676179E+03));
#15981 = CARTESIAN_POINT('',(-895.2327964125,-3.72900601412E+03,
    1.074614001639E+03));
#15982 = CARTESIAN_POINT('',(-895.280928896,-3.72823326508E+03,
    1.074975981182E+03));
#15983 = CARTESIAN_POINT('',(-895.3084836705,-3.727867781277E+03,
    1.07516399872E+03));
#15984 = CARTESIAN_POINT('',(-895.339509071,-3.727514543219E+03,
    1.075361785616E+03));
#15985 = CARTESIAN_POINT('',(-895.3735139602,-3.727173267442E+03,
    1.075568285135E+03));
#15986 = CARTESIAN_POINT('',(-895.4100565538,-3.726843629963E+03,
    1.075782576974E+03));
#15987 = CARTESIAN_POINT('',(-895.4487430256,-3.72652527655E+03,
    1.076003871433E+03));
#15988 = CARTESIAN_POINT('',(-895.5537752717,-3.725727622704E+03,
    1.076594456771E+03));
#15989 = CARTESIAN_POINT('',(-895.6229515049,-3.725264694604E+03,
    1.076973859062E+03));
#15990 = CARTESIAN_POINT('',(-895.6953379548,-3.724827787572E+03,
    1.077366948953E+03));
#15991 = CARTESIAN_POINT('',(-895.769775905,-3.724415551389E+03,
    1.077771637977E+03));
#15992 = CARTESIAN_POINT('',(-895.8453310791,-3.724026620246E+03,
    1.07818644573E+03));
#15993 = CARTESIAN_POINT('',(-895.9212491018,-3.723659685334E+03,
    1.07861043806E+03));
#15994 = CARTESIAN_POINT('',(-896.103411062,-3.722826257284E+03,
    1.079652420158E+03));
#15995 = CARTESIAN_POINT('',(-896.2093755477,-3.722380290574E+03,
    1.080278892425E+03));
#15996 = CARTESIAN_POINT('',(-896.3127211049,-3.721973790334E+03,
    1.0809195296E+03));
#15997 = CARTESIAN_POINT('',(-896.4117777334,-3.721605140073E+03,
    1.08157227198E+03));
#15998 = CARTESIAN_POINT('',(-896.5051433034,-3.721273085308E+03,
    1.082235843508E+03));
#15999 = CARTESIAN_POINT('',(-896.5915704674,-3.720976842339E+03,
    1.082909536464E+03));
#16000 = CARTESIAN_POINT('',(-896.794316989,-3.720302021168E+03,
    1.08467914417E+03));
#16001 = CARTESIAN_POINT('',(-896.898303444,-3.719977579666E+03,
    1.085790459412E+03));
#16002 = CARTESIAN_POINT('',(-896.9765414055,-3.719743949195E+03,
    1.086921080186E+03));
#16003 = CARTESIAN_POINT('',(-897.0245742981,-3.719603908635E+03,
    1.088066035759E+03));
#16004 = CARTESIAN_POINT('',(-897.0388007602,-3.719562024796E+03,
    1.089220660751E+03));
#16005 = CARTESIAN_POINT('',(-897.0167903547,-3.719624917565E+03,
    1.090379921353E+03));
#16006 = CARTESIAN_POINT('',(-896.9278292362,-3.719894036834E+03,
    1.092139569092E+03));
#16007 = CARTESIAN_POINT('',(-896.8875355101,-3.720016929478E+03,
    1.092740763171E+03));
#16008 = CARTESIAN_POINT('',(-896.8373995296,-3.720171794811E+03,
    1.093339655513E+03));
#16009 = CARTESIAN_POINT('',(-896.7776444258,-3.720359825152E+03,
    1.093934752472E+03));
#16010 = CARTESIAN_POINT('',(-896.7087376867,-3.720582251201E+03,
    1.094524462754E+03));
#16011 = CARTESIAN_POINT('',(-896.6314261607,-3.720840346239E+03,
    1.095107054106E+03));
#16012 = CARTESIAN_POINT('',(-896.4442571729,-3.72149276517E+03,
    1.096375162866E+03));
#16013 = CARTESIAN_POINT('',(-896.3309624024,-3.721904382991E+03,
    1.097056545924E+03));
#16014 = CARTESIAN_POINT('',(-896.2088598595,-3.722372334084E+03,
    1.097720728481E+03));
#16015 = CARTESIAN_POINT('',(-896.0806605555,-3.722898459927E+03,
    1.098363295744E+03));
#16016 = CARTESIAN_POINT('',(-895.9498897506,-3.723484324435E+03,
    1.098979353346E+03));
#16017 = CARTESIAN_POINT('',(-895.8208942273,-3.724131068669E+03,
    1.099563370375E+03));
#16018 = CARTESIAN_POINT('',(-895.6272372804,-3.725254057969E+03,
    1.10042860789E+03));
#16019 = CARTESIAN_POINT('',(-895.5580418502,-3.725690079146E+03,
    1.100735130605E+03));
#16020 = CARTESIAN_POINT('',(-895.4922873696,-3.726146982333E+03,
    1.101026937896E+03));
#16021 = CARTESIAN_POINT('',(-895.4311406949,-3.726624346085E+03,
    1.101302441313E+03));
#16022 = CARTESIAN_POINT('',(-895.3758115327,-3.727121592443E+03,
    1.101560049112E+03));
#16023 = CARTESIAN_POINT('',(-895.3275216035,-3.727637981675E+03,
    1.101798160302E+03));
#16024 = CARTESIAN_POINT('',(-895.236029626,-3.728859370418E+03,
    1.102293908201E+03));
#16025 = CARTESIAN_POINT('',(-895.1980877063,-3.7295775313E+03,
    1.102538349473E+03));
#16026 = CARTESIAN_POINT('',(-895.1765126037,-3.730322356109E+03,
    1.102743590161E+03));
#16027 = CARTESIAN_POINT('',(-895.1737571486,-3.731088381145E+03,
    1.102905787583E+03));
#16028 = CARTESIAN_POINT('',(-895.1915635689,-3.731869624178E+03,
    1.103022117142E+03));
#16029 = CARTESIAN_POINT('',(-895.2307851353,-3.732659792193E+03,
    1.103090769661E+03));
#16030 = CARTESIAN_POINT('',(-895.2913283273,-3.733452485252E+03,
    1.103110977613E+03));
#16031 = PCURVE('',#15776,#16032);
#16032 = DEFINITIONAL_REPRESENTATION('',(#16033),#16150);
#16033 = B_SPLINE_CURVE_WITH_KNOTS('',7,(#16034,#16035,#16036,#16037,
    #16038,#16039,#16040,#16041,#16042,#16043,#16044,#16045,#16046,
    #16047,#16048,#16049,#16050,#16051,#16052,#16053,#16054,#16055,
    #16056,#16057,#16058,#16059,#16060,#16061,#16062,#16063,#16064,
    #16065,#16066,#16067,#16068,#16069,#16070,#16071,#16072,#16073,
    #16074,#16075,#16076,#16077,#16078,#16079,#16080,#16081,#16082,
    #16083,#16084,#16085,#16086,#16087,#16088,#16089,#16090,#16091,
    #16092,#16093,#16094,#16095,#16096,#16097,#16098,#16099,#16100,
    #16101,#16102,#16103,#16104,#16105,#16106,#16107,#16108,#16109,
    #16110,#16111,#16112,#16113,#16114,#16115,#16116,#16117,#16118,
    #16119,#16120,#16121,#16122,#16123,#16124,#16125,#16126,#16127,
    #16128,#16129,#16130,#16131,#16132,#16133,#16134,#16135,#16136,
    #16137,#16138,#16139,#16140,#16141,#16142,#16143,#16144,#16145,
    #16146,#16147,#16148,#16149),.UNSPECIFIED.,.T.,.F.,(8,6,6,6,6,6,6,6,
    6,6,6,6,6,6,6,6,6,6,6,8),(0.,5.551046414702E-02,9.31808981316E-02,
    0.157866562184,0.211373693434,0.314146302257,0.379099976274,
    0.42447835192,0.453752933765,0.483843422225,0.522899572364,
    0.552990060824,0.581798186203,0.627731945931,0.692403223094,
    0.7951789854,0.848632063465,0.913361570353,0.95128487672,1.),
  .UNSPECIFIED.);
#16034 = CARTESIAN_POINT('',(1.738913826659,1.103110977613E+03));
#16035 = CARTESIAN_POINT('',(1.713006244012,1.103134026458E+03));
#16036 = CARTESIAN_POINT('',(1.687075012705,1.103093937008E+03));
#16037 = CARTESIAN_POINT('',(1.661373007886,1.102990707052E+03));
#16038 = CARTESIAN_POINT('',(1.636150024261,1.102826265039E+03));
#16039 = CARTESIAN_POINT('',(1.611646359047,1.102604383735E+03));
#16040 = CARTESIAN_POINT('',(1.588087400232,1.102330697014E+03));
#16041 = CARTESIAN_POINT('',(1.550462567766,1.10179703711E+03));
#16042 = CARTESIAN_POINT('',(1.535747335023,1.101560473911E+03));
#16043 = CARTESIAN_POINT('',(1.521549594571,1.101304675351E+03));
#16044 = CARTESIAN_POINT('',(1.507888581195,1.101031210977E+03));
#16045 = CARTESIAN_POINT('',(1.49478057843,1.100741641589E+03));
#16046 = CARTESIAN_POINT('',(1.482238788887,1.100437524986E+03));
#16047 = CARTESIAN_POINT('',(1.449726540129,1.099575908862E+03));
#16048 = CARTESIAN_POINT('',(1.430872083771,1.098992924215E+03));
#16049 = CARTESIAN_POINT('',(1.413706722349,1.09837785083E+03));
#16050 = CARTESIAN_POINT('',(1.398216079964,1.097736217576E+03));
#16051 = CARTESIAN_POINT('',(1.38437584536,1.097072917339E+03));
#16052 = CARTESIAN_POINT('',(1.372152523485,1.09639236445E+03));
#16053 = CARTESIAN_POINT('',(1.352694970971,1.095124711364E+03));
#16054 = CARTESIAN_POINT('',(1.344962757945,1.094541732652E+03));
#16055 = CARTESIAN_POINT('',(1.338278034902,1.09395158212E+03));
#16056 = CARTESIAN_POINT('',(1.332611628904,1.093356000813E+03));
#16057 = CARTESIAN_POINT('',(1.327933859785,1.092756587294E+03));
#16058 = CARTESIAN_POINT('',(1.324214268608,1.092154841015E+03));
#16059 = CARTESIAN_POINT('',(1.316056903588,1.090394707572E+03));
#16060 = CARTESIAN_POINT('',(1.314118268004,1.08923546367E+03));
#16061 = CARTESIAN_POINT('',(1.315348365538,1.088080786447E+03));
#16062 = CARTESIAN_POINT('',(1.319546712672,1.08693571831E+03));
#16063 = CARTESIAN_POINT('',(1.326555212551,1.085804938023E+03));
#16064 = CARTESIAN_POINT('',(1.336258022535,1.084693434818E+03));
#16065 = CARTESIAN_POINT('',(1.35637505622,1.082920500733E+03));
#16066 = CARTESIAN_POINT('',(1.365215969438,1.082243755627E+03));
#16067 = CARTESIAN_POINT('',(1.375103487557,1.081577208615E+03));
#16068 = CARTESIAN_POINT('',(1.386050633107,1.080921572069E+03));
#16069 = CARTESIAN_POINT('',(1.398083706413,1.080278136643E+03));
#16070 = CARTESIAN_POINT('',(1.411239441631,1.079648990863E+03));
#16071 = CARTESIAN_POINT('',(1.435569566837,1.078609850399E+03));
#16072 = CARTESIAN_POINT('',(1.446145339411,1.078190989391E+03));
#16073 = CARTESIAN_POINT('',(1.457319810186,1.07778109337E+03));
#16074 = CARTESIAN_POINT('',(1.46912614212,1.077381064481E+03));
#16075 = CARTESIAN_POINT('',(1.481599166712,1.076992323527E+03));
#16076 = CARTESIAN_POINT('',(1.494773821479,1.076616868161E+03));
#16077 = CARTESIAN_POINT('',(1.517657557842,1.076025390639E+03));
#16078 = CARTESIAN_POINT('',(1.52694248322,1.075799939326E+03));
#16079 = CARTESIAN_POINT('',(1.536549668555,1.075581668087E+03));
#16080 = CARTESIAN_POINT('',(1.546489711399,1.075371397944E+03));
#16081 = CARTESIAN_POINT('',(1.556772592781,1.075170089234E+03));
#16082 = CARTESIAN_POINT('',(1.567407478532,1.074978847933E+03));
#16083 = CARTESIAN_POINT('',(1.589704003527,1.074614001639E+03));
#16084 = CARTESIAN_POINT('',(1.60140804131,1.074440676179E+03));
#16085 = CARTESIAN_POINT('',(1.613495396697,1.074280909518E+03));
#16086 = CARTESIAN_POINT('',(1.625945901588,1.074136553119E+03));
#16087 = CARTESIAN_POINT('',(1.638738485481,1.074009361964E+03));
#16088 = CARTESIAN_POINT('',(1.651851203922,1.073901000531E+03));
#16089 = CARTESIAN_POINT('',(1.682666947684,1.07369889119E+03));
#16090 = CARTESIAN_POINT('',(1.700557541438,1.073619222617E+03));
#16091 = CARTESIAN_POINT('',(1.718737719795,1.073578328436E+03));
#16092 = CARTESIAN_POINT('',(1.737014199153,1.073578328436E+03));
#16093 = CARTESIAN_POINT('',(1.755194377511,1.073619222617E+03));
#16094 = CARTESIAN_POINT('',(1.773084971264,1.07369889119E+03));
#16095 = CARTESIAN_POINT('',(1.803900715027,1.073901000531E+03));
#16096 = CARTESIAN_POINT('',(1.817013433468,1.074009361964E+03));
#16097 = CARTESIAN_POINT('',(1.829806017361,1.074136553119E+03));
#16098 = CARTESIAN_POINT('',(1.842256522251,1.074280909518E+03));
#16099 = CARTESIAN_POINT('',(1.854343877639,1.074440676179E+03));
#16100 = CARTESIAN_POINT('',(1.866047915422,1.074614001639E+03));
#16101 = CARTESIAN_POINT('',(1.888169247189,1.074975981182E+03));
#16102 = CARTESIAN_POINT('',(1.898640387929,1.07516399872E+03));
#16103 = CARTESIAN_POINT('',(1.908770555697,1.075361785616E+03));
#16104 = CARTESIAN_POINT('',(1.91856843768,1.075568285135E+03));
#16105 = CARTESIAN_POINT('',(1.92804349038,1.075782576974E+03));
#16106 = CARTESIAN_POINT('',(1.937205756867,1.076003871433E+03));
#16107 = CARTESIAN_POINT('',(1.96019259305,1.076594456771E+03));
#16108 = CARTESIAN_POINT('',(1.973563941714,1.076973859062E+03));
#16109 = CARTESIAN_POINT('',(1.986214771003,1.077366948953E+03));
#16110 = CARTESIAN_POINT('',(1.998181399903,1.077771637977E+03));
#16111 = CARTESIAN_POINT('',(2.009500073864,1.07818644573E+03));
#16112 = CARTESIAN_POINT('',(2.020205299749,1.07861043806E+03));
#16113 = CARTESIAN_POINT('',(2.044579680651,1.079652420158E+03));
#16114 = CARTESIAN_POINT('',(2.05767419145,1.080278892425E+03));
#16115 = CARTESIAN_POINT('',(2.069655828391,1.0809195296E+03));
#16116 = CARTESIAN_POINT('',(2.080560846538,1.08157227198E+03));
#16117 = CARTESIAN_POINT('',(2.090415223202,1.082235843508E+03));
#16118 = CARTESIAN_POINT('',(2.099231883168,1.082909536464E+03));
#16119 = CARTESIAN_POINT('',(2.119363891691,1.08467914417E+03));
#16120 = CARTESIAN_POINT('',(2.129096511745,1.085790459412E+03));
#16121 = CARTESIAN_POINT('',(2.136135616981,1.086921080186E+03));
#16122 = CARTESIAN_POINT('',(2.140365897018,1.088066035759E+03));
#16123 = CARTESIAN_POINT('',(2.14162947347,1.089220660751E+03));
#16124 = CARTESIAN_POINT('',(2.13972595459,1.090379921353E+03));
#16125 = CARTESIAN_POINT('',(2.131627617085,1.092139569092E+03));
#16126 = CARTESIAN_POINT('',(2.127932516849,1.092740763171E+03));
#16127 = CARTESIAN_POINT('',(2.12328170789,1.093339655513E+03));
#16128 = CARTESIAN_POINT('',(2.117644815082,1.093934752472E+03));
#16129 = CARTESIAN_POINT('',(2.110992234705,1.094524462754E+03));
#16130 = CARTESIAN_POINT('',(2.103294858433,1.095107054106E+03));
#16131 = CARTESIAN_POINT('',(2.083902398495,1.096375162866E+03));
#16132 = CARTESIAN_POINT('',(2.071705256164,1.097056545924E+03));
#16133 = CARTESIAN_POINT('',(2.057889628689,1.097720728481E+03));
#16134 = CARTESIAN_POINT('',(2.042421778687,1.098363295744E+03));
#16135 = CARTESIAN_POINT('',(2.025277171265,1.098979353346E+03));
#16136 = CARTESIAN_POINT('',(2.006441220321,1.099563370375E+03));
#16137 = CARTESIAN_POINT('',(1.973882225431,1.10042860789E+03));
#16138 = CARTESIAN_POINT('',(1.961269699269,1.100735130605E+03));
#16139 = CARTESIAN_POINT('',(1.948083114411,1.101026937896E+03));
#16140 = CARTESIAN_POINT('',(1.934335876589,1.101302441313E+03));
#16141 = CARTESIAN_POINT('',(1.920044553925,1.101560049112E+03));
#16142 = CARTESIAN_POINT('',(1.905228743528,1.101798160302E+03));
#16143 = CARTESIAN_POINT('',(1.870234152186,1.102293908201E+03));
#16144 = CARTESIAN_POINT('',(1.84969160912,1.102538349473E+03));
#16145 = CARTESIAN_POINT('',(1.828411899299,1.102743590161E+03));
#16146 = CARTESIAN_POINT('',(1.806538436982,1.102905787583E+03));
#16147 = CARTESIAN_POINT('',(1.784224180515,1.103022117142E+03));
#16148 = CARTESIAN_POINT('',(1.761628162032,1.103090769661E+03));
#16149 = CARTESIAN_POINT('',(1.738913826659,1.103110977613E+03));
#16150 = ( GEOMETRIC_REPRESENTATION_CONTEXT(2) 
PARAMETRIC_REPRESENTATION_CONTEXT() REPRESENTATION_CONTEXT('2D SPACE',''
  ) );
#16151 = PCURVE('',#16152,#16157);
#16152 = CYLINDRICAL_SURFACE('',#16153,14.);
#16153 = AXIS2_PLACEMENT_3D('',#16154,#16155,#16156);
#16154 = CARTESIAN_POINT('',(-930.1896885807,-3.730787067531E+03,1.1E+03
    ));
#16155 = DIRECTION('',(0.945307261406,-8.270366892172E-02,
    -0.315522241183));
#16156 = DIRECTION('',(0.316606878261,0.,0.948556843124));
#16157 = DEFINITIONAL_REPRESENTATION('',(#16158),#16275);
#16158 = B_SPLINE_CURVE_WITH_KNOTS('',7,(#16159,#16160,#16161,#16162,
    #16163,#16164,#16165,#16166,#16167,#16168,#16169,#16170,#16171,
    #16172,#16173,#16174,#16175,#16176,#16177,#16178,#16179,#16180,
    #16181,#16182,#16183,#16184,#16185,#16186,#16187,#16188,#16189,
    #16190,#16191,#16192,#16193,#16194,#16195,#16196,#16197,#16198,
    #16199,#16200,#16201,#16202,#16203,#16204,#16205,#16206,#16207,
    #16208,#16209,#16210,#16211,#16212,#16213,#16214,#16215,#16216,
    #16217,#16218,#16219,#16220,#16221,#16222,#16223,#16224,#16225,
    #16226,#16227,#16228,#16229,#16230,#16231,#16232,#16233,#16234,
    #16235,#16236,#16237,#16238,#16239,#16240,#16241,#16242,#16243,
    #16244,#16245,#16246,#16247,#16248,#16249,#16250,#16251,#16252,
    #16253,#16254,#16255,#16256,#16257,#16258,#16259,#16260,#16261,
    #16262,#16263,#16264,#16265,#16266,#16267,#16268,#16269,#16270,
    #16271,#16272,#16273,#16274),.UNSPECIFIED.,.F.,.F.,(8,6,6,6,6,6,6,6,
    6,6,6,6,6,6,6,6,6,6,6,8),(0.,5.551046414702E-02,9.31808981316E-02,
    0.157866562184,0.211373693434,0.314146302257,0.379099976274,
    0.42447835192,0.453752933765,0.483843422225,0.522899572364,
    0.552990060824,0.581798186203,0.627731945931,0.692403223094,
    0.7951789854,0.848632063465,0.913361570353,0.95128487672,1.),
  .UNSPECIFIED.);
#16159 = CARTESIAN_POINT('',(0.,32.228530554609));
#16160 = CARTESIAN_POINT('',(6.478968236678E-02,32.230755429212));
#16161 = CARTESIAN_POINT('',(0.129524923504,32.226904626494));
#16162 = CARTESIAN_POINT('',(0.193947066598,32.216790570366));
#16163 = CARTESIAN_POINT('',(0.257804240157,32.201181825925));
#16164 = CARTESIAN_POINT('',(0.320833902682,32.181817508612));
#16165 = CARTESIAN_POINT('',(0.382743852568,32.161024148542));
#16166 = CARTESIAN_POINT('',(0.484208140844,32.127604634122));
#16167 = CARTESIAN_POINT('',(0.524638447901,32.11447280184));
#16168 = CARTESIAN_POINT('',(0.564486655138,32.102407942909));
#16169 = CARTESIAN_POINT('',(0.603756203748,32.092106728937));
#16170 = CARTESIAN_POINT('',(0.642447250935,32.084244635166));
#16171 = CARTESIAN_POINT('',(0.680556715066,32.079446302068));
#16172 = CARTESIAN_POINT('',(0.782508424958,32.076211796633));
#16173 = CARTESIAN_POINT('',(0.845226382145,32.084806093391));
#16174 = CARTESIAN_POINT('',(0.90637193651,32.106810347975));
#16175 = CARTESIAN_POINT('',(0.966061552458,32.144497002419));
#16176 = CARTESIAN_POINT('',(1.024394784332,32.199529949939));
#16177 = CARTESIAN_POINT('',(1.081457876619,32.272933160245));
#16178 = CARTESIAN_POINT('',(1.183536809756,32.441407462814));
#16179 = CARTESIAN_POINT('',(1.228934885295,32.530548741922));
#16180 = CARTESIAN_POINT('',(1.273588052065,32.632855581893));
#16181 = CARTESIAN_POINT('',(1.31755674439,32.748385848782));
#16182 = CARTESIAN_POINT('',(1.360893782585,32.876980194076));
#16183 = CARTESIAN_POINT('',(1.403645555342,33.018281358385));
#16184 = CARTESIAN_POINT('',(1.526922582434,33.466531562677));
#16185 = CARTESIAN_POINT('',(1.605876627056,33.805819490721));
#16186 = CARTESIAN_POINT('',(1.683287592938,34.18660533454));
#16187 = CARTESIAN_POINT('',(1.759620673455,34.604465086438));
#16188 = CARTESIAN_POINT('',(1.835311050202,35.054147823614));
#16189 = CARTESIAN_POINT('',(1.910767887586,35.529637864371));
#16190 = CARTESIAN_POINT('',(2.034241161026,36.336421259091));
#16191 = CARTESIAN_POINT('',(2.082151814197,36.656483455302));
#16192 = CARTESIAN_POINT('',(2.130345451838,36.982943457805));
#16193 = CARTESIAN_POINT('',(2.179008650426,37.314448809599));
#16194 = CARTESIAN_POINT('',(2.228325537797,37.649355645802));
#16195 = CARTESIAN_POINT('',(2.278481309338,37.98554099487));
#16196 = CARTESIAN_POINT('',(2.365431278368,38.55399463121));
#16197 = CARTESIAN_POINT('',(2.401693776263,38.787026236342));
#16198 = CARTESIAN_POINT('',(2.438574744012,39.01867057923));
#16199 = CARTESIAN_POINT('',(2.476186058024,39.248059118469));
#16200 = CARTESIAN_POINT('',(2.51463503623,39.474002790315));
#16201 = CARTESIAN_POINT('',(2.55402663445,39.69492840213));
#16202 = CARTESIAN_POINT('',(2.620555507302,40.046811821463));
#16203 = CARTESIAN_POINT('',(2.647095718881,40.181953802638));
#16204 = CARTESIAN_POINT('',(2.674120549314,40.313723636685));
#16205 = CARTESIAN_POINT('',(2.701662286475,40.441505061263));
#16206 = CARTESIAN_POINT('',(2.729752928468,40.56458690429));
#16207 = CARTESIAN_POINT('',(2.758424797931,40.682158678775));
#16208 = CARTESIAN_POINT('',(2.817813749585,40.907551448492));
#16209 = CARTESIAN_POINT('',(2.848624252756,41.015232315954));
#16210 = CARTESIAN_POINT('',(2.880101594031,41.114997957568));
#16211 = CARTESIAN_POINT('',(2.912212293452,41.205539437827));
#16212 = CARTESIAN_POINT('',(2.944929844476,41.285602068178));
#16213 = CARTESIAN_POINT('',(2.978234095536,41.353997767029));
#16214 = CARTESIAN_POINT('',(3.056080907466,41.481809318881));
#16215 = CARTESIAN_POINT('',(3.100974874242,41.532411068874));
#16216 = CARTESIAN_POINT('',(3.146394912113,41.558471681129));
#16217 = CARTESIAN_POINT('',(3.19198561644,41.558471681129));
#16218 = CARTESIAN_POINT('',(3.237405654311,41.532411068874));
#16219 = CARTESIAN_POINT('',(3.282299621087,41.481809318881));
#16220 = CARTESIAN_POINT('',(3.360146433016,41.353997767029));
#16221 = CARTESIAN_POINT('',(3.393450684077,41.285602068178));
#16222 = CARTESIAN_POINT('',(3.426168235101,41.205539437827));
#16223 = CARTESIAN_POINT('',(3.458278934521,41.114997957568));
#16224 = CARTESIAN_POINT('',(3.489756275797,41.015232315953));
#16225 = CARTESIAN_POINT('',(3.520566778967,40.907551448492));
#16226 = CARTESIAN_POINT('',(3.579489086509,40.683929685097));
#16227 = CARTESIAN_POINT('',(3.607713903508,40.568331390164));
#16228 = CARTESIAN_POINT('',(3.63537543998,40.447382605772));
#16229 = CARTESIAN_POINT('',(3.662504428555,40.321857587068));
#16230 = CARTESIAN_POINT('',(3.68913128632,40.192437537721));
#16231 = CARTESIAN_POINT('',(3.715286683417,40.059714616232));
#16232 = CARTESIAN_POINT('',(3.782004651245,39.708115161983));
#16233 = CARTESIAN_POINT('',(3.821926616182,39.484726653168));
#16234 = CARTESIAN_POINT('',(3.860877991843,39.256136798405));
#16235 = CARTESIAN_POINT('',(3.898967732863,39.023988231165));
#16236 = CARTESIAN_POINT('',(3.936307284204,38.789518271994));
#16237 = CARTESIAN_POINT('',(3.973012932584,38.553626540098));
#16238 = CARTESIAN_POINT('',(4.06016549505,37.983731432046));
#16239 = CARTESIAN_POINT('',(4.11010157184,37.649013417483));
#16240 = CARTESIAN_POINT('',(4.159206550375,37.315565773125));
#16241 = CARTESIAN_POINT('',(4.207663343322,36.985483355162));
#16242 = CARTESIAN_POINT('',(4.255653761392,36.66039048091));
#16243 = CARTESIAN_POINT('',(4.303361947128,36.341624763327));
#16244 = CARTESIAN_POINT('',(4.426639005368,35.535806228299));
#16245 = CARTESIAN_POINT('',(4.502096389688,35.060029898698));
#16246 = CARTESIAN_POINT('',(4.577782334461,34.610012887972));
#16247 = CARTESIAN_POINT('',(4.654107241057,34.191766229165));
#16248 = CARTESIAN_POINT('',(4.731506970161,33.810544039181));
#16249 = CARTESIAN_POINT('',(4.810446794411,33.470779594809));
#16250 = CARTESIAN_POINT('',(4.933652868368,33.021924338696));
#16251 = CARTESIAN_POINT('',(4.976349667025,32.88048785986));
#16252 = CARTESIAN_POINT('',(5.019629673772,32.751725843445));
#16253 = CARTESIAN_POINT('',(5.063539049982,32.635997249996));
#16254 = CARTESIAN_POINT('',(5.108130400029,32.533464031095));
#16255 = CARTESIAN_POINT('',(5.153463931872,32.444072055594));
#16256 = CARTESIAN_POINT('',(5.25548795822,32.27484518007));
#16257 = CARTESIAN_POINT('',(5.312563521535,32.200994343838));
#16258 = CARTESIAN_POINT('',(5.370909354431,32.145555667489));
#16259 = CARTESIAN_POINT('',(5.430611867315,32.107511675313));
#16260 = CARTESIAN_POINT('',(5.49177073714,32.085203535603));
#16261 = CARTESIAN_POINT('',(5.554502563132,32.076361699727));
#16262 = CARTESIAN_POINT('',(5.656703727858,32.079300673103));
#16263 = CARTESIAN_POINT('',(5.69505585613,32.08405743265));
#16264 = CARTESIAN_POINT('',(5.733997278315,32.091931500323));
#16265 = CARTESIAN_POINT('',(5.773524887421,32.102286174034));
#16266 = CARTESIAN_POINT('',(5.813638898873,32.114432340783));
#16267 = CARTESIAN_POINT('',(5.854342898186,32.127659069282));
#16268 = CARTESIAN_POINT('',(5.948697881936,32.15874094209));
#16269 = CARTESIAN_POINT('',(6.002837896278,32.17687559622));
#16270 = CARTESIAN_POINT('',(6.057852530449,32.194112439666));
#16271 = CARTESIAN_POINT('',(6.113557261866,32.208893378408));
#16272 = CARTESIAN_POINT('',(6.169785900583,32.219967942064));
#16273 = CARTESIAN_POINT('',(6.226381297556,32.226579907627));
#16274 = CARTESIAN_POINT('',(6.28318530718,32.228530554609));
#16275 = ( GEOMETRIC_REPRESENTATION_CONTEXT(2) 
PARAMETRIC_REPRESENTATION_CONTEXT() REPRESENTATION_CONTEXT('2D SPACE',''
  ) );
#16276 = ORIENTED_EDGE('',*,*,#16277,.T.);
#16277 = EDGE_CURVE('',#15911,#16278,#16280,.T.);
#16278 = VERTEX_POINT('',#16279);
#16279 = CARTESIAN_POINT('',(-895.3680491771,-3.734316009193E+03,
    1.61E+03));
#16280 = SURFACE_CURVE('',#16281,(#16285,#16291),.PCURVE_S1.);
#16281 = LINE('',#16282,#16283);
#16282 = CARTESIAN_POINT('',(-895.3680491771,-3.734316009193E+03,0.));
#16283 = VECTOR('',#16284,1.);
#16284 = DIRECTION('',(0.,-0.,1.));
#16285 = PCURVE('',#15776,#16286);
#16286 = DEFINITIONAL_REPRESENTATION('',(#16287),#16290);
#16287 = B_SPLINE_CURVE_WITH_KNOTS('',1,(#16288,#16289),.UNSPECIFIED.,
  .F.,.F.,(2,2),(1.038E+03,1.662E+03),.PIECEWISE_BEZIER_KNOTS.);
#16288 = CARTESIAN_POINT('',(1.7141438957,1.038E+03));
#16289 = CARTESIAN_POINT('',(1.7141438957,1.662E+03));
#16290 = ( GEOMETRIC_REPRESENTATION_CONTEXT(2) 
PARAMETRIC_REPRESENTATION_CONTEXT() REPRESENTATION_CONTEXT('2D SPACE',''
  ) );
#16291 = PCURVE('',#16292,#16297);
#16292 = PLANE('',#16293);
#16293 = AXIS2_PLACEMENT_3D('',#16294,#16295,#16296);
#16294 = CARTESIAN_POINT('',(-1.132742181621E+03,-3.675131990824E+03,
    1.09E+03));
#16295 = DIRECTION('',(-0.2419218956,-0.970295726276,0.));
#16296 = DIRECTION('',(0.,-0.,1.));
#16297 = DEFINITIONAL_REPRESENTATION('',(#16298),#16301);
#16298 = B_SPLINE_CURVE_WITH_KNOTS('',1,(#16299,#16300),.UNSPECIFIED.,
  .F.,.F.,(2,2),(1.038E+03,1.662E+03),.PIECEWISE_BEZIER_KNOTS.);
#16299 = CARTESIAN_POINT('',(-52.,-244.6410161513));
#16300 = CARTESIAN_POINT('',(572.,-244.6410161513));
#16301 = ( GEOMETRIC_REPRESENTATION_CONTEXT(2) 
PARAMETRIC_REPRESENTATION_CONTEXT() REPRESENTATION_CONTEXT('2D SPACE',''
  ) );
#16302 = ORIENTED_EDGE('',*,*,#16303,.T.);
#16303 = EDGE_CURVE('',#16278,#15856,#16304,.T.);
#16304 = SURFACE_CURVE('',#16305,(#16310,#16317),.PCURVE_S1.);
#16305 = CIRCLE('',#16306,35.);
#16306 = AXIS2_PLACEMENT_3D('',#16307,#16308,#16309);
#16307 = CARTESIAN_POINT('',(-930.1896885807,-3.730787067531E+03,
    1.61E+03));
#16308 = DIRECTION('',(0.,0.,1.));
#16309 = DIRECTION('',(-0.2419218956,-0.970295726276,0.));
#16310 = PCURVE('',#15776,#16311);
#16311 = DEFINITIONAL_REPRESENTATION('',(#16312),#16316);
#16312 = LINE('',#16313,#16314);
#16313 = CARTESIAN_POINT('',(0.,1.61E+03));
#16314 = VECTOR('',#16315,1.);
#16315 = DIRECTION('',(1.,0.));
#16316 = ( GEOMETRIC_REPRESENTATION_CONTEXT(2) 
PARAMETRIC_REPRESENTATION_CONTEXT() REPRESENTATION_CONTEXT('2D SPACE',''
  ) );
#16317 = PCURVE('',#16318,#16323);
#16318 = PLANE('',#16319);
#16319 = AXIS2_PLACEMENT_3D('',#16320,#16321,#16322);
#16320 = CARTESIAN_POINT('',(-1.091615459369E+03,-3.510181717357E+03,
    1.61E+03));
#16321 = DIRECTION('',(0.,-0.,1.));
#16322 = DIRECTION('',(-0.2419218956,-0.970295726276,0.));
#16323 = DEFINITIONAL_REPRESENTATION('',(#16324),#16328);
#16324 = CIRCLE('',#16325,35.);
#16325 = AXIS2_PLACEMENT_2D('',#16326,#16327);
#16326 = CARTESIAN_POINT('',(175.,210.));
#16327 = DIRECTION('',(1.,0.));
#16328 = ( GEOMETRIC_REPRESENTATION_CONTEXT(2) 
PARAMETRIC_REPRESENTATION_CONTEXT() REPRESENTATION_CONTEXT('2D SPACE',''
  ) );
#16329 = ADVANCED_FACE('',(#16330),#15788,.T.);
#16330 = FACE_BOUND('',#16331,.T.);
#16331 = EDGE_LOOP('',(#16332));
#16332 = ORIENTED_EDGE('',*,*,#15766,.T.);
#16333 = ADVANCED_FACE('',(#16334),#15838,.F.);
#16334 = FACE_BOUND('',#16335,.T.);
#16335 = EDGE_LOOP('',(#16336));
#16336 = ORIENTED_EDGE('',*,*,#15823,.F.);
#16337 = ADVANCED_FACE('',(#16338),#15870,.T.);
#16338 = FACE_BOUND('',#16339,.T.);
#16339 = EDGE_LOOP('',(#16340,#16363,#16391,#16412));
#16340 = ORIENTED_EDGE('',*,*,#16341,.F.);
#16341 = EDGE_CURVE('',#16342,#15856,#16344,.T.);
#16342 = VERTEX_POINT('',#16343);
#16343 = CARTESIAN_POINT('',(-1.132742181621E+03,-3.675131990824E+03,
    1.61E+03));
#16344 = SURFACE_CURVE('',#16345,(#16349,#16356),.PCURVE_S1.);
#16345 = LINE('',#16346,#16347);
#16346 = CARTESIAN_POINT('',(-1.132742181621E+03,-3.675131990824E+03,
    1.61E+03));
#16347 = VECTOR('',#16348,1.);
#16348 = DIRECTION('',(0.970295726276,-0.2419218956,0.));
#16349 = PCURVE('',#15870,#16350);
#16350 = DEFINITIONAL_REPRESENTATION('',(#16351),#16355);
#16351 = LINE('',#16352,#16353);
#16352 = CARTESIAN_POINT('',(520.,0.));
#16353 = VECTOR('',#16354,1.);
#16354 = DIRECTION('',(0.,-1.));
#16355 = ( GEOMETRIC_REPRESENTATION_CONTEXT(2) 
PARAMETRIC_REPRESENTATION_CONTEXT() REPRESENTATION_CONTEXT('2D SPACE',''
  ) );
#16356 = PCURVE('',#16318,#16357);
#16357 = DEFINITIONAL_REPRESENTATION('',(#16358),#16362);
#16358 = LINE('',#16359,#16360);
#16359 = CARTESIAN_POINT('',(170.,0.));
#16360 = VECTOR('',#16361,1.);
#16361 = DIRECTION('',(0.,1.));
#16362 = ( GEOMETRIC_REPRESENTATION_CONTEXT(2) 
PARAMETRIC_REPRESENTATION_CONTEXT() REPRESENTATION_CONTEXT('2D SPACE',''
  ) );
#16363 = ORIENTED_EDGE('',*,*,#16364,.F.);
#16364 = EDGE_CURVE('',#16365,#16342,#16367,.T.);
#16365 = VERTEX_POINT('',#16366);
#16366 = CARTESIAN_POINT('',(-1.132742181621E+03,-3.675131990824E+03,
    1.09E+03));
#16367 = SURFACE_CURVE('',#16368,(#16372,#16379),.PCURVE_S1.);
#16368 = LINE('',#16369,#16370);
#16369 = CARTESIAN_POINT('',(-1.132742181621E+03,-3.675131990824E+03,
    1.09E+03));
#16370 = VECTOR('',#16371,1.);
#16371 = DIRECTION('',(0.,-0.,1.));
#16372 = PCURVE('',#15870,#16373);
#16373 = DEFINITIONAL_REPRESENTATION('',(#16374),#16378);
#16374 = LINE('',#16375,#16376);
#16375 = CARTESIAN_POINT('',(0.,0.));
#16376 = VECTOR('',#16377,1.);
#16377 = DIRECTION('',(1.,0.));
#16378 = ( GEOMETRIC_REPRESENTATION_CONTEXT(2) 
PARAMETRIC_REPRESENTATION_CONTEXT() REPRESENTATION_CONTEXT('2D SPACE',''
  ) );
#16379 = PCURVE('',#16380,#16385);
#16380 = PLANE('',#16381);
#16381 = AXIS2_PLACEMENT_3D('',#16382,#16383,#16384);
#16382 = CARTESIAN_POINT('',(-1.091615459369E+03,-3.510181717357E+03,
    1.09E+03));
#16383 = DIRECTION('',(0.970295726276,-0.2419218956,0.));
#16384 = DIRECTION('',(0.,-0.,1.));
#16385 = DEFINITIONAL_REPRESENTATION('',(#16386),#16390);
#16386 = LINE('',#16387,#16388);
#16387 = CARTESIAN_POINT('',(0.,170.));
#16388 = VECTOR('',#16389,1.);
#16389 = DIRECTION('',(1.,0.));
#16390 = ( GEOMETRIC_REPRESENTATION_CONTEXT(2) 
PARAMETRIC_REPRESENTATION_CONTEXT() REPRESENTATION_CONTEXT('2D SPACE',''
  ) );
#16391 = ORIENTED_EDGE('',*,*,#16392,.T.);
#16392 = EDGE_CURVE('',#16365,#15854,#16393,.T.);
#16393 = SURFACE_CURVE('',#16394,(#16398,#16405),.PCURVE_S1.);
#16394 = LINE('',#16395,#16396);
#16395 = CARTESIAN_POINT('',(-1.132742181621E+03,-3.675131990824E+03,
    1.09E+03));
#16396 = VECTOR('',#16397,1.);
#16397 = DIRECTION('',(0.970295726276,-0.2419218956,0.));
#16398 = PCURVE('',#15870,#16399);
#16399 = DEFINITIONAL_REPRESENTATION('',(#16400),#16404);
#16400 = LINE('',#16401,#16402);
#16401 = CARTESIAN_POINT('',(0.,0.));
#16402 = VECTOR('',#16403,1.);
#16403 = DIRECTION('',(0.,-1.));
#16404 = ( GEOMETRIC_REPRESENTATION_CONTEXT(2) 
PARAMETRIC_REPRESENTATION_CONTEXT() REPRESENTATION_CONTEXT('2D SPACE',''
  ) );
#16405 = PCURVE('',#15898,#16406);
#16406 = DEFINITIONAL_REPRESENTATION('',(#16407),#16411);
#16407 = LINE('',#16408,#16409);
#16408 = CARTESIAN_POINT('',(170.,0.));
#16409 = VECTOR('',#16410,1.);
#16410 = DIRECTION('',(0.,1.));
#16411 = ( GEOMETRIC_REPRESENTATION_CONTEXT(2) 
PARAMETRIC_REPRESENTATION_CONTEXT() REPRESENTATION_CONTEXT('2D SPACE',''
  ) );
#16412 = ORIENTED_EDGE('',*,*,#15853,.T.);
#16413 = ADVANCED_FACE('',(#16414),#16318,.T.);
#16414 = FACE_BOUND('',#16415,.T.);
#16415 = EDGE_LOOP('',(#16416,#16446,#16474,#16495,#16496,#16497));
#16416 = ORIENTED_EDGE('',*,*,#16417,.F.);
#16417 = EDGE_CURVE('',#16418,#16420,#16422,.T.);
#16418 = VERTEX_POINT('',#16419);
#16419 = CARTESIAN_POINT('',(-684.0912543328,-3.611788913509E+03,
    1.61E+03));
#16420 = VERTEX_POINT('',#16421);
#16421 = CARTESIAN_POINT('',(-725.2179765847,-3.776739186976E+03,
    1.61E+03));
#16422 = SURFACE_CURVE('',#16423,(#16427,#16434),.PCURVE_S1.);
#16423 = LINE('',#16424,#16425);
#16424 = CARTESIAN_POINT('',(-684.0912543328,-3.611788913509E+03,
    1.61E+03));
#16425 = VECTOR('',#16426,1.);
#16426 = DIRECTION('',(-0.2419218956,-0.970295726276,0.));
#16427 = PCURVE('',#16318,#16428);
#16428 = DEFINITIONAL_REPRESENTATION('',(#16429),#16433);
#16429 = LINE('',#16430,#16431);
#16430 = CARTESIAN_POINT('',(0.,420.));
#16431 = VECTOR('',#16432,1.);
#16432 = DIRECTION('',(1.,0.));
#16433 = ( GEOMETRIC_REPRESENTATION_CONTEXT(2) 
PARAMETRIC_REPRESENTATION_CONTEXT() REPRESENTATION_CONTEXT('2D SPACE',''
  ) );
#16434 = PCURVE('',#16435,#16440);
#16435 = PLANE('',#16436);
#16436 = AXIS2_PLACEMENT_3D('',#16437,#16438,#16439);
#16437 = CARTESIAN_POINT('',(-684.0912543328,-3.611788913509E+03,
    1.09E+03));
#16438 = DIRECTION('',(0.970295726276,-0.2419218956,0.));
#16439 = DIRECTION('',(0.,-0.,1.));
#16440 = DEFINITIONAL_REPRESENTATION('',(#16441),#16445);
#16441 = LINE('',#16442,#16443);
#16442 = CARTESIAN_POINT('',(520.,0.));
#16443 = VECTOR('',#16444,1.);
#16444 = DIRECTION('',(0.,1.));
#16445 = ( GEOMETRIC_REPRESENTATION_CONTEXT(2) 
PARAMETRIC_REPRESENTATION_CONTEXT() REPRESENTATION_CONTEXT('2D SPACE',''
  ) );
#16446 = ORIENTED_EDGE('',*,*,#16447,.F.);
#16447 = EDGE_CURVE('',#16448,#16418,#16450,.T.);
#16448 = VERTEX_POINT('',#16449);
#16449 = CARTESIAN_POINT('',(-1.091615459369E+03,-3.510181717357E+03,
    1.61E+03));
#16450 = SURFACE_CURVE('',#16451,(#16455,#16462),.PCURVE_S1.);
#16451 = LINE('',#16452,#16453);
#16452 = CARTESIAN_POINT('',(-1.091615459369E+03,-3.510181717357E+03,
    1.61E+03));
#16453 = VECTOR('',#16454,1.);
#16454 = DIRECTION('',(0.970295726276,-0.2419218956,0.));
#16455 = PCURVE('',#16318,#16456);
#16456 = DEFINITIONAL_REPRESENTATION('',(#16457),#16461);
#16457 = LINE('',#16458,#16459);
#16458 = CARTESIAN_POINT('',(0.,0.));
#16459 = VECTOR('',#16460,1.);
#16460 = DIRECTION('',(0.,1.));
#16461 = ( GEOMETRIC_REPRESENTATION_CONTEXT(2) 
PARAMETRIC_REPRESENTATION_CONTEXT() REPRESENTATION_CONTEXT('2D SPACE',''
  ) );
#16462 = PCURVE('',#16463,#16468);
#16463 = PLANE('',#16464);
#16464 = AXIS2_PLACEMENT_3D('',#16465,#16466,#16467);
#16465 = CARTESIAN_POINT('',(-1.091615459369E+03,-3.510181717357E+03,
    1.09E+03));
#16466 = DIRECTION('',(-0.2419218956,-0.970295726276,0.));
#16467 = DIRECTION('',(0.,-0.,1.));
#16468 = DEFINITIONAL_REPRESENTATION('',(#16469),#16473);
#16469 = LINE('',#16470,#16471);
#16470 = CARTESIAN_POINT('',(520.,0.));
#16471 = VECTOR('',#16472,1.);
#16472 = DIRECTION('',(0.,-1.));
#16473 = ( GEOMETRIC_REPRESENTATION_CONTEXT(2) 
PARAMETRIC_REPRESENTATION_CONTEXT() REPRESENTATION_CONTEXT('2D SPACE',''
  ) );
#16474 = ORIENTED_EDGE('',*,*,#16475,.T.);
#16475 = EDGE_CURVE('',#16448,#16342,#16476,.T.);
#16476 = SURFACE_CURVE('',#16477,(#16481,#16488),.PCURVE_S1.);
#16477 = LINE('',#16478,#16479);
#16478 = CARTESIAN_POINT('',(-1.091615459369E+03,-3.510181717357E+03,
    1.61E+03));
#16479 = VECTOR('',#16480,1.);
#16480 = DIRECTION('',(-0.2419218956,-0.970295726276,0.));
#16481 = PCURVE('',#16318,#16482);
#16482 = DEFINITIONAL_REPRESENTATION('',(#16483),#16487);
#16483 = LINE('',#16484,#16485);
#16484 = CARTESIAN_POINT('',(0.,0.));
#16485 = VECTOR('',#16486,1.);
#16486 = DIRECTION('',(1.,0.));
#16487 = ( GEOMETRIC_REPRESENTATION_CONTEXT(2) 
PARAMETRIC_REPRESENTATION_CONTEXT() REPRESENTATION_CONTEXT('2D SPACE',''
  ) );
#16488 = PCURVE('',#16380,#16489);
#16489 = DEFINITIONAL_REPRESENTATION('',(#16490),#16494);
#16490 = LINE('',#16491,#16492);
#16491 = CARTESIAN_POINT('',(520.,0.));
#16492 = VECTOR('',#16493,1.);
#16493 = DIRECTION('',(0.,1.));
#16494 = ( GEOMETRIC_REPRESENTATION_CONTEXT(2) 
PARAMETRIC_REPRESENTATION_CONTEXT() REPRESENTATION_CONTEXT('2D SPACE',''
  ) );
#16495 = ORIENTED_EDGE('',*,*,#16341,.T.);
#16496 = ORIENTED_EDGE('',*,*,#16303,.F.);
#16497 = ORIENTED_EDGE('',*,*,#16498,.T.);
#16498 = EDGE_CURVE('',#16278,#16420,#16499,.T.);
#16499 = SURFACE_CURVE('',#16500,(#16504,#16511),.PCURVE_S1.);
#16500 = LINE('',#16501,#16502);
#16501 = CARTESIAN_POINT('',(-1.132742181621E+03,-3.675131990824E+03,
    1.61E+03));
#16502 = VECTOR('',#16503,1.);
#16503 = DIRECTION('',(0.970295726276,-0.2419218956,0.));
#16504 = PCURVE('',#16318,#16505);
#16505 = DEFINITIONAL_REPRESENTATION('',(#16506),#16510);
#16506 = LINE('',#16507,#16508);
#16507 = CARTESIAN_POINT('',(170.,0.));
#16508 = VECTOR('',#16509,1.);
#16509 = DIRECTION('',(0.,1.));
#16510 = ( GEOMETRIC_REPRESENTATION_CONTEXT(2) 
PARAMETRIC_REPRESENTATION_CONTEXT() REPRESENTATION_CONTEXT('2D SPACE',''
  ) );
#16511 = PCURVE('',#16292,#16512);
#16512 = DEFINITIONAL_REPRESENTATION('',(#16513),#16517);
#16513 = LINE('',#16514,#16515);
#16514 = CARTESIAN_POINT('',(520.,0.));
#16515 = VECTOR('',#16516,1.);
#16516 = DIRECTION('',(0.,-1.));
#16517 = ( GEOMETRIC_REPRESENTATION_CONTEXT(2) 
PARAMETRIC_REPRESENTATION_CONTEXT() REPRESENTATION_CONTEXT('2D SPACE',''
  ) );
#16518 = ADVANCED_FACE('',(#16519),#16292,.T.);
#16519 = FACE_BOUND('',#16520,.T.);
#16520 = EDGE_LOOP('',(#16521,#16522,#16523,#16567,#16590));
#16521 = ORIENTED_EDGE('',*,*,#16498,.F.);
#16522 = ORIENTED_EDGE('',*,*,#16277,.F.);
#16523 = ORIENTED_EDGE('',*,*,#16524,.F.);
#16524 = EDGE_CURVE('',#16525,#15911,#16527,.T.);
#16525 = VERTEX_POINT('',#16526);
#16526 = CARTESIAN_POINT('',(-860.8805641468,-3.742914704958E+03,
    1.09E+03));
#16527 = SURFACE_CURVE('',#16528,(#16533,#16540),.PCURVE_S1.);
#16528 = ELLIPSE('',#16529,94.311972137234,14.);
#16529 = AXIS2_PLACEMENT_3D('',#16530,#16531,#16532);
#16530 = CARTESIAN_POINT('',(-898.3490485454,-3.733572762574E+03,
    1.089372312565E+03));
#16531 = DIRECTION('',(-0.2419218956,-0.970295726276,0.));
#16532 = DIRECTION('',(0.919583696287,-0.229277966442,-0.31905711029));
#16533 = PCURVE('',#16292,#16534);
#16534 = DEFINITIONAL_REPRESENTATION('',(#16535),#16539);
#16535 = ELLIPSE('',#16536,94.311972137234,14.);
#16536 = AXIS2_PLACEMENT_2D('',#16537,#16538);
#16537 = CARTESIAN_POINT('',(-0.627687435387,-241.5687575733));
#16538 = DIRECTION('',(-0.31905711029,-0.947735490722));
#16539 = ( GEOMETRIC_REPRESENTATION_CONTEXT(2) 
PARAMETRIC_REPRESENTATION_CONTEXT() REPRESENTATION_CONTEXT('2D SPACE',''
  ) );
#16540 = PCURVE('',#16152,#16541);
#16541 = DEFINITIONAL_REPRESENTATION('',(#16542),#16566);
#16542 = B_SPLINE_CURVE_WITH_KNOTS('',8,(#16543,#16544,#16545,#16546,
    #16547,#16548,#16549,#16550,#16551,#16552,#16553,#16554,#16555,
    #16556,#16557,#16558,#16559,#16560,#16561,#16562,#16563,#16564,
    #16565),.UNSPECIFIED.,.F.,.F.,(9,7,7,9),(4.599994179637,
    5.432873514535,6.682192516883,7.931511519231),.UNSPECIFIED.);
#16543 = CARTESIAN_POINT('',(3.331517339595,23.222169140857));
#16544 = CARTESIAN_POINT('',(3.227407422732,32.870930147674));
#16545 = CARTESIAN_POINT('',(3.12329750587,42.649270395766));
#16546 = CARTESIAN_POINT('',(3.019187589008,52.397828346282));
#16547 = CARTESIAN_POINT('',(2.915077672146,61.954242225023));
#16548 = CARTESIAN_POINT('',(2.810967755283,71.158688197905));
#16549 = CARTESIAN_POINT('',(2.706857838421,79.859569359271));
#16550 = CARTESIAN_POINT('',(2.602747921558,87.918745972669));
#16551 = CARTESIAN_POINT('',(2.342473129403,106.1611245502));
#16552 = CARTESIAN_POINT('',(2.186308254106,115.39154568602));
#16553 = CARTESIAN_POINT('',(2.030143378823,122.50020654685));
#16554 = CARTESIAN_POINT('',(1.873978503507,127.16958930972));
#16555 = CARTESIAN_POINT('',(1.717813628234,129.20310900389));
#16556 = CARTESIAN_POINT('',(1.561648752932,128.54539118646));
#16557 = CARTESIAN_POINT('',(1.405483877642,125.28210478424));
#16558 = CARTESIAN_POINT('',(1.093154127055,113.96495863579));
#16559 = CARTESIAN_POINT('',(0.936989251761,105.91109840264));
#16560 = CARTESIAN_POINT('',(0.780824376469,95.672239704174));
#16561 = CARTESIAN_POINT('',(0.624659501172,83.583260365704));
#16562 = CARTESIAN_POINT('',(0.468494625882,70.087336544238));
#16563 = CARTESIAN_POINT('',(0.312329750586,55.703018327287));
#16564 = CARTESIAN_POINT('',(0.156164875294,40.980392512064));
#16565 = CARTESIAN_POINT('',(0.,26.459103157515));
#16566 = ( GEOMETRIC_REPRESENTATION_CONTEXT(2) 
PARAMETRIC_REPRESENTATION_CONTEXT() REPRESENTATION_CONTEXT('2D SPACE',''
  ) );
#16567 = ORIENTED_EDGE('',*,*,#16568,.T.);
#16568 = EDGE_CURVE('',#16525,#16569,#16571,.T.);
#16569 = VERTEX_POINT('',#16570);
#16570 = CARTESIAN_POINT('',(-725.2179765847,-3.776739186976E+03,
    1.09E+03));
#16571 = SURFACE_CURVE('',#16572,(#16576,#16583),.PCURVE_S1.);
#16572 = LINE('',#16573,#16574);
#16573 = CARTESIAN_POINT('',(-1.132742181621E+03,-3.675131990824E+03,
    1.09E+03));
#16574 = VECTOR('',#16575,1.);
#16575 = DIRECTION('',(0.970295726276,-0.2419218956,0.));
#16576 = PCURVE('',#16292,#16577);
#16577 = DEFINITIONAL_REPRESENTATION('',(#16578),#16582);
#16578 = LINE('',#16579,#16580);
#16579 = CARTESIAN_POINT('',(0.,0.));
#16580 = VECTOR('',#16581,1.);
#16581 = DIRECTION('',(0.,-1.));
#16582 = ( GEOMETRIC_REPRESENTATION_CONTEXT(2) 
PARAMETRIC_REPRESENTATION_CONTEXT() REPRESENTATION_CONTEXT('2D SPACE',''
  ) );
#16583 = PCURVE('',#15898,#16584);
#16584 = DEFINITIONAL_REPRESENTATION('',(#16585),#16589);
#16585 = LINE('',#16586,#16587);
#16586 = CARTESIAN_POINT('',(170.,0.));
#16587 = VECTOR('',#16588,1.);
#16588 = DIRECTION('',(0.,1.));
#16589 = ( GEOMETRIC_REPRESENTATION_CONTEXT(2) 
PARAMETRIC_REPRESENTATION_CONTEXT() REPRESENTATION_CONTEXT('2D SPACE',''
  ) );
#16590 = ORIENTED_EDGE('',*,*,#16591,.T.);
#16591 = EDGE_CURVE('',#16569,#16420,#16592,.T.);
#16592 = SURFACE_CURVE('',#16593,(#16597,#16604),.PCURVE_S1.);
#16593 = LINE('',#16594,#16595);
#16594 = CARTESIAN_POINT('',(-725.2179765847,-3.776739186976E+03,
    1.09E+03));
#16595 = VECTOR('',#16596,1.);
#16596 = DIRECTION('',(0.,-0.,1.));
#16597 = PCURVE('',#16292,#16598);
#16598 = DEFINITIONAL_REPRESENTATION('',(#16599),#16603);
#16599 = LINE('',#16600,#16601);
#16600 = CARTESIAN_POINT('',(0.,-420.));
#16601 = VECTOR('',#16602,1.);
#16602 = DIRECTION('',(1.,0.));
#16603 = ( GEOMETRIC_REPRESENTATION_CONTEXT(2) 
PARAMETRIC_REPRESENTATION_CONTEXT() REPRESENTATION_CONTEXT('2D SPACE',''
  ) );
#16604 = PCURVE('',#16435,#16605);
#16605 = DEFINITIONAL_REPRESENTATION('',(#16606),#16610);
#16606 = LINE('',#16607,#16608);
#16607 = CARTESIAN_POINT('',(0.,170.));
#16608 = VECTOR('',#16609,1.);
#16609 = DIRECTION('',(1.,0.));
#16610 = ( GEOMETRIC_REPRESENTATION_CONTEXT(2) 
PARAMETRIC_REPRESENTATION_CONTEXT() REPRESENTATION_CONTEXT('2D SPACE',''
  ) );
#16611 = ADVANCED_FACE('',(#16612),#16152,.T.);
#16612 = FACE_BOUND('',#16613,.T.);
#16613 = EDGE_LOOP('',(#16614,#16639,#16666,#16667,#16702,#16703,#16704)
  );
#16614 = ORIENTED_EDGE('',*,*,#16615,.T.);
#16615 = EDGE_CURVE('',#16616,#16618,#16620,.T.);
#16616 = VERTEX_POINT('',#16617);
#16617 = CARTESIAN_POINT('',(-856.0107302453,-3.736889092281E+03,
    1.09E+03));
#16618 = VERTEX_POINT('',#16619);
#16619 = CARTESIAN_POINT('',(272.64613784182,-3.835633773249E+03,
    713.27979580373));
#16620 = SEAM_CURVE('',#16621,(#16625,#16632),.PCURVE_S1.);
#16621 = LINE('',#16622,#16623);
#16622 = CARTESIAN_POINT('',(-925.757192285,-3.730787067531E+03,
    1.113279795804E+03));
#16623 = VECTOR('',#16624,1.);
#16624 = DIRECTION('',(0.945307261406,-8.270366892172E-02,
    -0.315522241183));
#16625 = PCURVE('',#16152,#16626);
#16626 = DEFINITIONAL_REPRESENTATION('',(#16627),#16631);
#16627 = LINE('',#16628,#16629);
#16628 = CARTESIAN_POINT('',(6.28318530718,-0.));
#16629 = VECTOR('',#16630,1.);
#16630 = DIRECTION('',(0.,1.));
#16631 = ( GEOMETRIC_REPRESENTATION_CONTEXT(2) 
PARAMETRIC_REPRESENTATION_CONTEXT() REPRESENTATION_CONTEXT('2D SPACE',''
  ) );
#16632 = PCURVE('',#16152,#16633);
#16633 = DEFINITIONAL_REPRESENTATION('',(#16634),#16638);
#16634 = LINE('',#16635,#16636);
#16635 = CARTESIAN_POINT('',(0.,-0.));
#16636 = VECTOR('',#16637,1.);
#16637 = DIRECTION('',(0.,1.));
#16638 = ( GEOMETRIC_REPRESENTATION_CONTEXT(2) 
PARAMETRIC_REPRESENTATION_CONTEXT() REPRESENTATION_CONTEXT('2D SPACE',''
  ) );
#16639 = ORIENTED_EDGE('',*,*,#16640,.F.);
#16640 = EDGE_CURVE('',#16618,#16618,#16641,.T.);
#16641 = SURFACE_CURVE('',#16642,(#16647,#16654),.PCURVE_S1.);
#16642 = CIRCLE('',#16643,14.);
#16643 = AXIS2_PLACEMENT_3D('',#16644,#16645,#16646);
#16644 = CARTESIAN_POINT('',(268.21364154616,-3.835633773249E+03,700.));
#16645 = DIRECTION('',(0.945307261406,-8.270366892172E-02,
    -0.315522241183));
#16646 = DIRECTION('',(0.316606878261,-3.469446951954E-18,0.948556843124
    ));
#16647 = PCURVE('',#16152,#16648);
#16648 = DEFINITIONAL_REPRESENTATION('',(#16649),#16653);
#16649 = LINE('',#16650,#16651);
#16650 = CARTESIAN_POINT('',(0.,1.267739473772E+03));
#16651 = VECTOR('',#16652,1.);
#16652 = DIRECTION('',(1.,0.));
#16653 = ( GEOMETRIC_REPRESENTATION_CONTEXT(2) 
PARAMETRIC_REPRESENTATION_CONTEXT() REPRESENTATION_CONTEXT('2D SPACE',''
  ) );
#16654 = PCURVE('',#16655,#16660);
#16655 = PLANE('',#16656);
#16656 = AXIS2_PLACEMENT_3D('',#16657,#16658,#16659);
#16657 = CARTESIAN_POINT('',(268.21364154616,-3.835633773249E+03,700.));
#16658 = DIRECTION('',(0.945307261406,-8.270366892172E-02,
    -0.315522241183));
#16659 = DIRECTION('',(0.316606878261,0.,0.948556843124));
#16660 = DEFINITIONAL_REPRESENTATION('',(#16661),#16665);
#16661 = CIRCLE('',#16662,14.);
#16662 = AXIS2_PLACEMENT_2D('',#16663,#16664);
#16663 = CARTESIAN_POINT('',(0.,0.));
#16664 = DIRECTION('',(1.,0.));
#16665 = ( GEOMETRIC_REPRESENTATION_CONTEXT(2) 
PARAMETRIC_REPRESENTATION_CONTEXT() REPRESENTATION_CONTEXT('2D SPACE',''
  ) );
#16666 = ORIENTED_EDGE('',*,*,#16615,.F.);
#16667 = ORIENTED_EDGE('',*,*,#16668,.F.);
#16668 = EDGE_CURVE('',#16525,#16616,#16669,.T.);
#16669 = SURFACE_CURVE('',#16670,(#16675,#16695),.PCURVE_S1.);
#16670 = ELLIPSE('',#16671,44.370881582011,14.);
#16671 = AXIS2_PLACEMENT_3D('',#16672,#16673,#16674);
#16672 = CARTESIAN_POINT('',(-900.2296053275,-3.733408235174E+03,
    1.09E+03));
#16673 = DIRECTION('',(0.,-0.,1.));
#16674 = DIRECTION('',(0.996194698092,-8.715574274766E-02,-0.));
#16675 = PCURVE('',#16152,#16676);
#16676 = DEFINITIONAL_REPRESENTATION('',(#16677),#16694);
#16677 = B_SPLINE_CURVE_WITH_KNOTS('',8,(#16678,#16679,#16680,#16681,
    #16682,#16683,#16684,#16685,#16686,#16687,#16688,#16689,#16690,
    #16691,#16692,#16693),.UNSPECIFIED.,.F.,.F.,(9,7,9),(3.86017927199,
    5.085481094928,6.310782917866),.UNSPECIFIED.);
#16678 = CARTESIAN_POINT('',(2.450603645876,-2.399999857516E-06));
#16679 = CARTESIAN_POINT('',(2.297440918008,4.245390680843));
#16680 = CARTESIAN_POINT('',(2.14427819014,9.34048906128));
#16681 = CARTESIAN_POINT('',(1.991115462275,15.133531158397));
#16682 = CARTESIAN_POINT('',(1.837952734391,21.430244548319));
#16683 = CARTESIAN_POINT('',(1.684790006542,28.005184760448));
#16684 = CARTESIAN_POINT('',(1.531627278671,34.618586996083));
#16685 = CARTESIAN_POINT('',(1.378464550805,41.035205586615));
#16686 = CARTESIAN_POINT('',(1.072139095071,53.045539695084));
#16687 = CARTESIAN_POINT('',(0.918976367203,58.639255658869));
#16688 = CARTESIAN_POINT('',(0.765813639336,63.606853640755));
#16689 = CARTESIAN_POINT('',(0.612650911472,67.754266351636));
#16690 = CARTESIAN_POINT('',(0.4594881836,70.924105329439));
#16691 = CARTESIAN_POINT('',(0.306325455734,73.009297808778));
#16692 = CARTESIAN_POINT('',(0.153162727867,73.95973949951));
#16693 = CARTESIAN_POINT('',(0.,73.781790204359));
#16694 = ( GEOMETRIC_REPRESENTATION_CONTEXT(2) 
PARAMETRIC_REPRESENTATION_CONTEXT() REPRESENTATION_CONTEXT('2D SPACE',''
  ) );
#16695 = PCURVE('',#15898,#16696);
#16696 = DEFINITIONAL_REPRESENTATION('',(#16697),#16701);
#16697 = ELLIPSE('',#16698,44.370881582011,14.);
#16698 = AXIS2_PLACEMENT_2D('',#16699,#16700);
#16699 = CARTESIAN_POINT('',(170.29530762887,239.70425858429));
#16700 = DIRECTION('',(-0.15643446504,0.987688340595));
#16701 = ( GEOMETRIC_REPRESENTATION_CONTEXT(2) 
PARAMETRIC_REPRESENTATION_CONTEXT() REPRESENTATION_CONTEXT('2D SPACE',''
  ) );
#16702 = ORIENTED_EDGE('',*,*,#16524,.T.);
#16703 = ORIENTED_EDGE('',*,*,#15910,.T.);
#16704 = ORIENTED_EDGE('',*,*,#16705,.F.);
#16705 = EDGE_CURVE('',#16616,#15882,#16706,.T.);
#16706 = SURFACE_CURVE('',#16707,(#16712,#16732),.PCURVE_S1.);
#16707 = ELLIPSE('',#16708,44.370881582011,14.);
#16708 = AXIS2_PLACEMENT_3D('',#16709,#16710,#16711);
#16709 = CARTESIAN_POINT('',(-900.2296053275,-3.733408235174E+03,
    1.09E+03));
#16710 = DIRECTION('',(0.,-0.,1.));
#16711 = DIRECTION('',(0.996194698092,-8.715574274766E-02,-0.));
#16712 = PCURVE('',#16152,#16713);
#16713 = DEFINITIONAL_REPRESENTATION('',(#16714),#16731);
#16714 = B_SPLINE_CURVE_WITH_KNOTS('',8,(#16715,#16716,#16717,#16718,
    #16719,#16720,#16721,#16722,#16723,#16724,#16725,#16726,#16727,
    #16728,#16729,#16730),.UNSPECIFIED.,.F.,.F.,(9,7,9),(
    2.75976106865E-02,1.225301822938,2.423006035189),.UNSPECIFIED.);
#16715 = CARTESIAN_POINT('',(6.28318530718,73.781790204359));
#16716 = CARTESIAN_POINT('',(6.133472280648,73.607848881185));
#16717 = CARTESIAN_POINT('',(5.983759254116,72.355773916461));
#16718 = CARTESIAN_POINT('',(5.834046227587,70.031507360109));
#16719 = CARTESIAN_POINT('',(5.684333201052,66.692537913041));
#16720 = CARTESIAN_POINT('',(5.534620174523,62.447498456866));
#16721 = CARTESIAN_POINT('',(5.384907147991,57.449519455811));
#16722 = CARTESIAN_POINT('',(5.23519412146,51.883703440976));
#16723 = CARTESIAN_POINT('',(4.935768068397,40.021547815483));
#16724 = CARTESIAN_POINT('',(4.786055041867,33.725207834686));
#16725 = CARTESIAN_POINT('',(4.636342015342,27.266181643638));
#16726 = CARTESIAN_POINT('',(4.486628988803,20.864499779433));
#16727 = CARTESIAN_POINT('',(4.336915962276,14.743163241976));
#16728 = CARTESIAN_POINT('',(4.187202935741,9.111405122447));
#16729 = CARTESIAN_POINT('',(4.037489909208,4.149771215285));
#16730 = CARTESIAN_POINT('',(3.887776882677,-2.400000539637E-06));
#16731 = ( GEOMETRIC_REPRESENTATION_CONTEXT(2) 
PARAMETRIC_REPRESENTATION_CONTEXT() REPRESENTATION_CONTEXT('2D SPACE',''
  ) );
#16732 = PCURVE('',#15898,#16733);
#16733 = DEFINITIONAL_REPRESENTATION('',(#16734),#16738);
#16734 = ELLIPSE('',#16735,44.370881582011,14.);
#16735 = AXIS2_PLACEMENT_2D('',#16736,#16737);
#16736 = CARTESIAN_POINT('',(170.29530762887,239.70425858429));
#16737 = DIRECTION('',(-0.15643446504,0.987688340595));
#16738 = ( GEOMETRIC_REPRESENTATION_CONTEXT(2) 
PARAMETRIC_REPRESENTATION_CONTEXT() REPRESENTATION_CONTEXT('2D SPACE',''
  ) );
#16739 = ADVANCED_FACE('',(#16740),#15898,.F.);
#16740 = FACE_BOUND('',#16741,.F.);
#16741 = EDGE_LOOP('',(#16742,#16743,#16766,#16789,#16810,#16811,#16812,
    #16813));
#16742 = ORIENTED_EDGE('',*,*,#16568,.T.);
#16743 = ORIENTED_EDGE('',*,*,#16744,.F.);
#16744 = EDGE_CURVE('',#16745,#16569,#16747,.T.);
#16745 = VERTEX_POINT('',#16746);
#16746 = CARTESIAN_POINT('',(-684.0912543328,-3.611788913509E+03,
    1.09E+03));
#16747 = SURFACE_CURVE('',#16748,(#16752,#16759),.PCURVE_S1.);
#16748 = LINE('',#16749,#16750);
#16749 = CARTESIAN_POINT('',(-684.0912543328,-3.611788913509E+03,
    1.09E+03));
#16750 = VECTOR('',#16751,1.);
#16751 = DIRECTION('',(-0.2419218956,-0.970295726276,0.));
#16752 = PCURVE('',#15898,#16753);
#16753 = DEFINITIONAL_REPRESENTATION('',(#16754),#16758);
#16754 = LINE('',#16755,#16756);
#16755 = CARTESIAN_POINT('',(0.,420.));
#16756 = VECTOR('',#16757,1.);
#16757 = DIRECTION('',(1.,0.));
#16758 = ( GEOMETRIC_REPRESENTATION_CONTEXT(2) 
PARAMETRIC_REPRESENTATION_CONTEXT() REPRESENTATION_CONTEXT('2D SPACE',''
  ) );
#16759 = PCURVE('',#16435,#16760);
#16760 = DEFINITIONAL_REPRESENTATION('',(#16761),#16765);
#16761 = LINE('',#16762,#16763);
#16762 = CARTESIAN_POINT('',(0.,0.));
#16763 = VECTOR('',#16764,1.);
#16764 = DIRECTION('',(0.,1.));
#16765 = ( GEOMETRIC_REPRESENTATION_CONTEXT(2) 
PARAMETRIC_REPRESENTATION_CONTEXT() REPRESENTATION_CONTEXT('2D SPACE',''
  ) );
#16766 = ORIENTED_EDGE('',*,*,#16767,.F.);
#16767 = EDGE_CURVE('',#16768,#16745,#16770,.T.);
#16768 = VERTEX_POINT('',#16769);
#16769 = CARTESIAN_POINT('',(-1.091615459369E+03,-3.510181717357E+03,
    1.09E+03));
#16770 = SURFACE_CURVE('',#16771,(#16775,#16782),.PCURVE_S1.);
#16771 = LINE('',#16772,#16773);
#16772 = CARTESIAN_POINT('',(-1.091615459369E+03,-3.510181717357E+03,
    1.09E+03));
#16773 = VECTOR('',#16774,1.);
#16774 = DIRECTION('',(0.970295726276,-0.2419218956,0.));
#16775 = PCURVE('',#15898,#16776);
#16776 = DEFINITIONAL_REPRESENTATION('',(#16777),#16781);
#16777 = LINE('',#16778,#16779);
#16778 = CARTESIAN_POINT('',(0.,0.));
#16779 = VECTOR('',#16780,1.);
#16780 = DIRECTION('',(0.,1.));
#16781 = ( GEOMETRIC_REPRESENTATION_CONTEXT(2) 
PARAMETRIC_REPRESENTATION_CONTEXT() REPRESENTATION_CONTEXT('2D SPACE',''
  ) );
#16782 = PCURVE('',#16463,#16783);
#16783 = DEFINITIONAL_REPRESENTATION('',(#16784),#16788);
#16784 = LINE('',#16785,#16786);
#16785 = CARTESIAN_POINT('',(0.,0.));
#16786 = VECTOR('',#16787,1.);
#16787 = DIRECTION('',(0.,-1.));
#16788 = ( GEOMETRIC_REPRESENTATION_CONTEXT(2) 
PARAMETRIC_REPRESENTATION_CONTEXT() REPRESENTATION_CONTEXT('2D SPACE',''
  ) );
#16789 = ORIENTED_EDGE('',*,*,#16790,.T.);
#16790 = EDGE_CURVE('',#16768,#16365,#16791,.T.);
#16791 = SURFACE_CURVE('',#16792,(#16796,#16803),.PCURVE_S1.);
#16792 = LINE('',#16793,#16794);
#16793 = CARTESIAN_POINT('',(-1.091615459369E+03,-3.510181717357E+03,
    1.09E+03));
#16794 = VECTOR('',#16795,1.);
#16795 = DIRECTION('',(-0.2419218956,-0.970295726276,0.));
#16796 = PCURVE('',#15898,#16797);
#16797 = DEFINITIONAL_REPRESENTATION('',(#16798),#16802);
#16798 = LINE('',#16799,#16800);
#16799 = CARTESIAN_POINT('',(0.,0.));
#16800 = VECTOR('',#16801,1.);
#16801 = DIRECTION('',(1.,0.));
#16802 = ( GEOMETRIC_REPRESENTATION_CONTEXT(2) 
PARAMETRIC_REPRESENTATION_CONTEXT() REPRESENTATION_CONTEXT('2D SPACE',''
  ) );
#16803 = PCURVE('',#16380,#16804);
#16804 = DEFINITIONAL_REPRESENTATION('',(#16805),#16809);
#16805 = LINE('',#16806,#16807);
#16806 = CARTESIAN_POINT('',(0.,0.));
#16807 = VECTOR('',#16808,1.);
#16808 = DIRECTION('',(0.,1.));
#16809 = ( GEOMETRIC_REPRESENTATION_CONTEXT(2) 
PARAMETRIC_REPRESENTATION_CONTEXT() REPRESENTATION_CONTEXT('2D SPACE',''
  ) );
#16810 = ORIENTED_EDGE('',*,*,#16392,.T.);
#16811 = ORIENTED_EDGE('',*,*,#15881,.F.);
#16812 = ORIENTED_EDGE('',*,*,#16705,.F.);
#16813 = ORIENTED_EDGE('',*,*,#16668,.F.);
#16814 = ADVANCED_FACE('',(#16815),#16380,.F.);
#16815 = FACE_BOUND('',#16816,.F.);
#16816 = EDGE_LOOP('',(#16817,#16818,#16839,#16840));
#16817 = ORIENTED_EDGE('',*,*,#16790,.F.);
#16818 = ORIENTED_EDGE('',*,*,#16819,.T.);
#16819 = EDGE_CURVE('',#16768,#16448,#16820,.T.);
#16820 = SURFACE_CURVE('',#16821,(#16825,#16832),.PCURVE_S1.);
#16821 = LINE('',#16822,#16823);
#16822 = CARTESIAN_POINT('',(-1.091615459369E+03,-3.510181717357E+03,
    1.09E+03));
#16823 = VECTOR('',#16824,1.);
#16824 = DIRECTION('',(0.,-0.,1.));
#16825 = PCURVE('',#16380,#16826);
#16826 = DEFINITIONAL_REPRESENTATION('',(#16827),#16831);
#16827 = LINE('',#16828,#16829);
#16828 = CARTESIAN_POINT('',(0.,0.));
#16829 = VECTOR('',#16830,1.);
#16830 = DIRECTION('',(1.,0.));
#16831 = ( GEOMETRIC_REPRESENTATION_CONTEXT(2) 
PARAMETRIC_REPRESENTATION_CONTEXT() REPRESENTATION_CONTEXT('2D SPACE',''
  ) );
#16832 = PCURVE('',#16463,#16833);
#16833 = DEFINITIONAL_REPRESENTATION('',(#16834),#16838);
#16834 = LINE('',#16835,#16836);
#16835 = CARTESIAN_POINT('',(0.,0.));
#16836 = VECTOR('',#16837,1.);
#16837 = DIRECTION('',(1.,0.));
#16838 = ( GEOMETRIC_REPRESENTATION_CONTEXT(2) 
PARAMETRIC_REPRESENTATION_CONTEXT() REPRESENTATION_CONTEXT('2D SPACE',''
  ) );
#16839 = ORIENTED_EDGE('',*,*,#16475,.T.);
#16840 = ORIENTED_EDGE('',*,*,#16364,.F.);
#16841 = ADVANCED_FACE('',(#16842),#16435,.T.);
#16842 = FACE_BOUND('',#16843,.T.);
#16843 = EDGE_LOOP('',(#16844,#16845,#16866,#16867));
#16844 = ORIENTED_EDGE('',*,*,#16744,.F.);
#16845 = ORIENTED_EDGE('',*,*,#16846,.T.);
#16846 = EDGE_CURVE('',#16745,#16418,#16847,.T.);
#16847 = SURFACE_CURVE('',#16848,(#16852,#16859),.PCURVE_S1.);
#16848 = LINE('',#16849,#16850);
#16849 = CARTESIAN_POINT('',(-684.0912543328,-3.611788913509E+03,
    1.09E+03));
#16850 = VECTOR('',#16851,1.);
#16851 = DIRECTION('',(0.,-0.,1.));
#16852 = PCURVE('',#16435,#16853);
#16853 = DEFINITIONAL_REPRESENTATION('',(#16854),#16858);
#16854 = LINE('',#16855,#16856);
#16855 = CARTESIAN_POINT('',(0.,0.));
#16856 = VECTOR('',#16857,1.);
#16857 = DIRECTION('',(1.,0.));
#16858 = ( GEOMETRIC_REPRESENTATION_CONTEXT(2) 
PARAMETRIC_REPRESENTATION_CONTEXT() REPRESENTATION_CONTEXT('2D SPACE',''
  ) );
#16859 = PCURVE('',#16463,#16860);
#16860 = DEFINITIONAL_REPRESENTATION('',(#16861),#16865);
#16861 = LINE('',#16862,#16863);
#16862 = CARTESIAN_POINT('',(0.,-420.));
#16863 = VECTOR('',#16864,1.);
#16864 = DIRECTION('',(1.,0.));
#16865 = ( GEOMETRIC_REPRESENTATION_CONTEXT(2) 
PARAMETRIC_REPRESENTATION_CONTEXT() REPRESENTATION_CONTEXT('2D SPACE',''
  ) );
#16866 = ORIENTED_EDGE('',*,*,#16417,.T.);
#16867 = ORIENTED_EDGE('',*,*,#16591,.F.);
#16868 = ADVANCED_FACE('',(#16869),#16463,.F.);
#16869 = FACE_BOUND('',#16870,.F.);
#16870 = EDGE_LOOP('',(#16871,#16872,#16873,#16874));
#16871 = ORIENTED_EDGE('',*,*,#16819,.F.);
#16872 = ORIENTED_EDGE('',*,*,#16767,.T.);
#16873 = ORIENTED_EDGE('',*,*,#16846,.T.);
#16874 = ORIENTED_EDGE('',*,*,#16447,.F.);
#16875 = ADVANCED_FACE('',(#16876),#16655,.T.);
#16876 = FACE_BOUND('',#16877,.T.);
#16877 = EDGE_LOOP('',(#16878));
#16878 = ORIENTED_EDGE('',*,*,#16640,.T.);
#16879 = ( GEOMETRIC_REPRESENTATION_CONTEXT(3) 
GLOBAL_UNCERTAINTY_ASSIGNED_CONTEXT((#16883)) 
GLOBAL_UNIT_ASSIGNED_CONTEXT((#16880,#16881,#16882)) 
REPRESENTATION_CONTEXT('Context #1',
  '3D Context with UNIT and UNCERTAINTY') );
#16880 = ( LENGTH_UNIT() NAMED_UNIT(*) SI_UNIT(.MILLI.,.METRE.) );
#16881 = ( NAMED_UNIT(*) PLANE_ANGLE_UNIT() SI_UNIT($,.RADIAN.) );
#16882 = ( NAMED_UNIT(*) SI_UNIT($,.STERADIAN.) SOLID_ANGLE_UNIT() );
#16883 = UNCERTAINTY_MEASURE_WITH_UNIT(LENGTH_MEASURE(1.E-07),#16880,
  'distance_accuracy_value','confusion accuracy');
#16884 = CONTEXT_DEPENDENT_SHAPE_REPRESENTATION(#16885,#16887);
#16885 = ( REPRESENTATION_RELATIONSHIP('','',#15759,#10) 
REPRESENTATION_RELATIONSHIP_WITH_TRANSFORMATION(#16886) 
SHAPE_REPRESENTATION_RELATIONSHIP() );
#16886 = ITEM_DEFINED_TRANSFORMATION('','',#11,#75);
#16887 = PRODUCT_DEFINITION_SHAPE('Placement','Placement of an item',
  #16888);
#16888 = NEXT_ASSEMBLY_USAGE_OCCURRENCE('16','=>[0:1:1:17]','',#5,#15754
  ,$);
#16889 = PRODUCT_RELATED_PRODUCT_CATEGORY('part',$,(#15756));
ENDSEC;
END-ISO-10303-21;
