ISO-10303-21;
HEADER;
FILE_DESCRIPTION(('Open CASCADE Model'),'2;1');
FILE_NAME('Open CASCADE Shape Model','2026-09-27T00:23:34',('Author'),(
    'Open CASCADE'),'Open CASCADE STEP processor 8.0','build123d',
  'Unknown');
FILE_SCHEMA(('AUTOMOTIVE_DESIGN { 1 0 10303 214 1 1 1 1 }'));
ENDSEC;
DATA;
#1 = APPLICATION_PROTOCOL_DEFINITION('international standard',
  'automotive_design',2000,#2);
#2 = APPLICATION_CONTEXT(
  'core data for automotive mechanical design processes');
#3 = SHAPE_DEFINITION_REPRESENTATION(#4,#10);
#4 = PRODUCT_DEFINITION_SHAPE('','',#5);
#5 = PRODUCT_DEFINITION('design','',#6,#9);
#6 = PRODUCT_DEFINITION_FORMATION('','',#7);
#7 = PRODUCT('COMPOUND','COMPOUND','',(#8));
#8 = PRODUCT_CONTEXT('',#2,'mechanical');
#9 = PRODUCT_DEFINITION_CONTEXT('part definition',#2,'design');
#10 = SHAPE_REPRESENTATION('',(#11,#15,#19,#23,#27,#31,#35,#39),#43);
#11 = AXIS2_PLACEMENT_3D('',#12,#13,#14);
#12 = CARTESIAN_POINT('',(0.,0.,0.));
#13 = DIRECTION('',(0.,0.,1.));
#14 = DIRECTION('',(1.,0.,-0.));
#15 = AXIS2_PLACEMENT_3D('',#16,#17,#18);
#16 = CARTESIAN_POINT('',(0.,0.,0.));
#17 = DIRECTION('',(0.,0.,1.));
#18 = DIRECTION('',(1.,0.,-0.));
#19 = AXIS2_PLACEMENT_3D('',#20,#21,#22);
#20 = CARTESIAN_POINT('',(2.709384288645E+03,-2.27344335732E+03,1.25E+03
    ));
#21 = DIRECTION('',(-0.,0.,1.));
#22 = DIRECTION('',(0.766044443119,-0.642787609687,0.));
#23 = AXIS2_PLACEMENT_3D('',#24,#25,#26);
#24 = CARTESIAN_POINT('',(2.670368390084E+03,-2.281825460841E+03,
    1.167E+03));
#25 = DIRECTION('',(-0.,0.,1.));
#26 = DIRECTION('',(0.766044443119,-0.642787609687,0.));
#27 = AXIS2_PLACEMENT_3D('',#28,#29,#30);
#28 = CARTESIAN_POINT('',(2.717692789723E+03,-2.20209058015E+03,
    1.157E+03));
#29 = DIRECTION('',(-0.,0.,1.));
#30 = DIRECTION('',(0.766044443119,-0.642787609687,0.));
#31 = AXIS2_PLACEMENT_3D('',#32,#33,#34);
#32 = CARTESIAN_POINT('',(2.675295310927E+03,-2.244839308689E+03,
    1.33E+03));
#33 = DIRECTION('',(-0.,0.,1.));
#34 = DIRECTION('',(0.766044443119,-0.642787609687,0.));
#35 = AXIS2_PLACEMENT_3D('',#36,#37,#38);
#36 = CARTESIAN_POINT('',(2.707967106426E+03,-2.272254200242E+03,
    2.35E+03));
#37 = DIRECTION('',(0.54167522042,-0.454519477672,0.707106781187));
#38 = DIRECTION('',(0.54167522042,-0.454519477672,-0.707106781187));
#39 = AXIS2_PLACEMENT_3D('',#40,#41,#42);
#40 = CARTESIAN_POINT('',(2.639023106545E+03,-2.21440331537E+03,1.8E+03)
  );
#41 = DIRECTION('',(-0.,0.,1.));
#42 = DIRECTION('',(0.766044443119,-0.642787609687,0.));
#43 = ( GEOMETRIC_REPRESENTATION_CONTEXT(3) 
GLOBAL_UNCERTAINTY_ASSIGNED_CONTEXT((#47)) GLOBAL_UNIT_ASSIGNED_CONTEXT(
(#44,#45,#46)) REPRESENTATION_CONTEXT('Context #1',
  '3D Context with UNIT and UNCERTAINTY') );
#44 = ( LENGTH_UNIT() NAMED_UNIT(*) SI_UNIT(.MILLI.,.METRE.) );
#45 = ( NAMED_UNIT(*) PLANE_ANGLE_UNIT() SI_UNIT($,.RADIAN.) );
#46 = ( NAMED_UNIT(*) SI_UNIT($,.STERADIAN.) SOLID_ANGLE_UNIT() );
#47 = UNCERTAINTY_MEASURE_WITH_UNIT(LENGTH_MEASURE(1.E-07),#44,
  'distance_accuracy_value','confusion accuracy');
#48 = PRODUCT_RELATED_PRODUCT_CATEGORY('part',$,(#7));
#49 = SHAPE_DEFINITION_REPRESENTATION(#50,#56);
#50 = PRODUCT_DEFINITION_SHAPE('','',#51);
#51 = PRODUCT_DEFINITION('design','',#52,#55);
#52 = PRODUCT_DEFINITION_FORMATION('','',#53);
#53 = PRODUCT('COMPOUND','COMPOUND','',(#54));
#54 = PRODUCT_CONTEXT('',#2,'mechanical');
#55 = PRODUCT_DEFINITION_CONTEXT('part definition',#2,'design');
#56 = ADVANCED_BREP_SHAPE_REPRESENTATION('',(#11,#57),#1486);
#57 = MANIFOLD_SOLID_BREP('',#58);
#58 = CLOSED_SHELL('',(#59,#489,#607,#642,#697,#773,#822,#871,#898,#1412
    ,#1416,#1423,#1427,#1482));
#59 = ADVANCED_FACE('',(#60,#147),#73,.T.);
#60 = FACE_BOUND('',#61,.T.);
#61 = EDGE_LOOP('',(#62,#96,#119,#146));
#62 = ORIENTED_EDGE('',*,*,#63,.T.);
#63 = EDGE_CURVE('',#64,#64,#66,.T.);
#64 = VERTEX_POINT('',#65);
#65 = CARTESIAN_POINT('',(2.651930955411E+03,-2.225234286593E+03,10.));
#66 = SURFACE_CURVE('',#67,(#72,#84),.PCURVE_S1.);
#67 = CIRCLE('',#68,16.85);
#68 = AXIS2_PLACEMENT_3D('',#69,#70,#71);
#69 = CARTESIAN_POINT('',(2.639023106545E+03,-2.21440331537E+03,10.));
#70 = DIRECTION('',(0.,0.,1.));
#71 = DIRECTION('',(0.766044443119,-0.642787609687,0.));
#72 = PCURVE('',#73,#78);
#73 = CYLINDRICAL_SURFACE('',#74,16.85);
#74 = AXIS2_PLACEMENT_3D('',#75,#76,#77);
#75 = CARTESIAN_POINT('',(2.639023106545E+03,-2.21440331537E+03,0.));
#76 = DIRECTION('',(0.,0.,1.));
#77 = DIRECTION('',(0.766044443119,-0.642787609687,0.));
#78 = DEFINITIONAL_REPRESENTATION('',(#79),#83);
#79 = LINE('',#80,#81);
#80 = CARTESIAN_POINT('',(0.,10.));
#81 = VECTOR('',#82,1.);
#82 = DIRECTION('',(1.,0.));
#83 = ( GEOMETRIC_REPRESENTATION_CONTEXT(2) 
PARAMETRIC_REPRESENTATION_CONTEXT() REPRESENTATION_CONTEXT('2D SPACE',''
  ) );
#84 = PCURVE('',#85,#90);
#85 = PLANE('',#86);
#86 = AXIS2_PLACEMENT_3D('',#87,#88,#89);
#87 = CARTESIAN_POINT('',(2.498139901264E+03,-2.226728998713E+03,10.));
#88 = DIRECTION('',(0.,0.,1.));
#89 = DIRECTION('',(0.766044443119,-0.642787609687,0.));
#90 = DEFINITIONAL_REPRESENTATION('',(#91),#95);
#91 = CIRCLE('',#92,16.85);
#92 = AXIS2_PLACEMENT_2D('',#93,#94);
#93 = CARTESIAN_POINT('',(100.,100.));
#94 = DIRECTION('',(1.,0.));
#95 = ( GEOMETRIC_REPRESENTATION_CONTEXT(2) 
PARAMETRIC_REPRESENTATION_CONTEXT() REPRESENTATION_CONTEXT('2D SPACE',''
  ) );
#96 = ORIENTED_EDGE('',*,*,#97,.T.);
#97 = EDGE_CURVE('',#64,#98,#100,.T.);
#98 = VERTEX_POINT('',#99);
#99 = CARTESIAN_POINT('',(2.651930955411E+03,-2.225234286593E+03,2.3E+03
    ));
#100 = SEAM_CURVE('',#101,(#105,#112),.PCURVE_S1.);
#101 = LINE('',#102,#103);
#102 = CARTESIAN_POINT('',(2.651930955411E+03,-2.225234286593E+03,0.));
#103 = VECTOR('',#104,1.);
#104 = DIRECTION('',(0.,0.,1.));
#105 = PCURVE('',#73,#106);
#106 = DEFINITIONAL_REPRESENTATION('',(#107),#111);
#107 = LINE('',#108,#109);
#108 = CARTESIAN_POINT('',(0.,-0.));
#109 = VECTOR('',#110,1.);
#110 = DIRECTION('',(0.,1.));
#111 = ( GEOMETRIC_REPRESENTATION_CONTEXT(2) 
PARAMETRIC_REPRESENTATION_CONTEXT() REPRESENTATION_CONTEXT('2D SPACE',''
  ) );
#112 = PCURVE('',#73,#113);
#113 = DEFINITIONAL_REPRESENTATION('',(#114),#118);
#114 = LINE('',#115,#116);
#115 = CARTESIAN_POINT('',(6.28318530718,-0.));
#116 = VECTOR('',#117,1.);
#117 = DIRECTION('',(0.,1.));
#118 = ( GEOMETRIC_REPRESENTATION_CONTEXT(2) 
PARAMETRIC_REPRESENTATION_CONTEXT() REPRESENTATION_CONTEXT('2D SPACE',''
  ) );
#119 = ORIENTED_EDGE('',*,*,#120,.F.);
#120 = EDGE_CURVE('',#98,#98,#121,.T.);
#121 = SURFACE_CURVE('',#122,(#127,#134),.PCURVE_S1.);
#122 = CIRCLE('',#123,16.85);
#123 = AXIS2_PLACEMENT_3D('',#124,#125,#126);
#124 = CARTESIAN_POINT('',(2.639023106545E+03,-2.21440331537E+03,2.3E+03
    ));
#125 = DIRECTION('',(-0.,0.,1.));
#126 = DIRECTION('',(0.766044443119,-0.642787609687,0.));
#127 = PCURVE('',#73,#128);
#128 = DEFINITIONAL_REPRESENTATION('',(#129),#133);
#129 = LINE('',#130,#131);
#130 = CARTESIAN_POINT('',(0.,2.3E+03));
#131 = VECTOR('',#132,1.);
#132 = DIRECTION('',(1.,0.));
#133 = ( GEOMETRIC_REPRESENTATION_CONTEXT(2) 
PARAMETRIC_REPRESENTATION_CONTEXT() REPRESENTATION_CONTEXT('2D SPACE',''
  ) );
#134 = PCURVE('',#135,#140);
#135 = PLANE('',#136);
#136 = AXIS2_PLACEMENT_3D('',#137,#138,#139);
#137 = CARTESIAN_POINT('',(2.639023106545E+03,-2.21440331537E+03,2.3E+03
    ));
#138 = DIRECTION('',(0.,0.,1.));
#139 = DIRECTION('',(0.766044443119,-0.642787609687,0.));
#140 = DEFINITIONAL_REPRESENTATION('',(#141),#145);
#141 = CIRCLE('',#142,16.85);
#142 = AXIS2_PLACEMENT_2D('',#143,#144);
#143 = CARTESIAN_POINT('',(0.,0.));
#144 = DIRECTION('',(1.,0.));
#145 = ( GEOMETRIC_REPRESENTATION_CONTEXT(2) 
PARAMETRIC_REPRESENTATION_CONTEXT() REPRESENTATION_CONTEXT('2D SPACE',''
  ) );
#146 = ORIENTED_EDGE('',*,*,#97,.F.);
#147 = FACE_BOUND('',#148,.T.);
#148 = EDGE_LOOP('',(#149));
#149 = ORIENTED_EDGE('',*,*,#150,.F.);
#150 = EDGE_CURVE('',#151,#151,#153,.T.);
#151 = VERTEX_POINT('',#152);
#152 = CARTESIAN_POINT('',(2.622248204265E+03,-2.215992388526E+03,
    1.58E+03));
#153 = SURFACE_CURVE('',#154,(#262,#373),.PCURVE_S1.);
#154 = B_SPLINE_CURVE_WITH_KNOTS('',6,(#155,#156,#157,#158,#159,#160,
    #161,#162,#163,#164,#165,#166,#167,#168,#169,#170,#171,#172,#173,
    #174,#175,#176,#177,#178,#179,#180,#181,#182,#183,#184,#185,#186,
    #187,#188,#189,#190,#191,#192,#193,#194,#195,#196,#197,#198,#199,
    #200,#201,#202,#203,#204,#205,#206,#207,#208,#209,#210,#211,#212,
    #213,#214,#215,#216,#217,#218,#219,#220,#221,#222,#223,#224,#225,
    #226,#227,#228,#229,#230,#231,#232,#233,#234,#235,#236,#237,#238,
    #239,#240,#241,#242,#243,#244,#245,#246,#247,#248,#249,#250,#251,
    #252,#253,#254,#255,#256,#257,#258,#259,#260,#261),.UNSPECIFIED.,.T.
  ,.F.,(7,5,5,5,5,5,5,5,5,5,5,5,5,5,5,5,5,5,5,5,5,7),(0.,
    4.963719974568E-02,0.107165733035,0.174302068006,0.218372315781,
    0.249781073977,0.281189832179,0.324705733854,0.392738192173,
    0.449684201461,0.467124902877,0.499599315697,0.549321382979,
    0.606948276065,0.674199397837,0.718344995014,0.749807454537,
    0.781269914054,0.824860217301,0.89300899453,0.950052367606,1.),
  .UNSPECIFIED.);
#155 = CARTESIAN_POINT('',(2.622248204265E+03,-2.215992388526E+03,
    1.58E+03));
#156 = CARTESIAN_POINT('',(2.622248204265E+03,-2.215992388526E+03,
    1.580569363999E+03));
#157 = CARTESIAN_POINT('',(2.622243849514E+03,-2.215946416913E+03,
    1.581137440797E+03));
#158 = CARTESIAN_POINT('',(2.622235175814E+03,-2.215854858841E+03,
    1.581701994176E+03));
#159 = CARTESIAN_POINT('',(2.622223284991E+03,-2.215719258921E+03,
    1.582260628596E+03));
#160 = CARTESIAN_POINT('',(2.622210289757E+03,-2.215542399288E+03,
    1.5828104963E+03));
#161 = CARTESIAN_POINT('',(2.622184910169E+03,-2.215080951351E+03,
    1.583971013422E+03));
#162 = CARTESIAN_POINT('',(2.622172930147E+03,-2.214783320191E+03,
    1.584578400802E+03));
#163 = CARTESIAN_POINT('',(2.622166138777E+03,-2.214440168724E+03,
    1.585169945379E+03));
#164 = CARTESIAN_POINT('',(2.62216861221E+03,-2.214055290058E+03,
    1.585744977341E+03));
#165 = CARTESIAN_POINT('',(2.622184479905E+03,-2.213631950367E+03,
    1.586302330317E+03));
#166 = CARTESIAN_POINT('',(2.622257312493E+03,-2.212637197568E+03,
    1.58746817675E+03));
#167 = CARTESIAN_POINT('',(2.622320690378E+03,-2.212052963781E+03,
    1.588069545591E+03));
#168 = CARTESIAN_POINT('',(2.622415296779E+03,-2.211422176405E+03,
    1.588644644018E+03));
#169 = CARTESIAN_POINT('',(2.622549247684E+03,-2.21074518418E+03,
    1.589190946134E+03));
#170 = CARTESIAN_POINT('',(2.622732662277E+03,-2.210022889324E+03,
    1.58970236058E+03));
#171 = CARTESIAN_POINT('',(2.623138589062E+03,-2.208756883529E+03,
    1.590473712252E+03));
#172 = CARTESIAN_POINT('',(2.623326563224E+03,-2.208235376158E+03,
    1.590760717514E+03));
#173 = CARTESIAN_POINT('',(2.623544961186E+03,-2.207696233289E+03,
    1.591024837211E+03));
#174 = CARTESIAN_POINT('',(2.623797186013E+03,-2.207142127871E+03,
    1.591261434406E+03));
#175 = CARTESIAN_POINT('',(2.624086618349E+03,-2.206576341789E+03,
    1.591465351526E+03));
#176 = CARTESIAN_POINT('',(2.624651517073E+03,-2.20559410213E+03,
    1.591748664913E+03));
#177 = CARTESIAN_POINT('',(2.62490710964E+03,-2.205181438874E+03,
    1.591847006568E+03));
#178 = CARTESIAN_POINT('',(2.625182724918E+03,-2.204769164369E+03,
    1.591922855473E+03));
#179 = CARTESIAN_POINT('',(2.625477241248E+03,-2.204361266044E+03,
    1.591974219127E+03));
#180 = CARTESIAN_POINT('',(2.625788883648E+03,-2.203961301571E+03,
    1.592E+03));
#181 = CARTESIAN_POINT('',(2.626441631709E+03,-2.203183386723E+03,
    1.592E+03));
#182 = CARTESIAN_POINT('',(2.626781403688E+03,-2.20280702577E+03,
    1.591974219127E+03));
#183 = CARTESIAN_POINT('',(2.627131962898E+03,-2.202446153004E+03,
    1.591922855473E+03));
#184 = CARTESIAN_POINT('',(2.627490113936E+03,-2.202103134225E+03,
    1.591847006568E+03));
#185 = CARTESIAN_POINT('',(2.627852124726E+03,-2.20177976646E+03,
    1.591748664913E+03));
#186 = CARTESIAN_POINT('',(2.62871496442E+03,-2.201058224176E+03,
    1.591467432285E+03));
#187 = CARTESIAN_POINT('',(2.629215562813E+03,-2.200679221128E+03,
    1.591266546405E+03));
#188 = CARTESIAN_POINT('',(2.62971131935E+03,-2.200337946384E+03,
    1.591033709501E+03));
#189 = CARTESIAN_POINT('',(2.63019852459E+03,-2.200031765773E+03,
    1.590773903814E+03));
#190 = CARTESIAN_POINT('',(2.630674029383E+03,-2.199757915233E+03,
    1.590491629084E+03));
#191 = CARTESIAN_POINT('',(2.631856124796E+03,-2.199131690954E+03,
    1.589720979841E+03));
#192 = CARTESIAN_POINT('',(2.632545771484E+03,-2.19881999107E+03,
    1.589203614749E+03));
#193 = CARTESIAN_POINT('',(2.633198450384E+03,-2.198566593164E+03,
    1.588650324641E+03));
#194 = CARTESIAN_POINT('',(2.633811403312E+03,-2.198361262162E+03,
    1.58806749138E+03));
#195 = CARTESIAN_POINT('',(2.634382832266E+03,-2.198195748366E+03,
    1.587457731207E+03));
#196 = CARTESIAN_POINT('',(2.635350202605E+03,-2.197952209737E+03,
    1.586287610644E+03));
#197 = CARTESIAN_POINT('',(2.635759466575E+03,-2.197864348812E+03,
    1.585735514534E+03));
#198 = CARTESIAN_POINT('',(2.636133838328E+03,-2.19779591197E+03,
    1.585166101321E+03));
#199 = CARTESIAN_POINT('',(2.636469495386E+03,-2.19774350529E+03,
    1.584580499653E+03));
#200 = CARTESIAN_POINT('',(2.636762126054E+03,-2.197703876162E+03,
    1.583979361598E+03));
#201 = CARTESIAN_POINT('',(2.637081913855E+03,-2.197665335378E+03,
    1.583174136248E+03));
#202 = CARTESIAN_POINT('',(2.637152368762E+03,-2.197657253277E+03,
    1.582984001853E+03));
#203 = CARTESIAN_POINT('',(2.637218139524E+03,-2.197650051252E+03,
    1.582792617133E+03));
#204 = CARTESIAN_POINT('',(2.637279077094E+03,-2.197643657913E+03,
    1.582600065716E+03));
#205 = CARTESIAN_POINT('',(2.63733504457E+03,-2.197638007159E+03,
    1.582406423885E+03));
#206 = CARTESIAN_POINT('',(2.637480640203E+03,-2.197623793457E+03,
    1.581849299532E+03));
#207 = CARTESIAN_POINT('',(2.637557743101E+03,-2.197616914468E+03,
    1.581483125114E+03));
#208 = CARTESIAN_POINT('',(2.637616237596E+03,-2.197612046561E+03,
    1.581114243527E+03));
#209 = CARTESIAN_POINT('',(2.637655472139E+03,-2.197608897727E+03,
    1.580743546986E+03));
#210 = CARTESIAN_POINT('',(2.637675106897E+03,-2.197607321891E+03,
    1.580371862285E+03));
#211 = CARTESIAN_POINT('',(2.637675106897E+03,-2.197607321891E+03,
    1.579430636001E+03));
#212 = CARTESIAN_POINT('',(2.637629077502E+03,-2.197611016186E+03,
    1.578862559203E+03));
#213 = CARTESIAN_POINT('',(2.637537404231E+03,-2.197618373151E+03,
    1.578298005824E+03));
#214 = CARTESIAN_POINT('',(2.637401799558E+03,-2.197630209655E+03,
    1.577739371404E+03));
#215 = CARTESIAN_POINT('',(2.637225370222E+03,-2.197648123201E+03,
    1.5771895037E+03));
#216 = CARTESIAN_POINT('',(2.636766525596E+03,-2.197703258779E+03,
    1.576028986578E+03));
#217 = CARTESIAN_POINT('',(2.636471335814E+03,-2.197743143869E+03,
    1.575421599198E+03));
#218 = CARTESIAN_POINT('',(2.63613221828E+03,-2.197796043302E+03,
    1.574830054621E+03));
#219 = CARTESIAN_POINT('',(2.635753616293E+03,-2.197865312638E+03,
    1.574255022659E+03));
#220 = CARTESIAN_POINT('',(2.635339463479E+03,-2.197954451432E+03,
    1.573697669683E+03));
#221 = CARTESIAN_POINT('',(2.634372470456E+03,-2.198198914541E+03,
    1.57253182325E+03));
#222 = CARTESIAN_POINT('',(2.633808117948E+03,-2.198362780705E+03,
    1.571930454409E+03));
#223 = CARTESIAN_POINT('',(2.633203341879E+03,-2.1985654849E+03,
    1.571355355982E+03));
#224 = CARTESIAN_POINT('',(2.632559895017E+03,-2.198814959257E+03,
    1.570809053866E+03));
#225 = CARTESIAN_POINT('',(2.631880423052E+03,-2.199121012556E+03,
    1.57029763942E+03));
#226 = CARTESIAN_POINT('',(2.630704139177E+03,-2.199740611999E+03,
    1.569526287748E+03));
#227 = CARTESIAN_POINT('',(2.630223196045E+03,-2.200016289216E+03,
    1.569239282486E+03));
#228 = CARTESIAN_POINT('',(2.629730168376E+03,-2.200324990399E+03,
    1.568975162789E+03));
#229 = CARTESIAN_POINT('',(2.629228279446E+03,-2.20066960276E+03,
    1.568738565594E+03));
#230 = CARTESIAN_POINT('',(2.628721348324E+03,-2.201052885691E+03,
    1.568534648474E+03));
#231 = CARTESIAN_POINT('',(2.627852124726E+03,-2.20177976646E+03,
    1.568251335087E+03));
#232 = CARTESIAN_POINT('',(2.627490113936E+03,-2.202103134225E+03,
    1.568152993432E+03));
#233 = CARTESIAN_POINT('',(2.627131962898E+03,-2.202446153004E+03,
    1.568077144527E+03));
#234 = CARTESIAN_POINT('',(2.626781403688E+03,-2.20280702577E+03,
    1.568025780873E+03));
#235 = CARTESIAN_POINT('',(2.626441631709E+03,-2.203183386723E+03,
    1.568E+03));
#236 = CARTESIAN_POINT('',(2.625788883648E+03,-2.203961301571E+03,
    1.568E+03));
#237 = CARTESIAN_POINT('',(2.625477241248E+03,-2.204361266044E+03,
    1.568025780873E+03));
#238 = CARTESIAN_POINT('',(2.625182724918E+03,-2.204769164369E+03,
    1.568077144527E+03));
#239 = CARTESIAN_POINT('',(2.62490710964E+03,-2.205181438874E+03,
    1.568152993432E+03));
#240 = CARTESIAN_POINT('',(2.624651517073E+03,-2.20559410213E+03,
    1.568251335087E+03));
#241 = CARTESIAN_POINT('',(2.624090767177E+03,-2.206569127853E+03,
    1.568532567715E+03));
#242 = CARTESIAN_POINT('',(2.623804450036E+03,-2.20712793422E+03,
    1.568733453595E+03));
#243 = CARTESIAN_POINT('',(2.623554447241E+03,-2.207675420838E+03,
    1.568966290499E+03));
#244 = CARTESIAN_POINT('',(2.623337520504E+03,-2.208208392042E+03,
    1.569226096186E+03));
#245 = CARTESIAN_POINT('',(2.62315040091E+03,-2.208724226496E+03,
    1.569508370916E+03));
#246 = CARTESIAN_POINT('',(2.622738959099E+03,-2.209997105928E+03,
    1.570279020159E+03));
#247 = CARTESIAN_POINT('',(2.622551750527E+03,-2.21073040145E+03,
    1.570796385251E+03));
#248 = CARTESIAN_POINT('',(2.622415538807E+03,-2.211417166775E+03,
    1.571349675359E+03));
#249 = CARTESIAN_POINT('',(2.622319765402E+03,-2.212056462925E+03,
    1.57193250862E+03));
#250 = CARTESIAN_POINT('',(2.62225599373E+03,-2.212647951759E+03,
    1.572542268793E+03));
#251 = CARTESIAN_POINT('',(2.622184137096E+03,-2.213642915607E+03,
    1.573712389356E+03));
#252 = CARTESIAN_POINT('',(2.622168678918E+03,-2.214061218828E+03,
    1.574264485466E+03));
#253 = CARTESIAN_POINT('',(2.622166290758E+03,-2.214441786966E+03,
    1.574833898679E+03));
#254 = CARTESIAN_POINT('',(2.62217296649E+03,-2.214781444963E+03,
    1.575419500347E+03));
#255 = CARTESIAN_POINT('',(2.6221847542E+03,-2.21507651144E+03,
    1.576020638402E+03));
#256 = CARTESIAN_POINT('',(2.622209989758E+03,-2.215538313447E+03,
    1.577176823718E+03));
#257 = CARTESIAN_POINT('',(2.622223065442E+03,-2.215716753205E+03,
    1.577729071279E+03));
#258 = CARTESIAN_POINT('',(2.622235055399E+03,-2.215853587818E+03,
    1.578290194302E+03));
#259 = CARTESIAN_POINT('',(2.622243809074E+03,-2.215945989965E+03,
    1.578857310279E+03));
#260 = CARTESIAN_POINT('',(2.622248204265E+03,-2.215992388526E+03,
    1.579427998109E+03));
#261 = CARTESIAN_POINT('',(2.622248204265E+03,-2.215992388526E+03,
    1.58E+03));
#262 = PCURVE('',#73,#263);
#263 = DEFINITIONAL_REPRESENTATION('',(#264),#372);
#264 = B_SPLINE_CURVE_WITH_KNOTS('',6,(#265,#266,#267,#268,#269,#270,
    #271,#272,#273,#274,#275,#276,#277,#278,#279,#280,#281,#282,#283,
    #284,#285,#286,#287,#288,#289,#290,#291,#292,#293,#294,#295,#296,
    #297,#298,#299,#300,#301,#302,#303,#304,#305,#306,#307,#308,#309,
    #310,#311,#312,#313,#314,#315,#316,#317,#318,#319,#320,#321,#322,
    #323,#324,#325,#326,#327,#328,#329,#330,#331,#332,#333,#334,#335,
    #336,#337,#338,#339,#340,#341,#342,#343,#344,#345,#346,#347,#348,
    #349,#350,#351,#352,#353,#354,#355,#356,#357,#358,#359,#360,#361,
    #362,#363,#364,#365,#366,#367,#368,#369,#370,#371),.UNSPECIFIED.,.T.
  ,.F.,(7,5,5,5,5,5,5,5,5,5,5,5,5,5,5,5,5,5,5,5,5,7),(0.,
    4.963719974568E-02,0.107165733035,0.174302068006,0.218372315781,
    0.249781073977,0.281189832179,0.324705733854,0.392738192173,
    0.449684201461,0.467124902877,0.499599315697,0.549321382979,
    0.606948276065,0.674199397837,0.718344995014,0.749807454537,
    0.781269914054,0.824860217301,0.89300899453,0.950052367606,1.),
  .UNSPECIFIED.);
#265 = CARTESIAN_POINT('',(3.934171720535,1.58E+03));
#266 = CARTESIAN_POINT('',(3.934171720535,1.580569363999E+03));
#267 = CARTESIAN_POINT('',(3.931431243475,1.581137440797E+03));
#268 = CARTESIAN_POINT('',(3.925973098514,1.581701994176E+03));
#269 = CARTESIAN_POINT('',(3.91789519468,1.582260628596E+03));
#270 = CARTESIAN_POINT('',(3.907372585836,1.5828104963E+03));
#271 = CARTESIAN_POINT('',(3.879945562222,1.583971013422E+03));
#272 = CARTESIAN_POINT('',(3.862269591061,1.584578400802E+03));
#273 = CARTESIAN_POINT('',(3.841907424802,1.585169945379E+03));
#274 = CARTESIAN_POINT('',(3.81907961643,1.585744977341E+03));
#275 = CARTESIAN_POINT('',(3.793953889777,1.586302330317E+03));
#276 = CARTESIAN_POINT('',(3.734760090466,1.58746817675E+03));
#277 = CARTESIAN_POINT('',(3.699905339871,1.588069545591E+03));
#278 = CARTESIAN_POINT('',(3.662101678211,1.588644644018E+03));
#279 = CARTESIAN_POINT('',(3.621221067884,1.589190946134E+03));
#280 = CARTESIAN_POINT('',(3.577078299329,1.58970236058E+03));
#281 = CARTESIAN_POINT('',(3.498176736028,1.590473712252E+03));
#282 = CARTESIAN_POINT('',(3.465298537108,1.590760717514E+03));
#283 = CARTESIAN_POINT('',(3.430817382192,1.591024837211E+03));
#284 = CARTESIAN_POINT('',(3.394739324439,1.591261434406E+03));
#285 = CARTESIAN_POINT('',(3.357068432697,1.591465351526E+03));
#286 = CARTESIAN_POINT('',(3.289822411499,1.591748664913E+03));
#287 = CARTESIAN_POINT('',(3.261030285294,1.591847006568E+03));
#288 = CARTESIAN_POINT('',(3.2316263331,1.591922855473E+03));
#289 = CARTESIAN_POINT('',(3.201797899119,1.591974219127E+03));
#290 = CARTESIAN_POINT('',(3.171726057518,1.592E+03));
#291 = CARTESIAN_POINT('',(3.111459249655,1.592E+03));
#292 = CARTESIAN_POINT('',(3.081387408063,1.591974219127E+03));
#293 = CARTESIAN_POINT('',(3.051558974086,1.591922855473E+03));
#294 = CARTESIAN_POINT('',(3.022155021888,1.591847006568E+03));
#295 = CARTESIAN_POINT('',(2.993362895674,1.591748664913E+03));
#296 = CARTESIAN_POINT('',(2.926610754475,1.591467432285E+03));
#297 = CARTESIAN_POINT('',(2.889391110541,1.591266546405E+03));
#298 = CARTESIAN_POINT('',(2.853723367237,1.591033709501E+03));
#299 = CARTESIAN_POINT('',(2.819613169488,1.590773903814E+03));
#300 = CARTESIAN_POINT('',(2.787068247116,1.590491629084E+03));
#301 = CARTESIAN_POINT('',(2.707678078497,1.589720979841E+03));
#302 = CARTESIAN_POINT('',(2.66285138226,1.589203614749E+03));
#303 = CARTESIAN_POINT('',(2.621379024211,1.588650324641E+03));
#304 = CARTESIAN_POINT('',(2.583067648929,1.58806749138E+03));
#305 = CARTESIAN_POINT('',(2.5477829903,1.587457731207E+03));
#306 = CARTESIAN_POINT('',(2.488580899539,1.586287610644E+03));
#307 = CARTESIAN_POINT('',(2.463754173467,1.585735514534E+03));
#308 = CARTESIAN_POINT('',(2.441181735372,1.585166101321E+03));
#309 = CARTESIAN_POINT('',(2.421026811077,1.584580499653E+03));
#310 = CARTESIAN_POINT('',(2.40350335277,1.583979361598E+03));
#311 = CARTESIAN_POINT('',(2.384387513379,1.583174136248E+03));
#312 = CARTESIAN_POINT('',(2.38017886121,1.582984001853E+03));
#313 = CARTESIAN_POINT('',(2.376252289887,1.582792617133E+03));
#314 = CARTESIAN_POINT('',(2.372616011915,1.582600065716E+03));
#315 = CARTESIAN_POINT('',(2.36927763155,1.582406423885E+03));
#316 = CARTESIAN_POINT('',(2.360595863509,1.581849299532E+03));
#317 = CARTESIAN_POINT('',(2.356002008982,1.581483125114E+03));
#318 = CARTESIAN_POINT('',(2.352518550899,1.581114243527E+03));
#319 = CARTESIAN_POINT('',(2.350182600137,1.580743546986E+03));
#320 = CARTESIAN_POINT('',(2.349013586644,1.580371862285E+03));
#321 = CARTESIAN_POINT('',(2.349013586644,1.579430636001E+03));
#322 = CARTESIAN_POINT('',(2.351754063705,1.578862559203E+03));
#323 = CARTESIAN_POINT('',(2.357212208666,1.578298005824E+03));
#324 = CARTESIAN_POINT('',(2.365290112499,1.577739371404E+03));
#325 = CARTESIAN_POINT('',(2.375812721343,1.5771895037E+03));
#326 = CARTESIAN_POINT('',(2.403239744957,1.576028986578E+03));
#327 = CARTESIAN_POINT('',(2.420915716118,1.575421599198E+03));
#328 = CARTESIAN_POINT('',(2.441277882377,1.574830054621E+03));
#329 = CARTESIAN_POINT('',(2.46410569075,1.574255022659E+03));
#330 = CARTESIAN_POINT('',(2.489231417403,1.573697669683E+03));
#331 = CARTESIAN_POINT('',(2.548425216714,1.57253182325E+03));
#332 = CARTESIAN_POINT('',(2.583279967309,1.571930454409E+03));
#333 = CARTESIAN_POINT('',(2.621083628969,1.571355355982E+03));
#334 = CARTESIAN_POINT('',(2.661964239296,1.570809053866E+03));
#335 = CARTESIAN_POINT('',(2.706107007851,1.57029763942E+03));
#336 = CARTESIAN_POINT('',(2.785008571152,1.569526287748E+03));
#337 = CARTESIAN_POINT('',(2.817886770072,1.569239282486E+03));
#338 = CARTESIAN_POINT('',(2.852367924987,1.568975162789E+03));
#339 = CARTESIAN_POINT('',(2.88844598274,1.568738565594E+03));
#340 = CARTESIAN_POINT('',(2.926116874483,1.568534648474E+03));
#341 = CARTESIAN_POINT('',(2.993362895674,1.568251335087E+03));
#342 = CARTESIAN_POINT('',(3.022155021888,1.568152993432E+03));
#343 = CARTESIAN_POINT('',(3.051558974086,1.568077144527E+03));
#344 = CARTESIAN_POINT('',(3.081387408063,1.568025780873E+03));
#345 = CARTESIAN_POINT('',(3.111459249655,1.568E+03));
#346 = CARTESIAN_POINT('',(3.171726057518,1.568E+03));
#347 = CARTESIAN_POINT('',(3.201797899119,1.568025780873E+03));
#348 = CARTESIAN_POINT('',(3.2316263331,1.568077144527E+03));
#349 = CARTESIAN_POINT('',(3.261030285294,1.568152993432E+03));
#350 = CARTESIAN_POINT('',(3.289822411499,1.568251335087E+03));
#351 = CARTESIAN_POINT('',(3.35657455271,1.568532567715E+03));
#352 = CARTESIAN_POINT('',(3.393794196638,1.568733453595E+03));
#353 = CARTESIAN_POINT('',(3.429461939938,1.568966290499E+03));
#354 = CARTESIAN_POINT('',(3.46357213769,1.569226096186E+03));
#355 = CARTESIAN_POINT('',(3.496117060068,1.569508370916E+03));
#356 = CARTESIAN_POINT('',(3.575507228683,1.570279020159E+03));
#357 = CARTESIAN_POINT('',(3.62033392492,1.570796385251E+03));
#358 = CARTESIAN_POINT('',(3.661806282969,1.571349675359E+03));
#359 = CARTESIAN_POINT('',(3.700117658251,1.57193250862E+03));
#360 = CARTESIAN_POINT('',(3.73540231688,1.572542268793E+03));
#361 = CARTESIAN_POINT('',(3.794604407641,1.573712389356E+03));
#362 = CARTESIAN_POINT('',(3.819431133713,1.574264485466E+03));
#363 = CARTESIAN_POINT('',(3.842003571807,1.574833898679E+03));
#364 = CARTESIAN_POINT('',(3.862158496102,1.575419500347E+03));
#365 = CARTESIAN_POINT('',(3.87968195441,1.576020638402E+03));
#366 = CARTESIAN_POINT('',(3.907129491661,1.577176823718E+03));
#367 = CARTESIAN_POINT('',(3.917745927378,1.577729071279E+03));
#368 = CARTESIAN_POINT('',(3.925897326359,1.578290194302E+03));
#369 = CARTESIAN_POINT('',(3.931405792671,1.578857310279E+03));
#370 = CARTESIAN_POINT('',(3.934171720535,1.579427998109E+03));
#371 = CARTESIAN_POINT('',(3.934171720535,1.58E+03));
#372 = ( GEOMETRIC_REPRESENTATION_CONTEXT(2) 
PARAMETRIC_REPRESENTATION_CONTEXT() REPRESENTATION_CONTEXT('2D SPACE',''
  ) );
#373 = PCURVE('',#374,#379);
#374 = CYLINDRICAL_SURFACE('',#375,12.);
#375 = AXIS2_PLACEMENT_3D('',#376,#377,#378);
#376 = CARTESIAN_POINT('',(2.639023106545E+03,-2.21440331537E+03,
    1.58E+03));
#377 = DIRECTION('',(-0.766044443119,0.642787609687,0.));
#378 = DIRECTION('',(-0.642787609687,-0.766044443119,0.));
#379 = DEFINITIONAL_REPRESENTATION('',(#380),#488);
#380 = B_SPLINE_CURVE_WITH_KNOTS('',6,(#381,#382,#383,#384,#385,#386,
    #387,#388,#389,#390,#391,#392,#393,#394,#395,#396,#397,#398,#399,
    #400,#401,#402,#403,#404,#405,#406,#407,#408,#409,#410,#411,#412,
    #413,#414,#415,#416,#417,#418,#419,#420,#421,#422,#423,#424,#425,
    #426,#427,#428,#429,#430,#431,#432,#433,#434,#435,#436,#437,#438,
    #439,#440,#441,#442,#443,#444,#445,#446,#447,#448,#449,#450,#451,
    #452,#453,#454,#455,#456,#457,#458,#459,#460,#461,#462,#463,#464,
    #465,#466,#467,#468,#469,#470,#471,#472,#473,#474,#475,#476,#477,
    #478,#479,#480,#481,#482,#483,#484,#485,#486,#487),.UNSPECIFIED.,.F.
  ,.F.,(7,5,5,5,5,5,5,5,5,5,5,5,5,5,5,5,5,5,5,5,5,7),(0.,
    4.963719974568E-02,0.107165733035,0.174302068006,0.218372315781,
    0.249781073977,0.281189832179,0.324705733854,0.392738192173,
    0.449684201461,0.467124902877,0.499599315697,0.549321382979,
    0.606948276065,0.674199397837,0.718344995014,0.749807454537,
    0.781269914054,0.824860217301,0.89300899453,0.950052367606,1.),
  .UNSPECIFIED.);
#381 = CARTESIAN_POINT('',(0.,11.828884140104));
#382 = CARTESIAN_POINT('',(4.744699987503E-02,11.828884140104));
#383 = CARTESIAN_POINT('',(9.478667871682E-02,11.861770055732));
#384 = CARTESIAN_POINT('',(0.142025319437,11.927266889284));
#385 = CARTESIAN_POINT('',(0.189149952366,12.023537737203));
#386 = CARTESIAN_POINT('',(0.236108406039,12.147175844228));
#387 = CARTESIAN_POINT('',(0.33681726881,12.463230753558));
#388 = CARTESIAN_POINT('',(0.390544988033,12.663721605141));
#389 = CARTESIAN_POINT('',(0.44417728087,12.889497607177));
#390 = CARTESIAN_POINT('',(0.49792204755,13.134998084852));
#391 = CARTESIAN_POINT('',(0.551972743292,13.394960233844));
#392 = CARTESIAN_POINT('',(0.670218639572,13.978582008025));
#393 = CARTESIAN_POINT('',(0.734588612472,14.305569971077));
#394 = CARTESIAN_POINT('',(0.800271123488,14.638559573047));
#395 = CARTESIAN_POINT('',(0.867848062559,14.971109440925));
#396 = CARTESIAN_POINT('',(0.937875602981,15.294887894896));
#397 = CARTESIAN_POINT('',(1.058915880495,15.797702776204));
#398 = CARTESIAN_POINT('',(1.108358113177,15.9889246901));
#399 = CARTESIAN_POINT('',(1.159320893593,16.168176501248));
#400 = CARTESIAN_POINT('',(1.211869117208,16.331133170943));
#401 = CARTESIAN_POINT('',(1.266085426246,16.473095421097));
#402 = CARTESIAN_POINT('',(1.361999028238,16.671729375827));
#403 = CARTESIAN_POINT('',(1.402818649942,16.741188937907));
#404 = CARTESIAN_POINT('',(1.444306802858,16.795060328851));
#405 = CARTESIAN_POINT('',(1.486258136175,16.831639720536));
#406 = CARTESIAN_POINT('',(1.528484005445,16.85));
#407 = CARTESIAN_POINT('',(1.613108648154,16.85));
#408 = CARTESIAN_POINT('',(1.655334517412,16.831639720528));
#409 = CARTESIAN_POINT('',(1.697285850723,16.795060328861));
#410 = CARTESIAN_POINT('',(1.738774003645,16.74118893792));
#411 = CARTESIAN_POINT('',(1.779593625361,16.671729375808));
#412 = CARTESIAN_POINT('',(1.874802801889,16.474554263334));
#413 = CARTESIAN_POINT('',(1.928363341593,16.334692109696));
#414 = CARTESIAN_POINT('',(1.980297777381,16.174287746395));
#415 = CARTESIAN_POINT('',(2.030683645535,15.997875982035));
#416 = CARTESIAN_POINT('',(2.079580967804,15.809645911863));
#417 = CARTESIAN_POINT('',(2.201213074881,15.306637497038));
#418 = CARTESIAN_POINT('',(2.27224782903,14.978694307526));
#419 = CARTESIAN_POINT('',(2.340754152109,14.641594297112));
#420 = CARTESIAN_POINT('',(2.407309891957,14.304029337082));
#421 = CARTESIAN_POINT('',(2.472520682153,13.972679578989));
#422 = CARTESIAN_POINT('',(2.591037336008,13.388174520016));
#423 = CARTESIAN_POINT('',(2.644539362593,13.13113604385));
#424 = CARTESIAN_POINT('',(2.697744729448,12.888340997252));
#425 = CARTESIAN_POINT('',(2.750841233717,12.664899137006));
#426 = CARTESIAN_POINT('',(2.8040305366,12.466204152645));
#427 = CARTESIAN_POINT('',(2.873933757332,12.246006022817));
#428 = CARTESIAN_POINT('',(2.890345598423,12.197229507604));
#429 = CARTESIAN_POINT('',(2.906779325385,12.151475553314));
#430 = CARTESIAN_POINT('',(2.923235312781,12.108904225599));
#431 = CARTESIAN_POINT('',(2.939714715355,12.069662886455));
#432 = CARTESIAN_POINT('',(2.986951019527,11.967266551813));
#433 = CARTESIAN_POINT('',(3.017784926075,11.912624034013));
#434 = CARTESIAN_POINT('',(3.048685448017,11.870943681466));
#435 = CARTESIAN_POINT('',(3.079630408352,11.842912309937));
#436 = CARTESIAN_POINT('',(3.110604129877,11.828884140104));
#437 = CARTESIAN_POINT('',(3.189039653465,11.828884140104));
#438 = CARTESIAN_POINT('',(3.236379332306,11.861770055732));
#439 = CARTESIAN_POINT('',(3.283617973028,11.927266889285));
#440 = CARTESIAN_POINT('',(3.330742605956,12.023537737203));
#441 = CARTESIAN_POINT('',(3.377701059629,12.147175844228));
#442 = CARTESIAN_POINT('',(3.4784099224,12.463230753557));
#443 = CARTESIAN_POINT('',(3.532137641623,12.66372160514));
#444 = CARTESIAN_POINT('',(3.58576993446,12.889497607178));
#445 = CARTESIAN_POINT('',(3.639514701141,13.134998084854));
#446 = CARTESIAN_POINT('',(3.693565396881,13.394960233842));
#447 = CARTESIAN_POINT('',(3.811811293161,13.978582008024));
#448 = CARTESIAN_POINT('',(3.876181266062,14.305569971078));
#449 = CARTESIAN_POINT('',(3.941863777077,14.638559573046));
#450 = CARTESIAN_POINT('',(4.009440716149,14.971109440926));
#451 = CARTESIAN_POINT('',(4.079468256571,15.294887894896));
#452 = CARTESIAN_POINT('',(4.200508534084,15.797702776204));
#453 = CARTESIAN_POINT('',(4.249950766767,15.988924690102));
#454 = CARTESIAN_POINT('',(4.300913547182,16.168176501248));
#455 = CARTESIAN_POINT('',(4.353461770797,16.331133170942));
#456 = CARTESIAN_POINT('',(4.407678079836,16.473095421097));
#457 = CARTESIAN_POINT('',(4.503591681819,16.671729375808));
#458 = CARTESIAN_POINT('',(4.544411303534,16.74118893792));
#459 = CARTESIAN_POINT('',(4.585899456457,16.795060328862));
#460 = CARTESIAN_POINT('',(4.627850789768,16.831639720528));
#461 = CARTESIAN_POINT('',(4.670076659026,16.85));
#462 = CARTESIAN_POINT('',(4.754701301734,16.85));
#463 = CARTESIAN_POINT('',(4.796927171004,16.831639720536));
#464 = CARTESIAN_POINT('',(4.838878504322,16.795060328851));
#465 = CARTESIAN_POINT('',(4.880366657238,16.741188937907));
#466 = CARTESIAN_POINT('',(4.921186278941,16.671729375827));
#467 = CARTESIAN_POINT('',(5.016395455487,16.474554263318));
#468 = CARTESIAN_POINT('',(5.069955995181,16.334692109691));
#469 = CARTESIAN_POINT('',(5.121890430963,16.17428774642));
#470 = CARTESIAN_POINT('',(5.172276299122,15.997875982052));
#471 = CARTESIAN_POINT('',(5.221173621401,15.809645911834));
#472 = CARTESIAN_POINT('',(5.342805728471,15.306637497037));
#473 = CARTESIAN_POINT('',(5.41384048262,14.978694307526));
#474 = CARTESIAN_POINT('',(5.482346805699,14.641594297113));
#475 = CARTESIAN_POINT('',(5.548902545547,14.304029337082));
#476 = CARTESIAN_POINT('',(5.614113335742,13.972679578988));
#477 = CARTESIAN_POINT('',(5.732629989598,13.388174520012));
#478 = CARTESIAN_POINT('',(5.786132016182,13.131136043854));
#479 = CARTESIAN_POINT('',(5.839337383038,12.888340997253));
#480 = CARTESIAN_POINT('',(5.892433887307,12.664899137005));
#481 = CARTESIAN_POINT('',(5.94562319019,12.466204152644));
#482 = CARTESIAN_POINT('',(6.045993946386,12.150031985292));
#483 = CARTESIAN_POINT('',(6.09316641711,12.025316564943));
#484 = CARTESIAN_POINT('',(6.140506337075,11.928176130989));
#485 = CARTESIAN_POINT('',(6.187961219638,11.862075471795));
#486 = CARTESIAN_POINT('',(6.235518482951,11.828884140104));
#487 = CARTESIAN_POINT('',(6.28318530718,11.828884140104));
#488 = ( GEOMETRIC_REPRESENTATION_CONTEXT(2) 
PARAMETRIC_REPRESENTATION_CONTEXT() REPRESENTATION_CONTEXT('2D SPACE',''
  ) );
#489 = ADVANCED_FACE('',(#490,#604),#85,.T.);
#490 = FACE_BOUND('',#491,.T.);
#491 = EDGE_LOOP('',(#492,#522,#550,#578));
#492 = ORIENTED_EDGE('',*,*,#493,.F.);
#493 = EDGE_CURVE('',#494,#496,#498,.T.);
#494 = VERTEX_POINT('',#495);
#495 = CARTESIAN_POINT('',(2.498139901264E+03,-2.226728998713E+03,10.));
#496 = VERTEX_POINT('',#497);
#497 = CARTESIAN_POINT('',(2.626697423202E+03,-2.07352011009E+03,10.));
#498 = SURFACE_CURVE('',#499,(#503,#510),.PCURVE_S1.);
#499 = LINE('',#500,#501);
#500 = CARTESIAN_POINT('',(2.498139901264E+03,-2.226728998713E+03,10.));
#501 = VECTOR('',#502,1.);
#502 = DIRECTION('',(0.642787609687,0.766044443119,0.));
#503 = PCURVE('',#85,#504);
#504 = DEFINITIONAL_REPRESENTATION('',(#505),#509);
#505 = LINE('',#506,#507);
#506 = CARTESIAN_POINT('',(0.,0.));
#507 = VECTOR('',#508,1.);
#508 = DIRECTION('',(0.,1.));
#509 = ( GEOMETRIC_REPRESENTATION_CONTEXT(2) 
PARAMETRIC_REPRESENTATION_CONTEXT() REPRESENTATION_CONTEXT('2D SPACE',''
  ) );
#510 = PCURVE('',#511,#516);
#511 = PLANE('',#512);
#512 = AXIS2_PLACEMENT_3D('',#513,#514,#515);
#513 = CARTESIAN_POINT('',(2.498139901264E+03,-2.226728998713E+03,0.));
#514 = DIRECTION('',(0.766044443119,-0.642787609687,0.));
#515 = DIRECTION('',(0.,0.,1.));
#516 = DEFINITIONAL_REPRESENTATION('',(#517),#521);
#517 = LINE('',#518,#519);
#518 = CARTESIAN_POINT('',(10.,0.));
#519 = VECTOR('',#520,1.);
#520 = DIRECTION('',(0.,-1.));
#521 = ( GEOMETRIC_REPRESENTATION_CONTEXT(2) 
PARAMETRIC_REPRESENTATION_CONTEXT() REPRESENTATION_CONTEXT('2D SPACE',''
  ) );
#522 = ORIENTED_EDGE('',*,*,#523,.T.);
#523 = EDGE_CURVE('',#494,#524,#526,.T.);
#524 = VERTEX_POINT('',#525);
#525 = CARTESIAN_POINT('',(2.651348789888E+03,-2.355286520651E+03,10.));
#526 = SURFACE_CURVE('',#527,(#531,#538),.PCURVE_S1.);
#527 = LINE('',#528,#529);
#528 = CARTESIAN_POINT('',(2.498139901264E+03,-2.226728998713E+03,10.));
#529 = VECTOR('',#530,1.);
#530 = DIRECTION('',(0.766044443119,-0.642787609687,0.));
#531 = PCURVE('',#85,#532);
#532 = DEFINITIONAL_REPRESENTATION('',(#533),#537);
#533 = LINE('',#534,#535);
#534 = CARTESIAN_POINT('',(0.,0.));
#535 = VECTOR('',#536,1.);
#536 = DIRECTION('',(1.,0.));
#537 = ( GEOMETRIC_REPRESENTATION_CONTEXT(2) 
PARAMETRIC_REPRESENTATION_CONTEXT() REPRESENTATION_CONTEXT('2D SPACE',''
  ) );
#538 = PCURVE('',#539,#544);
#539 = PLANE('',#540);
#540 = AXIS2_PLACEMENT_3D('',#541,#542,#543);
#541 = CARTESIAN_POINT('',(2.498139901264E+03,-2.226728998713E+03,0.));
#542 = DIRECTION('',(0.642787609687,0.766044443119,0.));
#543 = DIRECTION('',(0.,0.,1.));
#544 = DEFINITIONAL_REPRESENTATION('',(#545),#549);
#545 = LINE('',#546,#547);
#546 = CARTESIAN_POINT('',(10.,0.));
#547 = VECTOR('',#548,1.);
#548 = DIRECTION('',(0.,1.));
#549 = ( GEOMETRIC_REPRESENTATION_CONTEXT(2) 
PARAMETRIC_REPRESENTATION_CONTEXT() REPRESENTATION_CONTEXT('2D SPACE',''
  ) );
#550 = ORIENTED_EDGE('',*,*,#551,.T.);
#551 = EDGE_CURVE('',#524,#552,#554,.T.);
#552 = VERTEX_POINT('',#553);
#553 = CARTESIAN_POINT('',(2.779906311825E+03,-2.202077632027E+03,10.));
#554 = SURFACE_CURVE('',#555,(#559,#566),.PCURVE_S1.);
#555 = LINE('',#556,#557);
#556 = CARTESIAN_POINT('',(2.651348789888E+03,-2.355286520651E+03,10.));
#557 = VECTOR('',#558,1.);
#558 = DIRECTION('',(0.642787609687,0.766044443119,0.));
#559 = PCURVE('',#85,#560);
#560 = DEFINITIONAL_REPRESENTATION('',(#561),#565);
#561 = LINE('',#562,#563);
#562 = CARTESIAN_POINT('',(200.,0.));
#563 = VECTOR('',#564,1.);
#564 = DIRECTION('',(0.,1.));
#565 = ( GEOMETRIC_REPRESENTATION_CONTEXT(2) 
PARAMETRIC_REPRESENTATION_CONTEXT() REPRESENTATION_CONTEXT('2D SPACE',''
  ) );
#566 = PCURVE('',#567,#572);
#567 = PLANE('',#568);
#568 = AXIS2_PLACEMENT_3D('',#569,#570,#571);
#569 = CARTESIAN_POINT('',(2.651348789888E+03,-2.355286520651E+03,0.));
#570 = DIRECTION('',(0.766044443119,-0.642787609687,0.));
#571 = DIRECTION('',(0.,0.,1.));
#572 = DEFINITIONAL_REPRESENTATION('',(#573),#577);
#573 = LINE('',#574,#575);
#574 = CARTESIAN_POINT('',(10.,0.));
#575 = VECTOR('',#576,1.);
#576 = DIRECTION('',(0.,-1.));
#577 = ( GEOMETRIC_REPRESENTATION_CONTEXT(2) 
PARAMETRIC_REPRESENTATION_CONTEXT() REPRESENTATION_CONTEXT('2D SPACE',''
  ) );
#578 = ORIENTED_EDGE('',*,*,#579,.F.);
#579 = EDGE_CURVE('',#496,#552,#580,.T.);
#580 = SURFACE_CURVE('',#581,(#585,#592),.PCURVE_S1.);
#581 = LINE('',#582,#583);
#582 = CARTESIAN_POINT('',(2.626697423202E+03,-2.07352011009E+03,10.));
#583 = VECTOR('',#584,1.);
#584 = DIRECTION('',(0.766044443119,-0.642787609687,0.));
#585 = PCURVE('',#85,#586);
#586 = DEFINITIONAL_REPRESENTATION('',(#587),#591);
#587 = LINE('',#588,#589);
#588 = CARTESIAN_POINT('',(0.,200.));
#589 = VECTOR('',#590,1.);
#590 = DIRECTION('',(1.,0.));
#591 = ( GEOMETRIC_REPRESENTATION_CONTEXT(2) 
PARAMETRIC_REPRESENTATION_CONTEXT() REPRESENTATION_CONTEXT('2D SPACE',''
  ) );
#592 = PCURVE('',#593,#598);
#593 = PLANE('',#594);
#594 = AXIS2_PLACEMENT_3D('',#595,#596,#597);
#595 = CARTESIAN_POINT('',(2.626697423202E+03,-2.07352011009E+03,0.));
#596 = DIRECTION('',(0.642787609687,0.766044443119,0.));
#597 = DIRECTION('',(0.,0.,1.));
#598 = DEFINITIONAL_REPRESENTATION('',(#599),#603);
#599 = LINE('',#600,#601);
#600 = CARTESIAN_POINT('',(10.,0.));
#601 = VECTOR('',#602,1.);
#602 = DIRECTION('',(0.,1.));
#603 = ( GEOMETRIC_REPRESENTATION_CONTEXT(2) 
PARAMETRIC_REPRESENTATION_CONTEXT() REPRESENTATION_CONTEXT('2D SPACE',''
  ) );
#604 = FACE_BOUND('',#605,.T.);
#605 = EDGE_LOOP('',(#606));
#606 = ORIENTED_EDGE('',*,*,#63,.F.);
#607 = ADVANCED_FACE('',(#608,#611),#135,.T.);
#608 = FACE_BOUND('',#609,.T.);
#609 = EDGE_LOOP('',(#610));
#610 = ORIENTED_EDGE('',*,*,#120,.T.);
#611 = FACE_BOUND('',#612,.T.);
#612 = EDGE_LOOP('',(#613));
#613 = ORIENTED_EDGE('',*,*,#614,.F.);
#614 = EDGE_CURVE('',#615,#615,#617,.T.);
#615 = VERTEX_POINT('',#616);
#616 = CARTESIAN_POINT('',(2.649479613193E+03,-2.223177366242E+03,
    2.3E+03));
#617 = SURFACE_CURVE('',#618,(#623,#630),.PCURVE_S1.);
#618 = CIRCLE('',#619,13.65);
#619 = AXIS2_PLACEMENT_3D('',#620,#621,#622);
#620 = CARTESIAN_POINT('',(2.639023106545E+03,-2.21440331537E+03,2.3E+03
    ));
#621 = DIRECTION('',(-0.,0.,1.));
#622 = DIRECTION('',(0.766044443119,-0.642787609687,0.));
#623 = PCURVE('',#135,#624);
#624 = DEFINITIONAL_REPRESENTATION('',(#625),#629);
#625 = CIRCLE('',#626,13.65);
#626 = AXIS2_PLACEMENT_2D('',#627,#628);
#627 = CARTESIAN_POINT('',(0.,0.));
#628 = DIRECTION('',(1.,0.));
#629 = ( GEOMETRIC_REPRESENTATION_CONTEXT(2) 
PARAMETRIC_REPRESENTATION_CONTEXT() REPRESENTATION_CONTEXT('2D SPACE',''
  ) );
#630 = PCURVE('',#631,#636);
#631 = CYLINDRICAL_SURFACE('',#632,13.65);
#632 = AXIS2_PLACEMENT_3D('',#633,#634,#635);
#633 = CARTESIAN_POINT('',(2.639023106545E+03,-2.21440331537E+03,-1.));
#634 = DIRECTION('',(0.,0.,1.));
#635 = DIRECTION('',(0.766044443119,-0.642787609687,0.));
#636 = DEFINITIONAL_REPRESENTATION('',(#637),#641);
#637 = LINE('',#638,#639);
#638 = CARTESIAN_POINT('',(0.,2.301E+03));
#639 = VECTOR('',#640,1.);
#640 = DIRECTION('',(1.,0.));
#641 = ( GEOMETRIC_REPRESENTATION_CONTEXT(2) 
PARAMETRIC_REPRESENTATION_CONTEXT() REPRESENTATION_CONTEXT('2D SPACE',''
  ) );
#642 = ADVANCED_FACE('',(#643),#374,.T.);
#643 = FACE_BOUND('',#644,.T.);
#644 = EDGE_LOOP('',(#645,#668,#695,#696));
#645 = ORIENTED_EDGE('',*,*,#646,.T.);
#646 = EDGE_CURVE('',#151,#647,#649,.T.);
#647 = VERTEX_POINT('',#648);
#648 = CARTESIAN_POINT('',(2.118059878339E+03,-1.792928150198E+03,
    1.58E+03));
#649 = SEAM_CURVE('',#650,(#654,#661),.PCURVE_S1.);
#650 = LINE('',#651,#652);
#651 = CARTESIAN_POINT('',(2.631309655229E+03,-2.223595848688E+03,
    1.58E+03));
#652 = VECTOR('',#653,1.);
#653 = DIRECTION('',(-0.766044443119,0.642787609687,0.));
#654 = PCURVE('',#374,#655);
#655 = DEFINITIONAL_REPRESENTATION('',(#656),#660);
#656 = LINE('',#657,#658);
#657 = CARTESIAN_POINT('',(6.28318530718,-0.));
#658 = VECTOR('',#659,1.);
#659 = DIRECTION('',(0.,1.));
#660 = ( GEOMETRIC_REPRESENTATION_CONTEXT(2) 
PARAMETRIC_REPRESENTATION_CONTEXT() REPRESENTATION_CONTEXT('2D SPACE',''
  ) );
#661 = PCURVE('',#374,#662);
#662 = DEFINITIONAL_REPRESENTATION('',(#663),#667);
#663 = LINE('',#664,#665);
#664 = CARTESIAN_POINT('',(0.,-0.));
#665 = VECTOR('',#666,1.);
#666 = DIRECTION('',(0.,1.));
#667 = ( GEOMETRIC_REPRESENTATION_CONTEXT(2) 
PARAMETRIC_REPRESENTATION_CONTEXT() REPRESENTATION_CONTEXT('2D SPACE',''
  ) );
#668 = ORIENTED_EDGE('',*,*,#669,.F.);
#669 = EDGE_CURVE('',#647,#647,#670,.T.);
#670 = SURFACE_CURVE('',#671,(#676,#683),.PCURVE_S1.);
#671 = CIRCLE('',#672,12.);
#672 = AXIS2_PLACEMENT_3D('',#673,#674,#675);
#673 = CARTESIAN_POINT('',(2.125773329655E+03,-1.78373561688E+03,
    1.58E+03));
#674 = DIRECTION('',(-0.766044443119,0.642787609687,0.));
#675 = DIRECTION('',(-0.642787609687,-0.766044443119,0.));
#676 = PCURVE('',#374,#677);
#677 = DEFINITIONAL_REPRESENTATION('',(#678),#682);
#678 = LINE('',#679,#680);
#679 = CARTESIAN_POINT('',(0.,670.));
#680 = VECTOR('',#681,1.);
#681 = DIRECTION('',(1.,0.));
#682 = ( GEOMETRIC_REPRESENTATION_CONTEXT(2) 
PARAMETRIC_REPRESENTATION_CONTEXT() REPRESENTATION_CONTEXT('2D SPACE',''
  ) );
#683 = PCURVE('',#684,#689);
#684 = PLANE('',#685);
#685 = AXIS2_PLACEMENT_3D('',#686,#687,#688);
#686 = CARTESIAN_POINT('',(2.125773329655E+03,-1.78373561688E+03,
    1.58E+03));
#687 = DIRECTION('',(-0.766044443119,0.642787609687,0.));
#688 = DIRECTION('',(-0.642787609687,-0.766044443119,0.));
#689 = DEFINITIONAL_REPRESENTATION('',(#690),#694);
#690 = CIRCLE('',#691,12.);
#691 = AXIS2_PLACEMENT_2D('',#692,#693);
#692 = CARTESIAN_POINT('',(0.,0.));
#693 = DIRECTION('',(1.,0.));
#694 = ( GEOMETRIC_REPRESENTATION_CONTEXT(2) 
PARAMETRIC_REPRESENTATION_CONTEXT() REPRESENTATION_CONTEXT('2D SPACE',''
  ) );
#695 = ORIENTED_EDGE('',*,*,#646,.F.);
#696 = ORIENTED_EDGE('',*,*,#150,.T.);
#697 = ADVANCED_FACE('',(#698),#511,.F.);
#698 = FACE_BOUND('',#699,.F.);
#699 = EDGE_LOOP('',(#700,#723,#751,#772));
#700 = ORIENTED_EDGE('',*,*,#701,.F.);
#701 = EDGE_CURVE('',#702,#494,#704,.T.);
#702 = VERTEX_POINT('',#703);
#703 = CARTESIAN_POINT('',(2.498139901264E+03,-2.226728998713E+03,0.));
#704 = SURFACE_CURVE('',#705,(#709,#716),.PCURVE_S1.);
#705 = LINE('',#706,#707);
#706 = CARTESIAN_POINT('',(2.498139901264E+03,-2.226728998713E+03,0.));
#707 = VECTOR('',#708,1.);
#708 = DIRECTION('',(0.,0.,1.));
#709 = PCURVE('',#511,#710);
#710 = DEFINITIONAL_REPRESENTATION('',(#711),#715);
#711 = LINE('',#712,#713);
#712 = CARTESIAN_POINT('',(0.,0.));
#713 = VECTOR('',#714,1.);
#714 = DIRECTION('',(1.,0.));
#715 = ( GEOMETRIC_REPRESENTATION_CONTEXT(2) 
PARAMETRIC_REPRESENTATION_CONTEXT() REPRESENTATION_CONTEXT('2D SPACE',''
  ) );
#716 = PCURVE('',#539,#717);
#717 = DEFINITIONAL_REPRESENTATION('',(#718),#722);
#718 = LINE('',#719,#720);
#719 = CARTESIAN_POINT('',(0.,0.));
#720 = VECTOR('',#721,1.);
#721 = DIRECTION('',(1.,0.));
#722 = ( GEOMETRIC_REPRESENTATION_CONTEXT(2) 
PARAMETRIC_REPRESENTATION_CONTEXT() REPRESENTATION_CONTEXT('2D SPACE',''
  ) );
#723 = ORIENTED_EDGE('',*,*,#724,.T.);
#724 = EDGE_CURVE('',#702,#725,#727,.T.);
#725 = VERTEX_POINT('',#726);
#726 = CARTESIAN_POINT('',(2.626697423202E+03,-2.07352011009E+03,0.));
#727 = SURFACE_CURVE('',#728,(#732,#739),.PCURVE_S1.);
#728 = LINE('',#729,#730);
#729 = CARTESIAN_POINT('',(2.498139901264E+03,-2.226728998713E+03,0.));
#730 = VECTOR('',#731,1.);
#731 = DIRECTION('',(0.642787609687,0.766044443119,0.));
#732 = PCURVE('',#511,#733);
#733 = DEFINITIONAL_REPRESENTATION('',(#734),#738);
#734 = LINE('',#735,#736);
#735 = CARTESIAN_POINT('',(0.,0.));
#736 = VECTOR('',#737,1.);
#737 = DIRECTION('',(0.,-1.));
#738 = ( GEOMETRIC_REPRESENTATION_CONTEXT(2) 
PARAMETRIC_REPRESENTATION_CONTEXT() REPRESENTATION_CONTEXT('2D SPACE',''
  ) );
#739 = PCURVE('',#740,#745);
#740 = PLANE('',#741);
#741 = AXIS2_PLACEMENT_3D('',#742,#743,#744);
#742 = CARTESIAN_POINT('',(2.498139901264E+03,-2.226728998713E+03,0.));
#743 = DIRECTION('',(0.,0.,1.));
#744 = DIRECTION('',(0.766044443119,-0.642787609687,0.));
#745 = DEFINITIONAL_REPRESENTATION('',(#746),#750);
#746 = LINE('',#747,#748);
#747 = CARTESIAN_POINT('',(0.,0.));
#748 = VECTOR('',#749,1.);
#749 = DIRECTION('',(0.,1.));
#750 = ( GEOMETRIC_REPRESENTATION_CONTEXT(2) 
PARAMETRIC_REPRESENTATION_CONTEXT() REPRESENTATION_CONTEXT('2D SPACE',''
  ) );
#751 = ORIENTED_EDGE('',*,*,#752,.T.);
#752 = EDGE_CURVE('',#725,#496,#753,.T.);
#753 = SURFACE_CURVE('',#754,(#758,#765),.PCURVE_S1.);
#754 = LINE('',#755,#756);
#755 = CARTESIAN_POINT('',(2.626697423202E+03,-2.07352011009E+03,0.));
#756 = VECTOR('',#757,1.);
#757 = DIRECTION('',(0.,0.,1.));
#758 = PCURVE('',#511,#759);
#759 = DEFINITIONAL_REPRESENTATION('',(#760),#764);
#760 = LINE('',#761,#762);
#761 = CARTESIAN_POINT('',(0.,-200.));
#762 = VECTOR('',#763,1.);
#763 = DIRECTION('',(1.,0.));
#764 = ( GEOMETRIC_REPRESENTATION_CONTEXT(2) 
PARAMETRIC_REPRESENTATION_CONTEXT() REPRESENTATION_CONTEXT('2D SPACE',''
  ) );
#765 = PCURVE('',#593,#766);
#766 = DEFINITIONAL_REPRESENTATION('',(#767),#771);
#767 = LINE('',#768,#769);
#768 = CARTESIAN_POINT('',(0.,0.));
#769 = VECTOR('',#770,1.);
#770 = DIRECTION('',(1.,0.));
#771 = ( GEOMETRIC_REPRESENTATION_CONTEXT(2) 
PARAMETRIC_REPRESENTATION_CONTEXT() REPRESENTATION_CONTEXT('2D SPACE',''
  ) );
#772 = ORIENTED_EDGE('',*,*,#493,.F.);
#773 = ADVANCED_FACE('',(#774),#593,.T.);
#774 = FACE_BOUND('',#775,.T.);
#775 = EDGE_LOOP('',(#776,#799,#800,#801));
#776 = ORIENTED_EDGE('',*,*,#777,.F.);
#777 = EDGE_CURVE('',#725,#778,#780,.T.);
#778 = VERTEX_POINT('',#779);
#779 = CARTESIAN_POINT('',(2.779906311825E+03,-2.202077632027E+03,0.));
#780 = SURFACE_CURVE('',#781,(#785,#792),.PCURVE_S1.);
#781 = LINE('',#782,#783);
#782 = CARTESIAN_POINT('',(2.626697423202E+03,-2.07352011009E+03,0.));
#783 = VECTOR('',#784,1.);
#784 = DIRECTION('',(0.766044443119,-0.642787609687,0.));
#785 = PCURVE('',#593,#786);
#786 = DEFINITIONAL_REPRESENTATION('',(#787),#791);
#787 = LINE('',#788,#789);
#788 = CARTESIAN_POINT('',(0.,0.));
#789 = VECTOR('',#790,1.);
#790 = DIRECTION('',(0.,1.));
#791 = ( GEOMETRIC_REPRESENTATION_CONTEXT(2) 
PARAMETRIC_REPRESENTATION_CONTEXT() REPRESENTATION_CONTEXT('2D SPACE',''
  ) );
#792 = PCURVE('',#740,#793);
#793 = DEFINITIONAL_REPRESENTATION('',(#794),#798);
#794 = LINE('',#795,#796);
#795 = CARTESIAN_POINT('',(-1.989519660128E-13,200.));
#796 = VECTOR('',#797,1.);
#797 = DIRECTION('',(1.,0.));
#798 = ( GEOMETRIC_REPRESENTATION_CONTEXT(2) 
PARAMETRIC_REPRESENTATION_CONTEXT() REPRESENTATION_CONTEXT('2D SPACE',''
  ) );
#799 = ORIENTED_EDGE('',*,*,#752,.T.);
#800 = ORIENTED_EDGE('',*,*,#579,.T.);
#801 = ORIENTED_EDGE('',*,*,#802,.F.);
#802 = EDGE_CURVE('',#778,#552,#803,.T.);
#803 = SURFACE_CURVE('',#804,(#808,#815),.PCURVE_S1.);
#804 = LINE('',#805,#806);
#805 = CARTESIAN_POINT('',(2.779906311825E+03,-2.202077632027E+03,0.));
#806 = VECTOR('',#807,1.);
#807 = DIRECTION('',(0.,0.,1.));
#808 = PCURVE('',#593,#809);
#809 = DEFINITIONAL_REPRESENTATION('',(#810),#814);
#810 = LINE('',#811,#812);
#811 = CARTESIAN_POINT('',(0.,200.));
#812 = VECTOR('',#813,1.);
#813 = DIRECTION('',(1.,0.));
#814 = ( GEOMETRIC_REPRESENTATION_CONTEXT(2) 
PARAMETRIC_REPRESENTATION_CONTEXT() REPRESENTATION_CONTEXT('2D SPACE',''
  ) );
#815 = PCURVE('',#567,#816);
#816 = DEFINITIONAL_REPRESENTATION('',(#817),#821);
#817 = LINE('',#818,#819);
#818 = CARTESIAN_POINT('',(0.,-200.));
#819 = VECTOR('',#820,1.);
#820 = DIRECTION('',(1.,0.));
#821 = ( GEOMETRIC_REPRESENTATION_CONTEXT(2) 
PARAMETRIC_REPRESENTATION_CONTEXT() REPRESENTATION_CONTEXT('2D SPACE',''
  ) );
#822 = ADVANCED_FACE('',(#823),#539,.F.);
#823 = FACE_BOUND('',#824,.F.);
#824 = EDGE_LOOP('',(#825,#848,#849,#850));
#825 = ORIENTED_EDGE('',*,*,#826,.F.);
#826 = EDGE_CURVE('',#702,#827,#829,.T.);
#827 = VERTEX_POINT('',#828);
#828 = CARTESIAN_POINT('',(2.651348789888E+03,-2.355286520651E+03,0.));
#829 = SURFACE_CURVE('',#830,(#834,#841),.PCURVE_S1.);
#830 = LINE('',#831,#832);
#831 = CARTESIAN_POINT('',(2.498139901264E+03,-2.226728998713E+03,0.));
#832 = VECTOR('',#833,1.);
#833 = DIRECTION('',(0.766044443119,-0.642787609687,0.));
#834 = PCURVE('',#539,#835);
#835 = DEFINITIONAL_REPRESENTATION('',(#836),#840);
#836 = LINE('',#837,#838);
#837 = CARTESIAN_POINT('',(0.,0.));
#838 = VECTOR('',#839,1.);
#839 = DIRECTION('',(0.,1.));
#840 = ( GEOMETRIC_REPRESENTATION_CONTEXT(2) 
PARAMETRIC_REPRESENTATION_CONTEXT() REPRESENTATION_CONTEXT('2D SPACE',''
  ) );
#841 = PCURVE('',#740,#842);
#842 = DEFINITIONAL_REPRESENTATION('',(#843),#847);
#843 = LINE('',#844,#845);
#844 = CARTESIAN_POINT('',(0.,0.));
#845 = VECTOR('',#846,1.);
#846 = DIRECTION('',(1.,0.));
#847 = ( GEOMETRIC_REPRESENTATION_CONTEXT(2) 
PARAMETRIC_REPRESENTATION_CONTEXT() REPRESENTATION_CONTEXT('2D SPACE',''
  ) );
#848 = ORIENTED_EDGE('',*,*,#701,.T.);
#849 = ORIENTED_EDGE('',*,*,#523,.T.);
#850 = ORIENTED_EDGE('',*,*,#851,.F.);
#851 = EDGE_CURVE('',#827,#524,#852,.T.);
#852 = SURFACE_CURVE('',#853,(#857,#864),.PCURVE_S1.);
#853 = LINE('',#854,#855);
#854 = CARTESIAN_POINT('',(2.651348789888E+03,-2.355286520651E+03,0.));
#855 = VECTOR('',#856,1.);
#856 = DIRECTION('',(0.,0.,1.));
#857 = PCURVE('',#539,#858);
#858 = DEFINITIONAL_REPRESENTATION('',(#859),#863);
#859 = LINE('',#860,#861);
#860 = CARTESIAN_POINT('',(0.,200.));
#861 = VECTOR('',#862,1.);
#862 = DIRECTION('',(1.,0.));
#863 = ( GEOMETRIC_REPRESENTATION_CONTEXT(2) 
PARAMETRIC_REPRESENTATION_CONTEXT() REPRESENTATION_CONTEXT('2D SPACE',''
  ) );
#864 = PCURVE('',#567,#865);
#865 = DEFINITIONAL_REPRESENTATION('',(#866),#870);
#866 = LINE('',#867,#868);
#867 = CARTESIAN_POINT('',(0.,0.));
#868 = VECTOR('',#869,1.);
#869 = DIRECTION('',(1.,0.));
#870 = ( GEOMETRIC_REPRESENTATION_CONTEXT(2) 
PARAMETRIC_REPRESENTATION_CONTEXT() REPRESENTATION_CONTEXT('2D SPACE',''
  ) );
#871 = ADVANCED_FACE('',(#872),#567,.T.);
#872 = FACE_BOUND('',#873,.T.);
#873 = EDGE_LOOP('',(#874,#875,#896,#897));
#874 = ORIENTED_EDGE('',*,*,#851,.F.);
#875 = ORIENTED_EDGE('',*,*,#876,.T.);
#876 = EDGE_CURVE('',#827,#778,#877,.T.);
#877 = SURFACE_CURVE('',#878,(#882,#889),.PCURVE_S1.);
#878 = LINE('',#879,#880);
#879 = CARTESIAN_POINT('',(2.651348789888E+03,-2.355286520651E+03,0.));
#880 = VECTOR('',#881,1.);
#881 = DIRECTION('',(0.642787609687,0.766044443119,0.));
#882 = PCURVE('',#567,#883);
#883 = DEFINITIONAL_REPRESENTATION('',(#884),#888);
#884 = LINE('',#885,#886);
#885 = CARTESIAN_POINT('',(0.,0.));
#886 = VECTOR('',#887,1.);
#887 = DIRECTION('',(0.,-1.));
#888 = ( GEOMETRIC_REPRESENTATION_CONTEXT(2) 
PARAMETRIC_REPRESENTATION_CONTEXT() REPRESENTATION_CONTEXT('2D SPACE',''
  ) );
#889 = PCURVE('',#740,#890);
#890 = DEFINITIONAL_REPRESENTATION('',(#891),#895);
#891 = LINE('',#892,#893);
#892 = CARTESIAN_POINT('',(200.,1.989519660128E-13));
#893 = VECTOR('',#894,1.);
#894 = DIRECTION('',(0.,1.));
#895 = ( GEOMETRIC_REPRESENTATION_CONTEXT(2) 
PARAMETRIC_REPRESENTATION_CONTEXT() REPRESENTATION_CONTEXT('2D SPACE',''
  ) );
#896 = ORIENTED_EDGE('',*,*,#802,.T.);
#897 = ORIENTED_EDGE('',*,*,#551,.F.);
#898 = ADVANCED_FACE('',(#899,#953),#631,.F.);
#899 = FACE_BOUND('',#900,.F.);
#900 = EDGE_LOOP('',(#901,#930,#951,#952));
#901 = ORIENTED_EDGE('',*,*,#902,.T.);
#902 = EDGE_CURVE('',#903,#903,#905,.T.);
#903 = VERTEX_POINT('',#904);
#904 = CARTESIAN_POINT('',(2.649479613193E+03,-2.223177366242E+03,10.));
#905 = SURFACE_CURVE('',#906,(#911,#918),.PCURVE_S1.);
#906 = CIRCLE('',#907,13.65);
#907 = AXIS2_PLACEMENT_3D('',#908,#909,#910);
#908 = CARTESIAN_POINT('',(2.639023106545E+03,-2.21440331537E+03,10.));
#909 = DIRECTION('',(0.,0.,1.));
#910 = DIRECTION('',(0.766044443119,-0.642787609687,0.));
#911 = PCURVE('',#631,#912);
#912 = DEFINITIONAL_REPRESENTATION('',(#913),#917);
#913 = LINE('',#914,#915);
#914 = CARTESIAN_POINT('',(0.,11.));
#915 = VECTOR('',#916,1.);
#916 = DIRECTION('',(1.,0.));
#917 = ( GEOMETRIC_REPRESENTATION_CONTEXT(2) 
PARAMETRIC_REPRESENTATION_CONTEXT() REPRESENTATION_CONTEXT('2D SPACE',''
  ) );
#918 = PCURVE('',#919,#924);
#919 = PLANE('',#920);
#920 = AXIS2_PLACEMENT_3D('',#921,#922,#923);
#921 = CARTESIAN_POINT('',(2.498139901264E+03,-2.226728998713E+03,10.));
#922 = DIRECTION('',(0.,0.,1.));
#923 = DIRECTION('',(0.766044443119,-0.642787609687,0.));
#924 = DEFINITIONAL_REPRESENTATION('',(#925),#929);
#925 = CIRCLE('',#926,13.65);
#926 = AXIS2_PLACEMENT_2D('',#927,#928);
#927 = CARTESIAN_POINT('',(100.,100.));
#928 = DIRECTION('',(1.,0.));
#929 = ( GEOMETRIC_REPRESENTATION_CONTEXT(2) 
PARAMETRIC_REPRESENTATION_CONTEXT() REPRESENTATION_CONTEXT('2D SPACE',''
  ) );
#930 = ORIENTED_EDGE('',*,*,#931,.T.);
#931 = EDGE_CURVE('',#903,#615,#932,.T.);
#932 = SEAM_CURVE('',#933,(#937,#944),.PCURVE_S1.);
#933 = LINE('',#934,#935);
#934 = CARTESIAN_POINT('',(2.649479613193E+03,-2.223177366242E+03,-1.));
#935 = VECTOR('',#936,1.);
#936 = DIRECTION('',(0.,0.,1.));
#937 = PCURVE('',#631,#938);
#938 = DEFINITIONAL_REPRESENTATION('',(#939),#943);
#939 = LINE('',#940,#941);
#940 = CARTESIAN_POINT('',(0.,-0.));
#941 = VECTOR('',#942,1.);
#942 = DIRECTION('',(0.,1.));
#943 = ( GEOMETRIC_REPRESENTATION_CONTEXT(2) 
PARAMETRIC_REPRESENTATION_CONTEXT() REPRESENTATION_CONTEXT('2D SPACE',''
  ) );
#944 = PCURVE('',#631,#945);
#945 = DEFINITIONAL_REPRESENTATION('',(#946),#950);
#946 = LINE('',#947,#948);
#947 = CARTESIAN_POINT('',(6.28318530718,-0.));
#948 = VECTOR('',#949,1.);
#949 = DIRECTION('',(0.,1.));
#950 = ( GEOMETRIC_REPRESENTATION_CONTEXT(2) 
PARAMETRIC_REPRESENTATION_CONTEXT() REPRESENTATION_CONTEXT('2D SPACE',''
  ) );
#951 = ORIENTED_EDGE('',*,*,#614,.F.);
#952 = ORIENTED_EDGE('',*,*,#931,.F.);
#953 = FACE_BOUND('',#954,.F.);
#954 = EDGE_LOOP('',(#955));
#955 = ORIENTED_EDGE('',*,*,#956,.F.);
#956 = EDGE_CURVE('',#957,#957,#959,.T.);
#957 = VERTEX_POINT('',#958);
#958 = CARTESIAN_POINT('',(2.626326096009E+03,-2.219414145984E+03,
    1.58E+03));
#959 = SURFACE_CURVE('',#960,(#1107,#1257),.PCURVE_S1.);
#960 = B_SPLINE_CURVE_WITH_KNOTS('',7,(#961,#962,#963,#964,#965,#966,
    #967,#968,#969,#970,#971,#972,#973,#974,#975,#976,#977,#978,#979,
    #980,#981,#982,#983,#984,#985,#986,#987,#988,#989,#990,#991,#992,
    #993,#994,#995,#996,#997,#998,#999,#1000,#1001,#1002,#1003,#1004,
    #1005,#1006,#1007,#1008,#1009,#1010,#1011,#1012,#1013,#1014,#1015,
    #1016,#1017,#1018,#1019,#1020,#1021,#1022,#1023,#1024,#1025,#1026,
    #1027,#1028,#1029,#1030,#1031,#1032,#1033,#1034,#1035,#1036,#1037,
    #1038,#1039,#1040,#1041,#1042,#1043,#1044,#1045,#1046,#1047,#1048,
    #1049,#1050,#1051,#1052,#1053,#1054,#1055,#1056,#1057,#1058,#1059,
    #1060,#1061,#1062,#1063,#1064,#1065,#1066,#1067,#1068,#1069,#1070,
    #1071,#1072,#1073,#1074,#1075,#1076,#1077,#1078,#1079,#1080,#1081,
    #1082,#1083,#1084,#1085,#1086,#1087,#1088,#1089,#1090,#1091,#1092,
    #1093,#1094,#1095,#1096,#1097,#1098,#1099,#1100,#1101,#1102,#1103,
    #1104,#1105,#1106),.UNSPECIFIED.,.T.,.F.,(8,6,6,6,6,6,6,6,6,6,6,6,6,
    6,6,6,6,6,6,6,6,6,6,6,8),(0.,3.774962771147E-02,0.102860274123,
    0.175908856701,0.201325808567,0.231176244887,0.270283858534,
    0.298656514957,0.324569719616,0.397233987984,0.46224683994,
    0.476227530787,0.499991272853,0.523900567623,0.537866269839,
    0.60297900019,0.67602992077,0.701447686134,0.731299077819,
    0.770407943063,0.798781507523,0.824695541507,0.897362135422,
    0.96237706805,1.),.UNSPECIFIED.);
#961 = CARTESIAN_POINT('',(2.626326096009E+03,-2.219414145984E+03,
    1.58E+03));
#962 = CARTESIAN_POINT('',(2.626326096009E+03,-2.219414145984E+03,
    1.580390655078E+03));
#963 = CARTESIAN_POINT('',(2.626314668301E+03,-2.219385187597E+03,
    1.580778842575E+03));
#964 = CARTESIAN_POINT('',(2.626292070426E+03,-2.219327931659E+03,
    1.581163952373E+03));
#965 = CARTESIAN_POINT('',(2.62625930126E+03,-2.219243673234E+03,
    1.581545193487E+03));
#966 = CARTESIAN_POINT('',(2.626218058216E+03,-2.219134445596E+03,
    1.581921263159E+03));
#967 = CARTESIAN_POINT('',(2.626170541605E+03,-2.219003202168E+03,
    1.582290110016E+03));
#968 = CARTESIAN_POINT('',(2.626030390167E+03,-2.218596863973E+03,
    1.583267445578E+03));
#969 = CARTESIAN_POINT('',(2.625928790957E+03,-2.218282896575E+03,
    1.583864408817E+03));
#970 = CARTESIAN_POINT('',(2.625823208501E+03,-2.217923109148E+03,
    1.584441390299E+03));
#971 = CARTESIAN_POINT('',(2.625721425589E+03,-2.217526128454E+03,
    1.584998960437E+03));
#972 = CARTESIAN_POINT('',(2.625628546182E+03,-2.217097530627E+03,
    1.585538392877E+03));
#973 = CARTESIAN_POINT('',(2.625548418107E+03,-2.216639165765E+03,
    1.586062217659E+03));
#974 = CARTESIAN_POINT('',(2.62541439979E+03,-2.215600150198E+03,
    1.587146326988E+03));
#975 = CARTESIAN_POINT('',(2.625365439581E+03,-2.21501558473E+03,
    1.587698910649E+03));
#976 = CARTESIAN_POINT('',(2.625343976706E+03,-2.214396415759E+03,
    1.588233358646E+03));
#977 = CARTESIAN_POINT('',(2.625355802851E+03,-2.213741496926E+03,
    1.588749674112E+03));
#978 = CARTESIAN_POINT('',(2.625408232932E+03,-2.213049764054E+03,
    1.589245394677E+03));
#979 = CARTESIAN_POINT('',(2.625510284374E+03,-2.212321315962E+03,
    1.589715025466E+03));
#980 = CARTESIAN_POINT('',(2.625729453953E+03,-2.211292852403E+03,
    1.590300830425E+03));
#981 = CARTESIAN_POINT('',(2.625793412811E+03,-2.211022935857E+03,
    1.590447949083E+03));
#982 = CARTESIAN_POINT('',(2.625865248711E+03,-2.210748628702E+03,
    1.590590595534E+03));
#983 = CARTESIAN_POINT('',(2.625945484714E+03,-2.210470030982E+03,
    1.590728324432E+03));
#984 = CARTESIAN_POINT('',(2.626034674666E+03,-2.210187295093E+03,
    1.590860622143E+03));
#985 = CARTESIAN_POINT('',(2.626133403455E+03,-2.209900626275E+03,
    1.590986907034E+03));
#986 = CARTESIAN_POINT('',(2.626370163677E+03,-2.209269295325E+03,
    1.59124701831E+03));
#987 = CARTESIAN_POINT('',(2.626512308358E+03,-2.208922542149E+03,
    1.591378604812E+03));
#988 = CARTESIAN_POINT('',(2.626669455445E+03,-2.208571389909E+03,
    1.59149976211E+03));
#989 = CARTESIAN_POINT('',(2.626842243185E+03,-2.208217222719E+03,
    1.591609043167E+03));
#990 = CARTESIAN_POINT('',(2.62703120965E+03,-2.207861438784E+03,
    1.591705076294E+03));
#991 = CARTESIAN_POINT('',(2.62723678848E+03,-2.207505446694E+03,
    1.591786560373E+03));
#992 = CARTESIAN_POINT('',(2.627750827152E+03,-2.206685851319E+03,
    1.591938334508E+03));
#993 = CARTESIAN_POINT('',(2.628071022904E+03,-2.206223747974E+03,
    1.591997198897E+03));
#994 = CARTESIAN_POINT('',(2.628417971742E+03,-2.205771527091E+03,
    1.592025465978E+03));
#995 = CARTESIAN_POINT('',(2.628788429862E+03,-2.205335425929E+03,
    1.592021530074E+03));
#996 = CARTESIAN_POINT('',(2.62917785907E+03,-2.204920646321E+03,
    1.591985530995E+03));
#997 = CARTESIAN_POINT('',(2.629580487526E+03,-2.204531285669E+03,
    1.591919354982E+03));
#998 = CARTESIAN_POINT('',(2.630286070177E+03,-2.203908397627E+03,
    1.591759431523E+03));
#999 = CARTESIAN_POINT('',(2.630586016896E+03,-2.203661458903E+03,
    1.591678245473E+03));
#1000 = CARTESIAN_POINT('',(2.630888019721E+03,-2.20342935101E+03,
    1.591584198935E+03));
#1001 = CARTESIAN_POINT('',(2.631190855159E+03,-2.203211863836E+03,
    1.591478418635E+03));
#1002 = CARTESIAN_POINT('',(2.63149330184E+03,-2.203008708849E+03,
    1.59136207719E+03));
#1003 = CARTESIAN_POINT('',(2.631794143789E+03,-2.202819521754E+03,
    1.591236396648E+03));
#1004 = CARTESIAN_POINT('',(2.632364369202E+03,-2.20248343512E+03,
    1.590980500913E+03));
#1005 = CARTESIAN_POINT('',(2.632634624025E+03,-2.202334052739E+03,
    1.5908514417E+03));
#1006 = CARTESIAN_POINT('',(2.632902557751E+03,-2.202195121474E+03,
    1.590716160736E+03));
#1007 = CARTESIAN_POINT('',(2.633167852493E+03,-2.202066068472E+03,
    1.590575271058E+03));
#1008 = CARTESIAN_POINT('',(2.633430252275E+03,-2.201946344351E+03,
    1.590429312061E+03));
#1009 = CARTESIAN_POINT('',(2.633689562415E+03,-2.201835423005E+03,
    1.590278749161E+03));
#1010 = CARTESIAN_POINT('',(2.63466375146E+03,-2.201445036031E+03,
    1.589689960623E+03));
#1011 = CARTESIAN_POINT('',(2.635358472366E+03,-2.201221746725E+03,
    1.589221632357E+03));
#1012 = CARTESIAN_POINT('',(2.636025912536E+03,-2.201052780932E+03,
    1.588727672776E+03));
#1013 = CARTESIAN_POINT('',(2.636664464265E+03,-2.20092946897E+03,
    1.588213406898E+03));
#1014 = CARTESIAN_POINT('',(2.63727390065E+03,-2.200844578828E+03,
    1.587681211284E+03));
#1015 = CARTESIAN_POINT('',(2.637854302673E+03,-2.200792317281E+03,
    1.587131065942E+03));
#1016 = CARTESIAN_POINT('',(2.638895955507E+03,-2.200745029292E+03,
    1.586050116321E+03));
#1017 = CARTESIAN_POINT('',(2.639360028751E+03,-2.200744704059E+03,
    1.585526786224E+03));
#1018 = CARTESIAN_POINT('',(2.639797039276E+03,-2.200761992094E+03,
    1.584987870041E+03));
#1019 = CARTESIAN_POINT('',(2.640204473311E+03,-2.20079343681E+03,
    1.584430850811E+03));
#1020 = CARTESIAN_POINT('',(2.640575947108E+03,-2.20083498367E+03,
    1.583854463356E+03));
#1021 = CARTESIAN_POINT('',(2.640901629897E+03,-2.20088047984E+03,
    1.583258136227E+03));
#1022 = CARTESIAN_POINT('',(2.641226789076E+03,-2.200932247147E+03,
    1.582507258881E+03));
#1023 = CARTESIAN_POINT('',(2.641281665133E+03,-2.200941277637E+03,
    1.582373332737E+03));
#1024 = CARTESIAN_POINT('',(2.64133371821E+03,-2.200950104296E+03,
    1.58223841753E+03));
#1025 = CARTESIAN_POINT('',(2.641382803292E+03,-2.200958654237E+03,
    1.582102547517E+03));
#1026 = CARTESIAN_POINT('',(2.641428780511E+03,-2.20096685525E+03,
    1.58196574836E+03));
#1027 = CARTESIAN_POINT('',(2.641471514631E+03,-2.200974637093E+03,
    1.581828037125E+03));
#1028 = CARTESIAN_POINT('',(2.641577776723E+03,-2.20099433368E+03,
    1.581453811135E+03));
#1029 = CARTESIAN_POINT('',(2.64163502027E+03,-2.20100534667E+03,
    1.581215272275E+03));
#1030 = CARTESIAN_POINT('',(2.641681715365E+03,-2.2010145994E+03,
    1.580974535342E+03));
#1031 = CARTESIAN_POINT('',(2.641717206316E+03,-2.201021773521E+03,
    1.58073218537E+03));
#1032 = CARTESIAN_POINT('',(2.641741049443E+03,-2.201026640353E+03,
    1.580488703725E+03));
#1033 = CARTESIAN_POINT('',(2.641752998641E+03,-2.201029079349E+03,
    1.580244509303E+03));
#1034 = CARTESIAN_POINT('',(2.641752998641E+03,-2.201029079349E+03,
    1.57975399308E+03));
#1035 = CARTESIAN_POINT('',(2.641740902618E+03,-2.201026610385E+03,
    1.579508310096E+03));
#1036 = CARTESIAN_POINT('',(2.641716767778E+03,-2.201021684006E+03,
    1.579263353669E+03));
#1037 = CARTESIAN_POINT('',(2.641680846108E+03,-2.201014423705E+03,
    1.579019548097E+03));
#1038 = CARTESIAN_POINT('',(2.641633591353E+03,-2.201005063584E+03,
    1.578777381914E+03));
#1039 = CARTESIAN_POINT('',(2.641575673921E+03,-2.200993929254E+03,
    1.578537450174E+03));
#1040 = CARTESIAN_POINT('',(2.641468476751E+03,-2.200974083058E+03,
    1.57816208894E+03));
#1041 = CARTESIAN_POINT('',(2.641425590267E+03,-2.200966283629E+03,
    1.578024585413E+03));
#1042 = CARTESIAN_POINT('',(2.641379475101E+03,-2.200958069572E+03,
    1.57788799398E+03));
#1043 = CARTESIAN_POINT('',(2.641330266076E+03,-2.20094951095E+03,
    1.577752331248E+03));
#1044 = CARTESIAN_POINT('',(2.641278102501E+03,-2.200940679731E+03,
    1.577617622311E+03));
#1045 = CARTESIAN_POINT('',(2.641223128674E+03,-2.200931648501E+03,
    1.577483900765E+03));
#1046 = CARTESIAN_POINT('',(2.640896784199E+03,-2.200879785475E+03,
    1.576732554422E+03));
#1047 = CARTESIAN_POINT('',(2.640569944154E+03,-2.200834249652E+03,
    1.576135591183E+03));
#1048 = CARTESIAN_POINT('',(2.640197288505E+03,-2.200792747662E+03,
    1.575558609701E+03));
#1049 = CARTESIAN_POINT('',(2.639788664423E+03,-2.200761446035E+03,
    1.575001039563E+03));
#1050 = CARTESIAN_POINT('',(2.63935044962E+03,-2.200744402907E+03,
    1.574461607123E+03));
#1051 = CARTESIAN_POINT('',(2.638885134256E+03,-2.200745086381E+03,
    1.573937782341E+03));
#1052 = CARTESIAN_POINT('',(2.637838631634E+03,-2.200793527263E+03,
    1.572853673012E+03));
#1053 = CARTESIAN_POINT('',(2.637254445178E+03,-2.200846819598E+03,
    1.572301089351E+03));
#1054 = CARTESIAN_POINT('',(2.636640955785E+03,-2.200933200355E+03,
    1.571766641355E+03));
#1055 = CARTESIAN_POINT('',(2.63599804023E+03,-2.201058572296E+03,
    1.571250325888E+03));
#1056 = CARTESIAN_POINT('',(2.635325920723E+03,-2.201230324E+03,
    1.570754605323E+03));
#1057 = CARTESIAN_POINT('',(2.634626260441E+03,-2.201457318734E+03,
    1.570284974534E+03));
#1058 = CARTESIAN_POINT('',(2.633651479952E+03,-2.201851749458E+03,
    1.569699169575E+03));
#1059 = CARTESIAN_POINT('',(2.633396770384E+03,-2.201961607153E+03,
    1.569552050917E+03));
#1060 = CARTESIAN_POINT('',(2.633139104745E+03,-2.202079984642E+03,
    1.569409404466E+03));
#1061 = CARTESIAN_POINT('',(2.632878672386E+03,-2.202207379666E+03,
    1.569271675568E+03));
#1062 = CARTESIAN_POINT('',(2.632615719562E+03,-2.202344311195E+03,
    1.569139377857E+03));
#1063 = CARTESIAN_POINT('',(2.632350549963E+03,-2.202491319589E+03,
    1.569013092966E+03));
#1064 = CARTESIAN_POINT('',(2.631769923329E+03,-2.20283411236E+03,
    1.56875298169E+03));
#1065 = CARTESIAN_POINT('',(2.631453121278E+03,-2.203034310601E+03,
    1.568621395188E+03));
#1066 = CARTESIAN_POINT('',(2.631134592134E+03,-2.203250047218E+03,
    1.56850023789E+03));
#1067 = CARTESIAN_POINT('',(2.630815809816E+03,-2.203481710411E+03,
    1.568390956833E+03));
#1068 = CARTESIAN_POINT('',(2.630498244721E+03,-2.203729587282E+03,
    1.568294923706E+03));
#1069 = CARTESIAN_POINT('',(2.63018335934E+03,-2.203993860285E+03,
    1.568213439627E+03));
#1070 = CARTESIAN_POINT('',(2.629465477339E+03,-2.204642410798E+03,
    1.568061665492E+03));
#1071 = CARTESIAN_POINT('',(2.629065995791E+03,-2.205037985461E+03,
    1.568002801103E+03));
#1072 = CARTESIAN_POINT('',(2.628680892193E+03,-2.205458190699E+03,
    1.567974534022E+03));
#1073 = CARTESIAN_POINT('',(2.628315745765E+03,-2.2058987489E+03,
    1.567978469926E+03));
#1074 = CARTESIAN_POINT('',(2.627974891263E+03,-2.206354287527E+03,
    1.568014469005E+03));
#1075 = CARTESIAN_POINT('',(2.627661361572E+03,-2.206818410919E+03,
    1.568080645018E+03));
#1076 = CARTESIAN_POINT('',(2.627170459741E+03,-2.207621437557E+03,
    1.568240568477E+03));
#1077 = CARTESIAN_POINT('',(2.626979357772E+03,-2.207959707871E+03,
    1.568321754527E+03));
#1078 = CARTESIAN_POINT('',(2.62680321836E+03,-2.208297427708E+03,
    1.568415801065E+03));
#1079 = CARTESIAN_POINT('',(2.626641622126E+03,-2.208633428646E+03,
    1.568521581365E+03));
#1080 = CARTESIAN_POINT('',(2.626494072835E+03,-2.208966557976E+03,
    1.56863792281E+03));
#1081 = CARTESIAN_POINT('',(2.626360000573E+03,-2.209295681454E+03,
    1.568763603352E+03));
#1082 = CARTESIAN_POINT('',(2.626128038454E+03,-2.209915604693E+03,
    1.569019499087E+03));
#1083 = CARTESIAN_POINT('',(2.626027854785E+03,-2.210207693717E+03,
    1.5691485583E+03));
#1084 = CARTESIAN_POINT('',(2.625937560401E+03,-2.210495682088E+03,
    1.569283839264E+03));
#1085 = CARTESIAN_POINT('',(2.625856535953E+03,-2.210779356226E+03,
    1.569424728942E+03));
#1086 = CARTESIAN_POINT('',(2.625784195954E+03,-2.21105855944E+03,
    1.569570687939E+03));
#1087 = CARTESIAN_POINT('',(2.625719988486E+03,-2.211333191366E+03,
    1.569721250839E+03));
#1088 = CARTESIAN_POINT('',(2.62550469852E+03,-2.212360370277E+03,
    1.570310039377E+03));
#1089 = CARTESIAN_POINT('',(2.6254054385E+03,-2.213083310593E+03,
    1.570778367643E+03));
#1090 = CARTESIAN_POINT('',(2.625354939445E+03,-2.213769951449E+03,
    1.571272327224E+03));
#1091 = CARTESIAN_POINT('',(2.625344384214E+03,-2.21442021504E+03,
    1.571786593102E+03));
#1092 = CARTESIAN_POINT('',(2.625366611261E+03,-2.215035133735E+03,
    1.572318788716E+03));
#1093 = CARTESIAN_POINT('',(2.625415929438E+03,-2.215615793269E+03,
    1.572868934058E+03));
#1094 = CARTESIAN_POINT('',(2.625550240976E+03,-2.21664983253E+03,
    1.573949883679E+03));
#1095 = CARTESIAN_POINT('',(2.625630506157E+03,-2.217106911935E+03,
    1.574473213776E+03));
#1096 = CARTESIAN_POINT('',(2.625723417629E+03,-2.217534281252E+03,
    1.575012129959E+03));
#1097 = CARTESIAN_POINT('',(2.625825134807E+03,-2.217930065131E+03,
    1.575569149189E+03));
#1098 = CARTESIAN_POINT('',(2.625930556225E+03,-2.218288680869E+03,
    1.576145536644E+03));
#1099 = CARTESIAN_POINT('',(2.626031915429E+03,-2.218601515478E+03,
    1.576741863773E+03));
#1100 = CARTESIAN_POINT('',(2.626171515253E+03,-2.219005889777E+03,
    1.577717462261E+03));
#1101 = CARTESIAN_POINT('',(2.626218760793E+03,-2.219136306149E+03,
    1.578085156711E+03));
#1102 = CARTESIAN_POINT('',(2.62625974857E+03,-2.219244823529E+03,
    1.578460015383E+03));
#1103 = CARTESIAN_POINT('',(2.626292302994E+03,-2.219328520888E+03,
    1.578840004502E+03));
#1104 = CARTESIAN_POINT('',(2.626314747349E+03,-2.21938538793E+03,
    1.579223829081E+03));
#1105 = CARTESIAN_POINT('',(2.626326096009E+03,-2.219414145984E+03,
    1.579610698498E+03));
#1106 = CARTESIAN_POINT('',(2.626326096009E+03,-2.219414145984E+03,
    1.58E+03));
#1107 = PCURVE('',#631,#1108);
#1108 = DEFINITIONAL_REPRESENTATION('',(#1109),#1256);
#1109 = B_SPLINE_CURVE_WITH_KNOTS('',7,(#1110,#1111,#1112,#1113,#1114,
    #1115,#1116,#1117,#1118,#1119,#1120,#1121,#1122,#1123,#1124,#1125,
    #1126,#1127,#1128,#1129,#1130,#1131,#1132,#1133,#1134,#1135,#1136,
    #1137,#1138,#1139,#1140,#1141,#1142,#1143,#1144,#1145,#1146,#1147,
    #1148,#1149,#1150,#1151,#1152,#1153,#1154,#1155,#1156,#1157,#1158,
    #1159,#1160,#1161,#1162,#1163,#1164,#1165,#1166,#1167,#1168,#1169,
    #1170,#1171,#1172,#1173,#1174,#1175,#1176,#1177,#1178,#1179,#1180,
    #1181,#1182,#1183,#1184,#1185,#1186,#1187,#1188,#1189,#1190,#1191,
    #1192,#1193,#1194,#1195,#1196,#1197,#1198,#1199,#1200,#1201,#1202,
    #1203,#1204,#1205,#1206,#1207,#1208,#1209,#1210,#1211,#1212,#1213,
    #1214,#1215,#1216,#1217,#1218,#1219,#1220,#1221,#1222,#1223,#1224,
    #1225,#1226,#1227,#1228,#1229,#1230,#1231,#1232,#1233,#1234,#1235,
    #1236,#1237,#1238,#1239,#1240,#1241,#1242,#1243,#1244,#1245,#1246,
    #1247,#1248,#1249,#1250,#1251,#1252,#1253,#1254,#1255),
  .UNSPECIFIED.,.T.,.F.,(8,6,6,6,6,6,6,6,6,6,6,6,6,6,6,6,6,6,6,6,6,6,6,6
    ,8),(0.,3.774962771147E-02,0.102860274123,0.175908856701,
    0.201325808567,0.231176244887,0.270283858534,0.298656514957,
    0.324569719616,0.397233987984,0.46224683994,0.476227530787,
    0.499991272853,0.523900567623,0.537866269839,0.60297900019,
    0.67602992077,0.701447686134,0.731299077819,0.770407943063,
    0.798781507523,0.824695541507,0.897362135422,0.96237706805,1.),
  .UNSPECIFIED.);
#1110 = CARTESIAN_POINT('',(4.215607132336,1.581E+03));
#1111 = CARTESIAN_POINT('',(4.215607132336,1.581390655078E+03));
#1112 = CARTESIAN_POINT('',(4.213326463486,1.581778842575E+03));
#1113 = CARTESIAN_POINT('',(4.208816871232,1.582163952373E+03));
#1114 = CARTESIAN_POINT('',(4.20219395517,1.582545193487E+03));
#1115 = CARTESIAN_POINT('',(4.193641388598,1.582921263159E+03));
#1116 = CARTESIAN_POINT('',(4.183416955271,1.583290110016E+03));
#1117 = CARTESIAN_POINT('',(4.151927635487,1.584267445578E+03));
#1118 = CARTESIAN_POINT('',(4.127756467267,1.584864408817E+03));
#1119 = CARTESIAN_POINT('',(4.100303994444,1.585441390299E+03));
#1120 = CARTESIAN_POINT('',(4.070315514166,1.585998960437E+03));
#1121 = CARTESIAN_POINT('',(4.038226472973,1.586538392877E+03));
#1122 = CARTESIAN_POINT('',(4.004171613702,1.587062217659E+03));
#1123 = CARTESIAN_POINT('',(3.927422665197,1.588146326988E+03));
#1124 = CARTESIAN_POINT('',(3.88449040122,1.588698910649E+03));
#1125 = CARTESIAN_POINT('',(3.839192293371,1.589233358646E+03));
#1126 = CARTESIAN_POINT('',(3.791333954836,1.589749674112E+03));
#1127 = CARTESIAN_POINT('',(3.740665198643,1.590245394677E+03));
#1128 = CARTESIAN_POINT('',(3.68691276256,1.590715025466E+03));
#1129 = CARTESIAN_POINT('',(3.60987560324,1.591300830425E+03));
#1130 = CARTESIAN_POINT('',(3.589559176337,1.591447949083E+03));
#1131 = CARTESIAN_POINT('',(3.568795012764,1.591590595534E+03));
#1132 = CARTESIAN_POINT('',(3.547566983688,1.591728324432E+03));
#1133 = CARTESIAN_POINT('',(3.525859185733,1.591860622143E+03));
#1134 = CARTESIAN_POINT('',(3.503655349551,1.591986907034E+03));
#1135 = CARTESIAN_POINT('',(3.454258598354,1.59224701831E+03));
#1136 = CARTESIAN_POINT('',(3.426816416022,1.592378604812E+03));
#1137 = CARTESIAN_POINT('',(3.398655570706,1.59249976211E+03));
#1138 = CARTESIAN_POINT('',(3.369815521962,1.592609043167E+03));
#1139 = CARTESIAN_POINT('',(3.340331609494,1.592705076294E+03));
#1140 = CARTESIAN_POINT('',(3.310235343054,1.592786560373E+03));
#1141 = CARTESIAN_POINT('',(3.239359399324,1.592938334508E+03));
#1142 = CARTESIAN_POINT('',(3.19821594575,1.592997198897E+03));
#1143 = CARTESIAN_POINT('',(3.156538647347,1.593025465978E+03));
#1144 = CARTESIAN_POINT('',(3.114711528488,1.593021530074E+03));
#1145 = CARTESIAN_POINT('',(3.073109390377,1.592985530995E+03));
#1146 = CARTESIAN_POINT('',(3.032118718673,1.592919354982E+03));
#1147 = CARTESIAN_POINT('',(2.96316715697,1.592759431523E+03));
#1148 = CARTESIAN_POINT('',(2.9347211532,1.592678245473E+03));
#1149 = CARTESIAN_POINT('',(2.906841467278,1.592584198935E+03));
#1150 = CARTESIAN_POINT('',(2.879552074428,1.592478418635E+03));
#1151 = CARTESIAN_POINT('',(2.852879978864,1.59236207719E+03));
#1152 = CARTESIAN_POINT('',(2.826855315603,1.592236396648E+03));
#1153 = CARTESIAN_POINT('',(2.778364493204,1.591980500913E+03));
#1154 = CARTESIAN_POINT('',(2.755750964176,1.5918514417E+03));
#1155 = CARTESIAN_POINT('',(2.73365246767,1.591716160736E+03));
#1156 = CARTESIAN_POINT('',(2.712051648985,1.591575271058E+03));
#1157 = CARTESIAN_POINT('',(2.69093154749,1.591429312061E+03));
#1158 = CARTESIAN_POINT('',(2.670274947876,1.591278749161E+03));
#1159 = CARTESIAN_POINT('',(2.593388639368,1.590689960623E+03));
#1160 = CARTESIAN_POINT('',(2.540060572538,1.590221632357E+03));
#1161 = CARTESIAN_POINT('',(2.489770912985,1.589727672776E+03));
#1162 = CARTESIAN_POINT('',(2.442252519619,1.589213406898E+03));
#1163 = CARTESIAN_POINT('',(2.397261878022,1.588681211284E+03));
#1164 = CARTESIAN_POINT('',(2.354611725542,1.588131065942E+03));
#1165 = CARTESIAN_POINT('',(2.278221568052,1.587050116321E+03));
#1166 = CARTESIAN_POINT('',(2.244257458527,1.586526786224E+03));
#1167 = CARTESIAN_POINT('',(2.212255573993,1.585987870041E+03));
#1168 = CARTESIAN_POINT('',(2.182352919801,1.585430850811E+03));
#1169 = CARTESIAN_POINT('',(2.154985947061,1.584854463356E+03));
#1170 = CARTESIAN_POINT('',(2.130899092022,1.584258136227E+03));
#1171 = CARTESIAN_POINT('',(2.106777903215,1.583507258881E+03));
#1172 = CARTESIAN_POINT('',(2.102703663893,1.583373332737E+03));
#1173 = CARTESIAN_POINT('',(2.09883588379,1.58323841753E+03));
#1174 = CARTESIAN_POINT('',(2.095185820946,1.583102547517E+03));
#1175 = CARTESIAN_POINT('',(2.091764400387,1.58296574836E+03));
#1176 = CARTESIAN_POINT('',(2.088582227309,1.582828037125E+03));
#1177 = CARTESIAN_POINT('',(2.08066485426,1.582453811135E+03));
#1178 = CARTESIAN_POINT('',(2.076394382513,1.582215272275E+03));
#1179 = CARTESIAN_POINT('',(2.072907040526,1.581974535342E+03));
#1180 = CARTESIAN_POINT('',(2.07025439367,1.58173218537E+03));
#1181 = CARTESIAN_POINT('',(2.068471622015,1.581488703725E+03));
#1182 = CARTESIAN_POINT('',(2.067578174844,1.581244509303E+03));
#1183 = CARTESIAN_POINT('',(2.067578174844,1.58075399308E+03));
#1184 = CARTESIAN_POINT('',(2.068482600114,1.580508310096E+03));
#1185 = CARTESIAN_POINT('',(2.070287183685,1.580263353669E+03));
#1186 = CARTESIAN_POINT('',(2.072972009889,1.580019548097E+03));
#1187 = CARTESIAN_POINT('',(2.076501097756,1.579777381914E+03));
#1188 = CARTESIAN_POINT('',(2.080821725371,1.579537450174E+03));
#1189 = CARTESIAN_POINT('',(2.088808452601,1.57916208894E+03));
#1190 = CARTESIAN_POINT('',(2.092001838091,1.579024585413E+03));
#1191 = CARTESIAN_POINT('',(2.095433375152,1.57888799398E+03));
#1192 = CARTESIAN_POINT('',(2.09909249208,1.578752331248E+03));
#1193 = CARTESIAN_POINT('',(2.102968308957,1.578617622311E+03));
#1194 = CARTESIAN_POINT('',(2.107049624654,1.578483900765E+03));
#1195 = CARTESIAN_POINT('',(2.131257671693,1.577732554422E+03));
#1196 = CARTESIAN_POINT('',(2.155428839913,1.577135591183E+03));
#1197 = CARTESIAN_POINT('',(2.182881312736,1.576558609701E+03));
#1198 = CARTESIAN_POINT('',(2.212869793014,1.576001039563E+03));
#1199 = CARTESIAN_POINT('',(2.244958834206,1.575461607123E+03));
#1200 = CARTESIAN_POINT('',(2.279013693477,1.574937782341E+03));
#1201 = CARTESIAN_POINT('',(2.355762641983,1.573853673012E+03));
#1202 = CARTESIAN_POINT('',(2.39869490596,1.573301089351E+03));
#1203 = CARTESIAN_POINT('',(2.443993013808,1.572766641355E+03));
#1204 = CARTESIAN_POINT('',(2.491851352343,1.572250325888E+03));
#1205 = CARTESIAN_POINT('',(2.542520108537,1.571754605323E+03));
#1206 = CARTESIAN_POINT('',(2.596272544619,1.571284974534E+03));
#1207 = CARTESIAN_POINT('',(2.67330970394,1.570699169575E+03));
#1208 = CARTESIAN_POINT('',(2.693626130842,1.570552050917E+03));
#1209 = CARTESIAN_POINT('',(2.714390294416,1.570409404466E+03));
#1210 = CARTESIAN_POINT('',(2.735618323492,1.570271675568E+03));
#1211 = CARTESIAN_POINT('',(2.757326121447,1.570139377857E+03));
#1212 = CARTESIAN_POINT('',(2.779529957628,1.570013092966E+03));
#1213 = CARTESIAN_POINT('',(2.828926708797,1.56975298169E+03));
#1214 = CARTESIAN_POINT('',(2.856368891155,1.569621395188E+03));
#1215 = CARTESIAN_POINT('',(2.884529736498,1.56950023789E+03));
#1216 = CARTESIAN_POINT('',(2.913369785243,1.569390956833E+03));
#1217 = CARTESIAN_POINT('',(2.942853697682,1.569294923706E+03));
#1218 = CARTESIAN_POINT('',(2.972949964091,1.569213439627E+03));
#1219 = CARTESIAN_POINT('',(3.043825907855,1.569061665492E+03));
#1220 = CARTESIAN_POINT('',(3.08496936143,1.569002801103E+03));
#1221 = CARTESIAN_POINT('',(3.126646659832,1.568974534022E+03));
#1222 = CARTESIAN_POINT('',(3.168473778691,1.568978469926E+03));
#1223 = CARTESIAN_POINT('',(3.210075916802,1.569014469005E+03));
#1224 = CARTESIAN_POINT('',(3.251066588507,1.569080645018E+03));
#1225 = CARTESIAN_POINT('',(3.32001815021,1.569240568477E+03));
#1226 = CARTESIAN_POINT('',(3.34846415398,1.569321754527E+03));
#1227 = CARTESIAN_POINT('',(3.376343839902,1.569415801065E+03));
#1228 = CARTESIAN_POINT('',(3.403633232751,1.569521581365E+03));
#1229 = CARTESIAN_POINT('',(3.430305328315,1.56963792281E+03));
#1230 = CARTESIAN_POINT('',(3.456329991576,1.569763603352E+03));
#1231 = CARTESIAN_POINT('',(3.504820813977,1.570019499087E+03));
#1232 = CARTESIAN_POINT('',(3.527434343003,1.5701485583E+03));
#1233 = CARTESIAN_POINT('',(3.549532839509,1.570283839264E+03));
#1234 = CARTESIAN_POINT('',(3.571133658194,1.570424728942E+03));
#1235 = CARTESIAN_POINT('',(3.592253759689,1.570570687939E+03));
#1236 = CARTESIAN_POINT('',(3.612910359305,1.570721250839E+03));
#1237 = CARTESIAN_POINT('',(3.689796667812,1.571310039377E+03));
#1238 = CARTESIAN_POINT('',(3.743124734641,1.571778367643E+03));
#1239 = CARTESIAN_POINT('',(3.793414394195,1.572272327224E+03));
#1240 = CARTESIAN_POINT('',(3.84093278756,1.572786593102E+03));
#1241 = CARTESIAN_POINT('',(3.885923429157,1.573318788716E+03));
#1242 = CARTESIAN_POINT('',(3.928573581637,1.573868934058E+03));
#1243 = CARTESIAN_POINT('',(4.004963739127,1.574949883679E+03));
#1244 = CARTESIAN_POINT('',(4.038927848653,1.575473213776E+03));
#1245 = CARTESIAN_POINT('',(4.070929733186,1.576012129959E+03));
#1246 = CARTESIAN_POINT('',(4.100832387378,1.576569149189E+03));
#1247 = CARTESIAN_POINT('',(4.128199360119,1.577145536644E+03));
#1248 = CARTESIAN_POINT('',(4.152286215157,1.577741863773E+03));
#1249 = CARTESIAN_POINT('',(4.183626347415,1.578717462261E+03));
#1250 = CARTESIAN_POINT('',(4.193787070803,1.579085156711E+03));
#1251 = CARTESIAN_POINT('',(4.202284370163,1.579460015383E+03));
#1252 = CARTESIAN_POINT('',(4.208863281186,1.579840004502E+03));
#1253 = CARTESIAN_POINT('',(4.213342240211,1.580223829081E+03));
#1254 = CARTESIAN_POINT('',(4.215607132336,1.580610698498E+03));
#1255 = CARTESIAN_POINT('',(4.215607132336,1.581E+03));
#1256 = ( GEOMETRIC_REPRESENTATION_CONTEXT(2) 
PARAMETRIC_REPRESENTATION_CONTEXT() REPRESENTATION_CONTEXT('2D SPACE',''
  ) );
#1257 = PCURVE('',#1258,#1263);
#1258 = CYLINDRICAL_SURFACE('',#1259,12.);
#1259 = AXIS2_PLACEMENT_3D('',#1260,#1261,#1262);
#1260 = CARTESIAN_POINT('',(2.639023106545E+03,-2.21440331537E+03,
    1.58E+03));
#1261 = DIRECTION('',(-0.766044443119,0.642787609687,0.));
#1262 = DIRECTION('',(-0.642787609687,-0.766044443119,0.));
#1263 = DEFINITIONAL_REPRESENTATION('',(#1264),#1411);
#1264 = B_SPLINE_CURVE_WITH_KNOTS('',7,(#1265,#1266,#1267,#1268,#1269,
    #1270,#1271,#1272,#1273,#1274,#1275,#1276,#1277,#1278,#1279,#1280,
    #1281,#1282,#1283,#1284,#1285,#1286,#1287,#1288,#1289,#1290,#1291,
    #1292,#1293,#1294,#1295,#1296,#1297,#1298,#1299,#1300,#1301,#1302,
    #1303,#1304,#1305,#1306,#1307,#1308,#1309,#1310,#1311,#1312,#1313,
    #1314,#1315,#1316,#1317,#1318,#1319,#1320,#1321,#1322,#1323,#1324,
    #1325,#1326,#1327,#1328,#1329,#1330,#1331,#1332,#1333,#1334,#1335,
    #1336,#1337,#1338,#1339,#1340,#1341,#1342,#1343,#1344,#1345,#1346,
    #1347,#1348,#1349,#1350,#1351,#1352,#1353,#1354,#1355,#1356,#1357,
    #1358,#1359,#1360,#1361,#1362,#1363,#1364,#1365,#1366,#1367,#1368,
    #1369,#1370,#1371,#1372,#1373,#1374,#1375,#1376,#1377,#1378,#1379,
    #1380,#1381,#1382,#1383,#1384,#1385,#1386,#1387,#1388,#1389,#1390,
    #1391,#1392,#1393,#1394,#1395,#1396,#1397,#1398,#1399,#1400,#1401,
    #1402,#1403,#1404,#1405,#1406,#1407,#1408,#1409,#1410),
  .UNSPECIFIED.,.F.,.F.,(8,6,6,6,6,6,6,6,6,6,6,6,6,6,6,6,6,6,6,6,6,6,6,6
    ,8),(0.,3.774962771147E-02,0.102860274123,0.175908856701,
    0.201325808567,0.231176244887,0.270283858534,0.298656514957,
    0.324569719616,0.397233987984,0.46224683994,0.476227530787,
    0.499991272853,0.523900567623,0.537866269839,0.60297900019,
    0.67602992077,0.701447686134,0.731299077819,0.770407943063,
    0.798781507523,0.824695541507,0.897362135422,0.96237706805,1.),
  .UNSPECIFIED.);
#1265 = CARTESIAN_POINT('',(0.,6.50557453266));
#1266 = CARTESIAN_POINT('',(3.255458986868E-02,6.50557453266));
#1267 = CARTESIAN_POINT('',(6.490350747896E-02,6.532942756811));
#1268 = CARTESIAN_POINT('',(9.705249212577E-02,6.587057141053));
#1269 = CARTESIAN_POINT('',(0.12898819925,6.666320050111));
#1270 = CARTESIAN_POINT('',(0.160652974258,6.768124226926));
#1271 = CARTESIAN_POINT('',(0.191919531871,6.888885712935));
#1272 = CARTESIAN_POINT('',(0.275423849371,7.257437100098));
#1273 = CARTESIAN_POINT('',(0.327166609669,7.537080963891));
#1274 = CARTESIAN_POINT('',(0.378124711164,7.849228717713));
#1275 = CARTESIAN_POINT('',(0.428511999948,8.182373222664));
#1276 = CARTESIAN_POINT('',(0.478598298863,8.529020349239));
#1277 = CARTESIAN_POINT('',(0.528795882734,8.885033269419));
#1278 = CARTESIAN_POINT('',(0.636778980734,9.655563589465));
#1279 = CARTESIAN_POINT('',(0.694309069284,10.068820725002));
#1280 = CARTESIAN_POINT('',(0.75289558816,10.4832563849));
#1281 = CARTESIAN_POINT('',(0.813073513914,10.895170742983));
#1282 = CARTESIAN_POINT('',(0.87534772627,11.299644289818));
#1283 = CARTESIAN_POINT('',(0.940181601012,11.689705757516));
#1284 = CARTESIAN_POINT('',(1.031685383415,12.182895752049));
#1285 = CARTESIAN_POINT('',(1.055697434833,12.307399436043));
#1286 = CARTESIAN_POINT('',(1.08012615813,12.428691184506));
#1287 = CARTESIAN_POINT('',(1.104994740218,12.546306003055));
#1288 = CARTESIAN_POINT('',(1.130325920818,12.659721661853));
#1289 = CARTESIAN_POINT('',(1.156142890557,12.768358185987));
#1290 = CARTESIAN_POINT('',(1.213389763996,12.99280104626));
#1291 = CARTESIAN_POINT('',(1.245076461206,13.106800548511));
#1292 = CARTESIAN_POINT('',(1.277486093452,13.212135204234));
#1293 = CARTESIAN_POINT('',(1.310581877167,13.307426397775));
#1294 = CARTESIAN_POINT('',(1.344333829484,13.391363192454));
#1295 = CARTESIAN_POINT('',(1.378718165264,13.462707976842));
#1296 = CARTESIAN_POINT('',(1.459568919853,13.595757260941));
#1297 = CARTESIAN_POINT('',(1.506412763515,13.647507388387));
#1298 = CARTESIAN_POINT('',(1.553807367714,13.672411139074));
#1299 = CARTESIAN_POINT('',(1.60135539198,13.668944178747));
#1300 = CARTESIAN_POINT('',(1.648672843471,13.637239290598));
#1301 = CARTESIAN_POINT('',(1.695358929067,13.579084202302));
#1302 = CARTESIAN_POINT('',(1.774053903688,13.438961249133));
#1303 = CARTESIAN_POINT('',(1.806570563781,13.367917883922));
#1304 = CARTESIAN_POINT('',(1.838503310157,13.285766375122));
#1305 = CARTESIAN_POINT('',(1.869834915047,13.1935790323));
#1306 = CARTESIAN_POINT('',(1.900543228566,13.092476941177));
#1307 = CARTESIAN_POINT('',(1.930600885399,12.983625758288));
#1308 = CARTESIAN_POINT('',(1.986802874518,12.762840073833));
#1309 = CARTESIAN_POINT('',(2.013100486692,12.651834011563));
#1310 = CARTESIAN_POINT('',(2.038894011216,12.535888165108));
#1311 = CARTESIAN_POINT('',(2.064208147352,12.415614272743));
#1312 = CARTESIAN_POINT('',(2.089067118941,12.291561560058));
#1313 = CARTESIAN_POINT('',(2.11349566294,12.16421733526));
#1314 = CARTESIAN_POINT('',(2.20488768641,11.668881140271));
#1315 = CARTESIAN_POINT('',(2.269261455994,11.280221649673));
#1316 = CARTESIAN_POINT('',(2.331122779412,10.87754193527));
#1317 = CARTESIAN_POINT('',(2.390927447846,10.467646332334));
#1318 = CARTESIAN_POINT('',(2.449171395668,10.055357307909));
#1319 = CARTESIAN_POINT('',(2.506379738753,9.644336638644));
#1320 = CARTESIAN_POINT('',(2.613960015483,8.876780407011));
#1321 = CARTESIAN_POINT('',(2.664077947043,8.521488732408));
#1322 = CARTESIAN_POINT('',(2.714090624966,8.175606713762));
#1323 = CARTESIAN_POINT('',(2.764407686966,7.8432818613));
#1324 = CARTESIAN_POINT('',(2.815297395192,7.532010616842));
#1325 = CARTESIAN_POINT('',(2.866972943839,7.253278751395));
#1326 = CARTESIAN_POINT('',(2.931117797675,6.970916985103));
#1327 = CARTESIAN_POINT('',(2.942524730726,6.923074800036));
#1328 = CARTESIAN_POINT('',(2.953984052543,6.877526163119));
#1329 = CARTESIAN_POINT('',(2.965494780728,6.834429011777));
#1330 = CARTESIAN_POINT('',(2.977056782011,6.793936909305));
#1331 = CARTESIAN_POINT('',(2.988670751614,6.756198602576));
#1332 = CARTESIAN_POINT('',(3.020169977879,6.662136394678));
#1333 = CARTESIAN_POINT('',(3.040182939739,6.611206280205));
#1334 = CARTESIAN_POINT('',(3.060326275283,6.569488222278));
#1335 = CARTESIAN_POINT('',(3.0805633809,6.53768914023));
#1336 = CARTESIAN_POINT('',(3.10086734635,6.516295905979));
#1337 = CARTESIAN_POINT('',(3.121216878336,6.50557453266));
#1338 = CARTESIAN_POINT('',(3.162093230283,6.50557453266));
#1339 = CARTESIAN_POINT('',(3.182566808988,6.516427643506));
#1340 = CARTESIAN_POINT('',(3.2029939288,6.53808261956));
#1341 = CARTESIAN_POINT('',(3.223353093532,6.570267046535));
#1342 = CARTESIAN_POINT('',(3.243617032795,6.612482858411));
#1343 = CARTESIAN_POINT('',(3.263748516555,6.664007195048));
#1344 = CARTESIAN_POINT('',(3.295347122726,6.758881879648));
#1345 = CARTESIAN_POINT('',(3.306945085196,6.796748209486));
#1346 = CARTESIAN_POINT('',(3.318491131628,6.837354370383));
#1347 = CARTESIAN_POINT('',(3.32998598429,6.880552046037));
#1348 = CARTESIAN_POINT('',(3.341429546372,6.926188261121));
#1349 = CARTESIAN_POINT('',(3.35282088172,6.97410581896));
#1350 = CARTESIAN_POINT('',(3.41701650296,7.257437100096));
#1351 = CARTESIAN_POINT('',(3.468759263259,7.537080963889));
#1352 = CARTESIAN_POINT('',(3.519717364755,7.84922871772));
#1353 = CARTESIAN_POINT('',(3.570104653537,8.18237322266));
#1354 = CARTESIAN_POINT('',(3.620190952453,8.529020349238));
#1355 = CARTESIAN_POINT('',(3.670388536324,8.88503326942));
#1356 = CARTESIAN_POINT('',(3.778371634324,9.655563589464));
#1357 = CARTESIAN_POINT('',(3.835901722874,10.068820725005));
#1358 = CARTESIAN_POINT('',(3.894488241749,10.483256384897));
#1359 = CARTESIAN_POINT('',(3.954666167503,10.895170742981));
#1360 = CARTESIAN_POINT('',(4.016940379861,11.299644289822));
#1361 = CARTESIAN_POINT('',(4.081774254602,11.689705757513));
#1362 = CARTESIAN_POINT('',(4.173278037005,12.182895752049));
#1363 = CARTESIAN_POINT('',(4.197290088423,12.307399436043));
#1364 = CARTESIAN_POINT('',(4.22171881172,12.428691184505));
#1365 = CARTESIAN_POINT('',(4.246587393807,12.546306003054));
#1366 = CARTESIAN_POINT('',(4.271918574407,12.659721661853));
#1367 = CARTESIAN_POINT('',(4.297735544147,12.768358185988));
#1368 = CARTESIAN_POINT('',(4.354982417553,12.99280104613));
#1369 = CARTESIAN_POINT('',(4.386669114792,13.106800548524));
#1370 = CARTESIAN_POINT('',(4.419078747071,13.212135204334));
#1371 = CARTESIAN_POINT('',(4.452174530786,13.307426397833));
#1372 = CARTESIAN_POINT('',(4.485926483069,13.39136319242));
#1373 = CARTESIAN_POINT('',(4.520310818814,13.462707976776));
#1374 = CARTESIAN_POINT('',(4.601161573443,13.595757260941));
#1375 = CARTESIAN_POINT('',(4.648005417104,13.647507388387));
#1376 = CARTESIAN_POINT('',(4.695400021304,13.672411139074));
#1377 = CARTESIAN_POINT('',(4.74294804557,13.668944178747));
#1378 = CARTESIAN_POINT('',(4.79026549706,13.637239290598));
#1379 = CARTESIAN_POINT('',(4.836951582657,13.579084202302));
#1380 = CARTESIAN_POINT('',(4.915646557278,13.438961249133));
#1381 = CARTESIAN_POINT('',(4.94816321737,13.367917883922));
#1382 = CARTESIAN_POINT('',(4.980095963747,13.285766375122));
#1383 = CARTESIAN_POINT('',(5.011427568637,13.1935790323));
#1384 = CARTESIAN_POINT('',(5.042135882156,13.092476941177));
#1385 = CARTESIAN_POINT('',(5.072193538989,12.983625758288));
#1386 = CARTESIAN_POINT('',(5.128395528109,12.762840073828));
#1387 = CARTESIAN_POINT('',(5.154693140282,12.651834011562));
#1388 = CARTESIAN_POINT('',(5.180486664805,12.535888165111));
#1389 = CARTESIAN_POINT('',(5.205800800941,12.415614272747));
#1390 = CARTESIAN_POINT('',(5.230659772531,12.291561560058));
#1391 = CARTESIAN_POINT('',(5.25508831653,12.164217335255));
#1392 = CARTESIAN_POINT('',(5.34648034,11.668881140271));
#1393 = CARTESIAN_POINT('',(5.410854109583,11.280221649675));
#1394 = CARTESIAN_POINT('',(5.472715433003,10.877541935267));
#1395 = CARTESIAN_POINT('',(5.532520101435,10.467646332337));
#1396 = CARTESIAN_POINT('',(5.590764049258,10.055357307908));
#1397 = CARTESIAN_POINT('',(5.647972392342,9.644336638644));
#1398 = CARTESIAN_POINT('',(5.755552669073,8.876780407011));
#1399 = CARTESIAN_POINT('',(5.805670600633,8.521488732406));
#1400 = CARTESIAN_POINT('',(5.855683278555,8.175606713764));
#1401 = CARTESIAN_POINT('',(5.906000340557,7.843281861299));
#1402 = CARTESIAN_POINT('',(5.956890048781,7.532010616844));
#1403 = CARTESIAN_POINT('',(6.008565597429,7.253278751394));
#1404 = CARTESIAN_POINT('',(6.091907600965,6.886412293411));
#1405 = CARTESIAN_POINT('',(6.123072857231,6.766390082026));
#1406 = CARTESIAN_POINT('',(6.154633445185,6.665237995405));
#1407 = CARTESIAN_POINT('',(6.186463140124,6.58650023393));
#1408 = CARTESIAN_POINT('',(6.218504437015,6.532753431527));
#1409 = CARTESIAN_POINT('',(6.250743515342,6.50557453266));
#1410 = CARTESIAN_POINT('',(6.28318530718,6.50557453266));
#1411 = ( GEOMETRIC_REPRESENTATION_CONTEXT(2) 
PARAMETRIC_REPRESENTATION_CONTEXT() REPRESENTATION_CONTEXT('2D SPACE',''
  ) );
#1412 = ADVANCED_FACE('',(#1413),#684,.T.);
#1413 = FACE_BOUND('',#1414,.T.);
#1414 = EDGE_LOOP('',(#1415));
#1415 = ORIENTED_EDGE('',*,*,#669,.T.);
#1416 = ADVANCED_FACE('',(#1417),#740,.F.);
#1417 = FACE_BOUND('',#1418,.F.);
#1418 = EDGE_LOOP('',(#1419,#1420,#1421,#1422));
#1419 = ORIENTED_EDGE('',*,*,#724,.F.);
#1420 = ORIENTED_EDGE('',*,*,#826,.T.);
#1421 = ORIENTED_EDGE('',*,*,#876,.T.);
#1422 = ORIENTED_EDGE('',*,*,#777,.F.);
#1423 = ADVANCED_FACE('',(#1424),#919,.T.);
#1424 = FACE_BOUND('',#1425,.T.);
#1425 = EDGE_LOOP('',(#1426));
#1426 = ORIENTED_EDGE('',*,*,#902,.T.);
#1427 = ADVANCED_FACE('',(#1428),#1258,.T.);
#1428 = FACE_BOUND('',#1429,.T.);
#1429 = EDGE_LOOP('',(#1430,#1431,#1454,#1481));
#1430 = ORIENTED_EDGE('',*,*,#956,.F.);
#1431 = ORIENTED_EDGE('',*,*,#1432,.F.);
#1432 = EDGE_CURVE('',#1433,#957,#1435,.T.);
#1433 = VERTEX_POINT('',#1434);
#1434 = CARTESIAN_POINT('',(2.631309655229E+03,-2.223595848688E+03,
    1.58E+03));
#1435 = SEAM_CURVE('',#1436,(#1440,#1447),.PCURVE_S1.);
#1436 = LINE('',#1437,#1438);
#1437 = CARTESIAN_POINT('',(2.631309655229E+03,-2.223595848688E+03,
    1.58E+03));
#1438 = VECTOR('',#1439,1.);
#1439 = DIRECTION('',(-0.766044443119,0.642787609687,0.));
#1440 = PCURVE('',#1258,#1441);
#1441 = DEFINITIONAL_REPRESENTATION('',(#1442),#1446);
#1442 = LINE('',#1443,#1444);
#1443 = CARTESIAN_POINT('',(6.28318530718,-0.));
#1444 = VECTOR('',#1445,1.);
#1445 = DIRECTION('',(0.,1.));
#1446 = ( GEOMETRIC_REPRESENTATION_CONTEXT(2) 
PARAMETRIC_REPRESENTATION_CONTEXT() REPRESENTATION_CONTEXT('2D SPACE',''
  ) );
#1447 = PCURVE('',#1258,#1448);
#1448 = DEFINITIONAL_REPRESENTATION('',(#1449),#1453);
#1449 = LINE('',#1450,#1451);
#1450 = CARTESIAN_POINT('',(0.,-0.));
#1451 = VECTOR('',#1452,1.);
#1452 = DIRECTION('',(0.,1.));
#1453 = ( GEOMETRIC_REPRESENTATION_CONTEXT(2) 
PARAMETRIC_REPRESENTATION_CONTEXT() REPRESENTATION_CONTEXT('2D SPACE',''
  ) );
#1454 = ORIENTED_EDGE('',*,*,#1455,.T.);
#1455 = EDGE_CURVE('',#1433,#1433,#1456,.T.);
#1456 = SURFACE_CURVE('',#1457,(#1462,#1469),.PCURVE_S1.);
#1457 = CIRCLE('',#1458,12.);
#1458 = AXIS2_PLACEMENT_3D('',#1459,#1460,#1461);
#1459 = CARTESIAN_POINT('',(2.639023106545E+03,-2.21440331537E+03,
    1.58E+03));
#1460 = DIRECTION('',(-0.766044443119,0.642787609687,0.));
#1461 = DIRECTION('',(-0.642787609687,-0.766044443119,0.));
#1462 = PCURVE('',#1258,#1463);
#1463 = DEFINITIONAL_REPRESENTATION('',(#1464),#1468);
#1464 = LINE('',#1465,#1466);
#1465 = CARTESIAN_POINT('',(0.,0.));
#1466 = VECTOR('',#1467,1.);
#1467 = DIRECTION('',(1.,0.));
#1468 = ( GEOMETRIC_REPRESENTATION_CONTEXT(2) 
PARAMETRIC_REPRESENTATION_CONTEXT() REPRESENTATION_CONTEXT('2D SPACE',''
  ) );
#1469 = PCURVE('',#1470,#1475);
#1470 = PLANE('',#1471);
#1471 = AXIS2_PLACEMENT_3D('',#1472,#1473,#1474);
#1472 = CARTESIAN_POINT('',(2.639023106545E+03,-2.21440331537E+03,
    1.58E+03));
#1473 = DIRECTION('',(-0.766044443119,0.642787609687,0.));
#1474 = DIRECTION('',(-0.642787609687,-0.766044443119,0.));
#1475 = DEFINITIONAL_REPRESENTATION('',(#1476),#1480);
#1476 = CIRCLE('',#1477,12.);
#1477 = AXIS2_PLACEMENT_2D('',#1478,#1479);
#1478 = CARTESIAN_POINT('',(0.,0.));
#1479 = DIRECTION('',(1.,0.));
#1480 = ( GEOMETRIC_REPRESENTATION_CONTEXT(2) 
PARAMETRIC_REPRESENTATION_CONTEXT() REPRESENTATION_CONTEXT('2D SPACE',''
  ) );
#1481 = ORIENTED_EDGE('',*,*,#1432,.T.);
#1482 = ADVANCED_FACE('',(#1483),#1470,.F.);
#1483 = FACE_BOUND('',#1484,.T.);
#1484 = EDGE_LOOP('',(#1485));
#1485 = ORIENTED_EDGE('',*,*,#1455,.F.);
#1486 = ( GEOMETRIC_REPRESENTATION_CONTEXT(3) 
GLOBAL_UNCERTAINTY_ASSIGNED_CONTEXT((#1490)) 
GLOBAL_UNIT_ASSIGNED_CONTEXT((#1487,#1488,#1489)) REPRESENTATION_CONTEXT
('Context #1','3D Context with UNIT and UNCERTAINTY') );
#1487 = ( LENGTH_UNIT() NAMED_UNIT(*) SI_UNIT(.MILLI.,.METRE.) );
#1488 = ( NAMED_UNIT(*) PLANE_ANGLE_UNIT() SI_UNIT($,.RADIAN.) );
#1489 = ( NAMED_UNIT(*) SI_UNIT($,.STERADIAN.) SOLID_ANGLE_UNIT() );
#1490 = UNCERTAINTY_MEASURE_WITH_UNIT(LENGTH_MEASURE(1.E-07),#1487,
  'distance_accuracy_value','confusion accuracy');
#1491 = CONTEXT_DEPENDENT_SHAPE_REPRESENTATION(#1492,#1494);
#1492 = ( REPRESENTATION_RELATIONSHIP('','',#56,#10) 
REPRESENTATION_RELATIONSHIP_WITH_TRANSFORMATION(#1493) 
SHAPE_REPRESENTATION_RELATIONSHIP() );
#1493 = ITEM_DEFINED_TRANSFORMATION('','',#11,#15);
#1494 = PRODUCT_DEFINITION_SHAPE('Placement','Placement of an item',
  #1495);
#1495 = NEXT_ASSEMBLY_USAGE_OCCURRENCE('20','=>[0:1:1:2]','',#5,#51,$);
#1496 = PRODUCT_RELATED_PRODUCT_CATEGORY('part',$,(#53));
#1497 = SHAPE_DEFINITION_REPRESENTATION(#1498,#1504);
#1498 = PRODUCT_DEFINITION_SHAPE('','',#1499);
#1499 = PRODUCT_DEFINITION('design','',#1500,#1503);
#1500 = PRODUCT_DEFINITION_FORMATION('','',#1501);
#1501 = PRODUCT('COMPOUND','COMPOUND','',(#1502));
#1502 = PRODUCT_CONTEXT('',#2,'mechanical');
#1503 = PRODUCT_DEFINITION_CONTEXT('part definition',#2,'design');
#1504 = ADVANCED_BREP_SHAPE_REPRESENTATION('',(#11,#1505),#2165);
#1505 = BREP_WITH_VOIDS('',#1506,(#1835));
#1506 = CLOSED_SHELL('',(#1507,#1627,#1703,#1752,#1801,#1828));
#1507 = ADVANCED_FACE('',(#1508),#1522,.F.);
#1508 = FACE_BOUND('',#1509,.F.);
#1509 = EDGE_LOOP('',(#1510,#1545,#1573,#1601));
#1510 = ORIENTED_EDGE('',*,*,#1511,.F.);
#1511 = EDGE_CURVE('',#1512,#1514,#1516,.T.);
#1512 = VERTEX_POINT('',#1513);
#1513 = CARTESIAN_POINT('',(-65.,-115.,-140.));
#1514 = VERTEX_POINT('',#1515);
#1515 = CARTESIAN_POINT('',(-65.,-115.,140.));
#1516 = SURFACE_CURVE('',#1517,(#1521,#1533),.PCURVE_S1.);
#1517 = LINE('',#1518,#1519);
#1518 = CARTESIAN_POINT('',(-65.,-115.,-140.));
#1519 = VECTOR('',#1520,1.);
#1520 = DIRECTION('',(0.,0.,1.));
#1521 = PCURVE('',#1522,#1527);
#1522 = PLANE('',#1523);
#1523 = AXIS2_PLACEMENT_3D('',#1524,#1525,#1526);
#1524 = CARTESIAN_POINT('',(-65.,-115.,-140.));
#1525 = DIRECTION('',(1.,0.,-0.));
#1526 = DIRECTION('',(0.,0.,1.));
#1527 = DEFINITIONAL_REPRESENTATION('',(#1528),#1532);
#1528 = LINE('',#1529,#1530);
#1529 = CARTESIAN_POINT('',(0.,0.));
#1530 = VECTOR('',#1531,1.);
#1531 = DIRECTION('',(1.,0.));
#1532 = ( GEOMETRIC_REPRESENTATION_CONTEXT(2) 
PARAMETRIC_REPRESENTATION_CONTEXT() REPRESENTATION_CONTEXT('2D SPACE',''
  ) );
#1533 = PCURVE('',#1534,#1539);
#1534 = PLANE('',#1535);
#1535 = AXIS2_PLACEMENT_3D('',#1536,#1537,#1538);
#1536 = CARTESIAN_POINT('',(-65.,-115.,-140.));
#1537 = DIRECTION('',(-0.,1.,0.));
#1538 = DIRECTION('',(0.,0.,1.));
#1539 = DEFINITIONAL_REPRESENTATION('',(#1540),#1544);
#1540 = LINE('',#1541,#1542);
#1541 = CARTESIAN_POINT('',(0.,0.));
#1542 = VECTOR('',#1543,1.);
#1543 = DIRECTION('',(1.,0.));
#1544 = ( GEOMETRIC_REPRESENTATION_CONTEXT(2) 
PARAMETRIC_REPRESENTATION_CONTEXT() REPRESENTATION_CONTEXT('2D SPACE',''
  ) );
#1545 = ORIENTED_EDGE('',*,*,#1546,.T.);
#1546 = EDGE_CURVE('',#1512,#1547,#1549,.T.);
#1547 = VERTEX_POINT('',#1548);
#1548 = CARTESIAN_POINT('',(-65.,115.,-140.));
#1549 = SURFACE_CURVE('',#1550,(#1554,#1561),.PCURVE_S1.);
#1550 = LINE('',#1551,#1552);
#1551 = CARTESIAN_POINT('',(-65.,-115.,-140.));
#1552 = VECTOR('',#1553,1.);
#1553 = DIRECTION('',(-0.,1.,0.));
#1554 = PCURVE('',#1522,#1555);
#1555 = DEFINITIONAL_REPRESENTATION('',(#1556),#1560);
#1556 = LINE('',#1557,#1558);
#1557 = CARTESIAN_POINT('',(0.,0.));
#1558 = VECTOR('',#1559,1.);
#1559 = DIRECTION('',(0.,-1.));
#1560 = ( GEOMETRIC_REPRESENTATION_CONTEXT(2) 
PARAMETRIC_REPRESENTATION_CONTEXT() REPRESENTATION_CONTEXT('2D SPACE',''
  ) );
#1561 = PCURVE('',#1562,#1567);
#1562 = PLANE('',#1563);
#1563 = AXIS2_PLACEMENT_3D('',#1564,#1565,#1566);
#1564 = CARTESIAN_POINT('',(-65.,-115.,-140.));
#1565 = DIRECTION('',(0.,0.,1.));
#1566 = DIRECTION('',(1.,0.,-0.));
#1567 = DEFINITIONAL_REPRESENTATION('',(#1568),#1572);
#1568 = LINE('',#1569,#1570);
#1569 = CARTESIAN_POINT('',(0.,0.));
#1570 = VECTOR('',#1571,1.);
#1571 = DIRECTION('',(0.,1.));
#1572 = ( GEOMETRIC_REPRESENTATION_CONTEXT(2) 
PARAMETRIC_REPRESENTATION_CONTEXT() REPRESENTATION_CONTEXT('2D SPACE',''
  ) );
#1573 = ORIENTED_EDGE('',*,*,#1574,.T.);
#1574 = EDGE_CURVE('',#1547,#1575,#1577,.T.);
#1575 = VERTEX_POINT('',#1576);
#1576 = CARTESIAN_POINT('',(-65.,115.,140.));
#1577 = SURFACE_CURVE('',#1578,(#1582,#1589),.PCURVE_S1.);
#1578 = LINE('',#1579,#1580);
#1579 = CARTESIAN_POINT('',(-65.,115.,-140.));
#1580 = VECTOR('',#1581,1.);
#1581 = DIRECTION('',(0.,0.,1.));
#1582 = PCURVE('',#1522,#1583);
#1583 = DEFINITIONAL_REPRESENTATION('',(#1584),#1588);
#1584 = LINE('',#1585,#1586);
#1585 = CARTESIAN_POINT('',(0.,-230.));
#1586 = VECTOR('',#1587,1.);
#1587 = DIRECTION('',(1.,0.));
#1588 = ( GEOMETRIC_REPRESENTATION_CONTEXT(2) 
PARAMETRIC_REPRESENTATION_CONTEXT() REPRESENTATION_CONTEXT('2D SPACE',''
  ) );
#1589 = PCURVE('',#1590,#1595);
#1590 = PLANE('',#1591);
#1591 = AXIS2_PLACEMENT_3D('',#1592,#1593,#1594);
#1592 = CARTESIAN_POINT('',(-65.,115.,-140.));
#1593 = DIRECTION('',(-0.,1.,0.));
#1594 = DIRECTION('',(0.,0.,1.));
#1595 = DEFINITIONAL_REPRESENTATION('',(#1596),#1600);
#1596 = LINE('',#1597,#1598);
#1597 = CARTESIAN_POINT('',(0.,0.));
#1598 = VECTOR('',#1599,1.);
#1599 = DIRECTION('',(1.,0.));
#1600 = ( GEOMETRIC_REPRESENTATION_CONTEXT(2) 
PARAMETRIC_REPRESENTATION_CONTEXT() REPRESENTATION_CONTEXT('2D SPACE',''
  ) );
#1601 = ORIENTED_EDGE('',*,*,#1602,.F.);
#1602 = EDGE_CURVE('',#1514,#1575,#1603,.T.);
#1603 = SURFACE_CURVE('',#1604,(#1608,#1615),.PCURVE_S1.);
#1604 = LINE('',#1605,#1606);
#1605 = CARTESIAN_POINT('',(-65.,-115.,140.));
#1606 = VECTOR('',#1607,1.);
#1607 = DIRECTION('',(-0.,1.,0.));
#1608 = PCURVE('',#1522,#1609);
#1609 = DEFINITIONAL_REPRESENTATION('',(#1610),#1614);
#1610 = LINE('',#1611,#1612);
#1611 = CARTESIAN_POINT('',(280.,0.));
#1612 = VECTOR('',#1613,1.);
#1613 = DIRECTION('',(0.,-1.));
#1614 = ( GEOMETRIC_REPRESENTATION_CONTEXT(2) 
PARAMETRIC_REPRESENTATION_CONTEXT() REPRESENTATION_CONTEXT('2D SPACE',''
  ) );
#1615 = PCURVE('',#1616,#1621);
#1616 = PLANE('',#1617);
#1617 = AXIS2_PLACEMENT_3D('',#1618,#1619,#1620);
#1618 = CARTESIAN_POINT('',(-65.,-115.,140.));
#1619 = DIRECTION('',(0.,0.,1.));
#1620 = DIRECTION('',(1.,0.,-0.));
#1621 = DEFINITIONAL_REPRESENTATION('',(#1622),#1626);
#1622 = LINE('',#1623,#1624);
#1623 = CARTESIAN_POINT('',(0.,0.));
#1624 = VECTOR('',#1625,1.);
#1625 = DIRECTION('',(0.,1.));
#1626 = ( GEOMETRIC_REPRESENTATION_CONTEXT(2) 
PARAMETRIC_REPRESENTATION_CONTEXT() REPRESENTATION_CONTEXT('2D SPACE',''
  ) );
#1627 = ADVANCED_FACE('',(#1628),#1534,.F.);
#1628 = FACE_BOUND('',#1629,.F.);
#1629 = EDGE_LOOP('',(#1630,#1653,#1654,#1677));
#1630 = ORIENTED_EDGE('',*,*,#1631,.F.);
#1631 = EDGE_CURVE('',#1512,#1632,#1634,.T.);
#1632 = VERTEX_POINT('',#1633);
#1633 = CARTESIAN_POINT('',(65.,-115.,-140.));
#1634 = SURFACE_CURVE('',#1635,(#1639,#1646),.PCURVE_S1.);
#1635 = LINE('',#1636,#1637);
#1636 = CARTESIAN_POINT('',(-65.,-115.,-140.));
#1637 = VECTOR('',#1638,1.);
#1638 = DIRECTION('',(1.,0.,-0.));
#1639 = PCURVE('',#1534,#1640);
#1640 = DEFINITIONAL_REPRESENTATION('',(#1641),#1645);
#1641 = LINE('',#1642,#1643);
#1642 = CARTESIAN_POINT('',(0.,0.));
#1643 = VECTOR('',#1644,1.);
#1644 = DIRECTION('',(0.,1.));
#1645 = ( GEOMETRIC_REPRESENTATION_CONTEXT(2) 
PARAMETRIC_REPRESENTATION_CONTEXT() REPRESENTATION_CONTEXT('2D SPACE',''
  ) );
#1646 = PCURVE('',#1562,#1647);
#1647 = DEFINITIONAL_REPRESENTATION('',(#1648),#1652);
#1648 = LINE('',#1649,#1650);
#1649 = CARTESIAN_POINT('',(0.,0.));
#1650 = VECTOR('',#1651,1.);
#1651 = DIRECTION('',(1.,0.));
#1652 = ( GEOMETRIC_REPRESENTATION_CONTEXT(2) 
PARAMETRIC_REPRESENTATION_CONTEXT() REPRESENTATION_CONTEXT('2D SPACE',''
  ) );
#1653 = ORIENTED_EDGE('',*,*,#1511,.T.);
#1654 = ORIENTED_EDGE('',*,*,#1655,.T.);
#1655 = EDGE_CURVE('',#1514,#1656,#1658,.T.);
#1656 = VERTEX_POINT('',#1657);
#1657 = CARTESIAN_POINT('',(65.,-115.,140.));
#1658 = SURFACE_CURVE('',#1659,(#1663,#1670),.PCURVE_S1.);
#1659 = LINE('',#1660,#1661);
#1660 = CARTESIAN_POINT('',(-65.,-115.,140.));
#1661 = VECTOR('',#1662,1.);
#1662 = DIRECTION('',(1.,0.,-0.));
#1663 = PCURVE('',#1534,#1664);
#1664 = DEFINITIONAL_REPRESENTATION('',(#1665),#1669);
#1665 = LINE('',#1666,#1667);
#1666 = CARTESIAN_POINT('',(280.,0.));
#1667 = VECTOR('',#1668,1.);
#1668 = DIRECTION('',(0.,1.));
#1669 = ( GEOMETRIC_REPRESENTATION_CONTEXT(2) 
PARAMETRIC_REPRESENTATION_CONTEXT() REPRESENTATION_CONTEXT('2D SPACE',''
  ) );
#1670 = PCURVE('',#1616,#1671);
#1671 = DEFINITIONAL_REPRESENTATION('',(#1672),#1676);
#1672 = LINE('',#1673,#1674);
#1673 = CARTESIAN_POINT('',(0.,0.));
#1674 = VECTOR('',#1675,1.);
#1675 = DIRECTION('',(1.,0.));
#1676 = ( GEOMETRIC_REPRESENTATION_CONTEXT(2) 
PARAMETRIC_REPRESENTATION_CONTEXT() REPRESENTATION_CONTEXT('2D SPACE',''
  ) );
#1677 = ORIENTED_EDGE('',*,*,#1678,.F.);
#1678 = EDGE_CURVE('',#1632,#1656,#1679,.T.);
#1679 = SURFACE_CURVE('',#1680,(#1684,#1691),.PCURVE_S1.);
#1680 = LINE('',#1681,#1682);
#1681 = CARTESIAN_POINT('',(65.,-115.,-140.));
#1682 = VECTOR('',#1683,1.);
#1683 = DIRECTION('',(0.,0.,1.));
#1684 = PCURVE('',#1534,#1685);
#1685 = DEFINITIONAL_REPRESENTATION('',(#1686),#1690);
#1686 = LINE('',#1687,#1688);
#1687 = CARTESIAN_POINT('',(0.,130.));
#1688 = VECTOR('',#1689,1.);
#1689 = DIRECTION('',(1.,0.));
#1690 = ( GEOMETRIC_REPRESENTATION_CONTEXT(2) 
PARAMETRIC_REPRESENTATION_CONTEXT() REPRESENTATION_CONTEXT('2D SPACE',''
  ) );
#1691 = PCURVE('',#1692,#1697);
#1692 = PLANE('',#1693);
#1693 = AXIS2_PLACEMENT_3D('',#1694,#1695,#1696);
#1694 = CARTESIAN_POINT('',(65.,-115.,-140.));
#1695 = DIRECTION('',(1.,0.,-0.));
#1696 = DIRECTION('',(0.,0.,1.));
#1697 = DEFINITIONAL_REPRESENTATION('',(#1698),#1702);
#1698 = LINE('',#1699,#1700);
#1699 = CARTESIAN_POINT('',(0.,0.));
#1700 = VECTOR('',#1701,1.);
#1701 = DIRECTION('',(1.,0.));
#1702 = ( GEOMETRIC_REPRESENTATION_CONTEXT(2) 
PARAMETRIC_REPRESENTATION_CONTEXT() REPRESENTATION_CONTEXT('2D SPACE',''
  ) );
#1703 = ADVANCED_FACE('',(#1704),#1616,.T.);
#1704 = FACE_BOUND('',#1705,.T.);
#1705 = EDGE_LOOP('',(#1706,#1707,#1708,#1731));
#1706 = ORIENTED_EDGE('',*,*,#1602,.F.);
#1707 = ORIENTED_EDGE('',*,*,#1655,.T.);
#1708 = ORIENTED_EDGE('',*,*,#1709,.T.);
#1709 = EDGE_CURVE('',#1656,#1710,#1712,.T.);
#1710 = VERTEX_POINT('',#1711);
#1711 = CARTESIAN_POINT('',(65.,115.,140.));
#1712 = SURFACE_CURVE('',#1713,(#1717,#1724),.PCURVE_S1.);
#1713 = LINE('',#1714,#1715);
#1714 = CARTESIAN_POINT('',(65.,-115.,140.));
#1715 = VECTOR('',#1716,1.);
#1716 = DIRECTION('',(-0.,1.,0.));
#1717 = PCURVE('',#1616,#1718);
#1718 = DEFINITIONAL_REPRESENTATION('',(#1719),#1723);
#1719 = LINE('',#1720,#1721);
#1720 = CARTESIAN_POINT('',(130.,0.));
#1721 = VECTOR('',#1722,1.);
#1722 = DIRECTION('',(0.,1.));
#1723 = ( GEOMETRIC_REPRESENTATION_CONTEXT(2) 
PARAMETRIC_REPRESENTATION_CONTEXT() REPRESENTATION_CONTEXT('2D SPACE',''
  ) );
#1724 = PCURVE('',#1692,#1725);
#1725 = DEFINITIONAL_REPRESENTATION('',(#1726),#1730);
#1726 = LINE('',#1727,#1728);
#1727 = CARTESIAN_POINT('',(280.,0.));
#1728 = VECTOR('',#1729,1.);
#1729 = DIRECTION('',(0.,-1.));
#1730 = ( GEOMETRIC_REPRESENTATION_CONTEXT(2) 
PARAMETRIC_REPRESENTATION_CONTEXT() REPRESENTATION_CONTEXT('2D SPACE',''
  ) );
#1731 = ORIENTED_EDGE('',*,*,#1732,.F.);
#1732 = EDGE_CURVE('',#1575,#1710,#1733,.T.);
#1733 = SURFACE_CURVE('',#1734,(#1738,#1745),.PCURVE_S1.);
#1734 = LINE('',#1735,#1736);
#1735 = CARTESIAN_POINT('',(-65.,115.,140.));
#1736 = VECTOR('',#1737,1.);
#1737 = DIRECTION('',(1.,0.,-0.));
#1738 = PCURVE('',#1616,#1739);
#1739 = DEFINITIONAL_REPRESENTATION('',(#1740),#1744);
#1740 = LINE('',#1741,#1742);
#1741 = CARTESIAN_POINT('',(0.,230.));
#1742 = VECTOR('',#1743,1.);
#1743 = DIRECTION('',(1.,0.));
#1744 = ( GEOMETRIC_REPRESENTATION_CONTEXT(2) 
PARAMETRIC_REPRESENTATION_CONTEXT() REPRESENTATION_CONTEXT('2D SPACE',''
  ) );
#1745 = PCURVE('',#1590,#1746);
#1746 = DEFINITIONAL_REPRESENTATION('',(#1747),#1751);
#1747 = LINE('',#1748,#1749);
#1748 = CARTESIAN_POINT('',(280.,0.));
#1749 = VECTOR('',#1750,1.);
#1750 = DIRECTION('',(0.,1.));
#1751 = ( GEOMETRIC_REPRESENTATION_CONTEXT(2) 
PARAMETRIC_REPRESENTATION_CONTEXT() REPRESENTATION_CONTEXT('2D SPACE',''
  ) );
#1752 = ADVANCED_FACE('',(#1753),#1590,.T.);
#1753 = FACE_BOUND('',#1754,.T.);
#1754 = EDGE_LOOP('',(#1755,#1778,#1779,#1780));
#1755 = ORIENTED_EDGE('',*,*,#1756,.F.);
#1756 = EDGE_CURVE('',#1547,#1757,#1759,.T.);
#1757 = VERTEX_POINT('',#1758);
#1758 = CARTESIAN_POINT('',(65.,115.,-140.));
#1759 = SURFACE_CURVE('',#1760,(#1764,#1771),.PCURVE_S1.);
#1760 = LINE('',#1761,#1762);
#1761 = CARTESIAN_POINT('',(-65.,115.,-140.));
#1762 = VECTOR('',#1763,1.);
#1763 = DIRECTION('',(1.,0.,-0.));
#1764 = PCURVE('',#1590,#1765);
#1765 = DEFINITIONAL_REPRESENTATION('',(#1766),#1770);
#1766 = LINE('',#1767,#1768);
#1767 = CARTESIAN_POINT('',(0.,0.));
#1768 = VECTOR('',#1769,1.);
#1769 = DIRECTION('',(0.,1.));
#1770 = ( GEOMETRIC_REPRESENTATION_CONTEXT(2) 
PARAMETRIC_REPRESENTATION_CONTEXT() REPRESENTATION_CONTEXT('2D SPACE',''
  ) );
#1771 = PCURVE('',#1562,#1772);
#1772 = DEFINITIONAL_REPRESENTATION('',(#1773),#1777);
#1773 = LINE('',#1774,#1775);
#1774 = CARTESIAN_POINT('',(0.,230.));
#1775 = VECTOR('',#1776,1.);
#1776 = DIRECTION('',(1.,0.));
#1777 = ( GEOMETRIC_REPRESENTATION_CONTEXT(2) 
PARAMETRIC_REPRESENTATION_CONTEXT() REPRESENTATION_CONTEXT('2D SPACE',''
  ) );
#1778 = ORIENTED_EDGE('',*,*,#1574,.T.);
#1779 = ORIENTED_EDGE('',*,*,#1732,.T.);
#1780 = ORIENTED_EDGE('',*,*,#1781,.F.);
#1781 = EDGE_CURVE('',#1757,#1710,#1782,.T.);
#1782 = SURFACE_CURVE('',#1783,(#1787,#1794),.PCURVE_S1.);
#1783 = LINE('',#1784,#1785);
#1784 = CARTESIAN_POINT('',(65.,115.,-140.));
#1785 = VECTOR('',#1786,1.);
#1786 = DIRECTION('',(0.,0.,1.));
#1787 = PCURVE('',#1590,#1788);
#1788 = DEFINITIONAL_REPRESENTATION('',(#1789),#1793);
#1789 = LINE('',#1790,#1791);
#1790 = CARTESIAN_POINT('',(0.,130.));
#1791 = VECTOR('',#1792,1.);
#1792 = DIRECTION('',(1.,0.));
#1793 = ( GEOMETRIC_REPRESENTATION_CONTEXT(2) 
PARAMETRIC_REPRESENTATION_CONTEXT() REPRESENTATION_CONTEXT('2D SPACE',''
  ) );
#1794 = PCURVE('',#1692,#1795);
#1795 = DEFINITIONAL_REPRESENTATION('',(#1796),#1800);
#1796 = LINE('',#1797,#1798);
#1797 = CARTESIAN_POINT('',(0.,-230.));
#1798 = VECTOR('',#1799,1.);
#1799 = DIRECTION('',(1.,0.));
#1800 = ( GEOMETRIC_REPRESENTATION_CONTEXT(2) 
PARAMETRIC_REPRESENTATION_CONTEXT() REPRESENTATION_CONTEXT('2D SPACE',''
  ) );
#1801 = ADVANCED_FACE('',(#1802),#1562,.F.);
#1802 = FACE_BOUND('',#1803,.F.);
#1803 = EDGE_LOOP('',(#1804,#1805,#1806,#1827));
#1804 = ORIENTED_EDGE('',*,*,#1546,.F.);
#1805 = ORIENTED_EDGE('',*,*,#1631,.T.);
#1806 = ORIENTED_EDGE('',*,*,#1807,.T.);
#1807 = EDGE_CURVE('',#1632,#1757,#1808,.T.);
#1808 = SURFACE_CURVE('',#1809,(#1813,#1820),.PCURVE_S1.);
#1809 = LINE('',#1810,#1811);
#1810 = CARTESIAN_POINT('',(65.,-115.,-140.));
#1811 = VECTOR('',#1812,1.);
#1812 = DIRECTION('',(-0.,1.,0.));
#1813 = PCURVE('',#1562,#1814);
#1814 = DEFINITIONAL_REPRESENTATION('',(#1815),#1819);
#1815 = LINE('',#1816,#1817);
#1816 = CARTESIAN_POINT('',(130.,0.));
#1817 = VECTOR('',#1818,1.);
#1818 = DIRECTION('',(0.,1.));
#1819 = ( GEOMETRIC_REPRESENTATION_CONTEXT(2) 
PARAMETRIC_REPRESENTATION_CONTEXT() REPRESENTATION_CONTEXT('2D SPACE',''
  ) );
#1820 = PCURVE('',#1692,#1821);
#1821 = DEFINITIONAL_REPRESENTATION('',(#1822),#1826);
#1822 = LINE('',#1823,#1824);
#1823 = CARTESIAN_POINT('',(0.,0.));
#1824 = VECTOR('',#1825,1.);
#1825 = DIRECTION('',(0.,-1.));
#1826 = ( GEOMETRIC_REPRESENTATION_CONTEXT(2) 
PARAMETRIC_REPRESENTATION_CONTEXT() REPRESENTATION_CONTEXT('2D SPACE',''
  ) );
#1827 = ORIENTED_EDGE('',*,*,#1756,.F.);
#1828 = ADVANCED_FACE('',(#1829),#1692,.T.);
#1829 = FACE_BOUND('',#1830,.T.);
#1830 = EDGE_LOOP('',(#1831,#1832,#1833,#1834));
#1831 = ORIENTED_EDGE('',*,*,#1678,.F.);
#1832 = ORIENTED_EDGE('',*,*,#1807,.T.);
#1833 = ORIENTED_EDGE('',*,*,#1781,.T.);
#1834 = ORIENTED_EDGE('',*,*,#1709,.F.);
#1835 = ORIENTED_CLOSED_SHELL('',*,#1836,.F.);
#1836 = CLOSED_SHELL('',(#1837,#1957,#2033,#2082,#2131,#2158));
#1837 = ADVANCED_FACE('',(#1838),#1852,.F.);
#1838 = FACE_BOUND('',#1839,.F.);
#1839 = EDGE_LOOP('',(#1840,#1875,#1903,#1931));
#1840 = ORIENTED_EDGE('',*,*,#1841,.F.);
#1841 = EDGE_CURVE('',#1842,#1844,#1846,.T.);
#1842 = VERTEX_POINT('',#1843);
#1843 = CARTESIAN_POINT('',(-62.,-112.,-137.));
#1844 = VERTEX_POINT('',#1845);
#1845 = CARTESIAN_POINT('',(-62.,-112.,137.));
#1846 = SURFACE_CURVE('',#1847,(#1851,#1863),.PCURVE_S1.);
#1847 = LINE('',#1848,#1849);
#1848 = CARTESIAN_POINT('',(-62.,-112.,-137.));
#1849 = VECTOR('',#1850,1.);
#1850 = DIRECTION('',(0.,0.,1.));
#1851 = PCURVE('',#1852,#1857);
#1852 = PLANE('',#1853);
#1853 = AXIS2_PLACEMENT_3D('',#1854,#1855,#1856);
#1854 = CARTESIAN_POINT('',(-62.,-112.,-137.));
#1855 = DIRECTION('',(1.,0.,-0.));
#1856 = DIRECTION('',(0.,0.,1.));
#1857 = DEFINITIONAL_REPRESENTATION('',(#1858),#1862);
#1858 = LINE('',#1859,#1860);
#1859 = CARTESIAN_POINT('',(0.,0.));
#1860 = VECTOR('',#1861,1.);
#1861 = DIRECTION('',(1.,0.));
#1862 = ( GEOMETRIC_REPRESENTATION_CONTEXT(2) 
PARAMETRIC_REPRESENTATION_CONTEXT() REPRESENTATION_CONTEXT('2D SPACE',''
  ) );
#1863 = PCURVE('',#1864,#1869);
#1864 = PLANE('',#1865);
#1865 = AXIS2_PLACEMENT_3D('',#1866,#1867,#1868);
#1866 = CARTESIAN_POINT('',(-62.,-112.,-137.));
#1867 = DIRECTION('',(-0.,1.,0.));
#1868 = DIRECTION('',(0.,0.,1.));
#1869 = DEFINITIONAL_REPRESENTATION('',(#1870),#1874);
#1870 = LINE('',#1871,#1872);
#1871 = CARTESIAN_POINT('',(0.,0.));
#1872 = VECTOR('',#1873,1.);
#1873 = DIRECTION('',(1.,0.));
#1874 = ( GEOMETRIC_REPRESENTATION_CONTEXT(2) 
PARAMETRIC_REPRESENTATION_CONTEXT() REPRESENTATION_CONTEXT('2D SPACE',''
  ) );
#1875 = ORIENTED_EDGE('',*,*,#1876,.T.);
#1876 = EDGE_CURVE('',#1842,#1877,#1879,.T.);
#1877 = VERTEX_POINT('',#1878);
#1878 = CARTESIAN_POINT('',(-62.,112.,-137.));
#1879 = SURFACE_CURVE('',#1880,(#1884,#1891),.PCURVE_S1.);
#1880 = LINE('',#1881,#1882);
#1881 = CARTESIAN_POINT('',(-62.,-112.,-137.));
#1882 = VECTOR('',#1883,1.);
#1883 = DIRECTION('',(-0.,1.,0.));
#1884 = PCURVE('',#1852,#1885);
#1885 = DEFINITIONAL_REPRESENTATION('',(#1886),#1890);
#1886 = LINE('',#1887,#1888);
#1887 = CARTESIAN_POINT('',(0.,0.));
#1888 = VECTOR('',#1889,1.);
#1889 = DIRECTION('',(0.,-1.));
#1890 = ( GEOMETRIC_REPRESENTATION_CONTEXT(2) 
PARAMETRIC_REPRESENTATION_CONTEXT() REPRESENTATION_CONTEXT('2D SPACE',''
  ) );
#1891 = PCURVE('',#1892,#1897);
#1892 = PLANE('',#1893);
#1893 = AXIS2_PLACEMENT_3D('',#1894,#1895,#1896);
#1894 = CARTESIAN_POINT('',(-62.,-112.,-137.));
#1895 = DIRECTION('',(0.,0.,1.));
#1896 = DIRECTION('',(1.,0.,-0.));
#1897 = DEFINITIONAL_REPRESENTATION('',(#1898),#1902);
#1898 = LINE('',#1899,#1900);
#1899 = CARTESIAN_POINT('',(0.,0.));
#1900 = VECTOR('',#1901,1.);
#1901 = DIRECTION('',(0.,1.));
#1902 = ( GEOMETRIC_REPRESENTATION_CONTEXT(2) 
PARAMETRIC_REPRESENTATION_CONTEXT() REPRESENTATION_CONTEXT('2D SPACE',''
  ) );
#1903 = ORIENTED_EDGE('',*,*,#1904,.T.);
#1904 = EDGE_CURVE('',#1877,#1905,#1907,.T.);
#1905 = VERTEX_POINT('',#1906);
#1906 = CARTESIAN_POINT('',(-62.,112.,137.));
#1907 = SURFACE_CURVE('',#1908,(#1912,#1919),.PCURVE_S1.);
#1908 = LINE('',#1909,#1910);
#1909 = CARTESIAN_POINT('',(-62.,112.,-137.));
#1910 = VECTOR('',#1911,1.);
#1911 = DIRECTION('',(0.,0.,1.));
#1912 = PCURVE('',#1852,#1913);
#1913 = DEFINITIONAL_REPRESENTATION('',(#1914),#1918);
#1914 = LINE('',#1915,#1916);
#1915 = CARTESIAN_POINT('',(0.,-224.));
#1916 = VECTOR('',#1917,1.);
#1917 = DIRECTION('',(1.,0.));
#1918 = ( GEOMETRIC_REPRESENTATION_CONTEXT(2) 
PARAMETRIC_REPRESENTATION_CONTEXT() REPRESENTATION_CONTEXT('2D SPACE',''
  ) );
#1919 = PCURVE('',#1920,#1925);
#1920 = PLANE('',#1921);
#1921 = AXIS2_PLACEMENT_3D('',#1922,#1923,#1924);
#1922 = CARTESIAN_POINT('',(-62.,112.,-137.));
#1923 = DIRECTION('',(-0.,1.,0.));
#1924 = DIRECTION('',(0.,0.,1.));
#1925 = DEFINITIONAL_REPRESENTATION('',(#1926),#1930);
#1926 = LINE('',#1927,#1928);
#1927 = CARTESIAN_POINT('',(0.,0.));
#1928 = VECTOR('',#1929,1.);
#1929 = DIRECTION('',(1.,0.));
#1930 = ( GEOMETRIC_REPRESENTATION_CONTEXT(2) 
PARAMETRIC_REPRESENTATION_CONTEXT() REPRESENTATION_CONTEXT('2D SPACE',''
  ) );
#1931 = ORIENTED_EDGE('',*,*,#1932,.F.);
#1932 = EDGE_CURVE('',#1844,#1905,#1933,.T.);
#1933 = SURFACE_CURVE('',#1934,(#1938,#1945),.PCURVE_S1.);
#1934 = LINE('',#1935,#1936);
#1935 = CARTESIAN_POINT('',(-62.,-112.,137.));
#1936 = VECTOR('',#1937,1.);
#1937 = DIRECTION('',(-0.,1.,0.));
#1938 = PCURVE('',#1852,#1939);
#1939 = DEFINITIONAL_REPRESENTATION('',(#1940),#1944);
#1940 = LINE('',#1941,#1942);
#1941 = CARTESIAN_POINT('',(274.,0.));
#1942 = VECTOR('',#1943,1.);
#1943 = DIRECTION('',(0.,-1.));
#1944 = ( GEOMETRIC_REPRESENTATION_CONTEXT(2) 
PARAMETRIC_REPRESENTATION_CONTEXT() REPRESENTATION_CONTEXT('2D SPACE',''
  ) );
#1945 = PCURVE('',#1946,#1951);
#1946 = PLANE('',#1947);
#1947 = AXIS2_PLACEMENT_3D('',#1948,#1949,#1950);
#1948 = CARTESIAN_POINT('',(-62.,-112.,137.));
#1949 = DIRECTION('',(0.,0.,1.));
#1950 = DIRECTION('',(1.,0.,-0.));
#1951 = DEFINITIONAL_REPRESENTATION('',(#1952),#1956);
#1952 = LINE('',#1953,#1954);
#1953 = CARTESIAN_POINT('',(0.,0.));
#1954 = VECTOR('',#1955,1.);
#1955 = DIRECTION('',(0.,1.));
#1956 = ( GEOMETRIC_REPRESENTATION_CONTEXT(2) 
PARAMETRIC_REPRESENTATION_CONTEXT() REPRESENTATION_CONTEXT('2D SPACE',''
  ) );
#1957 = ADVANCED_FACE('',(#1958),#1864,.F.);
#1958 = FACE_BOUND('',#1959,.F.);
#1959 = EDGE_LOOP('',(#1960,#1983,#1984,#2007));
#1960 = ORIENTED_EDGE('',*,*,#1961,.F.);
#1961 = EDGE_CURVE('',#1842,#1962,#1964,.T.);
#1962 = VERTEX_POINT('',#1963);
#1963 = CARTESIAN_POINT('',(62.,-112.,-137.));
#1964 = SURFACE_CURVE('',#1965,(#1969,#1976),.PCURVE_S1.);
#1965 = LINE('',#1966,#1967);
#1966 = CARTESIAN_POINT('',(-62.,-112.,-137.));
#1967 = VECTOR('',#1968,1.);
#1968 = DIRECTION('',(1.,0.,-0.));
#1969 = PCURVE('',#1864,#1970);
#1970 = DEFINITIONAL_REPRESENTATION('',(#1971),#1975);
#1971 = LINE('',#1972,#1973);
#1972 = CARTESIAN_POINT('',(0.,0.));
#1973 = VECTOR('',#1974,1.);
#1974 = DIRECTION('',(0.,1.));
#1975 = ( GEOMETRIC_REPRESENTATION_CONTEXT(2) 
PARAMETRIC_REPRESENTATION_CONTEXT() REPRESENTATION_CONTEXT('2D SPACE',''
  ) );
#1976 = PCURVE('',#1892,#1977);
#1977 = DEFINITIONAL_REPRESENTATION('',(#1978),#1982);
#1978 = LINE('',#1979,#1980);
#1979 = CARTESIAN_POINT('',(0.,0.));
#1980 = VECTOR('',#1981,1.);
#1981 = DIRECTION('',(1.,0.));
#1982 = ( GEOMETRIC_REPRESENTATION_CONTEXT(2) 
PARAMETRIC_REPRESENTATION_CONTEXT() REPRESENTATION_CONTEXT('2D SPACE',''
  ) );
#1983 = ORIENTED_EDGE('',*,*,#1841,.T.);
#1984 = ORIENTED_EDGE('',*,*,#1985,.T.);
#1985 = EDGE_CURVE('',#1844,#1986,#1988,.T.);
#1986 = VERTEX_POINT('',#1987);
#1987 = CARTESIAN_POINT('',(62.,-112.,137.));
#1988 = SURFACE_CURVE('',#1989,(#1993,#2000),.PCURVE_S1.);
#1989 = LINE('',#1990,#1991);
#1990 = CARTESIAN_POINT('',(-62.,-112.,137.));
#1991 = VECTOR('',#1992,1.);
#1992 = DIRECTION('',(1.,0.,-0.));
#1993 = PCURVE('',#1864,#1994);
#1994 = DEFINITIONAL_REPRESENTATION('',(#1995),#1999);
#1995 = LINE('',#1996,#1997);
#1996 = CARTESIAN_POINT('',(274.,0.));
#1997 = VECTOR('',#1998,1.);
#1998 = DIRECTION('',(0.,1.));
#1999 = ( GEOMETRIC_REPRESENTATION_CONTEXT(2) 
PARAMETRIC_REPRESENTATION_CONTEXT() REPRESENTATION_CONTEXT('2D SPACE',''
  ) );
#2000 = PCURVE('',#1946,#2001);
#2001 = DEFINITIONAL_REPRESENTATION('',(#2002),#2006);
#2002 = LINE('',#2003,#2004);
#2003 = CARTESIAN_POINT('',(0.,0.));
#2004 = VECTOR('',#2005,1.);
#2005 = DIRECTION('',(1.,0.));
#2006 = ( GEOMETRIC_REPRESENTATION_CONTEXT(2) 
PARAMETRIC_REPRESENTATION_CONTEXT() REPRESENTATION_CONTEXT('2D SPACE',''
  ) );
#2007 = ORIENTED_EDGE('',*,*,#2008,.F.);
#2008 = EDGE_CURVE('',#1962,#1986,#2009,.T.);
#2009 = SURFACE_CURVE('',#2010,(#2014,#2021),.PCURVE_S1.);
#2010 = LINE('',#2011,#2012);
#2011 = CARTESIAN_POINT('',(62.,-112.,-137.));
#2012 = VECTOR('',#2013,1.);
#2013 = DIRECTION('',(0.,0.,1.));
#2014 = PCURVE('',#1864,#2015);
#2015 = DEFINITIONAL_REPRESENTATION('',(#2016),#2020);
#2016 = LINE('',#2017,#2018);
#2017 = CARTESIAN_POINT('',(0.,124.));
#2018 = VECTOR('',#2019,1.);
#2019 = DIRECTION('',(1.,0.));
#2020 = ( GEOMETRIC_REPRESENTATION_CONTEXT(2) 
PARAMETRIC_REPRESENTATION_CONTEXT() REPRESENTATION_CONTEXT('2D SPACE',''
  ) );
#2021 = PCURVE('',#2022,#2027);
#2022 = PLANE('',#2023);
#2023 = AXIS2_PLACEMENT_3D('',#2024,#2025,#2026);
#2024 = CARTESIAN_POINT('',(62.,-112.,-137.));
#2025 = DIRECTION('',(1.,0.,-0.));
#2026 = DIRECTION('',(0.,0.,1.));
#2027 = DEFINITIONAL_REPRESENTATION('',(#2028),#2032);
#2028 = LINE('',#2029,#2030);
#2029 = CARTESIAN_POINT('',(0.,0.));
#2030 = VECTOR('',#2031,1.);
#2031 = DIRECTION('',(1.,0.));
#2032 = ( GEOMETRIC_REPRESENTATION_CONTEXT(2) 
PARAMETRIC_REPRESENTATION_CONTEXT() REPRESENTATION_CONTEXT('2D SPACE',''
  ) );
#2033 = ADVANCED_FACE('',(#2034),#1946,.T.);
#2034 = FACE_BOUND('',#2035,.T.);
#2035 = EDGE_LOOP('',(#2036,#2037,#2038,#2061));
#2036 = ORIENTED_EDGE('',*,*,#1932,.F.);
#2037 = ORIENTED_EDGE('',*,*,#1985,.T.);
#2038 = ORIENTED_EDGE('',*,*,#2039,.T.);
#2039 = EDGE_CURVE('',#1986,#2040,#2042,.T.);
#2040 = VERTEX_POINT('',#2041);
#2041 = CARTESIAN_POINT('',(62.,112.,137.));
#2042 = SURFACE_CURVE('',#2043,(#2047,#2054),.PCURVE_S1.);
#2043 = LINE('',#2044,#2045);
#2044 = CARTESIAN_POINT('',(62.,-112.,137.));
#2045 = VECTOR('',#2046,1.);
#2046 = DIRECTION('',(-0.,1.,0.));
#2047 = PCURVE('',#1946,#2048);
#2048 = DEFINITIONAL_REPRESENTATION('',(#2049),#2053);
#2049 = LINE('',#2050,#2051);
#2050 = CARTESIAN_POINT('',(124.,0.));
#2051 = VECTOR('',#2052,1.);
#2052 = DIRECTION('',(0.,1.));
#2053 = ( GEOMETRIC_REPRESENTATION_CONTEXT(2) 
PARAMETRIC_REPRESENTATION_CONTEXT() REPRESENTATION_CONTEXT('2D SPACE',''
  ) );
#2054 = PCURVE('',#2022,#2055);
#2055 = DEFINITIONAL_REPRESENTATION('',(#2056),#2060);
#2056 = LINE('',#2057,#2058);
#2057 = CARTESIAN_POINT('',(274.,0.));
#2058 = VECTOR('',#2059,1.);
#2059 = DIRECTION('',(0.,-1.));
#2060 = ( GEOMETRIC_REPRESENTATION_CONTEXT(2) 
PARAMETRIC_REPRESENTATION_CONTEXT() REPRESENTATION_CONTEXT('2D SPACE',''
  ) );
#2061 = ORIENTED_EDGE('',*,*,#2062,.F.);
#2062 = EDGE_CURVE('',#1905,#2040,#2063,.T.);
#2063 = SURFACE_CURVE('',#2064,(#2068,#2075),.PCURVE_S1.);
#2064 = LINE('',#2065,#2066);
#2065 = CARTESIAN_POINT('',(-62.,112.,137.));
#2066 = VECTOR('',#2067,1.);
#2067 = DIRECTION('',(1.,0.,-0.));
#2068 = PCURVE('',#1946,#2069);
#2069 = DEFINITIONAL_REPRESENTATION('',(#2070),#2074);
#2070 = LINE('',#2071,#2072);
#2071 = CARTESIAN_POINT('',(0.,224.));
#2072 = VECTOR('',#2073,1.);
#2073 = DIRECTION('',(1.,0.));
#2074 = ( GEOMETRIC_REPRESENTATION_CONTEXT(2) 
PARAMETRIC_REPRESENTATION_CONTEXT() REPRESENTATION_CONTEXT('2D SPACE',''
  ) );
#2075 = PCURVE('',#1920,#2076);
#2076 = DEFINITIONAL_REPRESENTATION('',(#2077),#2081);
#2077 = LINE('',#2078,#2079);
#2078 = CARTESIAN_POINT('',(274.,0.));
#2079 = VECTOR('',#2080,1.);
#2080 = DIRECTION('',(0.,1.));
#2081 = ( GEOMETRIC_REPRESENTATION_CONTEXT(2) 
PARAMETRIC_REPRESENTATION_CONTEXT() REPRESENTATION_CONTEXT('2D SPACE',''
  ) );
#2082 = ADVANCED_FACE('',(#2083),#1920,.T.);
#2083 = FACE_BOUND('',#2084,.T.);
#2084 = EDGE_LOOP('',(#2085,#2108,#2109,#2110));
#2085 = ORIENTED_EDGE('',*,*,#2086,.F.);
#2086 = EDGE_CURVE('',#1877,#2087,#2089,.T.);
#2087 = VERTEX_POINT('',#2088);
#2088 = CARTESIAN_POINT('',(62.,112.,-137.));
#2089 = SURFACE_CURVE('',#2090,(#2094,#2101),.PCURVE_S1.);
#2090 = LINE('',#2091,#2092);
#2091 = CARTESIAN_POINT('',(-62.,112.,-137.));
#2092 = VECTOR('',#2093,1.);
#2093 = DIRECTION('',(1.,0.,-0.));
#2094 = PCURVE('',#1920,#2095);
#2095 = DEFINITIONAL_REPRESENTATION('',(#2096),#2100);
#2096 = LINE('',#2097,#2098);
#2097 = CARTESIAN_POINT('',(0.,0.));
#2098 = VECTOR('',#2099,1.);
#2099 = DIRECTION('',(0.,1.));
#2100 = ( GEOMETRIC_REPRESENTATION_CONTEXT(2) 
PARAMETRIC_REPRESENTATION_CONTEXT() REPRESENTATION_CONTEXT('2D SPACE',''
  ) );
#2101 = PCURVE('',#1892,#2102);
#2102 = DEFINITIONAL_REPRESENTATION('',(#2103),#2107);
#2103 = LINE('',#2104,#2105);
#2104 = CARTESIAN_POINT('',(0.,224.));
#2105 = VECTOR('',#2106,1.);
#2106 = DIRECTION('',(1.,0.));
#2107 = ( GEOMETRIC_REPRESENTATION_CONTEXT(2) 
PARAMETRIC_REPRESENTATION_CONTEXT() REPRESENTATION_CONTEXT('2D SPACE',''
  ) );
#2108 = ORIENTED_EDGE('',*,*,#1904,.T.);
#2109 = ORIENTED_EDGE('',*,*,#2062,.T.);
#2110 = ORIENTED_EDGE('',*,*,#2111,.F.);
#2111 = EDGE_CURVE('',#2087,#2040,#2112,.T.);
#2112 = SURFACE_CURVE('',#2113,(#2117,#2124),.PCURVE_S1.);
#2113 = LINE('',#2114,#2115);
#2114 = CARTESIAN_POINT('',(62.,112.,-137.));
#2115 = VECTOR('',#2116,1.);
#2116 = DIRECTION('',(0.,0.,1.));
#2117 = PCURVE('',#1920,#2118);
#2118 = DEFINITIONAL_REPRESENTATION('',(#2119),#2123);
#2119 = LINE('',#2120,#2121);
#2120 = CARTESIAN_POINT('',(0.,124.));
#2121 = VECTOR('',#2122,1.);
#2122 = DIRECTION('',(1.,0.));
#2123 = ( GEOMETRIC_REPRESENTATION_CONTEXT(2) 
PARAMETRIC_REPRESENTATION_CONTEXT() REPRESENTATION_CONTEXT('2D SPACE',''
  ) );
#2124 = PCURVE('',#2022,#2125);
#2125 = DEFINITIONAL_REPRESENTATION('',(#2126),#2130);
#2126 = LINE('',#2127,#2128);
#2127 = CARTESIAN_POINT('',(0.,-224.));
#2128 = VECTOR('',#2129,1.);
#2129 = DIRECTION('',(1.,0.));
#2130 = ( GEOMETRIC_REPRESENTATION_CONTEXT(2) 
PARAMETRIC_REPRESENTATION_CONTEXT() REPRESENTATION_CONTEXT('2D SPACE',''
  ) );
#2131 = ADVANCED_FACE('',(#2132),#1892,.F.);
#2132 = FACE_BOUND('',#2133,.F.);
#2133 = EDGE_LOOP('',(#2134,#2135,#2136,#2157));
#2134 = ORIENTED_EDGE('',*,*,#1876,.F.);
#2135 = ORIENTED_EDGE('',*,*,#1961,.T.);
#2136 = ORIENTED_EDGE('',*,*,#2137,.T.);
#2137 = EDGE_CURVE('',#1962,#2087,#2138,.T.);
#2138 = SURFACE_CURVE('',#2139,(#2143,#2150),.PCURVE_S1.);
#2139 = LINE('',#2140,#2141);
#2140 = CARTESIAN_POINT('',(62.,-112.,-137.));
#2141 = VECTOR('',#2142,1.);
#2142 = DIRECTION('',(-0.,1.,0.));
#2143 = PCURVE('',#1892,#2144);
#2144 = DEFINITIONAL_REPRESENTATION('',(#2145),#2149);
#2145 = LINE('',#2146,#2147);
#2146 = CARTESIAN_POINT('',(124.,0.));
#2147 = VECTOR('',#2148,1.);
#2148 = DIRECTION('',(0.,1.));
#2149 = ( GEOMETRIC_REPRESENTATION_CONTEXT(2) 
PARAMETRIC_REPRESENTATION_CONTEXT() REPRESENTATION_CONTEXT('2D SPACE',''
  ) );
#2150 = PCURVE('',#2022,#2151);
#2151 = DEFINITIONAL_REPRESENTATION('',(#2152),#2156);
#2152 = LINE('',#2153,#2154);
#2153 = CARTESIAN_POINT('',(0.,0.));
#2154 = VECTOR('',#2155,1.);
#2155 = DIRECTION('',(0.,-1.));
#2156 = ( GEOMETRIC_REPRESENTATION_CONTEXT(2) 
PARAMETRIC_REPRESENTATION_CONTEXT() REPRESENTATION_CONTEXT('2D SPACE',''
  ) );
#2157 = ORIENTED_EDGE('',*,*,#2086,.F.);
#2158 = ADVANCED_FACE('',(#2159),#2022,.T.);
#2159 = FACE_BOUND('',#2160,.T.);
#2160 = EDGE_LOOP('',(#2161,#2162,#2163,#2164));
#2161 = ORIENTED_EDGE('',*,*,#2008,.F.);
#2162 = ORIENTED_EDGE('',*,*,#2137,.T.);
#2163 = ORIENTED_EDGE('',*,*,#2111,.T.);
#2164 = ORIENTED_EDGE('',*,*,#2039,.F.);
#2165 = ( GEOMETRIC_REPRESENTATION_CONTEXT(3) 
GLOBAL_UNCERTAINTY_ASSIGNED_CONTEXT((#2169)) 
GLOBAL_UNIT_ASSIGNED_CONTEXT((#2166,#2167,#2168)) REPRESENTATION_CONTEXT
('Context #1','3D Context with UNIT and UNCERTAINTY') );
#2166 = ( LENGTH_UNIT() NAMED_UNIT(*) SI_UNIT(.MILLI.,.METRE.) );
#2167 = ( NAMED_UNIT(*) PLANE_ANGLE_UNIT() SI_UNIT($,.RADIAN.) );
#2168 = ( NAMED_UNIT(*) SI_UNIT($,.STERADIAN.) SOLID_ANGLE_UNIT() );
#2169 = UNCERTAINTY_MEASURE_WITH_UNIT(LENGTH_MEASURE(1.E-07),#2166,
  'distance_accuracy_value','confusion accuracy');
#2170 = CONTEXT_DEPENDENT_SHAPE_REPRESENTATION(#2171,#2173);
#2171 = ( REPRESENTATION_RELATIONSHIP('','',#1504,#10) 
REPRESENTATION_RELATIONSHIP_WITH_TRANSFORMATION(#2172) 
SHAPE_REPRESENTATION_RELATIONSHIP() );
#2172 = ITEM_DEFINED_TRANSFORMATION('','',#11,#19);
#2173 = PRODUCT_DEFINITION_SHAPE('Placement','Placement of an item',
  #2174);
#2174 = NEXT_ASSEMBLY_USAGE_OCCURRENCE('21','=>[0:1:1:3]','',#5,#1499,$
  );
#2175 = PRODUCT_RELATED_PRODUCT_CATEGORY('part',$,(#1501));
#2176 = SHAPE_DEFINITION_REPRESENTATION(#2177,#2183);
#2177 = PRODUCT_DEFINITION_SHAPE('','',#2178);
#2178 = PRODUCT_DEFINITION('design','',#2179,#2182);
#2179 = PRODUCT_DEFINITION_FORMATION('','',#2180);
#2180 = PRODUCT('COMPOUND','COMPOUND','',(#2181));
#2181 = PRODUCT_CONTEXT('',#2,'mechanical');
#2182 = PRODUCT_DEFINITION_CONTEXT('part definition',#2,'design');
#2183 = ADVANCED_BREP_SHAPE_REPRESENTATION('',(#11,#2184),#2514);
#2184 = MANIFOLD_SOLID_BREP('',#2185);
#2185 = CLOSED_SHELL('',(#2186,#2306,#2406,#2453,#2500,#2507));
#2186 = ADVANCED_FACE('',(#2187),#2201,.F.);
#2187 = FACE_BOUND('',#2188,.F.);
#2188 = EDGE_LOOP('',(#2189,#2224,#2252,#2280));
#2189 = ORIENTED_EDGE('',*,*,#2190,.F.);
#2190 = EDGE_CURVE('',#2191,#2193,#2195,.T.);
#2191 = VERTEX_POINT('',#2192);
#2192 = CARTESIAN_POINT('',(-32.5,-75.5,-49.));
#2193 = VERTEX_POINT('',#2194);
#2194 = CARTESIAN_POINT('',(-32.5,-75.5,49.));
#2195 = SURFACE_CURVE('',#2196,(#2200,#2212),.PCURVE_S1.);
#2196 = LINE('',#2197,#2198);
#2197 = CARTESIAN_POINT('',(-32.5,-75.5,-49.));
#2198 = VECTOR('',#2199,1.);
#2199 = DIRECTION('',(0.,0.,1.));
#2200 = PCURVE('',#2201,#2206);
#2201 = PLANE('',#2202);
#2202 = AXIS2_PLACEMENT_3D('',#2203,#2204,#2205);
#2203 = CARTESIAN_POINT('',(-32.5,-75.5,-49.));
#2204 = DIRECTION('',(1.,0.,-0.));
#2205 = DIRECTION('',(0.,0.,1.));
#2206 = DEFINITIONAL_REPRESENTATION('',(#2207),#2211);
#2207 = LINE('',#2208,#2209);
#2208 = CARTESIAN_POINT('',(0.,0.));
#2209 = VECTOR('',#2210,1.);
#2210 = DIRECTION('',(1.,0.));
#2211 = ( GEOMETRIC_REPRESENTATION_CONTEXT(2) 
PARAMETRIC_REPRESENTATION_CONTEXT() REPRESENTATION_CONTEXT('2D SPACE',''
  ) );
#2212 = PCURVE('',#2213,#2218);
#2213 = PLANE('',#2214);
#2214 = AXIS2_PLACEMENT_3D('',#2215,#2216,#2217);
#2215 = CARTESIAN_POINT('',(-32.5,-75.5,-49.));
#2216 = DIRECTION('',(-0.,1.,0.));
#2217 = DIRECTION('',(0.,0.,1.));
#2218 = DEFINITIONAL_REPRESENTATION('',(#2219),#2223);
#2219 = LINE('',#2220,#2221);
#2220 = CARTESIAN_POINT('',(0.,0.));
#2221 = VECTOR('',#2222,1.);
#2222 = DIRECTION('',(1.,0.));
#2223 = ( GEOMETRIC_REPRESENTATION_CONTEXT(2) 
PARAMETRIC_REPRESENTATION_CONTEXT() REPRESENTATION_CONTEXT('2D SPACE',''
  ) );
#2224 = ORIENTED_EDGE('',*,*,#2225,.T.);
#2225 = EDGE_CURVE('',#2191,#2226,#2228,.T.);
#2226 = VERTEX_POINT('',#2227);
#2227 = CARTESIAN_POINT('',(-32.5,75.5,-49.));
#2228 = SURFACE_CURVE('',#2229,(#2233,#2240),.PCURVE_S1.);
#2229 = LINE('',#2230,#2231);
#2230 = CARTESIAN_POINT('',(-32.5,-75.5,-49.));
#2231 = VECTOR('',#2232,1.);
#2232 = DIRECTION('',(-0.,1.,0.));
#2233 = PCURVE('',#2201,#2234);
#2234 = DEFINITIONAL_REPRESENTATION('',(#2235),#2239);
#2235 = LINE('',#2236,#2237);
#2236 = CARTESIAN_POINT('',(0.,0.));
#2237 = VECTOR('',#2238,1.);
#2238 = DIRECTION('',(0.,-1.));
#2239 = ( GEOMETRIC_REPRESENTATION_CONTEXT(2) 
PARAMETRIC_REPRESENTATION_CONTEXT() REPRESENTATION_CONTEXT('2D SPACE',''
  ) );
#2240 = PCURVE('',#2241,#2246);
#2241 = PLANE('',#2242);
#2242 = AXIS2_PLACEMENT_3D('',#2243,#2244,#2245);
#2243 = CARTESIAN_POINT('',(-32.5,-75.5,-49.));
#2244 = DIRECTION('',(0.,0.,1.));
#2245 = DIRECTION('',(1.,0.,-0.));
#2246 = DEFINITIONAL_REPRESENTATION('',(#2247),#2251);
#2247 = LINE('',#2248,#2249);
#2248 = CARTESIAN_POINT('',(0.,0.));
#2249 = VECTOR('',#2250,1.);
#2250 = DIRECTION('',(0.,1.));
#2251 = ( GEOMETRIC_REPRESENTATION_CONTEXT(2) 
PARAMETRIC_REPRESENTATION_CONTEXT() REPRESENTATION_CONTEXT('2D SPACE',''
  ) );
#2252 = ORIENTED_EDGE('',*,*,#2253,.T.);
#2253 = EDGE_CURVE('',#2226,#2254,#2256,.T.);
#2254 = VERTEX_POINT('',#2255);
#2255 = CARTESIAN_POINT('',(-32.5,75.5,49.));
#2256 = SURFACE_CURVE('',#2257,(#2261,#2268),.PCURVE_S1.);
#2257 = LINE('',#2258,#2259);
#2258 = CARTESIAN_POINT('',(-32.5,75.5,-49.));
#2259 = VECTOR('',#2260,1.);
#2260 = DIRECTION('',(0.,0.,1.));
#2261 = PCURVE('',#2201,#2262);
#2262 = DEFINITIONAL_REPRESENTATION('',(#2263),#2267);
#2263 = LINE('',#2264,#2265);
#2264 = CARTESIAN_POINT('',(0.,-151.));
#2265 = VECTOR('',#2266,1.);
#2266 = DIRECTION('',(1.,0.));
#2267 = ( GEOMETRIC_REPRESENTATION_CONTEXT(2) 
PARAMETRIC_REPRESENTATION_CONTEXT() REPRESENTATION_CONTEXT('2D SPACE',''
  ) );
#2268 = PCURVE('',#2269,#2274);
#2269 = PLANE('',#2270);
#2270 = AXIS2_PLACEMENT_3D('',#2271,#2272,#2273);
#2271 = CARTESIAN_POINT('',(-32.5,75.5,-49.));
#2272 = DIRECTION('',(-0.,1.,0.));
#2273 = DIRECTION('',(0.,0.,1.));
#2274 = DEFINITIONAL_REPRESENTATION('',(#2275),#2279);
#2275 = LINE('',#2276,#2277);
#2276 = CARTESIAN_POINT('',(0.,0.));
#2277 = VECTOR('',#2278,1.);
#2278 = DIRECTION('',(1.,0.));
#2279 = ( GEOMETRIC_REPRESENTATION_CONTEXT(2) 
PARAMETRIC_REPRESENTATION_CONTEXT() REPRESENTATION_CONTEXT('2D SPACE',''
  ) );
#2280 = ORIENTED_EDGE('',*,*,#2281,.F.);
#2281 = EDGE_CURVE('',#2193,#2254,#2282,.T.);
#2282 = SURFACE_CURVE('',#2283,(#2287,#2294),.PCURVE_S1.);
#2283 = LINE('',#2284,#2285);
#2284 = CARTESIAN_POINT('',(-32.5,-75.5,49.));
#2285 = VECTOR('',#2286,1.);
#2286 = DIRECTION('',(-0.,1.,0.));
#2287 = PCURVE('',#2201,#2288);
#2288 = DEFINITIONAL_REPRESENTATION('',(#2289),#2293);
#2289 = LINE('',#2290,#2291);
#2290 = CARTESIAN_POINT('',(98.,0.));
#2291 = VECTOR('',#2292,1.);
#2292 = DIRECTION('',(0.,-1.));
#2293 = ( GEOMETRIC_REPRESENTATION_CONTEXT(2) 
PARAMETRIC_REPRESENTATION_CONTEXT() REPRESENTATION_CONTEXT('2D SPACE',''
  ) );
#2294 = PCURVE('',#2295,#2300);
#2295 = PLANE('',#2296);
#2296 = AXIS2_PLACEMENT_3D('',#2297,#2298,#2299);
#2297 = CARTESIAN_POINT('',(-32.5,-75.5,49.));
#2298 = DIRECTION('',(0.,0.,1.));
#2299 = DIRECTION('',(1.,0.,-0.));
#2300 = DEFINITIONAL_REPRESENTATION('',(#2301),#2305);
#2301 = LINE('',#2302,#2303);
#2302 = CARTESIAN_POINT('',(0.,0.));
#2303 = VECTOR('',#2304,1.);
#2304 = DIRECTION('',(0.,1.));
#2305 = ( GEOMETRIC_REPRESENTATION_CONTEXT(2) 
PARAMETRIC_REPRESENTATION_CONTEXT() REPRESENTATION_CONTEXT('2D SPACE',''
  ) );
#2306 = ADVANCED_FACE('',(#2307),#2321,.T.);
#2307 = FACE_BOUND('',#2308,.T.);
#2308 = EDGE_LOOP('',(#2309,#2339,#2362,#2385));
#2309 = ORIENTED_EDGE('',*,*,#2310,.F.);
#2310 = EDGE_CURVE('',#2311,#2313,#2315,.T.);
#2311 = VERTEX_POINT('',#2312);
#2312 = CARTESIAN_POINT('',(32.5,-75.5,-49.));
#2313 = VERTEX_POINT('',#2314);
#2314 = CARTESIAN_POINT('',(32.5,-75.5,49.));
#2315 = SURFACE_CURVE('',#2316,(#2320,#2332),.PCURVE_S1.);
#2316 = LINE('',#2317,#2318);
#2317 = CARTESIAN_POINT('',(32.5,-75.5,-49.));
#2318 = VECTOR('',#2319,1.);
#2319 = DIRECTION('',(0.,0.,1.));
#2320 = PCURVE('',#2321,#2326);
#2321 = PLANE('',#2322);
#2322 = AXIS2_PLACEMENT_3D('',#2323,#2324,#2325);
#2323 = CARTESIAN_POINT('',(32.5,-75.5,-49.));
#2324 = DIRECTION('',(1.,0.,-0.));
#2325 = DIRECTION('',(0.,0.,1.));
#2326 = DEFINITIONAL_REPRESENTATION('',(#2327),#2331);
#2327 = LINE('',#2328,#2329);
#2328 = CARTESIAN_POINT('',(0.,0.));
#2329 = VECTOR('',#2330,1.);
#2330 = DIRECTION('',(1.,0.));
#2331 = ( GEOMETRIC_REPRESENTATION_CONTEXT(2) 
PARAMETRIC_REPRESENTATION_CONTEXT() REPRESENTATION_CONTEXT('2D SPACE',''
  ) );
#2332 = PCURVE('',#2213,#2333);
#2333 = DEFINITIONAL_REPRESENTATION('',(#2334),#2338);
#2334 = LINE('',#2335,#2336);
#2335 = CARTESIAN_POINT('',(0.,65.));
#2336 = VECTOR('',#2337,1.);
#2337 = DIRECTION('',(1.,0.));
#2338 = ( GEOMETRIC_REPRESENTATION_CONTEXT(2) 
PARAMETRIC_REPRESENTATION_CONTEXT() REPRESENTATION_CONTEXT('2D SPACE',''
  ) );
#2339 = ORIENTED_EDGE('',*,*,#2340,.T.);
#2340 = EDGE_CURVE('',#2311,#2341,#2343,.T.);
#2341 = VERTEX_POINT('',#2342);
#2342 = CARTESIAN_POINT('',(32.5,75.5,-49.));
#2343 = SURFACE_CURVE('',#2344,(#2348,#2355),.PCURVE_S1.);
#2344 = LINE('',#2345,#2346);
#2345 = CARTESIAN_POINT('',(32.5,-75.5,-49.));
#2346 = VECTOR('',#2347,1.);
#2347 = DIRECTION('',(-0.,1.,0.));
#2348 = PCURVE('',#2321,#2349);
#2349 = DEFINITIONAL_REPRESENTATION('',(#2350),#2354);
#2350 = LINE('',#2351,#2352);
#2351 = CARTESIAN_POINT('',(0.,0.));
#2352 = VECTOR('',#2353,1.);
#2353 = DIRECTION('',(0.,-1.));
#2354 = ( GEOMETRIC_REPRESENTATION_CONTEXT(2) 
PARAMETRIC_REPRESENTATION_CONTEXT() REPRESENTATION_CONTEXT('2D SPACE',''
  ) );
#2355 = PCURVE('',#2241,#2356);
#2356 = DEFINITIONAL_REPRESENTATION('',(#2357),#2361);
#2357 = LINE('',#2358,#2359);
#2358 = CARTESIAN_POINT('',(65.,0.));
#2359 = VECTOR('',#2360,1.);
#2360 = DIRECTION('',(0.,1.));
#2361 = ( GEOMETRIC_REPRESENTATION_CONTEXT(2) 
PARAMETRIC_REPRESENTATION_CONTEXT() REPRESENTATION_CONTEXT('2D SPACE',''
  ) );
#2362 = ORIENTED_EDGE('',*,*,#2363,.T.);
#2363 = EDGE_CURVE('',#2341,#2364,#2366,.T.);
#2364 = VERTEX_POINT('',#2365);
#2365 = CARTESIAN_POINT('',(32.5,75.5,49.));
#2366 = SURFACE_CURVE('',#2367,(#2371,#2378),.PCURVE_S1.);
#2367 = LINE('',#2368,#2369);
#2368 = CARTESIAN_POINT('',(32.5,75.5,-49.));
#2369 = VECTOR('',#2370,1.);
#2370 = DIRECTION('',(0.,0.,1.));
#2371 = PCURVE('',#2321,#2372);
#2372 = DEFINITIONAL_REPRESENTATION('',(#2373),#2377);
#2373 = LINE('',#2374,#2375);
#2374 = CARTESIAN_POINT('',(0.,-151.));
#2375 = VECTOR('',#2376,1.);
#2376 = DIRECTION('',(1.,0.));
#2377 = ( GEOMETRIC_REPRESENTATION_CONTEXT(2) 
PARAMETRIC_REPRESENTATION_CONTEXT() REPRESENTATION_CONTEXT('2D SPACE',''
  ) );
#2378 = PCURVE('',#2269,#2379);
#2379 = DEFINITIONAL_REPRESENTATION('',(#2380),#2384);
#2380 = LINE('',#2381,#2382);
#2381 = CARTESIAN_POINT('',(0.,65.));
#2382 = VECTOR('',#2383,1.);
#2383 = DIRECTION('',(1.,0.));
#2384 = ( GEOMETRIC_REPRESENTATION_CONTEXT(2) 
PARAMETRIC_REPRESENTATION_CONTEXT() REPRESENTATION_CONTEXT('2D SPACE',''
  ) );
#2385 = ORIENTED_EDGE('',*,*,#2386,.F.);
#2386 = EDGE_CURVE('',#2313,#2364,#2387,.T.);
#2387 = SURFACE_CURVE('',#2388,(#2392,#2399),.PCURVE_S1.);
#2388 = LINE('',#2389,#2390);
#2389 = CARTESIAN_POINT('',(32.5,-75.5,49.));
#2390 = VECTOR('',#2391,1.);
#2391 = DIRECTION('',(-0.,1.,0.));
#2392 = PCURVE('',#2321,#2393);
#2393 = DEFINITIONAL_REPRESENTATION('',(#2394),#2398);
#2394 = LINE('',#2395,#2396);
#2395 = CARTESIAN_POINT('',(98.,0.));
#2396 = VECTOR('',#2397,1.);
#2397 = DIRECTION('',(0.,-1.));
#2398 = ( GEOMETRIC_REPRESENTATION_CONTEXT(2) 
PARAMETRIC_REPRESENTATION_CONTEXT() REPRESENTATION_CONTEXT('2D SPACE',''
  ) );
#2399 = PCURVE('',#2295,#2400);
#2400 = DEFINITIONAL_REPRESENTATION('',(#2401),#2405);
#2401 = LINE('',#2402,#2403);
#2402 = CARTESIAN_POINT('',(65.,0.));
#2403 = VECTOR('',#2404,1.);
#2404 = DIRECTION('',(0.,1.));
#2405 = ( GEOMETRIC_REPRESENTATION_CONTEXT(2) 
PARAMETRIC_REPRESENTATION_CONTEXT() REPRESENTATION_CONTEXT('2D SPACE',''
  ) );
#2406 = ADVANCED_FACE('',(#2407),#2213,.F.);
#2407 = FACE_BOUND('',#2408,.F.);
#2408 = EDGE_LOOP('',(#2409,#2430,#2431,#2452));
#2409 = ORIENTED_EDGE('',*,*,#2410,.F.);
#2410 = EDGE_CURVE('',#2191,#2311,#2411,.T.);
#2411 = SURFACE_CURVE('',#2412,(#2416,#2423),.PCURVE_S1.);
#2412 = LINE('',#2413,#2414);
#2413 = CARTESIAN_POINT('',(-32.5,-75.5,-49.));
#2414 = VECTOR('',#2415,1.);
#2415 = DIRECTION('',(1.,0.,-0.));
#2416 = PCURVE('',#2213,#2417);
#2417 = DEFINITIONAL_REPRESENTATION('',(#2418),#2422);
#2418 = LINE('',#2419,#2420);
#2419 = CARTESIAN_POINT('',(0.,0.));
#2420 = VECTOR('',#2421,1.);
#2421 = DIRECTION('',(0.,1.));
#2422 = ( GEOMETRIC_REPRESENTATION_CONTEXT(2) 
PARAMETRIC_REPRESENTATION_CONTEXT() REPRESENTATION_CONTEXT('2D SPACE',''
  ) );
#2423 = PCURVE('',#2241,#2424);
#2424 = DEFINITIONAL_REPRESENTATION('',(#2425),#2429);
#2425 = LINE('',#2426,#2427);
#2426 = CARTESIAN_POINT('',(0.,0.));
#2427 = VECTOR('',#2428,1.);
#2428 = DIRECTION('',(1.,0.));
#2429 = ( GEOMETRIC_REPRESENTATION_CONTEXT(2) 
PARAMETRIC_REPRESENTATION_CONTEXT() REPRESENTATION_CONTEXT('2D SPACE',''
  ) );
#2430 = ORIENTED_EDGE('',*,*,#2190,.T.);
#2431 = ORIENTED_EDGE('',*,*,#2432,.T.);
#2432 = EDGE_CURVE('',#2193,#2313,#2433,.T.);
#2433 = SURFACE_CURVE('',#2434,(#2438,#2445),.PCURVE_S1.);
#2434 = LINE('',#2435,#2436);
#2435 = CARTESIAN_POINT('',(-32.5,-75.5,49.));
#2436 = VECTOR('',#2437,1.);
#2437 = DIRECTION('',(1.,0.,-0.));
#2438 = PCURVE('',#2213,#2439);
#2439 = DEFINITIONAL_REPRESENTATION('',(#2440),#2444);
#2440 = LINE('',#2441,#2442);
#2441 = CARTESIAN_POINT('',(98.,0.));
#2442 = VECTOR('',#2443,1.);
#2443 = DIRECTION('',(0.,1.));
#2444 = ( GEOMETRIC_REPRESENTATION_CONTEXT(2) 
PARAMETRIC_REPRESENTATION_CONTEXT() REPRESENTATION_CONTEXT('2D SPACE',''
  ) );
#2445 = PCURVE('',#2295,#2446);
#2446 = DEFINITIONAL_REPRESENTATION('',(#2447),#2451);
#2447 = LINE('',#2448,#2449);
#2448 = CARTESIAN_POINT('',(0.,0.));
#2449 = VECTOR('',#2450,1.);
#2450 = DIRECTION('',(1.,0.));
#2451 = ( GEOMETRIC_REPRESENTATION_CONTEXT(2) 
PARAMETRIC_REPRESENTATION_CONTEXT() REPRESENTATION_CONTEXT('2D SPACE',''
  ) );
#2452 = ORIENTED_EDGE('',*,*,#2310,.F.);
#2453 = ADVANCED_FACE('',(#2454),#2269,.T.);
#2454 = FACE_BOUND('',#2455,.T.);
#2455 = EDGE_LOOP('',(#2456,#2477,#2478,#2499));
#2456 = ORIENTED_EDGE('',*,*,#2457,.F.);
#2457 = EDGE_CURVE('',#2226,#2341,#2458,.T.);
#2458 = SURFACE_CURVE('',#2459,(#2463,#2470),.PCURVE_S1.);
#2459 = LINE('',#2460,#2461);
#2460 = CARTESIAN_POINT('',(-32.5,75.5,-49.));
#2461 = VECTOR('',#2462,1.);
#2462 = DIRECTION('',(1.,0.,-0.));
#2463 = PCURVE('',#2269,#2464);
#2464 = DEFINITIONAL_REPRESENTATION('',(#2465),#2469);
#2465 = LINE('',#2466,#2467);
#2466 = CARTESIAN_POINT('',(0.,0.));
#2467 = VECTOR('',#2468,1.);
#2468 = DIRECTION('',(0.,1.));
#2469 = ( GEOMETRIC_REPRESENTATION_CONTEXT(2) 
PARAMETRIC_REPRESENTATION_CONTEXT() REPRESENTATION_CONTEXT('2D SPACE',''
  ) );
#2470 = PCURVE('',#2241,#2471);
#2471 = DEFINITIONAL_REPRESENTATION('',(#2472),#2476);
#2472 = LINE('',#2473,#2474);
#2473 = CARTESIAN_POINT('',(0.,151.));
#2474 = VECTOR('',#2475,1.);
#2475 = DIRECTION('',(1.,0.));
#2476 = ( GEOMETRIC_REPRESENTATION_CONTEXT(2) 
PARAMETRIC_REPRESENTATION_CONTEXT() REPRESENTATION_CONTEXT('2D SPACE',''
  ) );
#2477 = ORIENTED_EDGE('',*,*,#2253,.T.);
#2478 = ORIENTED_EDGE('',*,*,#2479,.T.);
#2479 = EDGE_CURVE('',#2254,#2364,#2480,.T.);
#2480 = SURFACE_CURVE('',#2481,(#2485,#2492),.PCURVE_S1.);
#2481 = LINE('',#2482,#2483);
#2482 = CARTESIAN_POINT('',(-32.5,75.5,49.));
#2483 = VECTOR('',#2484,1.);
#2484 = DIRECTION('',(1.,0.,-0.));
#2485 = PCURVE('',#2269,#2486);
#2486 = DEFINITIONAL_REPRESENTATION('',(#2487),#2491);
#2487 = LINE('',#2488,#2489);
#2488 = CARTESIAN_POINT('',(98.,0.));
#2489 = VECTOR('',#2490,1.);
#2490 = DIRECTION('',(0.,1.));
#2491 = ( GEOMETRIC_REPRESENTATION_CONTEXT(2) 
PARAMETRIC_REPRESENTATION_CONTEXT() REPRESENTATION_CONTEXT('2D SPACE',''
  ) );
#2492 = PCURVE('',#2295,#2493);
#2493 = DEFINITIONAL_REPRESENTATION('',(#2494),#2498);
#2494 = LINE('',#2495,#2496);
#2495 = CARTESIAN_POINT('',(0.,151.));
#2496 = VECTOR('',#2497,1.);
#2497 = DIRECTION('',(1.,0.));
#2498 = ( GEOMETRIC_REPRESENTATION_CONTEXT(2) 
PARAMETRIC_REPRESENTATION_CONTEXT() REPRESENTATION_CONTEXT('2D SPACE',''
  ) );
#2499 = ORIENTED_EDGE('',*,*,#2363,.F.);
#2500 = ADVANCED_FACE('',(#2501),#2241,.F.);
#2501 = FACE_BOUND('',#2502,.F.);
#2502 = EDGE_LOOP('',(#2503,#2504,#2505,#2506));
#2503 = ORIENTED_EDGE('',*,*,#2225,.F.);
#2504 = ORIENTED_EDGE('',*,*,#2410,.T.);
#2505 = ORIENTED_EDGE('',*,*,#2340,.T.);
#2506 = ORIENTED_EDGE('',*,*,#2457,.F.);
#2507 = ADVANCED_FACE('',(#2508),#2295,.T.);
#2508 = FACE_BOUND('',#2509,.T.);
#2509 = EDGE_LOOP('',(#2510,#2511,#2512,#2513));
#2510 = ORIENTED_EDGE('',*,*,#2281,.F.);
#2511 = ORIENTED_EDGE('',*,*,#2432,.T.);
#2512 = ORIENTED_EDGE('',*,*,#2386,.T.);
#2513 = ORIENTED_EDGE('',*,*,#2479,.F.);
#2514 = ( GEOMETRIC_REPRESENTATION_CONTEXT(3) 
GLOBAL_UNCERTAINTY_ASSIGNED_CONTEXT((#2518)) 
GLOBAL_UNIT_ASSIGNED_CONTEXT((#2515,#2516,#2517)) REPRESENTATION_CONTEXT
('Context #1','3D Context with UNIT and UNCERTAINTY') );
#2515 = ( LENGTH_UNIT() NAMED_UNIT(*) SI_UNIT(.MILLI.,.METRE.) );
#2516 = ( NAMED_UNIT(*) PLANE_ANGLE_UNIT() SI_UNIT($,.RADIAN.) );
#2517 = ( NAMED_UNIT(*) SI_UNIT($,.STERADIAN.) SOLID_ANGLE_UNIT() );
#2518 = UNCERTAINTY_MEASURE_WITH_UNIT(LENGTH_MEASURE(1.E-07),#2515,
  'distance_accuracy_value','confusion accuracy');
#2519 = CONTEXT_DEPENDENT_SHAPE_REPRESENTATION(#2520,#2522);
#2520 = ( REPRESENTATION_RELATIONSHIP('','',#2183,#10) 
REPRESENTATION_RELATIONSHIP_WITH_TRANSFORMATION(#2521) 
SHAPE_REPRESENTATION_RELATIONSHIP() );
#2521 = ITEM_DEFINED_TRANSFORMATION('','',#11,#23);
#2522 = PRODUCT_DEFINITION_SHAPE('Placement','Placement of an item',
  #2523);
#2523 = NEXT_ASSEMBLY_USAGE_OCCURRENCE('22','=>[0:1:1:4]','',#5,#2178,$
  );
#2524 = PRODUCT_RELATED_PRODUCT_CATEGORY('part',$,(#2180));
#2525 = SHAPE_DEFINITION_REPRESENTATION(#2526,#2532);
#2526 = PRODUCT_DEFINITION_SHAPE('','',#2527);
#2527 = PRODUCT_DEFINITION('design','',#2528,#2531);
#2528 = PRODUCT_DEFINITION_FORMATION('','',#2529);
#2529 = PRODUCT('COMPOUND','COMPOUND','',(#2530));
#2530 = PRODUCT_CONTEXT('',#2,'mechanical');
#2531 = PRODUCT_DEFINITION_CONTEXT('part definition',#2,'design');
#2532 = ADVANCED_BREP_SHAPE_REPRESENTATION('',(#11,#2533),#2863);
#2533 = MANIFOLD_SOLID_BREP('',#2534);
#2534 = CLOSED_SHELL('',(#2535,#2655,#2755,#2802,#2849,#2856));
#2535 = ADVANCED_FACE('',(#2536),#2550,.F.);
#2536 = FACE_BOUND('',#2537,.F.);
#2537 = EDGE_LOOP('',(#2538,#2573,#2601,#2629));
#2538 = ORIENTED_EDGE('',*,*,#2539,.F.);
#2539 = EDGE_CURVE('',#2540,#2542,#2544,.T.);
#2540 = VERTEX_POINT('',#2541);
#2541 = CARTESIAN_POINT('',(-17.5,-45.,-35.));
#2542 = VERTEX_POINT('',#2543);
#2543 = CARTESIAN_POINT('',(-17.5,-45.,35.));
#2544 = SURFACE_CURVE('',#2545,(#2549,#2561),.PCURVE_S1.);
#2545 = LINE('',#2546,#2547);
#2546 = CARTESIAN_POINT('',(-17.5,-45.,-35.));
#2547 = VECTOR('',#2548,1.);
#2548 = DIRECTION('',(0.,0.,1.));
#2549 = PCURVE('',#2550,#2555);
#2550 = PLANE('',#2551);
#2551 = AXIS2_PLACEMENT_3D('',#2552,#2553,#2554);
#2552 = CARTESIAN_POINT('',(-17.5,-45.,-35.));
#2553 = DIRECTION('',(1.,0.,-0.));
#2554 = DIRECTION('',(0.,0.,1.));
#2555 = DEFINITIONAL_REPRESENTATION('',(#2556),#2560);
#2556 = LINE('',#2557,#2558);
#2557 = CARTESIAN_POINT('',(0.,0.));
#2558 = VECTOR('',#2559,1.);
#2559 = DIRECTION('',(1.,0.));
#2560 = ( GEOMETRIC_REPRESENTATION_CONTEXT(2) 
PARAMETRIC_REPRESENTATION_CONTEXT() REPRESENTATION_CONTEXT('2D SPACE',''
  ) );
#2561 = PCURVE('',#2562,#2567);
#2562 = PLANE('',#2563);
#2563 = AXIS2_PLACEMENT_3D('',#2564,#2565,#2566);
#2564 = CARTESIAN_POINT('',(-17.5,-45.,-35.));
#2565 = DIRECTION('',(-0.,1.,0.));
#2566 = DIRECTION('',(0.,0.,1.));
#2567 = DEFINITIONAL_REPRESENTATION('',(#2568),#2572);
#2568 = LINE('',#2569,#2570);
#2569 = CARTESIAN_POINT('',(0.,0.));
#2570 = VECTOR('',#2571,1.);
#2571 = DIRECTION('',(1.,0.));
#2572 = ( GEOMETRIC_REPRESENTATION_CONTEXT(2) 
PARAMETRIC_REPRESENTATION_CONTEXT() REPRESENTATION_CONTEXT('2D SPACE',''
  ) );
#2573 = ORIENTED_EDGE('',*,*,#2574,.T.);
#2574 = EDGE_CURVE('',#2540,#2575,#2577,.T.);
#2575 = VERTEX_POINT('',#2576);
#2576 = CARTESIAN_POINT('',(-17.5,45.,-35.));
#2577 = SURFACE_CURVE('',#2578,(#2582,#2589),.PCURVE_S1.);
#2578 = LINE('',#2579,#2580);
#2579 = CARTESIAN_POINT('',(-17.5,-45.,-35.));
#2580 = VECTOR('',#2581,1.);
#2581 = DIRECTION('',(-0.,1.,0.));
#2582 = PCURVE('',#2550,#2583);
#2583 = DEFINITIONAL_REPRESENTATION('',(#2584),#2588);
#2584 = LINE('',#2585,#2586);
#2585 = CARTESIAN_POINT('',(0.,0.));
#2586 = VECTOR('',#2587,1.);
#2587 = DIRECTION('',(0.,-1.));
#2588 = ( GEOMETRIC_REPRESENTATION_CONTEXT(2) 
PARAMETRIC_REPRESENTATION_CONTEXT() REPRESENTATION_CONTEXT('2D SPACE',''
  ) );
#2589 = PCURVE('',#2590,#2595);
#2590 = PLANE('',#2591);
#2591 = AXIS2_PLACEMENT_3D('',#2592,#2593,#2594);
#2592 = CARTESIAN_POINT('',(-17.5,-45.,-35.));
#2593 = DIRECTION('',(0.,0.,1.));
#2594 = DIRECTION('',(1.,0.,-0.));
#2595 = DEFINITIONAL_REPRESENTATION('',(#2596),#2600);
#2596 = LINE('',#2597,#2598);
#2597 = CARTESIAN_POINT('',(0.,0.));
#2598 = VECTOR('',#2599,1.);
#2599 = DIRECTION('',(0.,1.));
#2600 = ( GEOMETRIC_REPRESENTATION_CONTEXT(2) 
PARAMETRIC_REPRESENTATION_CONTEXT() REPRESENTATION_CONTEXT('2D SPACE',''
  ) );
#2601 = ORIENTED_EDGE('',*,*,#2602,.T.);
#2602 = EDGE_CURVE('',#2575,#2603,#2605,.T.);
#2603 = VERTEX_POINT('',#2604);
#2604 = CARTESIAN_POINT('',(-17.5,45.,35.));
#2605 = SURFACE_CURVE('',#2606,(#2610,#2617),.PCURVE_S1.);
#2606 = LINE('',#2607,#2608);
#2607 = CARTESIAN_POINT('',(-17.5,45.,-35.));
#2608 = VECTOR('',#2609,1.);
#2609 = DIRECTION('',(0.,0.,1.));
#2610 = PCURVE('',#2550,#2611);
#2611 = DEFINITIONAL_REPRESENTATION('',(#2612),#2616);
#2612 = LINE('',#2613,#2614);
#2613 = CARTESIAN_POINT('',(0.,-90.));
#2614 = VECTOR('',#2615,1.);
#2615 = DIRECTION('',(1.,0.));
#2616 = ( GEOMETRIC_REPRESENTATION_CONTEXT(2) 
PARAMETRIC_REPRESENTATION_CONTEXT() REPRESENTATION_CONTEXT('2D SPACE',''
  ) );
#2617 = PCURVE('',#2618,#2623);
#2618 = PLANE('',#2619);
#2619 = AXIS2_PLACEMENT_3D('',#2620,#2621,#2622);
#2620 = CARTESIAN_POINT('',(-17.5,45.,-35.));
#2621 = DIRECTION('',(-0.,1.,0.));
#2622 = DIRECTION('',(0.,0.,1.));
#2623 = DEFINITIONAL_REPRESENTATION('',(#2624),#2628);
#2624 = LINE('',#2625,#2626);
#2625 = CARTESIAN_POINT('',(0.,0.));
#2626 = VECTOR('',#2627,1.);
#2627 = DIRECTION('',(1.,0.));
#2628 = ( GEOMETRIC_REPRESENTATION_CONTEXT(2) 
PARAMETRIC_REPRESENTATION_CONTEXT() REPRESENTATION_CONTEXT('2D SPACE',''
  ) );
#2629 = ORIENTED_EDGE('',*,*,#2630,.F.);
#2630 = EDGE_CURVE('',#2542,#2603,#2631,.T.);
#2631 = SURFACE_CURVE('',#2632,(#2636,#2643),.PCURVE_S1.);
#2632 = LINE('',#2633,#2634);
#2633 = CARTESIAN_POINT('',(-17.5,-45.,35.));
#2634 = VECTOR('',#2635,1.);
#2635 = DIRECTION('',(-0.,1.,0.));
#2636 = PCURVE('',#2550,#2637);
#2637 = DEFINITIONAL_REPRESENTATION('',(#2638),#2642);
#2638 = LINE('',#2639,#2640);
#2639 = CARTESIAN_POINT('',(70.,0.));
#2640 = VECTOR('',#2641,1.);
#2641 = DIRECTION('',(0.,-1.));
#2642 = ( GEOMETRIC_REPRESENTATION_CONTEXT(2) 
PARAMETRIC_REPRESENTATION_CONTEXT() REPRESENTATION_CONTEXT('2D SPACE',''
  ) );
#2643 = PCURVE('',#2644,#2649);
#2644 = PLANE('',#2645);
#2645 = AXIS2_PLACEMENT_3D('',#2646,#2647,#2648);
#2646 = CARTESIAN_POINT('',(-17.5,-45.,35.));
#2647 = DIRECTION('',(0.,0.,1.));
#2648 = DIRECTION('',(1.,0.,-0.));
#2649 = DEFINITIONAL_REPRESENTATION('',(#2650),#2654);
#2650 = LINE('',#2651,#2652);
#2651 = CARTESIAN_POINT('',(0.,0.));
#2652 = VECTOR('',#2653,1.);
#2653 = DIRECTION('',(0.,1.));
#2654 = ( GEOMETRIC_REPRESENTATION_CONTEXT(2) 
PARAMETRIC_REPRESENTATION_CONTEXT() REPRESENTATION_CONTEXT('2D SPACE',''
  ) );
#2655 = ADVANCED_FACE('',(#2656),#2670,.T.);
#2656 = FACE_BOUND('',#2657,.T.);
#2657 = EDGE_LOOP('',(#2658,#2688,#2711,#2734));
#2658 = ORIENTED_EDGE('',*,*,#2659,.F.);
#2659 = EDGE_CURVE('',#2660,#2662,#2664,.T.);
#2660 = VERTEX_POINT('',#2661);
#2661 = CARTESIAN_POINT('',(17.5,-45.,-35.));
#2662 = VERTEX_POINT('',#2663);
#2663 = CARTESIAN_POINT('',(17.5,-45.,35.));
#2664 = SURFACE_CURVE('',#2665,(#2669,#2681),.PCURVE_S1.);
#2665 = LINE('',#2666,#2667);
#2666 = CARTESIAN_POINT('',(17.5,-45.,-35.));
#2667 = VECTOR('',#2668,1.);
#2668 = DIRECTION('',(0.,0.,1.));
#2669 = PCURVE('',#2670,#2675);
#2670 = PLANE('',#2671);
#2671 = AXIS2_PLACEMENT_3D('',#2672,#2673,#2674);
#2672 = CARTESIAN_POINT('',(17.5,-45.,-35.));
#2673 = DIRECTION('',(1.,0.,-0.));
#2674 = DIRECTION('',(0.,0.,1.));
#2675 = DEFINITIONAL_REPRESENTATION('',(#2676),#2680);
#2676 = LINE('',#2677,#2678);
#2677 = CARTESIAN_POINT('',(0.,0.));
#2678 = VECTOR('',#2679,1.);
#2679 = DIRECTION('',(1.,0.));
#2680 = ( GEOMETRIC_REPRESENTATION_CONTEXT(2) 
PARAMETRIC_REPRESENTATION_CONTEXT() REPRESENTATION_CONTEXT('2D SPACE',''
  ) );
#2681 = PCURVE('',#2562,#2682);
#2682 = DEFINITIONAL_REPRESENTATION('',(#2683),#2687);
#2683 = LINE('',#2684,#2685);
#2684 = CARTESIAN_POINT('',(0.,35.));
#2685 = VECTOR('',#2686,1.);
#2686 = DIRECTION('',(1.,0.));
#2687 = ( GEOMETRIC_REPRESENTATION_CONTEXT(2) 
PARAMETRIC_REPRESENTATION_CONTEXT() REPRESENTATION_CONTEXT('2D SPACE',''
  ) );
#2688 = ORIENTED_EDGE('',*,*,#2689,.T.);
#2689 = EDGE_CURVE('',#2660,#2690,#2692,.T.);
#2690 = VERTEX_POINT('',#2691);
#2691 = CARTESIAN_POINT('',(17.5,45.,-35.));
#2692 = SURFACE_CURVE('',#2693,(#2697,#2704),.PCURVE_S1.);
#2693 = LINE('',#2694,#2695);
#2694 = CARTESIAN_POINT('',(17.5,-45.,-35.));
#2695 = VECTOR('',#2696,1.);
#2696 = DIRECTION('',(-0.,1.,0.));
#2697 = PCURVE('',#2670,#2698);
#2698 = DEFINITIONAL_REPRESENTATION('',(#2699),#2703);
#2699 = LINE('',#2700,#2701);
#2700 = CARTESIAN_POINT('',(0.,0.));
#2701 = VECTOR('',#2702,1.);
#2702 = DIRECTION('',(0.,-1.));
#2703 = ( GEOMETRIC_REPRESENTATION_CONTEXT(2) 
PARAMETRIC_REPRESENTATION_CONTEXT() REPRESENTATION_CONTEXT('2D SPACE',''
  ) );
#2704 = PCURVE('',#2590,#2705);
#2705 = DEFINITIONAL_REPRESENTATION('',(#2706),#2710);
#2706 = LINE('',#2707,#2708);
#2707 = CARTESIAN_POINT('',(35.,0.));
#2708 = VECTOR('',#2709,1.);
#2709 = DIRECTION('',(0.,1.));
#2710 = ( GEOMETRIC_REPRESENTATION_CONTEXT(2) 
PARAMETRIC_REPRESENTATION_CONTEXT() REPRESENTATION_CONTEXT('2D SPACE',''
  ) );
#2711 = ORIENTED_EDGE('',*,*,#2712,.T.);
#2712 = EDGE_CURVE('',#2690,#2713,#2715,.T.);
#2713 = VERTEX_POINT('',#2714);
#2714 = CARTESIAN_POINT('',(17.5,45.,35.));
#2715 = SURFACE_CURVE('',#2716,(#2720,#2727),.PCURVE_S1.);
#2716 = LINE('',#2717,#2718);
#2717 = CARTESIAN_POINT('',(17.5,45.,-35.));
#2718 = VECTOR('',#2719,1.);
#2719 = DIRECTION('',(0.,0.,1.));
#2720 = PCURVE('',#2670,#2721);
#2721 = DEFINITIONAL_REPRESENTATION('',(#2722),#2726);
#2722 = LINE('',#2723,#2724);
#2723 = CARTESIAN_POINT('',(0.,-90.));
#2724 = VECTOR('',#2725,1.);
#2725 = DIRECTION('',(1.,0.));
#2726 = ( GEOMETRIC_REPRESENTATION_CONTEXT(2) 
PARAMETRIC_REPRESENTATION_CONTEXT() REPRESENTATION_CONTEXT('2D SPACE',''
  ) );
#2727 = PCURVE('',#2618,#2728);
#2728 = DEFINITIONAL_REPRESENTATION('',(#2729),#2733);
#2729 = LINE('',#2730,#2731);
#2730 = CARTESIAN_POINT('',(0.,35.));
#2731 = VECTOR('',#2732,1.);
#2732 = DIRECTION('',(1.,0.));
#2733 = ( GEOMETRIC_REPRESENTATION_CONTEXT(2) 
PARAMETRIC_REPRESENTATION_CONTEXT() REPRESENTATION_CONTEXT('2D SPACE',''
  ) );
#2734 = ORIENTED_EDGE('',*,*,#2735,.F.);
#2735 = EDGE_CURVE('',#2662,#2713,#2736,.T.);
#2736 = SURFACE_CURVE('',#2737,(#2741,#2748),.PCURVE_S1.);
#2737 = LINE('',#2738,#2739);
#2738 = CARTESIAN_POINT('',(17.5,-45.,35.));
#2739 = VECTOR('',#2740,1.);
#2740 = DIRECTION('',(-0.,1.,0.));
#2741 = PCURVE('',#2670,#2742);
#2742 = DEFINITIONAL_REPRESENTATION('',(#2743),#2747);
#2743 = LINE('',#2744,#2745);
#2744 = CARTESIAN_POINT('',(70.,0.));
#2745 = VECTOR('',#2746,1.);
#2746 = DIRECTION('',(0.,-1.));
#2747 = ( GEOMETRIC_REPRESENTATION_CONTEXT(2) 
PARAMETRIC_REPRESENTATION_CONTEXT() REPRESENTATION_CONTEXT('2D SPACE',''
  ) );
#2748 = PCURVE('',#2644,#2749);
#2749 = DEFINITIONAL_REPRESENTATION('',(#2750),#2754);
#2750 = LINE('',#2751,#2752);
#2751 = CARTESIAN_POINT('',(35.,0.));
#2752 = VECTOR('',#2753,1.);
#2753 = DIRECTION('',(0.,1.));
#2754 = ( GEOMETRIC_REPRESENTATION_CONTEXT(2) 
PARAMETRIC_REPRESENTATION_CONTEXT() REPRESENTATION_CONTEXT('2D SPACE',''
  ) );
#2755 = ADVANCED_FACE('',(#2756),#2562,.F.);
#2756 = FACE_BOUND('',#2757,.F.);
#2757 = EDGE_LOOP('',(#2758,#2779,#2780,#2801));
#2758 = ORIENTED_EDGE('',*,*,#2759,.F.);
#2759 = EDGE_CURVE('',#2540,#2660,#2760,.T.);
#2760 = SURFACE_CURVE('',#2761,(#2765,#2772),.PCURVE_S1.);
#2761 = LINE('',#2762,#2763);
#2762 = CARTESIAN_POINT('',(-17.5,-45.,-35.));
#2763 = VECTOR('',#2764,1.);
#2764 = DIRECTION('',(1.,0.,-0.));
#2765 = PCURVE('',#2562,#2766);
#2766 = DEFINITIONAL_REPRESENTATION('',(#2767),#2771);
#2767 = LINE('',#2768,#2769);
#2768 = CARTESIAN_POINT('',(0.,0.));
#2769 = VECTOR('',#2770,1.);
#2770 = DIRECTION('',(0.,1.));
#2771 = ( GEOMETRIC_REPRESENTATION_CONTEXT(2) 
PARAMETRIC_REPRESENTATION_CONTEXT() REPRESENTATION_CONTEXT('2D SPACE',''
  ) );
#2772 = PCURVE('',#2590,#2773);
#2773 = DEFINITIONAL_REPRESENTATION('',(#2774),#2778);
#2774 = LINE('',#2775,#2776);
#2775 = CARTESIAN_POINT('',(0.,0.));
#2776 = VECTOR('',#2777,1.);
#2777 = DIRECTION('',(1.,0.));
#2778 = ( GEOMETRIC_REPRESENTATION_CONTEXT(2) 
PARAMETRIC_REPRESENTATION_CONTEXT() REPRESENTATION_CONTEXT('2D SPACE',''
  ) );
#2779 = ORIENTED_EDGE('',*,*,#2539,.T.);
#2780 = ORIENTED_EDGE('',*,*,#2781,.T.);
#2781 = EDGE_CURVE('',#2542,#2662,#2782,.T.);
#2782 = SURFACE_CURVE('',#2783,(#2787,#2794),.PCURVE_S1.);
#2783 = LINE('',#2784,#2785);
#2784 = CARTESIAN_POINT('',(-17.5,-45.,35.));
#2785 = VECTOR('',#2786,1.);
#2786 = DIRECTION('',(1.,0.,-0.));
#2787 = PCURVE('',#2562,#2788);
#2788 = DEFINITIONAL_REPRESENTATION('',(#2789),#2793);
#2789 = LINE('',#2790,#2791);
#2790 = CARTESIAN_POINT('',(70.,0.));
#2791 = VECTOR('',#2792,1.);
#2792 = DIRECTION('',(0.,1.));
#2793 = ( GEOMETRIC_REPRESENTATION_CONTEXT(2) 
PARAMETRIC_REPRESENTATION_CONTEXT() REPRESENTATION_CONTEXT('2D SPACE',''
  ) );
#2794 = PCURVE('',#2644,#2795);
#2795 = DEFINITIONAL_REPRESENTATION('',(#2796),#2800);
#2796 = LINE('',#2797,#2798);
#2797 = CARTESIAN_POINT('',(0.,0.));
#2798 = VECTOR('',#2799,1.);
#2799 = DIRECTION('',(1.,0.));
#2800 = ( GEOMETRIC_REPRESENTATION_CONTEXT(2) 
PARAMETRIC_REPRESENTATION_CONTEXT() REPRESENTATION_CONTEXT('2D SPACE',''
  ) );
#2801 = ORIENTED_EDGE('',*,*,#2659,.F.);
#2802 = ADVANCED_FACE('',(#2803),#2618,.T.);
#2803 = FACE_BOUND('',#2804,.T.);
#2804 = EDGE_LOOP('',(#2805,#2826,#2827,#2848));
#2805 = ORIENTED_EDGE('',*,*,#2806,.F.);
#2806 = EDGE_CURVE('',#2575,#2690,#2807,.T.);
#2807 = SURFACE_CURVE('',#2808,(#2812,#2819),.PCURVE_S1.);
#2808 = LINE('',#2809,#2810);
#2809 = CARTESIAN_POINT('',(-17.5,45.,-35.));
#2810 = VECTOR('',#2811,1.);
#2811 = DIRECTION('',(1.,0.,-0.));
#2812 = PCURVE('',#2618,#2813);
#2813 = DEFINITIONAL_REPRESENTATION('',(#2814),#2818);
#2814 = LINE('',#2815,#2816);
#2815 = CARTESIAN_POINT('',(0.,0.));
#2816 = VECTOR('',#2817,1.);
#2817 = DIRECTION('',(0.,1.));
#2818 = ( GEOMETRIC_REPRESENTATION_CONTEXT(2) 
PARAMETRIC_REPRESENTATION_CONTEXT() REPRESENTATION_CONTEXT('2D SPACE',''
  ) );
#2819 = PCURVE('',#2590,#2820);
#2820 = DEFINITIONAL_REPRESENTATION('',(#2821),#2825);
#2821 = LINE('',#2822,#2823);
#2822 = CARTESIAN_POINT('',(0.,90.));
#2823 = VECTOR('',#2824,1.);
#2824 = DIRECTION('',(1.,0.));
#2825 = ( GEOMETRIC_REPRESENTATION_CONTEXT(2) 
PARAMETRIC_REPRESENTATION_CONTEXT() REPRESENTATION_CONTEXT('2D SPACE',''
  ) );
#2826 = ORIENTED_EDGE('',*,*,#2602,.T.);
#2827 = ORIENTED_EDGE('',*,*,#2828,.T.);
#2828 = EDGE_CURVE('',#2603,#2713,#2829,.T.);
#2829 = SURFACE_CURVE('',#2830,(#2834,#2841),.PCURVE_S1.);
#2830 = LINE('',#2831,#2832);
#2831 = CARTESIAN_POINT('',(-17.5,45.,35.));
#2832 = VECTOR('',#2833,1.);
#2833 = DIRECTION('',(1.,0.,-0.));
#2834 = PCURVE('',#2618,#2835);
#2835 = DEFINITIONAL_REPRESENTATION('',(#2836),#2840);
#2836 = LINE('',#2837,#2838);
#2837 = CARTESIAN_POINT('',(70.,0.));
#2838 = VECTOR('',#2839,1.);
#2839 = DIRECTION('',(0.,1.));
#2840 = ( GEOMETRIC_REPRESENTATION_CONTEXT(2) 
PARAMETRIC_REPRESENTATION_CONTEXT() REPRESENTATION_CONTEXT('2D SPACE',''
  ) );
#2841 = PCURVE('',#2644,#2842);
#2842 = DEFINITIONAL_REPRESENTATION('',(#2843),#2847);
#2843 = LINE('',#2844,#2845);
#2844 = CARTESIAN_POINT('',(0.,90.));
#2845 = VECTOR('',#2846,1.);
#2846 = DIRECTION('',(1.,0.));
#2847 = ( GEOMETRIC_REPRESENTATION_CONTEXT(2) 
PARAMETRIC_REPRESENTATION_CONTEXT() REPRESENTATION_CONTEXT('2D SPACE',''
  ) );
#2848 = ORIENTED_EDGE('',*,*,#2712,.F.);
#2849 = ADVANCED_FACE('',(#2850),#2590,.F.);
#2850 = FACE_BOUND('',#2851,.F.);
#2851 = EDGE_LOOP('',(#2852,#2853,#2854,#2855));
#2852 = ORIENTED_EDGE('',*,*,#2574,.F.);
#2853 = ORIENTED_EDGE('',*,*,#2759,.T.);
#2854 = ORIENTED_EDGE('',*,*,#2689,.T.);
#2855 = ORIENTED_EDGE('',*,*,#2806,.F.);
#2856 = ADVANCED_FACE('',(#2857),#2644,.T.);
#2857 = FACE_BOUND('',#2858,.T.);
#2858 = EDGE_LOOP('',(#2859,#2860,#2861,#2862));
#2859 = ORIENTED_EDGE('',*,*,#2630,.F.);
#2860 = ORIENTED_EDGE('',*,*,#2781,.T.);
#2861 = ORIENTED_EDGE('',*,*,#2735,.T.);
#2862 = ORIENTED_EDGE('',*,*,#2828,.F.);
#2863 = ( GEOMETRIC_REPRESENTATION_CONTEXT(3) 
GLOBAL_UNCERTAINTY_ASSIGNED_CONTEXT((#2867)) 
GLOBAL_UNIT_ASSIGNED_CONTEXT((#2864,#2865,#2866)) REPRESENTATION_CONTEXT
('Context #1','3D Context with UNIT and UNCERTAINTY') );
#2864 = ( LENGTH_UNIT() NAMED_UNIT(*) SI_UNIT(.MILLI.,.METRE.) );
#2865 = ( NAMED_UNIT(*) PLANE_ANGLE_UNIT() SI_UNIT($,.RADIAN.) );
#2866 = ( NAMED_UNIT(*) SI_UNIT($,.STERADIAN.) SOLID_ANGLE_UNIT() );
#2867 = UNCERTAINTY_MEASURE_WITH_UNIT(LENGTH_MEASURE(1.E-07),#2864,
  'distance_accuracy_value','confusion accuracy');
#2868 = CONTEXT_DEPENDENT_SHAPE_REPRESENTATION(#2869,#2871);
#2869 = ( REPRESENTATION_RELATIONSHIP('','',#2532,#10) 
REPRESENTATION_RELATIONSHIP_WITH_TRANSFORMATION(#2870) 
SHAPE_REPRESENTATION_RELATIONSHIP() );
#2870 = ITEM_DEFINED_TRANSFORMATION('','',#11,#27);
#2871 = PRODUCT_DEFINITION_SHAPE('Placement','Placement of an item',
  #2872);
#2872 = NEXT_ASSEMBLY_USAGE_OCCURRENCE('23','=>[0:1:1:5]','',#5,#2527,$
  );
#2873 = PRODUCT_RELATED_PRODUCT_CATEGORY('part',$,(#2529));
#2874 = SHAPE_DEFINITION_REPRESENTATION(#2875,#2881);
#2875 = PRODUCT_DEFINITION_SHAPE('','',#2876);
#2876 = PRODUCT_DEFINITION('design','',#2877,#2880);
#2877 = PRODUCT_DEFINITION_FORMATION('','',#2878);
#2878 = PRODUCT('COMPOUND','COMPOUND','',(#2879));
#2879 = PRODUCT_CONTEXT('',#2,'mechanical');
#2880 = PRODUCT_DEFINITION_CONTEXT('part definition',#2,'design');
#2881 = ADVANCED_BREP_SHAPE_REPRESENTATION('',(#11,#2882),#3212);
#2882 = MANIFOLD_SOLID_BREP('',#2883);
#2883 = CLOSED_SHELL('',(#2884,#3004,#3104,#3151,#3198,#3205));
#2884 = ADVANCED_FACE('',(#2885),#2899,.F.);
#2885 = FACE_BOUND('',#2886,.F.);
#2886 = EDGE_LOOP('',(#2887,#2922,#2950,#2978));
#2887 = ORIENTED_EDGE('',*,*,#2888,.F.);
#2888 = EDGE_CURVE('',#2889,#2891,#2893,.T.);
#2889 = VERTEX_POINT('',#2890);
#2890 = CARTESIAN_POINT('',(-12.5,-50.,-40.));
#2891 = VERTEX_POINT('',#2892);
#2892 = CARTESIAN_POINT('',(-12.5,-50.,40.));
#2893 = SURFACE_CURVE('',#2894,(#2898,#2910),.PCURVE_S1.);
#2894 = LINE('',#2895,#2896);
#2895 = CARTESIAN_POINT('',(-12.5,-50.,-40.));
#2896 = VECTOR('',#2897,1.);
#2897 = DIRECTION('',(0.,0.,1.));
#2898 = PCURVE('',#2899,#2904);
#2899 = PLANE('',#2900);
#2900 = AXIS2_PLACEMENT_3D('',#2901,#2902,#2903);
#2901 = CARTESIAN_POINT('',(-12.5,-50.,-40.));
#2902 = DIRECTION('',(1.,0.,-0.));
#2903 = DIRECTION('',(0.,0.,1.));
#2904 = DEFINITIONAL_REPRESENTATION('',(#2905),#2909);
#2905 = LINE('',#2906,#2907);
#2906 = CARTESIAN_POINT('',(0.,0.));
#2907 = VECTOR('',#2908,1.);
#2908 = DIRECTION('',(1.,0.));
#2909 = ( GEOMETRIC_REPRESENTATION_CONTEXT(2) 
PARAMETRIC_REPRESENTATION_CONTEXT() REPRESENTATION_CONTEXT('2D SPACE',''
  ) );
#2910 = PCURVE('',#2911,#2916);
#2911 = PLANE('',#2912);
#2912 = AXIS2_PLACEMENT_3D('',#2913,#2914,#2915);
#2913 = CARTESIAN_POINT('',(-12.5,-50.,-40.));
#2914 = DIRECTION('',(-0.,1.,0.));
#2915 = DIRECTION('',(0.,0.,1.));
#2916 = DEFINITIONAL_REPRESENTATION('',(#2917),#2921);
#2917 = LINE('',#2918,#2919);
#2918 = CARTESIAN_POINT('',(0.,0.));
#2919 = VECTOR('',#2920,1.);
#2920 = DIRECTION('',(1.,0.));
#2921 = ( GEOMETRIC_REPRESENTATION_CONTEXT(2) 
PARAMETRIC_REPRESENTATION_CONTEXT() REPRESENTATION_CONTEXT('2D SPACE',''
  ) );
#2922 = ORIENTED_EDGE('',*,*,#2923,.T.);
#2923 = EDGE_CURVE('',#2889,#2924,#2926,.T.);
#2924 = VERTEX_POINT('',#2925);
#2925 = CARTESIAN_POINT('',(-12.5,50.,-40.));
#2926 = SURFACE_CURVE('',#2927,(#2931,#2938),.PCURVE_S1.);
#2927 = LINE('',#2928,#2929);
#2928 = CARTESIAN_POINT('',(-12.5,-50.,-40.));
#2929 = VECTOR('',#2930,1.);
#2930 = DIRECTION('',(-0.,1.,0.));
#2931 = PCURVE('',#2899,#2932);
#2932 = DEFINITIONAL_REPRESENTATION('',(#2933),#2937);
#2933 = LINE('',#2934,#2935);
#2934 = CARTESIAN_POINT('',(0.,0.));
#2935 = VECTOR('',#2936,1.);
#2936 = DIRECTION('',(0.,-1.));
#2937 = ( GEOMETRIC_REPRESENTATION_CONTEXT(2) 
PARAMETRIC_REPRESENTATION_CONTEXT() REPRESENTATION_CONTEXT('2D SPACE',''
  ) );
#2938 = PCURVE('',#2939,#2944);
#2939 = PLANE('',#2940);
#2940 = AXIS2_PLACEMENT_3D('',#2941,#2942,#2943);
#2941 = CARTESIAN_POINT('',(-12.5,-50.,-40.));
#2942 = DIRECTION('',(0.,0.,1.));
#2943 = DIRECTION('',(1.,0.,-0.));
#2944 = DEFINITIONAL_REPRESENTATION('',(#2945),#2949);
#2945 = LINE('',#2946,#2947);
#2946 = CARTESIAN_POINT('',(0.,0.));
#2947 = VECTOR('',#2948,1.);
#2948 = DIRECTION('',(0.,1.));
#2949 = ( GEOMETRIC_REPRESENTATION_CONTEXT(2) 
PARAMETRIC_REPRESENTATION_CONTEXT() REPRESENTATION_CONTEXT('2D SPACE',''
  ) );
#2950 = ORIENTED_EDGE('',*,*,#2951,.T.);
#2951 = EDGE_CURVE('',#2924,#2952,#2954,.T.);
#2952 = VERTEX_POINT('',#2953);
#2953 = CARTESIAN_POINT('',(-12.5,50.,40.));
#2954 = SURFACE_CURVE('',#2955,(#2959,#2966),.PCURVE_S1.);
#2955 = LINE('',#2956,#2957);
#2956 = CARTESIAN_POINT('',(-12.5,50.,-40.));
#2957 = VECTOR('',#2958,1.);
#2958 = DIRECTION('',(0.,0.,1.));
#2959 = PCURVE('',#2899,#2960);
#2960 = DEFINITIONAL_REPRESENTATION('',(#2961),#2965);
#2961 = LINE('',#2962,#2963);
#2962 = CARTESIAN_POINT('',(0.,-100.));
#2963 = VECTOR('',#2964,1.);
#2964 = DIRECTION('',(1.,0.));
#2965 = ( GEOMETRIC_REPRESENTATION_CONTEXT(2) 
PARAMETRIC_REPRESENTATION_CONTEXT() REPRESENTATION_CONTEXT('2D SPACE',''
  ) );
#2966 = PCURVE('',#2967,#2972);
#2967 = PLANE('',#2968);
#2968 = AXIS2_PLACEMENT_3D('',#2969,#2970,#2971);
#2969 = CARTESIAN_POINT('',(-12.5,50.,-40.));
#2970 = DIRECTION('',(-0.,1.,0.));
#2971 = DIRECTION('',(0.,0.,1.));
#2972 = DEFINITIONAL_REPRESENTATION('',(#2973),#2977);
#2973 = LINE('',#2974,#2975);
#2974 = CARTESIAN_POINT('',(0.,0.));
#2975 = VECTOR('',#2976,1.);
#2976 = DIRECTION('',(1.,0.));
#2977 = ( GEOMETRIC_REPRESENTATION_CONTEXT(2) 
PARAMETRIC_REPRESENTATION_CONTEXT() REPRESENTATION_CONTEXT('2D SPACE',''
  ) );
#2978 = ORIENTED_EDGE('',*,*,#2979,.F.);
#2979 = EDGE_CURVE('',#2891,#2952,#2980,.T.);
#2980 = SURFACE_CURVE('',#2981,(#2985,#2992),.PCURVE_S1.);
#2981 = LINE('',#2982,#2983);
#2982 = CARTESIAN_POINT('',(-12.5,-50.,40.));
#2983 = VECTOR('',#2984,1.);
#2984 = DIRECTION('',(-0.,1.,0.));
#2985 = PCURVE('',#2899,#2986);
#2986 = DEFINITIONAL_REPRESENTATION('',(#2987),#2991);
#2987 = LINE('',#2988,#2989);
#2988 = CARTESIAN_POINT('',(80.,0.));
#2989 = VECTOR('',#2990,1.);
#2990 = DIRECTION('',(0.,-1.));
#2991 = ( GEOMETRIC_REPRESENTATION_CONTEXT(2) 
PARAMETRIC_REPRESENTATION_CONTEXT() REPRESENTATION_CONTEXT('2D SPACE',''
  ) );
#2992 = PCURVE('',#2993,#2998);
#2993 = PLANE('',#2994);
#2994 = AXIS2_PLACEMENT_3D('',#2995,#2996,#2997);
#2995 = CARTESIAN_POINT('',(-12.5,-50.,40.));
#2996 = DIRECTION('',(0.,0.,1.));
#2997 = DIRECTION('',(1.,0.,-0.));
#2998 = DEFINITIONAL_REPRESENTATION('',(#2999),#3003);
#2999 = LINE('',#3000,#3001);
#3000 = CARTESIAN_POINT('',(0.,0.));
#3001 = VECTOR('',#3002,1.);
#3002 = DIRECTION('',(0.,1.));
#3003 = ( GEOMETRIC_REPRESENTATION_CONTEXT(2) 
PARAMETRIC_REPRESENTATION_CONTEXT() REPRESENTATION_CONTEXT('2D SPACE',''
  ) );
#3004 = ADVANCED_FACE('',(#3005),#3019,.T.);
#3005 = FACE_BOUND('',#3006,.T.);
#3006 = EDGE_LOOP('',(#3007,#3037,#3060,#3083));
#3007 = ORIENTED_EDGE('',*,*,#3008,.F.);
#3008 = EDGE_CURVE('',#3009,#3011,#3013,.T.);
#3009 = VERTEX_POINT('',#3010);
#3010 = CARTESIAN_POINT('',(12.5,-50.,-40.));
#3011 = VERTEX_POINT('',#3012);
#3012 = CARTESIAN_POINT('',(12.5,-50.,40.));
#3013 = SURFACE_CURVE('',#3014,(#3018,#3030),.PCURVE_S1.);
#3014 = LINE('',#3015,#3016);
#3015 = CARTESIAN_POINT('',(12.5,-50.,-40.));
#3016 = VECTOR('',#3017,1.);
#3017 = DIRECTION('',(0.,0.,1.));
#3018 = PCURVE('',#3019,#3024);
#3019 = PLANE('',#3020);
#3020 = AXIS2_PLACEMENT_3D('',#3021,#3022,#3023);
#3021 = CARTESIAN_POINT('',(12.5,-50.,-40.));
#3022 = DIRECTION('',(1.,0.,-0.));
#3023 = DIRECTION('',(0.,0.,1.));
#3024 = DEFINITIONAL_REPRESENTATION('',(#3025),#3029);
#3025 = LINE('',#3026,#3027);
#3026 = CARTESIAN_POINT('',(0.,0.));
#3027 = VECTOR('',#3028,1.);
#3028 = DIRECTION('',(1.,0.));
#3029 = ( GEOMETRIC_REPRESENTATION_CONTEXT(2) 
PARAMETRIC_REPRESENTATION_CONTEXT() REPRESENTATION_CONTEXT('2D SPACE',''
  ) );
#3030 = PCURVE('',#2911,#3031);
#3031 = DEFINITIONAL_REPRESENTATION('',(#3032),#3036);
#3032 = LINE('',#3033,#3034);
#3033 = CARTESIAN_POINT('',(0.,25.));
#3034 = VECTOR('',#3035,1.);
#3035 = DIRECTION('',(1.,0.));
#3036 = ( GEOMETRIC_REPRESENTATION_CONTEXT(2) 
PARAMETRIC_REPRESENTATION_CONTEXT() REPRESENTATION_CONTEXT('2D SPACE',''
  ) );
#3037 = ORIENTED_EDGE('',*,*,#3038,.T.);
#3038 = EDGE_CURVE('',#3009,#3039,#3041,.T.);
#3039 = VERTEX_POINT('',#3040);
#3040 = CARTESIAN_POINT('',(12.5,50.,-40.));
#3041 = SURFACE_CURVE('',#3042,(#3046,#3053),.PCURVE_S1.);
#3042 = LINE('',#3043,#3044);
#3043 = CARTESIAN_POINT('',(12.5,-50.,-40.));
#3044 = VECTOR('',#3045,1.);
#3045 = DIRECTION('',(-0.,1.,0.));
#3046 = PCURVE('',#3019,#3047);
#3047 = DEFINITIONAL_REPRESENTATION('',(#3048),#3052);
#3048 = LINE('',#3049,#3050);
#3049 = CARTESIAN_POINT('',(0.,0.));
#3050 = VECTOR('',#3051,1.);
#3051 = DIRECTION('',(0.,-1.));
#3052 = ( GEOMETRIC_REPRESENTATION_CONTEXT(2) 
PARAMETRIC_REPRESENTATION_CONTEXT() REPRESENTATION_CONTEXT('2D SPACE',''
  ) );
#3053 = PCURVE('',#2939,#3054);
#3054 = DEFINITIONAL_REPRESENTATION('',(#3055),#3059);
#3055 = LINE('',#3056,#3057);
#3056 = CARTESIAN_POINT('',(25.,0.));
#3057 = VECTOR('',#3058,1.);
#3058 = DIRECTION('',(0.,1.));
#3059 = ( GEOMETRIC_REPRESENTATION_CONTEXT(2) 
PARAMETRIC_REPRESENTATION_CONTEXT() REPRESENTATION_CONTEXT('2D SPACE',''
  ) );
#3060 = ORIENTED_EDGE('',*,*,#3061,.T.);
#3061 = EDGE_CURVE('',#3039,#3062,#3064,.T.);
#3062 = VERTEX_POINT('',#3063);
#3063 = CARTESIAN_POINT('',(12.5,50.,40.));
#3064 = SURFACE_CURVE('',#3065,(#3069,#3076),.PCURVE_S1.);
#3065 = LINE('',#3066,#3067);
#3066 = CARTESIAN_POINT('',(12.5,50.,-40.));
#3067 = VECTOR('',#3068,1.);
#3068 = DIRECTION('',(0.,0.,1.));
#3069 = PCURVE('',#3019,#3070);
#3070 = DEFINITIONAL_REPRESENTATION('',(#3071),#3075);
#3071 = LINE('',#3072,#3073);
#3072 = CARTESIAN_POINT('',(0.,-100.));
#3073 = VECTOR('',#3074,1.);
#3074 = DIRECTION('',(1.,0.));
#3075 = ( GEOMETRIC_REPRESENTATION_CONTEXT(2) 
PARAMETRIC_REPRESENTATION_CONTEXT() REPRESENTATION_CONTEXT('2D SPACE',''
  ) );
#3076 = PCURVE('',#2967,#3077);
#3077 = DEFINITIONAL_REPRESENTATION('',(#3078),#3082);
#3078 = LINE('',#3079,#3080);
#3079 = CARTESIAN_POINT('',(0.,25.));
#3080 = VECTOR('',#3081,1.);
#3081 = DIRECTION('',(1.,0.));
#3082 = ( GEOMETRIC_REPRESENTATION_CONTEXT(2) 
PARAMETRIC_REPRESENTATION_CONTEXT() REPRESENTATION_CONTEXT('2D SPACE',''
  ) );
#3083 = ORIENTED_EDGE('',*,*,#3084,.F.);
#3084 = EDGE_CURVE('',#3011,#3062,#3085,.T.);
#3085 = SURFACE_CURVE('',#3086,(#3090,#3097),.PCURVE_S1.);
#3086 = LINE('',#3087,#3088);
#3087 = CARTESIAN_POINT('',(12.5,-50.,40.));
#3088 = VECTOR('',#3089,1.);
#3089 = DIRECTION('',(-0.,1.,0.));
#3090 = PCURVE('',#3019,#3091);
#3091 = DEFINITIONAL_REPRESENTATION('',(#3092),#3096);
#3092 = LINE('',#3093,#3094);
#3093 = CARTESIAN_POINT('',(80.,0.));
#3094 = VECTOR('',#3095,1.);
#3095 = DIRECTION('',(0.,-1.));
#3096 = ( GEOMETRIC_REPRESENTATION_CONTEXT(2) 
PARAMETRIC_REPRESENTATION_CONTEXT() REPRESENTATION_CONTEXT('2D SPACE',''
  ) );
#3097 = PCURVE('',#2993,#3098);
#3098 = DEFINITIONAL_REPRESENTATION('',(#3099),#3103);
#3099 = LINE('',#3100,#3101);
#3100 = CARTESIAN_POINT('',(25.,0.));
#3101 = VECTOR('',#3102,1.);
#3102 = DIRECTION('',(0.,1.));
#3103 = ( GEOMETRIC_REPRESENTATION_CONTEXT(2) 
PARAMETRIC_REPRESENTATION_CONTEXT() REPRESENTATION_CONTEXT('2D SPACE',''
  ) );
#3104 = ADVANCED_FACE('',(#3105),#2911,.F.);
#3105 = FACE_BOUND('',#3106,.F.);
#3106 = EDGE_LOOP('',(#3107,#3128,#3129,#3150));
#3107 = ORIENTED_EDGE('',*,*,#3108,.F.);
#3108 = EDGE_CURVE('',#2889,#3009,#3109,.T.);
#3109 = SURFACE_CURVE('',#3110,(#3114,#3121),.PCURVE_S1.);
#3110 = LINE('',#3111,#3112);
#3111 = CARTESIAN_POINT('',(-12.5,-50.,-40.));
#3112 = VECTOR('',#3113,1.);
#3113 = DIRECTION('',(1.,0.,-0.));
#3114 = PCURVE('',#2911,#3115);
#3115 = DEFINITIONAL_REPRESENTATION('',(#3116),#3120);
#3116 = LINE('',#3117,#3118);
#3117 = CARTESIAN_POINT('',(0.,0.));
#3118 = VECTOR('',#3119,1.);
#3119 = DIRECTION('',(0.,1.));
#3120 = ( GEOMETRIC_REPRESENTATION_CONTEXT(2) 
PARAMETRIC_REPRESENTATION_CONTEXT() REPRESENTATION_CONTEXT('2D SPACE',''
  ) );
#3121 = PCURVE('',#2939,#3122);
#3122 = DEFINITIONAL_REPRESENTATION('',(#3123),#3127);
#3123 = LINE('',#3124,#3125);
#3124 = CARTESIAN_POINT('',(0.,0.));
#3125 = VECTOR('',#3126,1.);
#3126 = DIRECTION('',(1.,0.));
#3127 = ( GEOMETRIC_REPRESENTATION_CONTEXT(2) 
PARAMETRIC_REPRESENTATION_CONTEXT() REPRESENTATION_CONTEXT('2D SPACE',''
  ) );
#3128 = ORIENTED_EDGE('',*,*,#2888,.T.);
#3129 = ORIENTED_EDGE('',*,*,#3130,.T.);
#3130 = EDGE_CURVE('',#2891,#3011,#3131,.T.);
#3131 = SURFACE_CURVE('',#3132,(#3136,#3143),.PCURVE_S1.);
#3132 = LINE('',#3133,#3134);
#3133 = CARTESIAN_POINT('',(-12.5,-50.,40.));
#3134 = VECTOR('',#3135,1.);
#3135 = DIRECTION('',(1.,0.,-0.));
#3136 = PCURVE('',#2911,#3137);
#3137 = DEFINITIONAL_REPRESENTATION('',(#3138),#3142);
#3138 = LINE('',#3139,#3140);
#3139 = CARTESIAN_POINT('',(80.,0.));
#3140 = VECTOR('',#3141,1.);
#3141 = DIRECTION('',(0.,1.));
#3142 = ( GEOMETRIC_REPRESENTATION_CONTEXT(2) 
PARAMETRIC_REPRESENTATION_CONTEXT() REPRESENTATION_CONTEXT('2D SPACE',''
  ) );
#3143 = PCURVE('',#2993,#3144);
#3144 = DEFINITIONAL_REPRESENTATION('',(#3145),#3149);
#3145 = LINE('',#3146,#3147);
#3146 = CARTESIAN_POINT('',(0.,0.));
#3147 = VECTOR('',#3148,1.);
#3148 = DIRECTION('',(1.,0.));
#3149 = ( GEOMETRIC_REPRESENTATION_CONTEXT(2) 
PARAMETRIC_REPRESENTATION_CONTEXT() REPRESENTATION_CONTEXT('2D SPACE',''
  ) );
#3150 = ORIENTED_EDGE('',*,*,#3008,.F.);
#3151 = ADVANCED_FACE('',(#3152),#2967,.T.);
#3152 = FACE_BOUND('',#3153,.T.);
#3153 = EDGE_LOOP('',(#3154,#3175,#3176,#3197));
#3154 = ORIENTED_EDGE('',*,*,#3155,.F.);
#3155 = EDGE_CURVE('',#2924,#3039,#3156,.T.);
#3156 = SURFACE_CURVE('',#3157,(#3161,#3168),.PCURVE_S1.);
#3157 = LINE('',#3158,#3159);
#3158 = CARTESIAN_POINT('',(-12.5,50.,-40.));
#3159 = VECTOR('',#3160,1.);
#3160 = DIRECTION('',(1.,0.,-0.));
#3161 = PCURVE('',#2967,#3162);
#3162 = DEFINITIONAL_REPRESENTATION('',(#3163),#3167);
#3163 = LINE('',#3164,#3165);
#3164 = CARTESIAN_POINT('',(0.,0.));
#3165 = VECTOR('',#3166,1.);
#3166 = DIRECTION('',(0.,1.));
#3167 = ( GEOMETRIC_REPRESENTATION_CONTEXT(2) 
PARAMETRIC_REPRESENTATION_CONTEXT() REPRESENTATION_CONTEXT('2D SPACE',''
  ) );
#3168 = PCURVE('',#2939,#3169);
#3169 = DEFINITIONAL_REPRESENTATION('',(#3170),#3174);
#3170 = LINE('',#3171,#3172);
#3171 = CARTESIAN_POINT('',(0.,100.));
#3172 = VECTOR('',#3173,1.);
#3173 = DIRECTION('',(1.,0.));
#3174 = ( GEOMETRIC_REPRESENTATION_CONTEXT(2) 
PARAMETRIC_REPRESENTATION_CONTEXT() REPRESENTATION_CONTEXT('2D SPACE',''
  ) );
#3175 = ORIENTED_EDGE('',*,*,#2951,.T.);
#3176 = ORIENTED_EDGE('',*,*,#3177,.T.);
#3177 = EDGE_CURVE('',#2952,#3062,#3178,.T.);
#3178 = SURFACE_CURVE('',#3179,(#3183,#3190),.PCURVE_S1.);
#3179 = LINE('',#3180,#3181);
#3180 = CARTESIAN_POINT('',(-12.5,50.,40.));
#3181 = VECTOR('',#3182,1.);
#3182 = DIRECTION('',(1.,0.,-0.));
#3183 = PCURVE('',#2967,#3184);
#3184 = DEFINITIONAL_REPRESENTATION('',(#3185),#3189);
#3185 = LINE('',#3186,#3187);
#3186 = CARTESIAN_POINT('',(80.,0.));
#3187 = VECTOR('',#3188,1.);
#3188 = DIRECTION('',(0.,1.));
#3189 = ( GEOMETRIC_REPRESENTATION_CONTEXT(2) 
PARAMETRIC_REPRESENTATION_CONTEXT() REPRESENTATION_CONTEXT('2D SPACE',''
  ) );
#3190 = PCURVE('',#2993,#3191);
#3191 = DEFINITIONAL_REPRESENTATION('',(#3192),#3196);
#3192 = LINE('',#3193,#3194);
#3193 = CARTESIAN_POINT('',(0.,100.));
#3194 = VECTOR('',#3195,1.);
#3195 = DIRECTION('',(1.,0.));
#3196 = ( GEOMETRIC_REPRESENTATION_CONTEXT(2) 
PARAMETRIC_REPRESENTATION_CONTEXT() REPRESENTATION_CONTEXT('2D SPACE',''
  ) );
#3197 = ORIENTED_EDGE('',*,*,#3061,.F.);
#3198 = ADVANCED_FACE('',(#3199),#2939,.F.);
#3199 = FACE_BOUND('',#3200,.F.);
#3200 = EDGE_LOOP('',(#3201,#3202,#3203,#3204));
#3201 = ORIENTED_EDGE('',*,*,#2923,.F.);
#3202 = ORIENTED_EDGE('',*,*,#3108,.T.);
#3203 = ORIENTED_EDGE('',*,*,#3038,.T.);
#3204 = ORIENTED_EDGE('',*,*,#3155,.F.);
#3205 = ADVANCED_FACE('',(#3206),#2993,.T.);
#3206 = FACE_BOUND('',#3207,.T.);
#3207 = EDGE_LOOP('',(#3208,#3209,#3210,#3211));
#3208 = ORIENTED_EDGE('',*,*,#2979,.F.);
#3209 = ORIENTED_EDGE('',*,*,#3130,.T.);
#3210 = ORIENTED_EDGE('',*,*,#3084,.T.);
#3211 = ORIENTED_EDGE('',*,*,#3177,.F.);
#3212 = ( GEOMETRIC_REPRESENTATION_CONTEXT(3) 
GLOBAL_UNCERTAINTY_ASSIGNED_CONTEXT((#3216)) 
GLOBAL_UNIT_ASSIGNED_CONTEXT((#3213,#3214,#3215)) REPRESENTATION_CONTEXT
('Context #1','3D Context with UNIT and UNCERTAINTY') );
#3213 = ( LENGTH_UNIT() NAMED_UNIT(*) SI_UNIT(.MILLI.,.METRE.) );
#3214 = ( NAMED_UNIT(*) PLANE_ANGLE_UNIT() SI_UNIT($,.RADIAN.) );
#3215 = ( NAMED_UNIT(*) SI_UNIT($,.STERADIAN.) SOLID_ANGLE_UNIT() );
#3216 = UNCERTAINTY_MEASURE_WITH_UNIT(LENGTH_MEASURE(1.E-07),#3213,
  'distance_accuracy_value','confusion accuracy');
#3217 = CONTEXT_DEPENDENT_SHAPE_REPRESENTATION(#3218,#3220);
#3218 = ( REPRESENTATION_RELATIONSHIP('','',#2881,#10) 
REPRESENTATION_RELATIONSHIP_WITH_TRANSFORMATION(#3219) 
SHAPE_REPRESENTATION_RELATIONSHIP() );
#3219 = ITEM_DEFINED_TRANSFORMATION('','',#11,#31);
#3220 = PRODUCT_DEFINITION_SHAPE('Placement','Placement of an item',
  #3221);
#3221 = NEXT_ASSEMBLY_USAGE_OCCURRENCE('24','=>[0:1:1:6]','',#5,#2876,$
  );
#3222 = PRODUCT_RELATED_PRODUCT_CATEGORY('part',$,(#2878));
#3223 = SHAPE_DEFINITION_REPRESENTATION(#3224,#3230);
#3224 = PRODUCT_DEFINITION_SHAPE('','',#3225);
#3225 = PRODUCT_DEFINITION('design','',#3226,#3229);
#3226 = PRODUCT_DEFINITION_FORMATION('','',#3227);
#3227 = PRODUCT('COMPOUND','COMPOUND','',(#3228));
#3228 = PRODUCT_CONTEXT('',#2,'mechanical');
#3229 = PRODUCT_DEFINITION_CONTEXT('part definition',#2,'design');
#3230 = ADVANCED_BREP_SHAPE_REPRESENTATION('',(#11,#3231),#3561);
#3231 = MANIFOLD_SOLID_BREP('',#3232);
#3232 = CLOSED_SHELL('',(#3233,#3353,#3453,#3500,#3547,#3554));
#3233 = ADVANCED_FACE('',(#3234),#3248,.F.);
#3234 = FACE_BOUND('',#3235,.F.);
#3235 = EDGE_LOOP('',(#3236,#3271,#3299,#3327));
#3236 = ORIENTED_EDGE('',*,*,#3237,.F.);
#3237 = EDGE_CURVE('',#3238,#3240,#3242,.T.);
#3238 = VERTEX_POINT('',#3239);
#3239 = CARTESIAN_POINT('',(-175.,-125.,-12.5));
#3240 = VERTEX_POINT('',#3241);
#3241 = CARTESIAN_POINT('',(-175.,-125.,12.5));
#3242 = SURFACE_CURVE('',#3243,(#3247,#3259),.PCURVE_S1.);
#3243 = LINE('',#3244,#3245);
#3244 = CARTESIAN_POINT('',(-175.,-125.,-12.5));
#3245 = VECTOR('',#3246,1.);
#3246 = DIRECTION('',(0.,0.,1.));
#3247 = PCURVE('',#3248,#3253);
#3248 = PLANE('',#3249);
#3249 = AXIS2_PLACEMENT_3D('',#3250,#3251,#3252);
#3250 = CARTESIAN_POINT('',(-175.,-125.,-12.5));
#3251 = DIRECTION('',(1.,0.,-0.));
#3252 = DIRECTION('',(0.,0.,1.));
#3253 = DEFINITIONAL_REPRESENTATION('',(#3254),#3258);
#3254 = LINE('',#3255,#3256);
#3255 = CARTESIAN_POINT('',(0.,0.));
#3256 = VECTOR('',#3257,1.);
#3257 = DIRECTION('',(1.,0.));
#3258 = ( GEOMETRIC_REPRESENTATION_CONTEXT(2) 
PARAMETRIC_REPRESENTATION_CONTEXT() REPRESENTATION_CONTEXT('2D SPACE',''
  ) );
#3259 = PCURVE('',#3260,#3265);
#3260 = PLANE('',#3261);
#3261 = AXIS2_PLACEMENT_3D('',#3262,#3263,#3264);
#3262 = CARTESIAN_POINT('',(-175.,-125.,-12.5));
#3263 = DIRECTION('',(-0.,1.,0.));
#3264 = DIRECTION('',(0.,0.,1.));
#3265 = DEFINITIONAL_REPRESENTATION('',(#3266),#3270);
#3266 = LINE('',#3267,#3268);
#3267 = CARTESIAN_POINT('',(0.,0.));
#3268 = VECTOR('',#3269,1.);
#3269 = DIRECTION('',(1.,0.));
#3270 = ( GEOMETRIC_REPRESENTATION_CONTEXT(2) 
PARAMETRIC_REPRESENTATION_CONTEXT() REPRESENTATION_CONTEXT('2D SPACE',''
  ) );
#3271 = ORIENTED_EDGE('',*,*,#3272,.T.);
#3272 = EDGE_CURVE('',#3238,#3273,#3275,.T.);
#3273 = VERTEX_POINT('',#3274);
#3274 = CARTESIAN_POINT('',(-175.,125.,-12.5));
#3275 = SURFACE_CURVE('',#3276,(#3280,#3287),.PCURVE_S1.);
#3276 = LINE('',#3277,#3278);
#3277 = CARTESIAN_POINT('',(-175.,-125.,-12.5));
#3278 = VECTOR('',#3279,1.);
#3279 = DIRECTION('',(-0.,1.,0.));
#3280 = PCURVE('',#3248,#3281);
#3281 = DEFINITIONAL_REPRESENTATION('',(#3282),#3286);
#3282 = LINE('',#3283,#3284);
#3283 = CARTESIAN_POINT('',(0.,0.));
#3284 = VECTOR('',#3285,1.);
#3285 = DIRECTION('',(0.,-1.));
#3286 = ( GEOMETRIC_REPRESENTATION_CONTEXT(2) 
PARAMETRIC_REPRESENTATION_CONTEXT() REPRESENTATION_CONTEXT('2D SPACE',''
  ) );
#3287 = PCURVE('',#3288,#3293);
#3288 = PLANE('',#3289);
#3289 = AXIS2_PLACEMENT_3D('',#3290,#3291,#3292);
#3290 = CARTESIAN_POINT('',(-175.,-125.,-12.5));
#3291 = DIRECTION('',(0.,0.,1.));
#3292 = DIRECTION('',(1.,0.,-0.));
#3293 = DEFINITIONAL_REPRESENTATION('',(#3294),#3298);
#3294 = LINE('',#3295,#3296);
#3295 = CARTESIAN_POINT('',(0.,0.));
#3296 = VECTOR('',#3297,1.);
#3297 = DIRECTION('',(0.,1.));
#3298 = ( GEOMETRIC_REPRESENTATION_CONTEXT(2) 
PARAMETRIC_REPRESENTATION_CONTEXT() REPRESENTATION_CONTEXT('2D SPACE',''
  ) );
#3299 = ORIENTED_EDGE('',*,*,#3300,.T.);
#3300 = EDGE_CURVE('',#3273,#3301,#3303,.T.);
#3301 = VERTEX_POINT('',#3302);
#3302 = CARTESIAN_POINT('',(-175.,125.,12.5));
#3303 = SURFACE_CURVE('',#3304,(#3308,#3315),.PCURVE_S1.);
#3304 = LINE('',#3305,#3306);
#3305 = CARTESIAN_POINT('',(-175.,125.,-12.5));
#3306 = VECTOR('',#3307,1.);
#3307 = DIRECTION('',(0.,0.,1.));
#3308 = PCURVE('',#3248,#3309);
#3309 = DEFINITIONAL_REPRESENTATION('',(#3310),#3314);
#3310 = LINE('',#3311,#3312);
#3311 = CARTESIAN_POINT('',(0.,-250.));
#3312 = VECTOR('',#3313,1.);
#3313 = DIRECTION('',(1.,0.));
#3314 = ( GEOMETRIC_REPRESENTATION_CONTEXT(2) 
PARAMETRIC_REPRESENTATION_CONTEXT() REPRESENTATION_CONTEXT('2D SPACE',''
  ) );
#3315 = PCURVE('',#3316,#3321);
#3316 = PLANE('',#3317);
#3317 = AXIS2_PLACEMENT_3D('',#3318,#3319,#3320);
#3318 = CARTESIAN_POINT('',(-175.,125.,-12.5));
#3319 = DIRECTION('',(-0.,1.,0.));
#3320 = DIRECTION('',(0.,0.,1.));
#3321 = DEFINITIONAL_REPRESENTATION('',(#3322),#3326);
#3322 = LINE('',#3323,#3324);
#3323 = CARTESIAN_POINT('',(0.,0.));
#3324 = VECTOR('',#3325,1.);
#3325 = DIRECTION('',(1.,0.));
#3326 = ( GEOMETRIC_REPRESENTATION_CONTEXT(2) 
PARAMETRIC_REPRESENTATION_CONTEXT() REPRESENTATION_CONTEXT('2D SPACE',''
  ) );
#3327 = ORIENTED_EDGE('',*,*,#3328,.F.);
#3328 = EDGE_CURVE('',#3240,#3301,#3329,.T.);
#3329 = SURFACE_CURVE('',#3330,(#3334,#3341),.PCURVE_S1.);
#3330 = LINE('',#3331,#3332);
#3331 = CARTESIAN_POINT('',(-175.,-125.,12.5));
#3332 = VECTOR('',#3333,1.);
#3333 = DIRECTION('',(-0.,1.,0.));
#3334 = PCURVE('',#3248,#3335);
#3335 = DEFINITIONAL_REPRESENTATION('',(#3336),#3340);
#3336 = LINE('',#3337,#3338);
#3337 = CARTESIAN_POINT('',(25.,0.));
#3338 = VECTOR('',#3339,1.);
#3339 = DIRECTION('',(0.,-1.));
#3340 = ( GEOMETRIC_REPRESENTATION_CONTEXT(2) 
PARAMETRIC_REPRESENTATION_CONTEXT() REPRESENTATION_CONTEXT('2D SPACE',''
  ) );
#3341 = PCURVE('',#3342,#3347);
#3342 = PLANE('',#3343);
#3343 = AXIS2_PLACEMENT_3D('',#3344,#3345,#3346);
#3344 = CARTESIAN_POINT('',(-175.,-125.,12.5));
#3345 = DIRECTION('',(0.,0.,1.));
#3346 = DIRECTION('',(1.,0.,-0.));
#3347 = DEFINITIONAL_REPRESENTATION('',(#3348),#3352);
#3348 = LINE('',#3349,#3350);
#3349 = CARTESIAN_POINT('',(0.,0.));
#3350 = VECTOR('',#3351,1.);
#3351 = DIRECTION('',(0.,1.));
#3352 = ( GEOMETRIC_REPRESENTATION_CONTEXT(2) 
PARAMETRIC_REPRESENTATION_CONTEXT() REPRESENTATION_CONTEXT('2D SPACE',''
  ) );
#3353 = ADVANCED_FACE('',(#3354),#3368,.T.);
#3354 = FACE_BOUND('',#3355,.T.);
#3355 = EDGE_LOOP('',(#3356,#3386,#3409,#3432));
#3356 = ORIENTED_EDGE('',*,*,#3357,.F.);
#3357 = EDGE_CURVE('',#3358,#3360,#3362,.T.);
#3358 = VERTEX_POINT('',#3359);
#3359 = CARTESIAN_POINT('',(175.,-125.,-12.5));
#3360 = VERTEX_POINT('',#3361);
#3361 = CARTESIAN_POINT('',(175.,-125.,12.5));
#3362 = SURFACE_CURVE('',#3363,(#3367,#3379),.PCURVE_S1.);
#3363 = LINE('',#3364,#3365);
#3364 = CARTESIAN_POINT('',(175.,-125.,-12.5));
#3365 = VECTOR('',#3366,1.);
#3366 = DIRECTION('',(0.,0.,1.));
#3367 = PCURVE('',#3368,#3373);
#3368 = PLANE('',#3369);
#3369 = AXIS2_PLACEMENT_3D('',#3370,#3371,#3372);
#3370 = CARTESIAN_POINT('',(175.,-125.,-12.5));
#3371 = DIRECTION('',(1.,0.,-0.));
#3372 = DIRECTION('',(0.,0.,1.));
#3373 = DEFINITIONAL_REPRESENTATION('',(#3374),#3378);
#3374 = LINE('',#3375,#3376);
#3375 = CARTESIAN_POINT('',(0.,0.));
#3376 = VECTOR('',#3377,1.);
#3377 = DIRECTION('',(1.,0.));
#3378 = ( GEOMETRIC_REPRESENTATION_CONTEXT(2) 
PARAMETRIC_REPRESENTATION_CONTEXT() REPRESENTATION_CONTEXT('2D SPACE',''
  ) );
#3379 = PCURVE('',#3260,#3380);
#3380 = DEFINITIONAL_REPRESENTATION('',(#3381),#3385);
#3381 = LINE('',#3382,#3383);
#3382 = CARTESIAN_POINT('',(0.,350.));
#3383 = VECTOR('',#3384,1.);
#3384 = DIRECTION('',(1.,0.));
#3385 = ( GEOMETRIC_REPRESENTATION_CONTEXT(2) 
PARAMETRIC_REPRESENTATION_CONTEXT() REPRESENTATION_CONTEXT('2D SPACE',''
  ) );
#3386 = ORIENTED_EDGE('',*,*,#3387,.T.);
#3387 = EDGE_CURVE('',#3358,#3388,#3390,.T.);
#3388 = VERTEX_POINT('',#3389);
#3389 = CARTESIAN_POINT('',(175.,125.,-12.5));
#3390 = SURFACE_CURVE('',#3391,(#3395,#3402),.PCURVE_S1.);
#3391 = LINE('',#3392,#3393);
#3392 = CARTESIAN_POINT('',(175.,-125.,-12.5));
#3393 = VECTOR('',#3394,1.);
#3394 = DIRECTION('',(-0.,1.,0.));
#3395 = PCURVE('',#3368,#3396);
#3396 = DEFINITIONAL_REPRESENTATION('',(#3397),#3401);
#3397 = LINE('',#3398,#3399);
#3398 = CARTESIAN_POINT('',(0.,0.));
#3399 = VECTOR('',#3400,1.);
#3400 = DIRECTION('',(0.,-1.));
#3401 = ( GEOMETRIC_REPRESENTATION_CONTEXT(2) 
PARAMETRIC_REPRESENTATION_CONTEXT() REPRESENTATION_CONTEXT('2D SPACE',''
  ) );
#3402 = PCURVE('',#3288,#3403);
#3403 = DEFINITIONAL_REPRESENTATION('',(#3404),#3408);
#3404 = LINE('',#3405,#3406);
#3405 = CARTESIAN_POINT('',(350.,0.));
#3406 = VECTOR('',#3407,1.);
#3407 = DIRECTION('',(0.,1.));
#3408 = ( GEOMETRIC_REPRESENTATION_CONTEXT(2) 
PARAMETRIC_REPRESENTATION_CONTEXT() REPRESENTATION_CONTEXT('2D SPACE',''
  ) );
#3409 = ORIENTED_EDGE('',*,*,#3410,.T.);
#3410 = EDGE_CURVE('',#3388,#3411,#3413,.T.);
#3411 = VERTEX_POINT('',#3412);
#3412 = CARTESIAN_POINT('',(175.,125.,12.5));
#3413 = SURFACE_CURVE('',#3414,(#3418,#3425),.PCURVE_S1.);
#3414 = LINE('',#3415,#3416);
#3415 = CARTESIAN_POINT('',(175.,125.,-12.5));
#3416 = VECTOR('',#3417,1.);
#3417 = DIRECTION('',(0.,0.,1.));
#3418 = PCURVE('',#3368,#3419);
#3419 = DEFINITIONAL_REPRESENTATION('',(#3420),#3424);
#3420 = LINE('',#3421,#3422);
#3421 = CARTESIAN_POINT('',(0.,-250.));
#3422 = VECTOR('',#3423,1.);
#3423 = DIRECTION('',(1.,0.));
#3424 = ( GEOMETRIC_REPRESENTATION_CONTEXT(2) 
PARAMETRIC_REPRESENTATION_CONTEXT() REPRESENTATION_CONTEXT('2D SPACE',''
  ) );
#3425 = PCURVE('',#3316,#3426);
#3426 = DEFINITIONAL_REPRESENTATION('',(#3427),#3431);
#3427 = LINE('',#3428,#3429);
#3428 = CARTESIAN_POINT('',(0.,350.));
#3429 = VECTOR('',#3430,1.);
#3430 = DIRECTION('',(1.,0.));
#3431 = ( GEOMETRIC_REPRESENTATION_CONTEXT(2) 
PARAMETRIC_REPRESENTATION_CONTEXT() REPRESENTATION_CONTEXT('2D SPACE',''
  ) );
#3432 = ORIENTED_EDGE('',*,*,#3433,.F.);
#3433 = EDGE_CURVE('',#3360,#3411,#3434,.T.);
#3434 = SURFACE_CURVE('',#3435,(#3439,#3446),.PCURVE_S1.);
#3435 = LINE('',#3436,#3437);
#3436 = CARTESIAN_POINT('',(175.,-125.,12.5));
#3437 = VECTOR('',#3438,1.);
#3438 = DIRECTION('',(-0.,1.,0.));
#3439 = PCURVE('',#3368,#3440);
#3440 = DEFINITIONAL_REPRESENTATION('',(#3441),#3445);
#3441 = LINE('',#3442,#3443);
#3442 = CARTESIAN_POINT('',(25.,0.));
#3443 = VECTOR('',#3444,1.);
#3444 = DIRECTION('',(0.,-1.));
#3445 = ( GEOMETRIC_REPRESENTATION_CONTEXT(2) 
PARAMETRIC_REPRESENTATION_CONTEXT() REPRESENTATION_CONTEXT('2D SPACE',''
  ) );
#3446 = PCURVE('',#3342,#3447);
#3447 = DEFINITIONAL_REPRESENTATION('',(#3448),#3452);
#3448 = LINE('',#3449,#3450);
#3449 = CARTESIAN_POINT('',(350.,0.));
#3450 = VECTOR('',#3451,1.);
#3451 = DIRECTION('',(0.,1.));
#3452 = ( GEOMETRIC_REPRESENTATION_CONTEXT(2) 
PARAMETRIC_REPRESENTATION_CONTEXT() REPRESENTATION_CONTEXT('2D SPACE',''
  ) );
#3453 = ADVANCED_FACE('',(#3454),#3260,.F.);
#3454 = FACE_BOUND('',#3455,.F.);
#3455 = EDGE_LOOP('',(#3456,#3477,#3478,#3499));
#3456 = ORIENTED_EDGE('',*,*,#3457,.F.);
#3457 = EDGE_CURVE('',#3238,#3358,#3458,.T.);
#3458 = SURFACE_CURVE('',#3459,(#3463,#3470),.PCURVE_S1.);
#3459 = LINE('',#3460,#3461);
#3460 = CARTESIAN_POINT('',(-175.,-125.,-12.5));
#3461 = VECTOR('',#3462,1.);
#3462 = DIRECTION('',(1.,0.,-0.));
#3463 = PCURVE('',#3260,#3464);
#3464 = DEFINITIONAL_REPRESENTATION('',(#3465),#3469);
#3465 = LINE('',#3466,#3467);
#3466 = CARTESIAN_POINT('',(0.,0.));
#3467 = VECTOR('',#3468,1.);
#3468 = DIRECTION('',(0.,1.));
#3469 = ( GEOMETRIC_REPRESENTATION_CONTEXT(2) 
PARAMETRIC_REPRESENTATION_CONTEXT() REPRESENTATION_CONTEXT('2D SPACE',''
  ) );
#3470 = PCURVE('',#3288,#3471);
#3471 = DEFINITIONAL_REPRESENTATION('',(#3472),#3476);
#3472 = LINE('',#3473,#3474);
#3473 = CARTESIAN_POINT('',(0.,0.));
#3474 = VECTOR('',#3475,1.);
#3475 = DIRECTION('',(1.,0.));
#3476 = ( GEOMETRIC_REPRESENTATION_CONTEXT(2) 
PARAMETRIC_REPRESENTATION_CONTEXT() REPRESENTATION_CONTEXT('2D SPACE',''
  ) );
#3477 = ORIENTED_EDGE('',*,*,#3237,.T.);
#3478 = ORIENTED_EDGE('',*,*,#3479,.T.);
#3479 = EDGE_CURVE('',#3240,#3360,#3480,.T.);
#3480 = SURFACE_CURVE('',#3481,(#3485,#3492),.PCURVE_S1.);
#3481 = LINE('',#3482,#3483);
#3482 = CARTESIAN_POINT('',(-175.,-125.,12.5));
#3483 = VECTOR('',#3484,1.);
#3484 = DIRECTION('',(1.,0.,-0.));
#3485 = PCURVE('',#3260,#3486);
#3486 = DEFINITIONAL_REPRESENTATION('',(#3487),#3491);
#3487 = LINE('',#3488,#3489);
#3488 = CARTESIAN_POINT('',(25.,0.));
#3489 = VECTOR('',#3490,1.);
#3490 = DIRECTION('',(0.,1.));
#3491 = ( GEOMETRIC_REPRESENTATION_CONTEXT(2) 
PARAMETRIC_REPRESENTATION_CONTEXT() REPRESENTATION_CONTEXT('2D SPACE',''
  ) );
#3492 = PCURVE('',#3342,#3493);
#3493 = DEFINITIONAL_REPRESENTATION('',(#3494),#3498);
#3494 = LINE('',#3495,#3496);
#3495 = CARTESIAN_POINT('',(0.,0.));
#3496 = VECTOR('',#3497,1.);
#3497 = DIRECTION('',(1.,0.));
#3498 = ( GEOMETRIC_REPRESENTATION_CONTEXT(2) 
PARAMETRIC_REPRESENTATION_CONTEXT() REPRESENTATION_CONTEXT('2D SPACE',''
  ) );
#3499 = ORIENTED_EDGE('',*,*,#3357,.F.);
#3500 = ADVANCED_FACE('',(#3501),#3316,.T.);
#3501 = FACE_BOUND('',#3502,.T.);
#3502 = EDGE_LOOP('',(#3503,#3524,#3525,#3546));
#3503 = ORIENTED_EDGE('',*,*,#3504,.F.);
#3504 = EDGE_CURVE('',#3273,#3388,#3505,.T.);
#3505 = SURFACE_CURVE('',#3506,(#3510,#3517),.PCURVE_S1.);
#3506 = LINE('',#3507,#3508);
#3507 = CARTESIAN_POINT('',(-175.,125.,-12.5));
#3508 = VECTOR('',#3509,1.);
#3509 = DIRECTION('',(1.,0.,-0.));
#3510 = PCURVE('',#3316,#3511);
#3511 = DEFINITIONAL_REPRESENTATION('',(#3512),#3516);
#3512 = LINE('',#3513,#3514);
#3513 = CARTESIAN_POINT('',(0.,0.));
#3514 = VECTOR('',#3515,1.);
#3515 = DIRECTION('',(0.,1.));
#3516 = ( GEOMETRIC_REPRESENTATION_CONTEXT(2) 
PARAMETRIC_REPRESENTATION_CONTEXT() REPRESENTATION_CONTEXT('2D SPACE',''
  ) );
#3517 = PCURVE('',#3288,#3518);
#3518 = DEFINITIONAL_REPRESENTATION('',(#3519),#3523);
#3519 = LINE('',#3520,#3521);
#3520 = CARTESIAN_POINT('',(0.,250.));
#3521 = VECTOR('',#3522,1.);
#3522 = DIRECTION('',(1.,0.));
#3523 = ( GEOMETRIC_REPRESENTATION_CONTEXT(2) 
PARAMETRIC_REPRESENTATION_CONTEXT() REPRESENTATION_CONTEXT('2D SPACE',''
  ) );
#3524 = ORIENTED_EDGE('',*,*,#3300,.T.);
#3525 = ORIENTED_EDGE('',*,*,#3526,.T.);
#3526 = EDGE_CURVE('',#3301,#3411,#3527,.T.);
#3527 = SURFACE_CURVE('',#3528,(#3532,#3539),.PCURVE_S1.);
#3528 = LINE('',#3529,#3530);
#3529 = CARTESIAN_POINT('',(-175.,125.,12.5));
#3530 = VECTOR('',#3531,1.);
#3531 = DIRECTION('',(1.,0.,-0.));
#3532 = PCURVE('',#3316,#3533);
#3533 = DEFINITIONAL_REPRESENTATION('',(#3534),#3538);
#3534 = LINE('',#3535,#3536);
#3535 = CARTESIAN_POINT('',(25.,0.));
#3536 = VECTOR('',#3537,1.);
#3537 = DIRECTION('',(0.,1.));
#3538 = ( GEOMETRIC_REPRESENTATION_CONTEXT(2) 
PARAMETRIC_REPRESENTATION_CONTEXT() REPRESENTATION_CONTEXT('2D SPACE',''
  ) );
#3539 = PCURVE('',#3342,#3540);
#3540 = DEFINITIONAL_REPRESENTATION('',(#3541),#3545);
#3541 = LINE('',#3542,#3543);
#3542 = CARTESIAN_POINT('',(0.,250.));
#3543 = VECTOR('',#3544,1.);
#3544 = DIRECTION('',(1.,0.));
#3545 = ( GEOMETRIC_REPRESENTATION_CONTEXT(2) 
PARAMETRIC_REPRESENTATION_CONTEXT() REPRESENTATION_CONTEXT('2D SPACE',''
  ) );
#3546 = ORIENTED_EDGE('',*,*,#3410,.F.);
#3547 = ADVANCED_FACE('',(#3548),#3288,.F.);
#3548 = FACE_BOUND('',#3549,.F.);
#3549 = EDGE_LOOP('',(#3550,#3551,#3552,#3553));
#3550 = ORIENTED_EDGE('',*,*,#3272,.F.);
#3551 = ORIENTED_EDGE('',*,*,#3457,.T.);
#3552 = ORIENTED_EDGE('',*,*,#3387,.T.);
#3553 = ORIENTED_EDGE('',*,*,#3504,.F.);
#3554 = ADVANCED_FACE('',(#3555),#3342,.T.);
#3555 = FACE_BOUND('',#3556,.T.);
#3556 = EDGE_LOOP('',(#3557,#3558,#3559,#3560));
#3557 = ORIENTED_EDGE('',*,*,#3328,.F.);
#3558 = ORIENTED_EDGE('',*,*,#3479,.T.);
#3559 = ORIENTED_EDGE('',*,*,#3433,.T.);
#3560 = ORIENTED_EDGE('',*,*,#3526,.F.);
#3561 = ( GEOMETRIC_REPRESENTATION_CONTEXT(3) 
GLOBAL_UNCERTAINTY_ASSIGNED_CONTEXT((#3565)) 
GLOBAL_UNIT_ASSIGNED_CONTEXT((#3562,#3563,#3564)) REPRESENTATION_CONTEXT
('Context #1','3D Context with UNIT and UNCERTAINTY') );
#3562 = ( LENGTH_UNIT() NAMED_UNIT(*) SI_UNIT(.MILLI.,.METRE.) );
#3563 = ( NAMED_UNIT(*) PLANE_ANGLE_UNIT() SI_UNIT($,.RADIAN.) );
#3564 = ( NAMED_UNIT(*) SI_UNIT($,.STERADIAN.) SOLID_ANGLE_UNIT() );
#3565 = UNCERTAINTY_MEASURE_WITH_UNIT(LENGTH_MEASURE(1.E-07),#3562,
  'distance_accuracy_value','confusion accuracy');
#3566 = CONTEXT_DEPENDENT_SHAPE_REPRESENTATION(#3567,#3569);
#3567 = ( REPRESENTATION_RELATIONSHIP('','',#3230,#10) 
REPRESENTATION_RELATIONSHIP_WITH_TRANSFORMATION(#3568) 
SHAPE_REPRESENTATION_RELATIONSHIP() );
#3568 = ITEM_DEFINED_TRANSFORMATION('','',#11,#35);
#3569 = PRODUCT_DEFINITION_SHAPE('Placement','Placement of an item',
  #3570);
#3570 = NEXT_ASSEMBLY_USAGE_OCCURRENCE('25','=>[0:1:1:7]','',#5,#3225,$
  );
#3571 = PRODUCT_RELATED_PRODUCT_CATEGORY('part',$,(#3227));
#3572 = SHAPE_DEFINITION_REPRESENTATION(#3573,#3579);
#3573 = PRODUCT_DEFINITION_SHAPE('','',#3574);
#3574 = PRODUCT_DEFINITION('design','',#3575,#3578);
#3575 = PRODUCT_DEFINITION_FORMATION('','',#3576);
#3576 = PRODUCT('COMPOUND','COMPOUND','',(#3577));
#3577 = PRODUCT_CONTEXT('',#2,'mechanical');
#3578 = PRODUCT_DEFINITION_CONTEXT('part definition',#2,'design');
#3579 = SHAPE_REPRESENTATION('',(#11,#3580,#4267,#4365,#4463,#4561),
  #4659);
#3580 = MANIFOLD_SOLID_BREP('',#3581);
#3581 = CLOSED_SHELL('',(#3582,#3794,#3798,#3869,#4124,#4149,#4201,#4259
    ,#4263));
#3582 = ADVANCED_FACE('',(#3583),#3597,.T.);
#3583 = FACE_BOUND('',#3584,.T.);
#3584 = EDGE_LOOP('',(#3585,#3615,#3644,#3744,#3766,#3767));
#3585 = ORIENTED_EDGE('',*,*,#3586,.T.);
#3586 = EDGE_CURVE('',#3587,#3589,#3591,.T.);
#3587 = VERTEX_POINT('',#3588);
#3588 = CARTESIAN_POINT('',(75.,330.,49.));
#3589 = VERTEX_POINT('',#3590);
#3590 = CARTESIAN_POINT('',(75.,330.,63.));
#3591 = SEAM_CURVE('',#3592,(#3596,#3608),.PCURVE_S1.);
#3592 = LINE('',#3593,#3594);
#3593 = CARTESIAN_POINT('',(75.,330.,49.));
#3594 = VECTOR('',#3595,1.);
#3595 = DIRECTION('',(0.,0.,1.));
#3596 = PCURVE('',#3597,#3602);
#3597 = CYLINDRICAL_SURFACE('',#3598,75.);
#3598 = AXIS2_PLACEMENT_3D('',#3599,#3600,#3601);
#3599 = CARTESIAN_POINT('',(0.,330.,49.));
#3600 = DIRECTION('',(0.,0.,1.));
#3601 = DIRECTION('',(1.,0.,-0.));
#3602 = DEFINITIONAL_REPRESENTATION('',(#3603),#3607);
#3603 = LINE('',#3604,#3605);
#3604 = CARTESIAN_POINT('',(6.28318530718,-0.));
#3605 = VECTOR('',#3606,1.);
#3606 = DIRECTION('',(0.,1.));
#3607 = ( GEOMETRIC_REPRESENTATION_CONTEXT(2) 
PARAMETRIC_REPRESENTATION_CONTEXT() REPRESENTATION_CONTEXT('2D SPACE',''
  ) );
#3608 = PCURVE('',#3597,#3609);
#3609 = DEFINITIONAL_REPRESENTATION('',(#3610),#3614);
#3610 = LINE('',#3611,#3612);
#3611 = CARTESIAN_POINT('',(0.,-0.));
#3612 = VECTOR('',#3613,1.);
#3613 = DIRECTION('',(0.,1.));
#3614 = ( GEOMETRIC_REPRESENTATION_CONTEXT(2) 
PARAMETRIC_REPRESENTATION_CONTEXT() REPRESENTATION_CONTEXT('2D SPACE',''
  ) );
#3615 = ORIENTED_EDGE('',*,*,#3616,.F.);
#3616 = EDGE_CURVE('',#3617,#3589,#3619,.T.);
#3617 = VERTEX_POINT('',#3618);
#3618 = CARTESIAN_POINT('',(7.141428428543,255.34077418028,63.));
#3619 = SURFACE_CURVE('',#3620,(#3625,#3632),.PCURVE_S1.);
#3620 = CIRCLE('',#3621,75.);
#3621 = AXIS2_PLACEMENT_3D('',#3622,#3623,#3624);
#3622 = CARTESIAN_POINT('',(0.,330.,63.));
#3623 = DIRECTION('',(0.,0.,1.));
#3624 = DIRECTION('',(1.,0.,-0.));
#3625 = PCURVE('',#3597,#3626);
#3626 = DEFINITIONAL_REPRESENTATION('',(#3627),#3631);
#3627 = LINE('',#3628,#3629);
#3628 = CARTESIAN_POINT('',(0.,14.));
#3629 = VECTOR('',#3630,1.);
#3630 = DIRECTION('',(1.,0.));
#3631 = ( GEOMETRIC_REPRESENTATION_CONTEXT(2) 
PARAMETRIC_REPRESENTATION_CONTEXT() REPRESENTATION_CONTEXT('2D SPACE',''
  ) );
#3632 = PCURVE('',#3633,#3638);
#3633 = PLANE('',#3634);
#3634 = AXIS2_PLACEMENT_3D('',#3635,#3636,#3637);
#3635 = CARTESIAN_POINT('',(0.,330.,63.));
#3636 = DIRECTION('',(0.,0.,1.));
#3637 = DIRECTION('',(1.,0.,-0.));
#3638 = DEFINITIONAL_REPRESENTATION('',(#3639),#3643);
#3639 = CIRCLE('',#3640,75.);
#3640 = AXIS2_PLACEMENT_2D('',#3641,#3642);
#3641 = CARTESIAN_POINT('',(0.,0.));
#3642 = DIRECTION('',(1.,0.));
#3643 = ( GEOMETRIC_REPRESENTATION_CONTEXT(2) 
PARAMETRIC_REPRESENTATION_CONTEXT() REPRESENTATION_CONTEXT('2D SPACE',''
  ) );
#3644 = ORIENTED_EDGE('',*,*,#3645,.T.);
#3645 = EDGE_CURVE('',#3617,#3646,#3648,.T.);
#3646 = VERTEX_POINT('',#3647);
#3647 = CARTESIAN_POINT('',(-7.141428428543,255.34077418028,63.));
#3648 = SURFACE_CURVE('',#3649,(#3677,#3708),.PCURVE_S1.);
#3649 = B_SPLINE_CURVE_WITH_KNOTS('',6,(#3650,#3651,#3652,#3653,#3654,
    #3655,#3656,#3657,#3658,#3659,#3660,#3661,#3662,#3663,#3664,#3665,
    #3666,#3667,#3668,#3669,#3670,#3671,#3672,#3673,#3674,#3675,#3676),
  .UNSPECIFIED.,.F.,.F.,(7,5,5,5,5,7),(0.,0.234321890727,0.383115251253,
    0.499548148786,0.668988984163,1.),.UNSPECIFIED.);
#3650 = CARTESIAN_POINT('',(7.141430780996,255.3407744053,
    63.000002399991));
#3651 = CARTESIAN_POINT('',(6.757143621184,255.30401591859,
    62.607950815315));
#3652 = CARTESIAN_POINT('',(6.338278124804,255.26634517665,
    62.232287946226));
#3653 = CARTESIAN_POINT('',(5.884231672068,255.22850774221,
    61.87680843438));
#3654 = CARTESIAN_POINT('',(5.394689242695,255.1914175638,
    61.545743603093));
#3655 = CARTESIAN_POINT('',(4.869761609886,255.15616499455,
    61.243856157706));
#3656 = CARTESIAN_POINT('',(3.954779295958,255.10349528261,
    60.806806200048));
#3657 = CARTESIAN_POINT('',(3.585412152717,255.08426363326,
    60.65099960957));
#3658 = CARTESIAN_POINT('',(3.203107367074,255.06661565325,
    60.510941456785));
#3659 = CARTESIAN_POINT('',(2.809118491794,255.05089909165,
    60.388247398545));
#3660 = CARTESIAN_POINT('',(2.404855713622,255.03742697205,
    60.284328054131));
#3661 = CARTESIAN_POINT('',(1.668684779383,255.01786874893,
    60.134694724597));
#3662 = CARTESIAN_POINT('',(1.340314021652,255.0108175393,
    60.081268567159));
#3663 = CARTESIAN_POINT('',(1.007980853579,255.00543412852,
    60.040754311663));
#3664 = CARTESIAN_POINT('',(0.672949879089,255.00181181806,
    60.013589541588));
#3665 = CARTESIAN_POINT('',(0.336515435712,255.,60.));
#3666 = CARTESIAN_POINT('',(-0.489719467197,255.,60.));
#3667 = CARTESIAN_POINT('',(-0.978911451576,255.00383718114,
    60.028779067303));
#3668 = CARTESIAN_POINT('',(-1.46379168803,255.01149618754,
    60.086220633967));
#3669 = CARTESIAN_POINT('',(-1.940617523679,255.02276487105,
    60.17134832078));
#3670 = CARTESIAN_POINT('',(-2.405826543209,255.03724188529,
    60.282344731836));
#3671 = CARTESIAN_POINT('',(-3.735943809278,255.08793257058,
    60.678762346788));
#3672 = CARTESIAN_POINT('',(-4.555234811853,255.13156706214,
    61.028462516703));
#3673 = CARTESIAN_POINT('',(-5.307640790751,255.18188663714,
    61.449544991045));
#3674 = CARTESIAN_POINT('',(-5.989878856577,255.23536399178,
    61.927425303854));
#3675 = CARTESIAN_POINT('',(-6.600837197328,255.28906463162,
    62.448486259688));
#3676 = CARTESIAN_POINT('',(-7.141430781014,255.3407744053,
    63.000002400001));
#3677 = PCURVE('',#3597,#3678);
#3678 = DEFINITIONAL_REPRESENTATION('',(#3679),#3707);
#3679 = B_SPLINE_CURVE_WITH_KNOTS('',6,(#3680,#3681,#3682,#3683,#3684,
    #3685,#3686,#3687,#3688,#3689,#3690,#3691,#3692,#3693,#3694,#3695,
    #3696,#3697,#3698,#3699,#3700,#3701,#3702,#3703,#3704,#3705,#3706),
  .UNSPECIFIED.,.F.,.F.,(7,5,5,5,5,7),(0.,0.234321890727,0.383115251253,
    0.499548148786,0.668988984163,1.),.UNSPECIFIED.);
#3680 = CARTESIAN_POINT('',(4.807752534411,14.0000024));
#3681 = CARTESIAN_POINT('',(4.80260531842,13.607950815323));
#3682 = CARTESIAN_POINT('',(4.796997994772,13.232287946191));
#3683 = CARTESIAN_POINT('',(4.790923264866,12.876808434417));
#3684 = CARTESIAN_POINT('',(4.784377647194,12.545743603078));
#3685 = CARTESIAN_POINT('',(4.777363167282,12.243856157706));
#3686 = CARTESIAN_POINT('',(4.765143207411,11.806806200048));
#3687 = CARTESIAN_POINT('',(4.760211714702,11.65099960957));
#3688 = CARTESIAN_POINT('',(4.755109028344,11.510941456785));
#3689 = CARTESIAN_POINT('',(4.749851828432,11.388247398545));
#3690 = CARTESIAN_POINT('',(4.744458789314,11.284328054131));
#3691 = CARTESIAN_POINT('',(4.734639713381,11.134694724597));
#3692 = CARTESIAN_POINT('',(4.730260483965,11.081268567159));
#3693 = CARTESIAN_POINT('',(4.725828887861,11.040754311663));
#3694 = CARTESIAN_POINT('',(4.721361645335,11.013589541588));
#3695 = CARTESIAN_POINT('',(4.716875852861,11.));
#3696 = CARTESIAN_POINT('',(4.705859387489,11.));
#3697 = CARTESIAN_POINT('',(4.699336827558,11.028779067303));
#3698 = CARTESIAN_POINT('',(4.692871257328,11.086220633967));
#3699 = CARTESIAN_POINT('',(4.686512079626,11.17134832078));
#3700 = CARTESIAN_POINT('',(4.680306441116,11.282344731836));
#3701 = CARTESIAN_POINT('',(4.662558670116,11.678762346788));
#3702 = CARTESIAN_POINT('',(4.651620561169,12.028462516704));
#3703 = CARTESIAN_POINT('',(4.641567281312,12.449544991042));
#3704 = CARTESIAN_POINT('',(4.632443513283,12.927425303857));
#3705 = CARTESIAN_POINT('',(4.624266240596,13.448486259687));
#3706 = CARTESIAN_POINT('',(4.617025426358,14.0000024));
#3707 = ( GEOMETRIC_REPRESENTATION_CONTEXT(2) 
PARAMETRIC_REPRESENTATION_CONTEXT() REPRESENTATION_CONTEXT('2D SPACE',''
  ) );
#3708 = PCURVE('',#3709,#3714);
#3709 = CYLINDRICAL_SURFACE('',#3710,10.);
#3710 = AXIS2_PLACEMENT_3D('',#3711,#3712,#3713);
#3711 = CARTESIAN_POINT('',(0.,0.,70.));
#3712 = DIRECTION('',(0.,1.,0.));
#3713 = DIRECTION('',(0.,-0.,1.));
#3714 = DEFINITIONAL_REPRESENTATION('',(#3715),#3743);
#3715 = B_SPLINE_CURVE_WITH_KNOTS('',6,(#3716,#3717,#3718,#3719,#3720,
    #3721,#3722,#3723,#3724,#3725,#3726,#3727,#3728,#3729,#3730,#3731,
    #3732,#3733,#3734,#3735,#3736,#3737,#3738,#3739,#3740,#3741,#3742),
  .UNSPECIFIED.,.F.,.F.,(7,5,5,5,5,7),(0.,0.234321890727,0.383115251253,
    0.499548148786,0.668988984163,1.),.UNSPECIFIED.);
#3716 = CARTESIAN_POINT('',(2.346193487341,255.3407744053));
#3717 = CARTESIAN_POINT('',(2.40109167185,255.30401591859));
#3718 = CARTESIAN_POINT('',(2.457239974951,255.26634517665));
#3719 = CARTESIAN_POINT('',(2.514707241405,255.22850774221));
#3720 = CARTESIAN_POINT('',(2.573579489494,255.1914175638));
#3721 = CARTESIAN_POINT('',(2.633957876879,255.15616499455));
#3722 = CARTESIAN_POINT('',(2.735358335472,255.10349528261));
#3723 = CARTESIAN_POINT('',(2.775403479149,255.08426363326));
#3724 = CARTESIAN_POINT('',(2.816047232587,255.06661565325));
#3725 = CARTESIAN_POINT('',(2.85723524179,255.05089909165));
#3726 = CARTESIAN_POINT('',(2.898921381135,255.03742697205));
#3727 = CARTESIAN_POINT('',(2.974043799741,255.01786874893));
#3728 = CARTESIAN_POINT('',(3.007287054373,255.0108175393));
#3729 = CARTESIAN_POINT('',(3.040725972114,255.00543412852));
#3730 = CARTESIAN_POINT('',(3.074297664582,255.00181181806));
#3731 = CARTESIAN_POINT('',(3.107941110019,255.));
#3732 = CARTESIAN_POINT('',(3.19056460031,255.));
#3733 = CARTESIAN_POINT('',(3.239483797526,255.00383718114));
#3734 = CARTESIAN_POINT('',(3.28818323318,255.01149618754));
#3735 = CARTESIAN_POINT('',(3.336497726866,255.02276487105));
#3736 = CARTESIAN_POINT('',(3.384250991095,255.03724188529));
#3737 = CARTESIAN_POINT('',(3.523044321876,255.08793257058));
#3738 = CARTESIAN_POINT('',(3.611548840724,255.13156706214));
#3739 = CARTESIAN_POINT('',(3.697073390601,255.18188663714));
#3740 = CARTESIAN_POINT('',(3.779785659282,255.23536399178));
#3741 = CARTESIAN_POINT('',(3.859764138551,255.28906463162));
#3742 = CARTESIAN_POINT('',(3.936991819841,255.3407744053));
#3743 = ( GEOMETRIC_REPRESENTATION_CONTEXT(2) 
PARAMETRIC_REPRESENTATION_CONTEXT() REPRESENTATION_CONTEXT('2D SPACE',''
  ) );
#3744 = ORIENTED_EDGE('',*,*,#3745,.F.);
#3745 = EDGE_CURVE('',#3589,#3646,#3746,.T.);
#3746 = SURFACE_CURVE('',#3747,(#3752,#3759),.PCURVE_S1.);
#3747 = CIRCLE('',#3748,75.);
#3748 = AXIS2_PLACEMENT_3D('',#3749,#3750,#3751);
#3749 = CARTESIAN_POINT('',(0.,330.,63.));
#3750 = DIRECTION('',(0.,0.,1.));
#3751 = DIRECTION('',(1.,0.,-0.));
#3752 = PCURVE('',#3597,#3753);
#3753 = DEFINITIONAL_REPRESENTATION('',(#3754),#3758);
#3754 = LINE('',#3755,#3756);
#3755 = CARTESIAN_POINT('',(0.,14.));
#3756 = VECTOR('',#3757,1.);
#3757 = DIRECTION('',(1.,0.));
#3758 = ( GEOMETRIC_REPRESENTATION_CONTEXT(2) 
PARAMETRIC_REPRESENTATION_CONTEXT() REPRESENTATION_CONTEXT('2D SPACE',''
  ) );
#3759 = PCURVE('',#3633,#3760);
#3760 = DEFINITIONAL_REPRESENTATION('',(#3761),#3765);
#3761 = CIRCLE('',#3762,75.);
#3762 = AXIS2_PLACEMENT_2D('',#3763,#3764);
#3763 = CARTESIAN_POINT('',(0.,0.));
#3764 = DIRECTION('',(1.,0.));
#3765 = ( GEOMETRIC_REPRESENTATION_CONTEXT(2) 
PARAMETRIC_REPRESENTATION_CONTEXT() REPRESENTATION_CONTEXT('2D SPACE',''
  ) );
#3766 = ORIENTED_EDGE('',*,*,#3586,.F.);
#3767 = ORIENTED_EDGE('',*,*,#3768,.T.);
#3768 = EDGE_CURVE('',#3587,#3587,#3769,.T.);
#3769 = SURFACE_CURVE('',#3770,(#3775,#3782),.PCURVE_S1.);
#3770 = CIRCLE('',#3771,75.);
#3771 = AXIS2_PLACEMENT_3D('',#3772,#3773,#3774);
#3772 = CARTESIAN_POINT('',(0.,330.,49.));
#3773 = DIRECTION('',(0.,0.,1.));
#3774 = DIRECTION('',(1.,0.,-0.));
#3775 = PCURVE('',#3597,#3776);
#3776 = DEFINITIONAL_REPRESENTATION('',(#3777),#3781);
#3777 = LINE('',#3778,#3779);
#3778 = CARTESIAN_POINT('',(0.,0.));
#3779 = VECTOR('',#3780,1.);
#3780 = DIRECTION('',(1.,0.));
#3781 = ( GEOMETRIC_REPRESENTATION_CONTEXT(2) 
PARAMETRIC_REPRESENTATION_CONTEXT() REPRESENTATION_CONTEXT('2D SPACE',''
  ) );
#3782 = PCURVE('',#3783,#3788);
#3783 = PLANE('',#3784);
#3784 = AXIS2_PLACEMENT_3D('',#3785,#3786,#3787);
#3785 = CARTESIAN_POINT('',(0.,330.,49.));
#3786 = DIRECTION('',(0.,0.,1.));
#3787 = DIRECTION('',(1.,0.,-0.));
#3788 = DEFINITIONAL_REPRESENTATION('',(#3789),#3793);
#3789 = CIRCLE('',#3790,75.);
#3790 = AXIS2_PLACEMENT_2D('',#3791,#3792);
#3791 = CARTESIAN_POINT('',(0.,0.));
#3792 = DIRECTION('',(1.,0.));
#3793 = ( GEOMETRIC_REPRESENTATION_CONTEXT(2) 
PARAMETRIC_REPRESENTATION_CONTEXT() REPRESENTATION_CONTEXT('2D SPACE',''
  ) );
#3794 = ADVANCED_FACE('',(#3795),#3783,.F.);
#3795 = FACE_BOUND('',#3796,.T.);
#3796 = EDGE_LOOP('',(#3797));
#3797 = ORIENTED_EDGE('',*,*,#3768,.F.);
#3798 = ADVANCED_FACE('',(#3799),#3633,.T.);
#3799 = FACE_BOUND('',#3800,.T.);
#3800 = EDGE_LOOP('',(#3801,#3802,#3803,#3824,#3850));
#3801 = ORIENTED_EDGE('',*,*,#3616,.T.);
#3802 = ORIENTED_EDGE('',*,*,#3745,.T.);
#3803 = ORIENTED_EDGE('',*,*,#3804,.T.);
#3804 = EDGE_CURVE('',#3646,#3805,#3807,.T.);
#3805 = VERTEX_POINT('',#3806);
#3806 = CARTESIAN_POINT('',(-7.141428428543,330.,63.));
#3807 = SURFACE_CURVE('',#3808,(#3812,#3818),.PCURVE_S1.);
#3808 = LINE('',#3809,#3810);
#3809 = CARTESIAN_POINT('',(-7.141428428543,0.,63.));
#3810 = VECTOR('',#3811,1.);
#3811 = DIRECTION('',(0.,1.,0.));
#3812 = PCURVE('',#3633,#3813);
#3813 = DEFINITIONAL_REPRESENTATION('',(#3814),#3817);
#3814 = B_SPLINE_CURVE_WITH_KNOTS('',1,(#3815,#3816),.UNSPECIFIED.,.F.,
  .F.,(2,2),(240.,330.0000024),.PIECEWISE_BEZIER_KNOTS.);
#3815 = CARTESIAN_POINT('',(-7.141428428543,-90.));
#3816 = CARTESIAN_POINT('',(-7.141428428543,2.400000028047E-06));
#3817 = ( GEOMETRIC_REPRESENTATION_CONTEXT(2) 
PARAMETRIC_REPRESENTATION_CONTEXT() REPRESENTATION_CONTEXT('2D SPACE',''
  ) );
#3818 = PCURVE('',#3709,#3819);
#3819 = DEFINITIONAL_REPRESENTATION('',(#3820),#3823);
#3820 = B_SPLINE_CURVE_WITH_KNOTS('',1,(#3821,#3822),.UNSPECIFIED.,.F.,
  .F.,(2,2),(240.,330.0000024),.PIECEWISE_BEZIER_KNOTS.);
#3821 = CARTESIAN_POINT('',(3.936991483774,240.));
#3822 = CARTESIAN_POINT('',(3.936991483774,330.0000024));
#3823 = ( GEOMETRIC_REPRESENTATION_CONTEXT(2) 
PARAMETRIC_REPRESENTATION_CONTEXT() REPRESENTATION_CONTEXT('2D SPACE',''
  ) );
#3824 = ORIENTED_EDGE('',*,*,#3825,.F.);
#3825 = EDGE_CURVE('',#3826,#3805,#3828,.T.);
#3826 = VERTEX_POINT('',#3827);
#3827 = CARTESIAN_POINT('',(7.141428428543,330.,63.));
#3828 = SURFACE_CURVE('',#3829,(#3833,#3839),.PCURVE_S1.);
#3829 = LINE('',#3830,#3831);
#3830 = CARTESIAN_POINT('',(0.,330.,63.));
#3831 = VECTOR('',#3832,1.);
#3832 = DIRECTION('',(-1.,0.,0.));
#3833 = PCURVE('',#3633,#3834);
#3834 = DEFINITIONAL_REPRESENTATION('',(#3835),#3838);
#3835 = B_SPLINE_CURVE_WITH_KNOTS('',1,(#3836,#3837),.UNSPECIFIED.,.F.,
  .F.,(2,2),(-10.,10.),.PIECEWISE_BEZIER_KNOTS.);
#3836 = CARTESIAN_POINT('',(10.,0.));
#3837 = CARTESIAN_POINT('',(-10.,0.));
#3838 = ( GEOMETRIC_REPRESENTATION_CONTEXT(2) 
PARAMETRIC_REPRESENTATION_CONTEXT() REPRESENTATION_CONTEXT('2D SPACE',''
  ) );
#3839 = PCURVE('',#3840,#3845);
#3840 = PLANE('',#3841);
#3841 = AXIS2_PLACEMENT_3D('',#3842,#3843,#3844);
#3842 = CARTESIAN_POINT('',(0.,330.,70.));
#3843 = DIRECTION('',(0.,1.,0.));
#3844 = DIRECTION('',(0.,-0.,1.));
#3845 = DEFINITIONAL_REPRESENTATION('',(#3846),#3849);
#3846 = B_SPLINE_CURVE_WITH_KNOTS('',1,(#3847,#3848),.UNSPECIFIED.,.F.,
  .F.,(2,2),(-10.,10.),.PIECEWISE_BEZIER_KNOTS.);
#3847 = CARTESIAN_POINT('',(-7.,10.));
#3848 = CARTESIAN_POINT('',(-7.,-10.));
#3849 = ( GEOMETRIC_REPRESENTATION_CONTEXT(2) 
PARAMETRIC_REPRESENTATION_CONTEXT() REPRESENTATION_CONTEXT('2D SPACE',''
  ) );
#3850 = ORIENTED_EDGE('',*,*,#3851,.F.);
#3851 = EDGE_CURVE('',#3617,#3826,#3852,.T.);
#3852 = SURFACE_CURVE('',#3853,(#3857,#3863),.PCURVE_S1.);
#3853 = LINE('',#3854,#3855);
#3854 = CARTESIAN_POINT('',(7.141428428543,0.,63.));
#3855 = VECTOR('',#3856,1.);
#3856 = DIRECTION('',(0.,1.,0.));
#3857 = PCURVE('',#3633,#3858);
#3858 = DEFINITIONAL_REPRESENTATION('',(#3859),#3862);
#3859 = B_SPLINE_CURVE_WITH_KNOTS('',1,(#3860,#3861),.UNSPECIFIED.,.F.,
  .F.,(2,2),(240.,330.0000024),.PIECEWISE_BEZIER_KNOTS.);
#3860 = CARTESIAN_POINT('',(7.141428428543,-90.));
#3861 = CARTESIAN_POINT('',(7.141428428543,2.400000028047E-06));
#3862 = ( GEOMETRIC_REPRESENTATION_CONTEXT(2) 
PARAMETRIC_REPRESENTATION_CONTEXT() REPRESENTATION_CONTEXT('2D SPACE',''
  ) );
#3863 = PCURVE('',#3709,#3864);
#3864 = DEFINITIONAL_REPRESENTATION('',(#3865),#3868);
#3865 = B_SPLINE_CURVE_WITH_KNOTS('',1,(#3866,#3867),.UNSPECIFIED.,.F.,
  .F.,(2,2),(240.,330.0000024),.PIECEWISE_BEZIER_KNOTS.);
#3866 = CARTESIAN_POINT('',(2.346193823406,240.));
#3867 = CARTESIAN_POINT('',(2.346193823406,330.0000024));
#3868 = ( GEOMETRIC_REPRESENTATION_CONTEXT(2) 
PARAMETRIC_REPRESENTATION_CONTEXT() REPRESENTATION_CONTEXT('2D SPACE',''
  ) );
#3869 = ADVANCED_FACE('',(#3870),#3709,.T.);
#3870 = FACE_BOUND('',#3871,.T.);
#3871 = EDGE_LOOP('',(#3872,#3896,#3922,#3977,#4000,#4027,#4028,#4078,
    #4099,#4121,#4122,#4123));
#3872 = ORIENTED_EDGE('',*,*,#3873,.F.);
#3873 = EDGE_CURVE('',#3874,#3826,#3876,.T.);
#3874 = VERTEX_POINT('',#3875);
#3875 = CARTESIAN_POINT('',(7.141428428543,330.,77.));
#3876 = SURFACE_CURVE('',#3877,(#3882,#3889),.PCURVE_S1.);
#3877 = CIRCLE('',#3878,10.);
#3878 = AXIS2_PLACEMENT_3D('',#3879,#3880,#3881);
#3879 = CARTESIAN_POINT('',(0.,330.,70.));
#3880 = DIRECTION('',(0.,1.,0.));
#3881 = DIRECTION('',(0.,-0.,1.));
#3882 = PCURVE('',#3709,#3883);
#3883 = DEFINITIONAL_REPRESENTATION('',(#3884),#3888);
#3884 = LINE('',#3885,#3886);
#3885 = CARTESIAN_POINT('',(0.,330.));
#3886 = VECTOR('',#3887,1.);
#3887 = DIRECTION('',(1.,0.));
#3888 = ( GEOMETRIC_REPRESENTATION_CONTEXT(2) 
PARAMETRIC_REPRESENTATION_CONTEXT() REPRESENTATION_CONTEXT('2D SPACE',''
  ) );
#3889 = PCURVE('',#3840,#3890);
#3890 = DEFINITIONAL_REPRESENTATION('',(#3891),#3895);
#3891 = CIRCLE('',#3892,10.);
#3892 = AXIS2_PLACEMENT_2D('',#3893,#3894);
#3893 = CARTESIAN_POINT('',(0.,0.));
#3894 = DIRECTION('',(1.,0.));
#3895 = ( GEOMETRIC_REPRESENTATION_CONTEXT(2) 
PARAMETRIC_REPRESENTATION_CONTEXT() REPRESENTATION_CONTEXT('2D SPACE',''
  ) );
#3896 = ORIENTED_EDGE('',*,*,#3897,.F.);
#3897 = EDGE_CURVE('',#3898,#3874,#3900,.T.);
#3898 = VERTEX_POINT('',#3899);
#3899 = CARTESIAN_POINT('',(7.141428428543,255.34077418028,77.));
#3900 = SURFACE_CURVE('',#3901,(#3905,#3911),.PCURVE_S1.);
#3901 = LINE('',#3902,#3903);
#3902 = CARTESIAN_POINT('',(7.141428428543,0.,77.));
#3903 = VECTOR('',#3904,1.);
#3904 = DIRECTION('',(0.,1.,0.));
#3905 = PCURVE('',#3709,#3906);
#3906 = DEFINITIONAL_REPRESENTATION('',(#3907),#3910);
#3907 = B_SPLINE_CURVE_WITH_KNOTS('',1,(#3908,#3909),.UNSPECIFIED.,.F.,
  .F.,(2,2),(240.,330.0000024),.PIECEWISE_BEZIER_KNOTS.);
#3908 = CARTESIAN_POINT('',(0.795398830184,240.));
#3909 = CARTESIAN_POINT('',(0.795398830184,330.0000024));
#3910 = ( GEOMETRIC_REPRESENTATION_CONTEXT(2) 
PARAMETRIC_REPRESENTATION_CONTEXT() REPRESENTATION_CONTEXT('2D SPACE',''
  ) );
#3911 = PCURVE('',#3912,#3917);
#3912 = PLANE('',#3913);
#3913 = AXIS2_PLACEMENT_3D('',#3914,#3915,#3916);
#3914 = CARTESIAN_POINT('',(0.,330.,77.));
#3915 = DIRECTION('',(0.,0.,1.));
#3916 = DIRECTION('',(1.,0.,-0.));
#3917 = DEFINITIONAL_REPRESENTATION('',(#3918),#3921);
#3918 = B_SPLINE_CURVE_WITH_KNOTS('',1,(#3919,#3920),.UNSPECIFIED.,.F.,
  .F.,(2,2),(240.,330.0000024),.PIECEWISE_BEZIER_KNOTS.);
#3919 = CARTESIAN_POINT('',(7.141428428543,-90.));
#3920 = CARTESIAN_POINT('',(7.141428428543,2.400000028047E-06));
#3921 = ( GEOMETRIC_REPRESENTATION_CONTEXT(2) 
PARAMETRIC_REPRESENTATION_CONTEXT() REPRESENTATION_CONTEXT('2D SPACE',''
  ) );
#3922 = ORIENTED_EDGE('',*,*,#3923,.F.);
#3923 = EDGE_CURVE('',#3924,#3898,#3926,.T.);
#3924 = VERTEX_POINT('',#3925);
#3925 = CARTESIAN_POINT('',(-2.449293598295E-15,255.,80.));
#3926 = SURFACE_CURVE('',#3927,(#3940,#3956),.PCURVE_S1.);
#3927 = B_SPLINE_CURVE_WITH_KNOTS('',6,(#3928,#3929,#3930,#3931,#3932,
    #3933,#3934,#3935,#3936,#3937,#3938,#3939),.UNSPECIFIED.,.F.,.F.,(7,
    5,7),(0.,0.530368541323,1.),.UNSPECIFIED.);
#3928 = CARTESIAN_POINT('',(-8.113285044351E-15,255.,80.));
#3929 = CARTESIAN_POINT('',(0.768123142057,255.,80.));
#3930 = CARTESIAN_POINT('',(1.532175502859,255.00943958082,
    79.929198436749));
#3931 = CARTESIAN_POINT('',(2.279678019436,255.02813540943,
    79.789002092115));
#3932 = CARTESIAN_POINT('',(2.998534247117,255.05487355871,
    79.584716600253));
#3933 = CARTESIAN_POINT('',(3.678140462087,255.08757094455,
    79.325332955857));
#3934 = CARTESIAN_POINT('',(4.869759815301,255.15616489125,
    78.756144699494));
#3935 = CARTESIAN_POINT('',(5.394687218477,255.19141741497,
    78.454257690751));
#3936 = CARTESIAN_POINT('',(5.884230579205,255.22850763887,
    78.123192565948));
#3937 = CARTESIAN_POINT('',(6.33827834933,255.26634518705,
    77.767712061572));
#3938 = CARTESIAN_POINT('',(6.757144509529,255.30401600355,
    77.392048279086));
#3939 = CARTESIAN_POINT('',(7.141430782112,255.3407744054,
    76.999997599439));
#3940 = PCURVE('',#3709,#3941);
#3941 = DEFINITIONAL_REPRESENTATION('',(#3942),#3955);
#3942 = B_SPLINE_CURVE_WITH_KNOTS('',6,(#3943,#3944,#3945,#3946,#3947,
    #3948,#3949,#3950,#3951,#3952,#3953,#3954),.UNSPECIFIED.,.F.,.F.,(7,
    5,7),(0.,0.530368541323,1.),.UNSPECIFIED.);
#3943 = CARTESIAN_POINT('',(0.,255.));
#3944 = CARTESIAN_POINT('',(7.681231420568E-02,255.));
#3945 = CARTESIAN_POINT('',(0.153217520402,255.00943958082));
#3946 = CARTESIAN_POINT('',(0.228783704549,255.02813540943));
#3947 = CARTESIAN_POINT('',(0.303072833242,255.05487355871));
#3948 = CARTESIAN_POINT('',(0.375576562014,255.08757094455));
#3949 = CARTESIAN_POINT('',(0.50763457783,255.15616489125));
#3950 = CARTESIAN_POINT('',(0.568012925627,255.19141741497));
#3951 = CARTESIAN_POINT('',(0.626885266449,255.22850763887));
#3952 = CARTESIAN_POINT('',(0.684352693647,255.26634518705));
#3953 = CARTESIAN_POINT('',(0.740501108637,255.30401600355));
#3954 = CARTESIAN_POINT('',(0.795399166408,255.3407744054));
#3955 = ( GEOMETRIC_REPRESENTATION_CONTEXT(2) 
PARAMETRIC_REPRESENTATION_CONTEXT() REPRESENTATION_CONTEXT('2D SPACE',''
  ) );
#3956 = PCURVE('',#3957,#3962);
#3957 = CYLINDRICAL_SURFACE('',#3958,75.);
#3958 = AXIS2_PLACEMENT_3D('',#3959,#3960,#3961);
#3959 = CARTESIAN_POINT('',(0.,330.,77.));
#3960 = DIRECTION('',(0.,0.,1.));
#3961 = DIRECTION('',(1.,0.,-0.));
#3962 = DEFINITIONAL_REPRESENTATION('',(#3963),#3976);
#3963 = B_SPLINE_CURVE_WITH_KNOTS('',6,(#3964,#3965,#3966,#3967,#3968,
    #3969,#3970,#3971,#3972,#3973,#3974,#3975),.UNSPECIFIED.,.F.,.F.,(7,
    5,7),(0.,0.530368541323,1.),.UNSPECIFIED.);
#3964 = CARTESIAN_POINT('',(4.712388980385,3.));
#3965 = CARTESIAN_POINT('',(4.722630622279,3.));
#3966 = CARTESIAN_POINT('',(4.732817988578,2.929198436749));
#3967 = CARTESIAN_POINT('',(4.7427866146,2.789002092115));
#3968 = CARTESIAN_POINT('',(4.752377087199,2.584716600253));
#3969 = CARTESIAN_POINT('',(4.761448583594,2.325332955857));
#3970 = CARTESIAN_POINT('',(4.777363143315,1.756144699494));
#3971 = CARTESIAN_POINT('',(4.784377620135,1.454257689824));
#3972 = CARTESIAN_POINT('',(4.790923250231,1.123192568297));
#3973 = CARTESIAN_POINT('',(4.796997997765,0.767712059317));
#3974 = CARTESIAN_POINT('',(4.802605330319,0.392048279647));
#3975 = CARTESIAN_POINT('',(4.807752534426,-2.4E-06));
#3976 = ( GEOMETRIC_REPRESENTATION_CONTEXT(2) 
PARAMETRIC_REPRESENTATION_CONTEXT() REPRESENTATION_CONTEXT('2D SPACE',''
  ) );
#3977 = ORIENTED_EDGE('',*,*,#3978,.F.);
#3978 = EDGE_CURVE('',#3979,#3924,#3981,.T.);
#3979 = VERTEX_POINT('',#3980);
#3980 = CARTESIAN_POINT('',(-2.449293598295E-15,0.,80.));
#3981 = SEAM_CURVE('',#3982,(#3986,#3993),.PCURVE_S1.);
#3982 = LINE('',#3983,#3984);
#3983 = CARTESIAN_POINT('',(-2.449293598295E-15,0.,80.));
#3984 = VECTOR('',#3985,1.);
#3985 = DIRECTION('',(0.,1.,0.));
#3986 = PCURVE('',#3709,#3987);
#3987 = DEFINITIONAL_REPRESENTATION('',(#3988),#3992);
#3988 = LINE('',#3989,#3990);
#3989 = CARTESIAN_POINT('',(6.28318530718,-0.));
#3990 = VECTOR('',#3991,1.);
#3991 = DIRECTION('',(0.,1.));
#3992 = ( GEOMETRIC_REPRESENTATION_CONTEXT(2) 
PARAMETRIC_REPRESENTATION_CONTEXT() REPRESENTATION_CONTEXT('2D SPACE',''
  ) );
#3993 = PCURVE('',#3709,#3994);
#3994 = DEFINITIONAL_REPRESENTATION('',(#3995),#3999);
#3995 = LINE('',#3996,#3997);
#3996 = CARTESIAN_POINT('',(0.,-0.));
#3997 = VECTOR('',#3998,1.);
#3998 = DIRECTION('',(0.,1.));
#3999 = ( GEOMETRIC_REPRESENTATION_CONTEXT(2) 
PARAMETRIC_REPRESENTATION_CONTEXT() REPRESENTATION_CONTEXT('2D SPACE',''
  ) );
#4000 = ORIENTED_EDGE('',*,*,#4001,.T.);
#4001 = EDGE_CURVE('',#3979,#3979,#4002,.T.);
#4002 = SURFACE_CURVE('',#4003,(#4008,#4015),.PCURVE_S1.);
#4003 = CIRCLE('',#4004,10.);
#4004 = AXIS2_PLACEMENT_3D('',#4005,#4006,#4007);
#4005 = CARTESIAN_POINT('',(0.,0.,70.));
#4006 = DIRECTION('',(0.,1.,0.));
#4007 = DIRECTION('',(0.,-0.,1.));
#4008 = PCURVE('',#3709,#4009);
#4009 = DEFINITIONAL_REPRESENTATION('',(#4010),#4014);
#4010 = LINE('',#4011,#4012);
#4011 = CARTESIAN_POINT('',(0.,0.));
#4012 = VECTOR('',#4013,1.);
#4013 = DIRECTION('',(1.,0.));
#4014 = ( GEOMETRIC_REPRESENTATION_CONTEXT(2) 
PARAMETRIC_REPRESENTATION_CONTEXT() REPRESENTATION_CONTEXT('2D SPACE',''
  ) );
#4015 = PCURVE('',#4016,#4021);
#4016 = PLANE('',#4017);
#4017 = AXIS2_PLACEMENT_3D('',#4018,#4019,#4020);
#4018 = CARTESIAN_POINT('',(0.,0.,70.));
#4019 = DIRECTION('',(0.,1.,0.));
#4020 = DIRECTION('',(0.,-0.,1.));
#4021 = DEFINITIONAL_REPRESENTATION('',(#4022),#4026);
#4022 = CIRCLE('',#4023,10.);
#4023 = AXIS2_PLACEMENT_2D('',#4024,#4025);
#4024 = CARTESIAN_POINT('',(0.,0.));
#4025 = DIRECTION('',(1.,0.));
#4026 = ( GEOMETRIC_REPRESENTATION_CONTEXT(2) 
PARAMETRIC_REPRESENTATION_CONTEXT() REPRESENTATION_CONTEXT('2D SPACE',''
  ) );
#4027 = ORIENTED_EDGE('',*,*,#3978,.T.);
#4028 = ORIENTED_EDGE('',*,*,#4029,.F.);
#4029 = EDGE_CURVE('',#4030,#3924,#4032,.T.);
#4030 = VERTEX_POINT('',#4031);
#4031 = CARTESIAN_POINT('',(-7.141428428543,255.34077418028,77.));
#4032 = SURFACE_CURVE('',#4033,(#4046,#4062),.PCURVE_S1.);
#4033 = B_SPLINE_CURVE_WITH_KNOTS('',6,(#4034,#4035,#4036,#4037,#4038,
    #4039,#4040,#4041,#4042,#4043,#4044,#4045),.UNSPECIFIED.,.F.,.F.,(7,
    5,7),(0.,0.46963202569,1.),.UNSPECIFIED.);
#4034 = CARTESIAN_POINT('',(-7.141430780996,255.3407744053,
    76.999997600009));
#4035 = CARTESIAN_POINT('',(-6.75714276695,255.30401583688,
    77.392050056179));
#4036 = CARTESIAN_POINT('',(-6.3382768394,255.26634506436,
    77.767713135611));
#4037 = CARTESIAN_POINT('',(-5.884230360901,255.2285076406,
    78.123192475333));
#4038 = CARTESIAN_POINT('',(-5.394688230233,255.19141749616,
    78.454256975777));
#4039 = CARTESIAN_POINT('',(-4.869761089255,255.15616496458,
    78.756144090978));
#4040 = CARTESIAN_POINT('',(-3.678140462086,255.08757094455,
    79.325332955857));
#4041 = CARTESIAN_POINT('',(-2.99853424712,255.05487355871,
    79.584716600251));
#4042 = CARTESIAN_POINT('',(-2.279678019435,255.02813540943,
    79.789002092116));
#4043 = CARTESIAN_POINT('',(-1.532175502859,255.00943958082,
    79.929198436748));
#4044 = CARTESIAN_POINT('',(-0.768123142058,255.,80.));
#4045 = CARTESIAN_POINT('',(-7.993605777301E-15,255.,80.));
#4046 = PCURVE('',#3709,#4047);
#4047 = DEFINITIONAL_REPRESENTATION('',(#4048),#4061);
#4048 = B_SPLINE_CURVE_WITH_KNOTS('',6,(#4049,#4050,#4051,#4052,#4053,
    #4054,#4055,#4056,#4057,#4058,#4059,#4060),.UNSPECIFIED.,.F.,.F.,(7,
    5,7),(0.,0.46963202569,1.),.UNSPECIFIED.);
#4049 = CARTESIAN_POINT('',(5.487786140931,255.3407744053));
#4050 = CARTESIAN_POINT('',(5.542684447474,255.30401583688));
#4051 = CARTESIAN_POINT('',(5.598832795768,255.26634506436));
#4052 = CARTESIAN_POINT('',(5.656300053737,255.2285076406));
#4053 = CARTESIAN_POINT('',(5.715172259385,255.19141749616));
#4054 = CARTESIAN_POINT('',(5.775550588167,255.15616496458));
#4055 = CARTESIAN_POINT('',(5.907608745166,255.08757094455));
#4056 = CARTESIAN_POINT('',(5.980112473937,255.05487355871));
#4057 = CARTESIAN_POINT('',(6.054401602631,255.02813540943));
#4058 = CARTESIAN_POINT('',(6.129967786777,255.00943958082));
#4059 = CARTESIAN_POINT('',(6.206372992974,255.));
#4060 = CARTESIAN_POINT('',(6.28318530718,255.));
#4061 = ( GEOMETRIC_REPRESENTATION_CONTEXT(2) 
PARAMETRIC_REPRESENTATION_CONTEXT() REPRESENTATION_CONTEXT('2D SPACE',''
  ) );
#4062 = PCURVE('',#3957,#4063);
#4063 = DEFINITIONAL_REPRESENTATION('',(#4064),#4077);
#4064 = B_SPLINE_CURVE_WITH_KNOTS('',6,(#4065,#4066,#4067,#4068,#4069,
    #4070,#4071,#4072,#4073,#4074,#4075,#4076),.UNSPECIFIED.,.F.,.F.,(7,
    5,7),(0.,0.46963202569,1.),.UNSPECIFIED.);
#4065 = CARTESIAN_POINT('',(4.617025426359,-2.4E-06));
#4066 = CARTESIAN_POINT('',(4.622172653791,0.39205005617));
#4067 = CARTESIAN_POINT('',(4.627779983201,0.767713135647));
#4068 = CARTESIAN_POINT('',(4.633854713437,1.123192475295));
#4069 = CARTESIAN_POINT('',(4.640400327104,1.454256975792));
#4070 = CARTESIAN_POINT('',(4.64741480044,1.756144090978));
#4071 = CARTESIAN_POINT('',(4.663329377175,2.325332955857));
#4072 = CARTESIAN_POINT('',(4.67240087357,2.584716600251));
#4073 = CARTESIAN_POINT('',(4.681991346169,2.789002092116));
#4074 = CARTESIAN_POINT('',(4.691959972192,2.929198436748));
#4075 = CARTESIAN_POINT('',(4.702147338491,3.));
#4076 = CARTESIAN_POINT('',(4.712388980385,3.));
#4077 = ( GEOMETRIC_REPRESENTATION_CONTEXT(2) 
PARAMETRIC_REPRESENTATION_CONTEXT() REPRESENTATION_CONTEXT('2D SPACE',''
  ) );
#4078 = ORIENTED_EDGE('',*,*,#4079,.T.);
#4079 = EDGE_CURVE('',#4030,#4080,#4082,.T.);
#4080 = VERTEX_POINT('',#4081);
#4081 = CARTESIAN_POINT('',(-7.141428428543,330.,77.));
#4082 = SURFACE_CURVE('',#4083,(#4087,#4093),.PCURVE_S1.);
#4083 = LINE('',#4084,#4085);
#4084 = CARTESIAN_POINT('',(-7.141428428543,0.,77.));
#4085 = VECTOR('',#4086,1.);
#4086 = DIRECTION('',(0.,1.,0.));
#4087 = PCURVE('',#3709,#4088);
#4088 = DEFINITIONAL_REPRESENTATION('',(#4089),#4092);
#4089 = B_SPLINE_CURVE_WITH_KNOTS('',1,(#4090,#4091),.UNSPECIFIED.,.F.,
  .F.,(2,2),(240.,330.0000024),.PIECEWISE_BEZIER_KNOTS.);
#4090 = CARTESIAN_POINT('',(5.487786476995,240.));
#4091 = CARTESIAN_POINT('',(5.487786476995,330.0000024));
#4092 = ( GEOMETRIC_REPRESENTATION_CONTEXT(2) 
PARAMETRIC_REPRESENTATION_CONTEXT() REPRESENTATION_CONTEXT('2D SPACE',''
  ) );
#4093 = PCURVE('',#3912,#4094);
#4094 = DEFINITIONAL_REPRESENTATION('',(#4095),#4098);
#4095 = B_SPLINE_CURVE_WITH_KNOTS('',1,(#4096,#4097),.UNSPECIFIED.,.F.,
  .F.,(2,2),(240.,330.0000024),.PIECEWISE_BEZIER_KNOTS.);
#4096 = CARTESIAN_POINT('',(-7.141428428543,-90.));
#4097 = CARTESIAN_POINT('',(-7.141428428543,2.400000028047E-06));
#4098 = ( GEOMETRIC_REPRESENTATION_CONTEXT(2) 
PARAMETRIC_REPRESENTATION_CONTEXT() REPRESENTATION_CONTEXT('2D SPACE',''
  ) );
#4099 = ORIENTED_EDGE('',*,*,#4100,.F.);
#4100 = EDGE_CURVE('',#3805,#4080,#4101,.T.);
#4101 = SURFACE_CURVE('',#4102,(#4107,#4114),.PCURVE_S1.);
#4102 = CIRCLE('',#4103,10.);
#4103 = AXIS2_PLACEMENT_3D('',#4104,#4105,#4106);
#4104 = CARTESIAN_POINT('',(0.,330.,70.));
#4105 = DIRECTION('',(0.,1.,0.));
#4106 = DIRECTION('',(0.,-0.,1.));
#4107 = PCURVE('',#3709,#4108);
#4108 = DEFINITIONAL_REPRESENTATION('',(#4109),#4113);
#4109 = LINE('',#4110,#4111);
#4110 = CARTESIAN_POINT('',(0.,330.));
#4111 = VECTOR('',#4112,1.);
#4112 = DIRECTION('',(1.,0.));
#4113 = ( GEOMETRIC_REPRESENTATION_CONTEXT(2) 
PARAMETRIC_REPRESENTATION_CONTEXT() REPRESENTATION_CONTEXT('2D SPACE',''
  ) );
#4114 = PCURVE('',#3840,#4115);
#4115 = DEFINITIONAL_REPRESENTATION('',(#4116),#4120);
#4116 = CIRCLE('',#4117,10.);
#4117 = AXIS2_PLACEMENT_2D('',#4118,#4119);
#4118 = CARTESIAN_POINT('',(0.,0.));
#4119 = DIRECTION('',(1.,0.));
#4120 = ( GEOMETRIC_REPRESENTATION_CONTEXT(2) 
PARAMETRIC_REPRESENTATION_CONTEXT() REPRESENTATION_CONTEXT('2D SPACE',''
  ) );
#4121 = ORIENTED_EDGE('',*,*,#3804,.F.);
#4122 = ORIENTED_EDGE('',*,*,#3645,.F.);
#4123 = ORIENTED_EDGE('',*,*,#3851,.T.);
#4124 = ADVANCED_FACE('',(#4125),#3840,.T.);
#4125 = FACE_BOUND('',#4126,.T.);
#4126 = EDGE_LOOP('',(#4127,#4146,#4147,#4148));
#4127 = ORIENTED_EDGE('',*,*,#4128,.F.);
#4128 = EDGE_CURVE('',#3874,#4080,#4129,.T.);
#4129 = SURFACE_CURVE('',#4130,(#4134,#4140),.PCURVE_S1.);
#4130 = LINE('',#4131,#4132);
#4131 = CARTESIAN_POINT('',(0.,330.,77.));
#4132 = VECTOR('',#4133,1.);
#4133 = DIRECTION('',(-1.,0.,0.));
#4134 = PCURVE('',#3840,#4135);
#4135 = DEFINITIONAL_REPRESENTATION('',(#4136),#4139);
#4136 = B_SPLINE_CURVE_WITH_KNOTS('',1,(#4137,#4138),.UNSPECIFIED.,.F.,
  .F.,(2,2),(-10.,10.),.PIECEWISE_BEZIER_KNOTS.);
#4137 = CARTESIAN_POINT('',(7.,10.));
#4138 = CARTESIAN_POINT('',(7.,-10.));
#4139 = ( GEOMETRIC_REPRESENTATION_CONTEXT(2) 
PARAMETRIC_REPRESENTATION_CONTEXT() REPRESENTATION_CONTEXT('2D SPACE',''
  ) );
#4140 = PCURVE('',#3912,#4141);
#4141 = DEFINITIONAL_REPRESENTATION('',(#4142),#4145);
#4142 = B_SPLINE_CURVE_WITH_KNOTS('',1,(#4143,#4144),.UNSPECIFIED.,.F.,
  .F.,(2,2),(-10.,10.),.PIECEWISE_BEZIER_KNOTS.);
#4143 = CARTESIAN_POINT('',(10.,0.));
#4144 = CARTESIAN_POINT('',(-10.,0.));
#4145 = ( GEOMETRIC_REPRESENTATION_CONTEXT(2) 
PARAMETRIC_REPRESENTATION_CONTEXT() REPRESENTATION_CONTEXT('2D SPACE',''
  ) );
#4146 = ORIENTED_EDGE('',*,*,#3873,.T.);
#4147 = ORIENTED_EDGE('',*,*,#3825,.T.);
#4148 = ORIENTED_EDGE('',*,*,#4100,.T.);
#4149 = ADVANCED_FACE('',(#4150),#3912,.F.);
#4150 = FACE_BOUND('',#4151,.F.);
#4151 = EDGE_LOOP('',(#4152,#4176,#4198,#4199,#4200));
#4152 = ORIENTED_EDGE('',*,*,#4153,.T.);
#4153 = EDGE_CURVE('',#3898,#4154,#4156,.T.);
#4154 = VERTEX_POINT('',#4155);
#4155 = CARTESIAN_POINT('',(75.,330.,77.));
#4156 = SURFACE_CURVE('',#4157,(#4162,#4169),.PCURVE_S1.);
#4157 = CIRCLE('',#4158,75.);
#4158 = AXIS2_PLACEMENT_3D('',#4159,#4160,#4161);
#4159 = CARTESIAN_POINT('',(0.,330.,77.));
#4160 = DIRECTION('',(0.,0.,1.));
#4161 = DIRECTION('',(1.,0.,-0.));
#4162 = PCURVE('',#3912,#4163);
#4163 = DEFINITIONAL_REPRESENTATION('',(#4164),#4168);
#4164 = CIRCLE('',#4165,75.);
#4165 = AXIS2_PLACEMENT_2D('',#4166,#4167);
#4166 = CARTESIAN_POINT('',(0.,0.));
#4167 = DIRECTION('',(1.,0.));
#4168 = ( GEOMETRIC_REPRESENTATION_CONTEXT(2) 
PARAMETRIC_REPRESENTATION_CONTEXT() REPRESENTATION_CONTEXT('2D SPACE',''
  ) );
#4169 = PCURVE('',#3957,#4170);
#4170 = DEFINITIONAL_REPRESENTATION('',(#4171),#4175);
#4171 = LINE('',#4172,#4173);
#4172 = CARTESIAN_POINT('',(0.,0.));
#4173 = VECTOR('',#4174,1.);
#4174 = DIRECTION('',(1.,0.));
#4175 = ( GEOMETRIC_REPRESENTATION_CONTEXT(2) 
PARAMETRIC_REPRESENTATION_CONTEXT() REPRESENTATION_CONTEXT('2D SPACE',''
  ) );
#4176 = ORIENTED_EDGE('',*,*,#4177,.T.);
#4177 = EDGE_CURVE('',#4154,#4030,#4178,.T.);
#4178 = SURFACE_CURVE('',#4179,(#4184,#4191),.PCURVE_S1.);
#4179 = CIRCLE('',#4180,75.);
#4180 = AXIS2_PLACEMENT_3D('',#4181,#4182,#4183);
#4181 = CARTESIAN_POINT('',(0.,330.,77.));
#4182 = DIRECTION('',(0.,0.,1.));
#4183 = DIRECTION('',(1.,0.,-0.));
#4184 = PCURVE('',#3912,#4185);
#4185 = DEFINITIONAL_REPRESENTATION('',(#4186),#4190);
#4186 = CIRCLE('',#4187,75.);
#4187 = AXIS2_PLACEMENT_2D('',#4188,#4189);
#4188 = CARTESIAN_POINT('',(0.,0.));
#4189 = DIRECTION('',(1.,0.));
#4190 = ( GEOMETRIC_REPRESENTATION_CONTEXT(2) 
PARAMETRIC_REPRESENTATION_CONTEXT() REPRESENTATION_CONTEXT('2D SPACE',''
  ) );
#4191 = PCURVE('',#3957,#4192);
#4192 = DEFINITIONAL_REPRESENTATION('',(#4193),#4197);
#4193 = LINE('',#4194,#4195);
#4194 = CARTESIAN_POINT('',(0.,0.));
#4195 = VECTOR('',#4196,1.);
#4196 = DIRECTION('',(1.,0.));
#4197 = ( GEOMETRIC_REPRESENTATION_CONTEXT(2) 
PARAMETRIC_REPRESENTATION_CONTEXT() REPRESENTATION_CONTEXT('2D SPACE',''
  ) );
#4198 = ORIENTED_EDGE('',*,*,#4079,.T.);
#4199 = ORIENTED_EDGE('',*,*,#4128,.F.);
#4200 = ORIENTED_EDGE('',*,*,#3897,.F.);
#4201 = ADVANCED_FACE('',(#4202),#3957,.T.);
#4202 = FACE_BOUND('',#4203,.T.);
#4203 = EDGE_LOOP('',(#4204,#4227,#4254,#4255,#4256,#4257,#4258));
#4204 = ORIENTED_EDGE('',*,*,#4205,.T.);
#4205 = EDGE_CURVE('',#4154,#4206,#4208,.T.);
#4206 = VERTEX_POINT('',#4207);
#4207 = CARTESIAN_POINT('',(75.,330.,91.));
#4208 = SEAM_CURVE('',#4209,(#4213,#4220),.PCURVE_S1.);
#4209 = LINE('',#4210,#4211);
#4210 = CARTESIAN_POINT('',(75.,330.,77.));
#4211 = VECTOR('',#4212,1.);
#4212 = DIRECTION('',(0.,0.,1.));
#4213 = PCURVE('',#3957,#4214);
#4214 = DEFINITIONAL_REPRESENTATION('',(#4215),#4219);
#4215 = LINE('',#4216,#4217);
#4216 = CARTESIAN_POINT('',(6.28318530718,-0.));
#4217 = VECTOR('',#4218,1.);
#4218 = DIRECTION('',(0.,1.));
#4219 = ( GEOMETRIC_REPRESENTATION_CONTEXT(2) 
PARAMETRIC_REPRESENTATION_CONTEXT() REPRESENTATION_CONTEXT('2D SPACE',''
  ) );
#4220 = PCURVE('',#3957,#4221);
#4221 = DEFINITIONAL_REPRESENTATION('',(#4222),#4226);
#4222 = LINE('',#4223,#4224);
#4223 = CARTESIAN_POINT('',(0.,-0.));
#4224 = VECTOR('',#4225,1.);
#4225 = DIRECTION('',(0.,1.));
#4226 = ( GEOMETRIC_REPRESENTATION_CONTEXT(2) 
PARAMETRIC_REPRESENTATION_CONTEXT() REPRESENTATION_CONTEXT('2D SPACE',''
  ) );
#4227 = ORIENTED_EDGE('',*,*,#4228,.F.);
#4228 = EDGE_CURVE('',#4206,#4206,#4229,.T.);
#4229 = SURFACE_CURVE('',#4230,(#4235,#4242),.PCURVE_S1.);
#4230 = CIRCLE('',#4231,75.);
#4231 = AXIS2_PLACEMENT_3D('',#4232,#4233,#4234);
#4232 = CARTESIAN_POINT('',(0.,330.,91.));
#4233 = DIRECTION('',(0.,0.,1.));
#4234 = DIRECTION('',(1.,0.,-0.));
#4235 = PCURVE('',#3957,#4236);
#4236 = DEFINITIONAL_REPRESENTATION('',(#4237),#4241);
#4237 = LINE('',#4238,#4239);
#4238 = CARTESIAN_POINT('',(0.,14.));
#4239 = VECTOR('',#4240,1.);
#4240 = DIRECTION('',(1.,0.));
#4241 = ( GEOMETRIC_REPRESENTATION_CONTEXT(2) 
PARAMETRIC_REPRESENTATION_CONTEXT() REPRESENTATION_CONTEXT('2D SPACE',''
  ) );
#4242 = PCURVE('',#4243,#4248);
#4243 = PLANE('',#4244);
#4244 = AXIS2_PLACEMENT_3D('',#4245,#4246,#4247);
#4245 = CARTESIAN_POINT('',(0.,330.,91.));
#4246 = DIRECTION('',(0.,0.,1.));
#4247 = DIRECTION('',(1.,0.,-0.));
#4248 = DEFINITIONAL_REPRESENTATION('',(#4249),#4253);
#4249 = CIRCLE('',#4250,75.);
#4250 = AXIS2_PLACEMENT_2D('',#4251,#4252);
#4251 = CARTESIAN_POINT('',(0.,0.));
#4252 = DIRECTION('',(1.,0.));
#4253 = ( GEOMETRIC_REPRESENTATION_CONTEXT(2) 
PARAMETRIC_REPRESENTATION_CONTEXT() REPRESENTATION_CONTEXT('2D SPACE',''
  ) );
#4254 = ORIENTED_EDGE('',*,*,#4205,.F.);
#4255 = ORIENTED_EDGE('',*,*,#4177,.T.);
#4256 = ORIENTED_EDGE('',*,*,#4029,.T.);
#4257 = ORIENTED_EDGE('',*,*,#3923,.T.);
#4258 = ORIENTED_EDGE('',*,*,#4153,.T.);
#4259 = ADVANCED_FACE('',(#4260),#4016,.F.);
#4260 = FACE_BOUND('',#4261,.T.);
#4261 = EDGE_LOOP('',(#4262));
#4262 = ORIENTED_EDGE('',*,*,#4001,.F.);
#4263 = ADVANCED_FACE('',(#4264),#4243,.T.);
#4264 = FACE_BOUND('',#4265,.T.);
#4265 = EDGE_LOOP('',(#4266));
#4266 = ORIENTED_EDGE('',*,*,#4228,.T.);
#4267 = MANIFOLD_SOLID_BREP('',#4268);
#4268 = CLOSED_SHELL('',(#4269,#4357,#4361));
#4269 = ADVANCED_FACE('',(#4270),#4283,.T.);
#4270 = FACE_BOUND('',#4271,.T.);
#4271 = EDGE_LOOP('',(#4272,#4306,#4329,#4356));
#4272 = ORIENTED_EDGE('',*,*,#4273,.F.);
#4273 = EDGE_CURVE('',#4274,#4274,#4276,.T.);
#4274 = VERTEX_POINT('',#4275);
#4275 = CARTESIAN_POINT('',(75.,330.,7.));
#4276 = SURFACE_CURVE('',#4277,(#4282,#4294),.PCURVE_S1.);
#4277 = CIRCLE('',#4278,75.);
#4278 = AXIS2_PLACEMENT_3D('',#4279,#4280,#4281);
#4279 = CARTESIAN_POINT('',(0.,330.,7.));
#4280 = DIRECTION('',(0.,0.,1.));
#4281 = DIRECTION('',(1.,0.,-0.));
#4282 = PCURVE('',#4283,#4288);
#4283 = CYLINDRICAL_SURFACE('',#4284,75.);
#4284 = AXIS2_PLACEMENT_3D('',#4285,#4286,#4287);
#4285 = CARTESIAN_POINT('',(0.,330.,-7.));
#4286 = DIRECTION('',(0.,0.,1.));
#4287 = DIRECTION('',(1.,0.,-0.));
#4288 = DEFINITIONAL_REPRESENTATION('',(#4289),#4293);
#4289 = LINE('',#4290,#4291);
#4290 = CARTESIAN_POINT('',(0.,14.));
#4291 = VECTOR('',#4292,1.);
#4292 = DIRECTION('',(1.,0.));
#4293 = ( GEOMETRIC_REPRESENTATION_CONTEXT(2) 
PARAMETRIC_REPRESENTATION_CONTEXT() REPRESENTATION_CONTEXT('2D SPACE',''
  ) );
#4294 = PCURVE('',#4295,#4300);
#4295 = PLANE('',#4296);
#4296 = AXIS2_PLACEMENT_3D('',#4297,#4298,#4299);
#4297 = CARTESIAN_POINT('',(0.,330.,7.));
#4298 = DIRECTION('',(0.,0.,1.));
#4299 = DIRECTION('',(1.,0.,-0.));
#4300 = DEFINITIONAL_REPRESENTATION('',(#4301),#4305);
#4301 = CIRCLE('',#4302,75.);
#4302 = AXIS2_PLACEMENT_2D('',#4303,#4304);
#4303 = CARTESIAN_POINT('',(0.,0.));
#4304 = DIRECTION('',(1.,0.));
#4305 = ( GEOMETRIC_REPRESENTATION_CONTEXT(2) 
PARAMETRIC_REPRESENTATION_CONTEXT() REPRESENTATION_CONTEXT('2D SPACE',''
  ) );
#4306 = ORIENTED_EDGE('',*,*,#4307,.F.);
#4307 = EDGE_CURVE('',#4308,#4274,#4310,.T.);
#4308 = VERTEX_POINT('',#4309);
#4309 = CARTESIAN_POINT('',(75.,330.,-7.));
#4310 = SEAM_CURVE('',#4311,(#4315,#4322),.PCURVE_S1.);
#4311 = LINE('',#4312,#4313);
#4312 = CARTESIAN_POINT('',(75.,330.,-7.));
#4313 = VECTOR('',#4314,1.);
#4314 = DIRECTION('',(0.,0.,1.));
#4315 = PCURVE('',#4283,#4316);
#4316 = DEFINITIONAL_REPRESENTATION('',(#4317),#4321);
#4317 = LINE('',#4318,#4319);
#4318 = CARTESIAN_POINT('',(6.28318530718,-0.));
#4319 = VECTOR('',#4320,1.);
#4320 = DIRECTION('',(0.,1.));
#4321 = ( GEOMETRIC_REPRESENTATION_CONTEXT(2) 
PARAMETRIC_REPRESENTATION_CONTEXT() REPRESENTATION_CONTEXT('2D SPACE',''
  ) );
#4322 = PCURVE('',#4283,#4323);
#4323 = DEFINITIONAL_REPRESENTATION('',(#4324),#4328);
#4324 = LINE('',#4325,#4326);
#4325 = CARTESIAN_POINT('',(0.,-0.));
#4326 = VECTOR('',#4327,1.);
#4327 = DIRECTION('',(0.,1.));
#4328 = ( GEOMETRIC_REPRESENTATION_CONTEXT(2) 
PARAMETRIC_REPRESENTATION_CONTEXT() REPRESENTATION_CONTEXT('2D SPACE',''
  ) );
#4329 = ORIENTED_EDGE('',*,*,#4330,.T.);
#4330 = EDGE_CURVE('',#4308,#4308,#4331,.T.);
#4331 = SURFACE_CURVE('',#4332,(#4337,#4344),.PCURVE_S1.);
#4332 = CIRCLE('',#4333,75.);
#4333 = AXIS2_PLACEMENT_3D('',#4334,#4335,#4336);
#4334 = CARTESIAN_POINT('',(0.,330.,-7.));
#4335 = DIRECTION('',(0.,0.,1.));
#4336 = DIRECTION('',(1.,0.,-0.));
#4337 = PCURVE('',#4283,#4338);
#4338 = DEFINITIONAL_REPRESENTATION('',(#4339),#4343);
#4339 = LINE('',#4340,#4341);
#4340 = CARTESIAN_POINT('',(0.,0.));
#4341 = VECTOR('',#4342,1.);
#4342 = DIRECTION('',(1.,0.));
#4343 = ( GEOMETRIC_REPRESENTATION_CONTEXT(2) 
PARAMETRIC_REPRESENTATION_CONTEXT() REPRESENTATION_CONTEXT('2D SPACE',''
  ) );
#4344 = PCURVE('',#4345,#4350);
#4345 = PLANE('',#4346);
#4346 = AXIS2_PLACEMENT_3D('',#4347,#4348,#4349);
#4347 = CARTESIAN_POINT('',(0.,330.,-7.));
#4348 = DIRECTION('',(0.,0.,1.));
#4349 = DIRECTION('',(1.,0.,-0.));
#4350 = DEFINITIONAL_REPRESENTATION('',(#4351),#4355);
#4351 = CIRCLE('',#4352,75.);
#4352 = AXIS2_PLACEMENT_2D('',#4353,#4354);
#4353 = CARTESIAN_POINT('',(0.,0.));
#4354 = DIRECTION('',(1.,0.));
#4355 = ( GEOMETRIC_REPRESENTATION_CONTEXT(2) 
PARAMETRIC_REPRESENTATION_CONTEXT() REPRESENTATION_CONTEXT('2D SPACE',''
  ) );
#4356 = ORIENTED_EDGE('',*,*,#4307,.T.);
#4357 = ADVANCED_FACE('',(#4358),#4295,.T.);
#4358 = FACE_BOUND('',#4359,.T.);
#4359 = EDGE_LOOP('',(#4360));
#4360 = ORIENTED_EDGE('',*,*,#4273,.T.);
#4361 = ADVANCED_FACE('',(#4362),#4345,.F.);
#4362 = FACE_BOUND('',#4363,.T.);
#4363 = EDGE_LOOP('',(#4364));
#4364 = ORIENTED_EDGE('',*,*,#4330,.F.);
#4365 = MANIFOLD_SOLID_BREP('',#4366);
#4366 = CLOSED_SHELL('',(#4367,#4455,#4459));
#4367 = ADVANCED_FACE('',(#4368),#4381,.T.);
#4368 = FACE_BOUND('',#4369,.T.);
#4369 = EDGE_LOOP('',(#4370,#4404,#4427,#4454));
#4370 = ORIENTED_EDGE('',*,*,#4371,.F.);
#4371 = EDGE_CURVE('',#4372,#4372,#4374,.T.);
#4372 = VERTEX_POINT('',#4373);
#4373 = CARTESIAN_POINT('',(75.,330.,35.));
#4374 = SURFACE_CURVE('',#4375,(#4380,#4392),.PCURVE_S1.);
#4375 = CIRCLE('',#4376,75.);
#4376 = AXIS2_PLACEMENT_3D('',#4377,#4378,#4379);
#4377 = CARTESIAN_POINT('',(0.,330.,35.));
#4378 = DIRECTION('',(0.,0.,1.));
#4379 = DIRECTION('',(1.,0.,-0.));
#4380 = PCURVE('',#4381,#4386);
#4381 = CYLINDRICAL_SURFACE('',#4382,75.);
#4382 = AXIS2_PLACEMENT_3D('',#4383,#4384,#4385);
#4383 = CARTESIAN_POINT('',(0.,330.,21.));
#4384 = DIRECTION('',(0.,0.,1.));
#4385 = DIRECTION('',(1.,0.,-0.));
#4386 = DEFINITIONAL_REPRESENTATION('',(#4387),#4391);
#4387 = LINE('',#4388,#4389);
#4388 = CARTESIAN_POINT('',(0.,14.));
#4389 = VECTOR('',#4390,1.);
#4390 = DIRECTION('',(1.,0.));
#4391 = ( GEOMETRIC_REPRESENTATION_CONTEXT(2) 
PARAMETRIC_REPRESENTATION_CONTEXT() REPRESENTATION_CONTEXT('2D SPACE',''
  ) );
#4392 = PCURVE('',#4393,#4398);
#4393 = PLANE('',#4394);
#4394 = AXIS2_PLACEMENT_3D('',#4395,#4396,#4397);
#4395 = CARTESIAN_POINT('',(0.,330.,35.));
#4396 = DIRECTION('',(0.,0.,1.));
#4397 = DIRECTION('',(1.,0.,-0.));
#4398 = DEFINITIONAL_REPRESENTATION('',(#4399),#4403);
#4399 = CIRCLE('',#4400,75.);
#4400 = AXIS2_PLACEMENT_2D('',#4401,#4402);
#4401 = CARTESIAN_POINT('',(0.,0.));
#4402 = DIRECTION('',(1.,0.));
#4403 = ( GEOMETRIC_REPRESENTATION_CONTEXT(2) 
PARAMETRIC_REPRESENTATION_CONTEXT() REPRESENTATION_CONTEXT('2D SPACE',''
  ) );
#4404 = ORIENTED_EDGE('',*,*,#4405,.F.);
#4405 = EDGE_CURVE('',#4406,#4372,#4408,.T.);
#4406 = VERTEX_POINT('',#4407);
#4407 = CARTESIAN_POINT('',(75.,330.,21.));
#4408 = SEAM_CURVE('',#4409,(#4413,#4420),.PCURVE_S1.);
#4409 = LINE('',#4410,#4411);
#4410 = CARTESIAN_POINT('',(75.,330.,21.));
#4411 = VECTOR('',#4412,1.);
#4412 = DIRECTION('',(0.,0.,1.));
#4413 = PCURVE('',#4381,#4414);
#4414 = DEFINITIONAL_REPRESENTATION('',(#4415),#4419);
#4415 = LINE('',#4416,#4417);
#4416 = CARTESIAN_POINT('',(6.28318530718,-0.));
#4417 = VECTOR('',#4418,1.);
#4418 = DIRECTION('',(0.,1.));
#4419 = ( GEOMETRIC_REPRESENTATION_CONTEXT(2) 
PARAMETRIC_REPRESENTATION_CONTEXT() REPRESENTATION_CONTEXT('2D SPACE',''
  ) );
#4420 = PCURVE('',#4381,#4421);
#4421 = DEFINITIONAL_REPRESENTATION('',(#4422),#4426);
#4422 = LINE('',#4423,#4424);
#4423 = CARTESIAN_POINT('',(0.,-0.));
#4424 = VECTOR('',#4425,1.);
#4425 = DIRECTION('',(0.,1.));
#4426 = ( GEOMETRIC_REPRESENTATION_CONTEXT(2) 
PARAMETRIC_REPRESENTATION_CONTEXT() REPRESENTATION_CONTEXT('2D SPACE',''
  ) );
#4427 = ORIENTED_EDGE('',*,*,#4428,.T.);
#4428 = EDGE_CURVE('',#4406,#4406,#4429,.T.);
#4429 = SURFACE_CURVE('',#4430,(#4435,#4442),.PCURVE_S1.);
#4430 = CIRCLE('',#4431,75.);
#4431 = AXIS2_PLACEMENT_3D('',#4432,#4433,#4434);
#4432 = CARTESIAN_POINT('',(0.,330.,21.));
#4433 = DIRECTION('',(0.,0.,1.));
#4434 = DIRECTION('',(1.,0.,-0.));
#4435 = PCURVE('',#4381,#4436);
#4436 = DEFINITIONAL_REPRESENTATION('',(#4437),#4441);
#4437 = LINE('',#4438,#4439);
#4438 = CARTESIAN_POINT('',(0.,0.));
#4439 = VECTOR('',#4440,1.);
#4440 = DIRECTION('',(1.,0.));
#4441 = ( GEOMETRIC_REPRESENTATION_CONTEXT(2) 
PARAMETRIC_REPRESENTATION_CONTEXT() REPRESENTATION_CONTEXT('2D SPACE',''
  ) );
#4442 = PCURVE('',#4443,#4448);
#4443 = PLANE('',#4444);
#4444 = AXIS2_PLACEMENT_3D('',#4445,#4446,#4447);
#4445 = CARTESIAN_POINT('',(0.,330.,21.));
#4446 = DIRECTION('',(0.,0.,1.));
#4447 = DIRECTION('',(1.,0.,-0.));
#4448 = DEFINITIONAL_REPRESENTATION('',(#4449),#4453);
#4449 = CIRCLE('',#4450,75.);
#4450 = AXIS2_PLACEMENT_2D('',#4451,#4452);
#4451 = CARTESIAN_POINT('',(0.,0.));
#4452 = DIRECTION('',(1.,0.));
#4453 = ( GEOMETRIC_REPRESENTATION_CONTEXT(2) 
PARAMETRIC_REPRESENTATION_CONTEXT() REPRESENTATION_CONTEXT('2D SPACE',''
  ) );
#4454 = ORIENTED_EDGE('',*,*,#4405,.T.);
#4455 = ADVANCED_FACE('',(#4456),#4393,.T.);
#4456 = FACE_BOUND('',#4457,.T.);
#4457 = EDGE_LOOP('',(#4458));
#4458 = ORIENTED_EDGE('',*,*,#4371,.T.);
#4459 = ADVANCED_FACE('',(#4460),#4443,.F.);
#4460 = FACE_BOUND('',#4461,.T.);
#4461 = EDGE_LOOP('',(#4462));
#4462 = ORIENTED_EDGE('',*,*,#4428,.F.);
#4463 = MANIFOLD_SOLID_BREP('',#4464);
#4464 = CLOSED_SHELL('',(#4465,#4553,#4557));
#4465 = ADVANCED_FACE('',(#4466),#4479,.T.);
#4466 = FACE_BOUND('',#4467,.T.);
#4467 = EDGE_LOOP('',(#4468,#4502,#4525,#4552));
#4468 = ORIENTED_EDGE('',*,*,#4469,.F.);
#4469 = EDGE_CURVE('',#4470,#4470,#4472,.T.);
#4470 = VERTEX_POINT('',#4471);
#4471 = CARTESIAN_POINT('',(75.,330.,119.));
#4472 = SURFACE_CURVE('',#4473,(#4478,#4490),.PCURVE_S1.);
#4473 = CIRCLE('',#4474,75.);
#4474 = AXIS2_PLACEMENT_3D('',#4475,#4476,#4477);
#4475 = CARTESIAN_POINT('',(0.,330.,119.));
#4476 = DIRECTION('',(0.,0.,1.));
#4477 = DIRECTION('',(1.,0.,-0.));
#4478 = PCURVE('',#4479,#4484);
#4479 = CYLINDRICAL_SURFACE('',#4480,75.);
#4480 = AXIS2_PLACEMENT_3D('',#4481,#4482,#4483);
#4481 = CARTESIAN_POINT('',(0.,330.,105.));
#4482 = DIRECTION('',(0.,0.,1.));
#4483 = DIRECTION('',(1.,0.,-0.));
#4484 = DEFINITIONAL_REPRESENTATION('',(#4485),#4489);
#4485 = LINE('',#4486,#4487);
#4486 = CARTESIAN_POINT('',(0.,14.));
#4487 = VECTOR('',#4488,1.);
#4488 = DIRECTION('',(1.,0.));
#4489 = ( GEOMETRIC_REPRESENTATION_CONTEXT(2) 
PARAMETRIC_REPRESENTATION_CONTEXT() REPRESENTATION_CONTEXT('2D SPACE',''
  ) );
#4490 = PCURVE('',#4491,#4496);
#4491 = PLANE('',#4492);
#4492 = AXIS2_PLACEMENT_3D('',#4493,#4494,#4495);
#4493 = CARTESIAN_POINT('',(0.,330.,119.));
#4494 = DIRECTION('',(0.,0.,1.));
#4495 = DIRECTION('',(1.,0.,-0.));
#4496 = DEFINITIONAL_REPRESENTATION('',(#4497),#4501);
#4497 = CIRCLE('',#4498,75.);
#4498 = AXIS2_PLACEMENT_2D('',#4499,#4500);
#4499 = CARTESIAN_POINT('',(0.,0.));
#4500 = DIRECTION('',(1.,0.));
#4501 = ( GEOMETRIC_REPRESENTATION_CONTEXT(2) 
PARAMETRIC_REPRESENTATION_CONTEXT() REPRESENTATION_CONTEXT('2D SPACE',''
  ) );
#4502 = ORIENTED_EDGE('',*,*,#4503,.F.);
#4503 = EDGE_CURVE('',#4504,#4470,#4506,.T.);
#4504 = VERTEX_POINT('',#4505);
#4505 = CARTESIAN_POINT('',(75.,330.,105.));
#4506 = SEAM_CURVE('',#4507,(#4511,#4518),.PCURVE_S1.);
#4507 = LINE('',#4508,#4509);
#4508 = CARTESIAN_POINT('',(75.,330.,105.));
#4509 = VECTOR('',#4510,1.);
#4510 = DIRECTION('',(0.,0.,1.));
#4511 = PCURVE('',#4479,#4512);
#4512 = DEFINITIONAL_REPRESENTATION('',(#4513),#4517);
#4513 = LINE('',#4514,#4515);
#4514 = CARTESIAN_POINT('',(6.28318530718,-0.));
#4515 = VECTOR('',#4516,1.);
#4516 = DIRECTION('',(0.,1.));
#4517 = ( GEOMETRIC_REPRESENTATION_CONTEXT(2) 
PARAMETRIC_REPRESENTATION_CONTEXT() REPRESENTATION_CONTEXT('2D SPACE',''
  ) );
#4518 = PCURVE('',#4479,#4519);
#4519 = DEFINITIONAL_REPRESENTATION('',(#4520),#4524);
#4520 = LINE('',#4521,#4522);
#4521 = CARTESIAN_POINT('',(0.,-0.));
#4522 = VECTOR('',#4523,1.);
#4523 = DIRECTION('',(0.,1.));
#4524 = ( GEOMETRIC_REPRESENTATION_CONTEXT(2) 
PARAMETRIC_REPRESENTATION_CONTEXT() REPRESENTATION_CONTEXT('2D SPACE',''
  ) );
#4525 = ORIENTED_EDGE('',*,*,#4526,.T.);
#4526 = EDGE_CURVE('',#4504,#4504,#4527,.T.);
#4527 = SURFACE_CURVE('',#4528,(#4533,#4540),.PCURVE_S1.);
#4528 = CIRCLE('',#4529,75.);
#4529 = AXIS2_PLACEMENT_3D('',#4530,#4531,#4532);
#4530 = CARTESIAN_POINT('',(0.,330.,105.));
#4531 = DIRECTION('',(0.,0.,1.));
#4532 = DIRECTION('',(1.,0.,-0.));
#4533 = PCURVE('',#4479,#4534);
#4534 = DEFINITIONAL_REPRESENTATION('',(#4535),#4539);
#4535 = LINE('',#4536,#4537);
#4536 = CARTESIAN_POINT('',(0.,0.));
#4537 = VECTOR('',#4538,1.);
#4538 = DIRECTION('',(1.,0.));
#4539 = ( GEOMETRIC_REPRESENTATION_CONTEXT(2) 
PARAMETRIC_REPRESENTATION_CONTEXT() REPRESENTATION_CONTEXT('2D SPACE',''
  ) );
#4540 = PCURVE('',#4541,#4546);
#4541 = PLANE('',#4542);
#4542 = AXIS2_PLACEMENT_3D('',#4543,#4544,#4545);
#4543 = CARTESIAN_POINT('',(0.,330.,105.));
#4544 = DIRECTION('',(0.,0.,1.));
#4545 = DIRECTION('',(1.,0.,-0.));
#4546 = DEFINITIONAL_REPRESENTATION('',(#4547),#4551);
#4547 = CIRCLE('',#4548,75.);
#4548 = AXIS2_PLACEMENT_2D('',#4549,#4550);
#4549 = CARTESIAN_POINT('',(0.,0.));
#4550 = DIRECTION('',(1.,0.));
#4551 = ( GEOMETRIC_REPRESENTATION_CONTEXT(2) 
PARAMETRIC_REPRESENTATION_CONTEXT() REPRESENTATION_CONTEXT('2D SPACE',''
  ) );
#4552 = ORIENTED_EDGE('',*,*,#4503,.T.);
#4553 = ADVANCED_FACE('',(#4554),#4491,.T.);
#4554 = FACE_BOUND('',#4555,.T.);
#4555 = EDGE_LOOP('',(#4556));
#4556 = ORIENTED_EDGE('',*,*,#4469,.T.);
#4557 = ADVANCED_FACE('',(#4558),#4541,.F.);
#4558 = FACE_BOUND('',#4559,.T.);
#4559 = EDGE_LOOP('',(#4560));
#4560 = ORIENTED_EDGE('',*,*,#4526,.F.);
#4561 = MANIFOLD_SOLID_BREP('',#4562);
#4562 = CLOSED_SHELL('',(#4563,#4651,#4655));
#4563 = ADVANCED_FACE('',(#4564),#4577,.T.);
#4564 = FACE_BOUND('',#4565,.T.);
#4565 = EDGE_LOOP('',(#4566,#4600,#4623,#4650));
#4566 = ORIENTED_EDGE('',*,*,#4567,.F.);
#4567 = EDGE_CURVE('',#4568,#4568,#4570,.T.);
#4568 = VERTEX_POINT('',#4569);
#4569 = CARTESIAN_POINT('',(75.,330.,147.));
#4570 = SURFACE_CURVE('',#4571,(#4576,#4588),.PCURVE_S1.);
#4571 = CIRCLE('',#4572,75.);
#4572 = AXIS2_PLACEMENT_3D('',#4573,#4574,#4575);
#4573 = CARTESIAN_POINT('',(0.,330.,147.));
#4574 = DIRECTION('',(0.,0.,1.));
#4575 = DIRECTION('',(1.,0.,-0.));
#4576 = PCURVE('',#4577,#4582);
#4577 = CYLINDRICAL_SURFACE('',#4578,75.);
#4578 = AXIS2_PLACEMENT_3D('',#4579,#4580,#4581);
#4579 = CARTESIAN_POINT('',(0.,330.,133.));
#4580 = DIRECTION('',(0.,0.,1.));
#4581 = DIRECTION('',(1.,0.,-0.));
#4582 = DEFINITIONAL_REPRESENTATION('',(#4583),#4587);
#4583 = LINE('',#4584,#4585);
#4584 = CARTESIAN_POINT('',(0.,14.));
#4585 = VECTOR('',#4586,1.);
#4586 = DIRECTION('',(1.,0.));
#4587 = ( GEOMETRIC_REPRESENTATION_CONTEXT(2) 
PARAMETRIC_REPRESENTATION_CONTEXT() REPRESENTATION_CONTEXT('2D SPACE',''
  ) );
#4588 = PCURVE('',#4589,#4594);
#4589 = PLANE('',#4590);
#4590 = AXIS2_PLACEMENT_3D('',#4591,#4592,#4593);
#4591 = CARTESIAN_POINT('',(0.,330.,147.));
#4592 = DIRECTION('',(0.,0.,1.));
#4593 = DIRECTION('',(1.,0.,-0.));
#4594 = DEFINITIONAL_REPRESENTATION('',(#4595),#4599);
#4595 = CIRCLE('',#4596,75.);
#4596 = AXIS2_PLACEMENT_2D('',#4597,#4598);
#4597 = CARTESIAN_POINT('',(0.,0.));
#4598 = DIRECTION('',(1.,0.));
#4599 = ( GEOMETRIC_REPRESENTATION_CONTEXT(2) 
PARAMETRIC_REPRESENTATION_CONTEXT() REPRESENTATION_CONTEXT('2D SPACE',''
  ) );
#4600 = ORIENTED_EDGE('',*,*,#4601,.F.);
#4601 = EDGE_CURVE('',#4602,#4568,#4604,.T.);
#4602 = VERTEX_POINT('',#4603);
#4603 = CARTESIAN_POINT('',(75.,330.,133.));
#4604 = SEAM_CURVE('',#4605,(#4609,#4616),.PCURVE_S1.);
#4605 = LINE('',#4606,#4607);
#4606 = CARTESIAN_POINT('',(75.,330.,133.));
#4607 = VECTOR('',#4608,1.);
#4608 = DIRECTION('',(0.,0.,1.));
#4609 = PCURVE('',#4577,#4610);
#4610 = DEFINITIONAL_REPRESENTATION('',(#4611),#4615);
#4611 = LINE('',#4612,#4613);
#4612 = CARTESIAN_POINT('',(6.28318530718,-0.));
#4613 = VECTOR('',#4614,1.);
#4614 = DIRECTION('',(0.,1.));
#4615 = ( GEOMETRIC_REPRESENTATION_CONTEXT(2) 
PARAMETRIC_REPRESENTATION_CONTEXT() REPRESENTATION_CONTEXT('2D SPACE',''
  ) );
#4616 = PCURVE('',#4577,#4617);
#4617 = DEFINITIONAL_REPRESENTATION('',(#4618),#4622);
#4618 = LINE('',#4619,#4620);
#4619 = CARTESIAN_POINT('',(0.,-0.));
#4620 = VECTOR('',#4621,1.);
#4621 = DIRECTION('',(0.,1.));
#4622 = ( GEOMETRIC_REPRESENTATION_CONTEXT(2) 
PARAMETRIC_REPRESENTATION_CONTEXT() REPRESENTATION_CONTEXT('2D SPACE',''
  ) );
#4623 = ORIENTED_EDGE('',*,*,#4624,.T.);
#4624 = EDGE_CURVE('',#4602,#4602,#4625,.T.);
#4625 = SURFACE_CURVE('',#4626,(#4631,#4638),.PCURVE_S1.);
#4626 = CIRCLE('',#4627,75.);
#4627 = AXIS2_PLACEMENT_3D('',#4628,#4629,#4630);
#4628 = CARTESIAN_POINT('',(0.,330.,133.));
#4629 = DIRECTION('',(0.,0.,1.));
#4630 = DIRECTION('',(1.,0.,-0.));
#4631 = PCURVE('',#4577,#4632);
#4632 = DEFINITIONAL_REPRESENTATION('',(#4633),#4637);
#4633 = LINE('',#4634,#4635);
#4634 = CARTESIAN_POINT('',(0.,0.));
#4635 = VECTOR('',#4636,1.);
#4636 = DIRECTION('',(1.,0.));
#4637 = ( GEOMETRIC_REPRESENTATION_CONTEXT(2) 
PARAMETRIC_REPRESENTATION_CONTEXT() REPRESENTATION_CONTEXT('2D SPACE',''
  ) );
#4638 = PCURVE('',#4639,#4644);
#4639 = PLANE('',#4640);
#4640 = AXIS2_PLACEMENT_3D('',#4641,#4642,#4643);
#4641 = CARTESIAN_POINT('',(0.,330.,133.));
#4642 = DIRECTION('',(0.,0.,1.));
#4643 = DIRECTION('',(1.,0.,-0.));
#4644 = DEFINITIONAL_REPRESENTATION('',(#4645),#4649);
#4645 = CIRCLE('',#4646,75.);
#4646 = AXIS2_PLACEMENT_2D('',#4647,#4648);
#4647 = CARTESIAN_POINT('',(0.,0.));
#4648 = DIRECTION('',(1.,0.));
#4649 = ( GEOMETRIC_REPRESENTATION_CONTEXT(2) 
PARAMETRIC_REPRESENTATION_CONTEXT() REPRESENTATION_CONTEXT('2D SPACE',''
  ) );
#4650 = ORIENTED_EDGE('',*,*,#4601,.T.);
#4651 = ADVANCED_FACE('',(#4652),#4589,.T.);
#4652 = FACE_BOUND('',#4653,.T.);
#4653 = EDGE_LOOP('',(#4654));
#4654 = ORIENTED_EDGE('',*,*,#4567,.T.);
#4655 = ADVANCED_FACE('',(#4656),#4639,.F.);
#4656 = FACE_BOUND('',#4657,.T.);
#4657 = EDGE_LOOP('',(#4658));
#4658 = ORIENTED_EDGE('',*,*,#4624,.F.);
#4659 = ( GEOMETRIC_REPRESENTATION_CONTEXT(3) 
GLOBAL_UNCERTAINTY_ASSIGNED_CONTEXT((#4663)) 
GLOBAL_UNIT_ASSIGNED_CONTEXT((#4660,#4661,#4662)) REPRESENTATION_CONTEXT
('Context #1','3D Context with UNIT and UNCERTAINTY') );
#4660 = ( LENGTH_UNIT() NAMED_UNIT(*) SI_UNIT(.MILLI.,.METRE.) );
#4661 = ( NAMED_UNIT(*) PLANE_ANGLE_UNIT() SI_UNIT($,.RADIAN.) );
#4662 = ( NAMED_UNIT(*) SI_UNIT($,.STERADIAN.) SOLID_ANGLE_UNIT() );
#4663 = UNCERTAINTY_MEASURE_WITH_UNIT(LENGTH_MEASURE(2.E-07),#4660,
  'distance_accuracy_value','confusion accuracy');
#4664 = CONTEXT_DEPENDENT_SHAPE_REPRESENTATION(#4665,#4667);
#4665 = ( REPRESENTATION_RELATIONSHIP('','',#3579,#10) 
REPRESENTATION_RELATIONSHIP_WITH_TRANSFORMATION(#4666) 
SHAPE_REPRESENTATION_RELATIONSHIP() );
#4666 = ITEM_DEFINED_TRANSFORMATION('','',#11,#39);
#4667 = PRODUCT_DEFINITION_SHAPE('Placement','Placement of an item',
  #4668);
#4668 = NEXT_ASSEMBLY_USAGE_OCCURRENCE('26','=>[0:1:1:8]','',#5,#3574,$
  );
#4669 = PRODUCT_RELATED_PRODUCT_CATEGORY('part',$,(#3576));
ENDSEC;
END-ISO-10303-21;
