ISO-10303-21;
HEADER;
FILE_DESCRIPTION(('Open CASCADE Model'),'2;1');
FILE_NAME('Open CASCADE Shape Model','2026-10-01T10:44:16',('Author'),(
    'Open CASCADE'),'Open CASCADE STEP processor 8.0','build123d',
  'Unknown');
FILE_SCHEMA(('AUTOMOTIVE_DESIGN { 1 0 10303 214 1 1 1 1 }'));
ENDSEC;
DATA;
#1 = APPLICATION_PROTOCOL_DEFINITION('international standard',
  'automotive_design',2000,#2);
#2 = APPLICATION_CONTEXT(
  'core data for automotive mechanical design processes');
#3 = SHAPE_DEFINITION_REPRESENTATION(#4,#10);
#4 = PRODUCT_DEFINITION_SHAPE('','',#5);
#5 = PRODUCT_DEFINITION('design','',#6,#9);
#6 = PRODUCT_DEFINITION_FORMATION('','',#7);
#7 = PRODUCT('COMPOUND','COMPOUND','',(#8));
#8 = PRODUCT_CONTEXT('',#2,'mechanical');
#9 = PRODUCT_DEFINITION_CONTEXT('part definition',#2,'design');
#10 = SHAPE_REPRESENTATION('',(#11,#15,#2256,#2516,#2776,#3036,#3638,
    #3736,#4098,#4460,#4790,#5120),#5302);
#11 = AXIS2_PLACEMENT_3D('',#12,#13,#14);
#12 = CARTESIAN_POINT('',(0.,0.,0.));
#13 = DIRECTION('',(0.,0.,1.));
#14 = DIRECTION('',(1.,0.,-0.));
#15 = MANIFOLD_SOLID_BREP('',#16);
#16 = CLOSED_SHELL('',(#17,#1185,#1240,#1347,#1424,#1975,#2003,#2008,
    #2013,#2048,#2109,#2164,#2199,#2229));
#17 = ADVANCED_FACE('',(#18,#104),#31,.T.);
#18 = FACE_BOUND('',#19,.T.);
#19 = EDGE_LOOP('',(#20,#53,#76,#103));
#20 = ORIENTED_EDGE('',*,*,#21,.T.);
#21 = EDGE_CURVE('',#22,#22,#24,.T.);
#22 = VERTEX_POINT('',#23);
#23 = CARTESIAN_POINT('',(38.,-9.30731567352E-15,-70.));
#24 = SURFACE_CURVE('',#25,(#30,#42),.PCURVE_S1.);
#25 = CIRCLE('',#26,38.);
#26 = AXIS2_PLACEMENT_3D('',#27,#28,#29);
#27 = CARTESIAN_POINT('',(0.,0.,-70.));
#28 = DIRECTION('',(0.,0.,1.));
#29 = DIRECTION('',(1.,0.,-0.));
#30 = PCURVE('',#31,#36);
#31 = CYLINDRICAL_SURFACE('',#32,38.);
#32 = AXIS2_PLACEMENT_3D('',#33,#34,#35);
#33 = CARTESIAN_POINT('',(0.,0.,-70.));
#34 = DIRECTION('',(0.,0.,1.));
#35 = DIRECTION('',(1.,0.,-0.));
#36 = DEFINITIONAL_REPRESENTATION('',(#37),#41);
#37 = LINE('',#38,#39);
#38 = CARTESIAN_POINT('',(0.,0.));
#39 = VECTOR('',#40,1.);
#40 = DIRECTION('',(1.,0.));
#41 = ( GEOMETRIC_REPRESENTATION_CONTEXT(2) 
PARAMETRIC_REPRESENTATION_CONTEXT() REPRESENTATION_CONTEXT('2D SPACE',''
  ) );
#42 = PCURVE('',#43,#48);
#43 = CONICAL_SURFACE('',#44,12.,0.714090698612);
#44 = AXIS2_PLACEMENT_3D('',#45,#46,#47);
#45 = CARTESIAN_POINT('',(0.,0.,-100.));
#46 = DIRECTION('',(0.,0.,1.));
#47 = DIRECTION('',(1.,0.,-0.));
#48 = DEFINITIONAL_REPRESENTATION('',(#49),#52);
#49 = B_SPLINE_CURVE_WITH_KNOTS('',1,(#50,#51),.UNSPECIFIED.,.F.,.F.,(2,
    2),(0.,6.28318530718),.PIECEWISE_BEZIER_KNOTS.);
#50 = CARTESIAN_POINT('',(0.,30.));
#51 = CARTESIAN_POINT('',(6.28318530718,30.));
#52 = ( GEOMETRIC_REPRESENTATION_CONTEXT(2) 
PARAMETRIC_REPRESENTATION_CONTEXT() REPRESENTATION_CONTEXT('2D SPACE',''
  ) );
#53 = ORIENTED_EDGE('',*,*,#54,.T.);
#54 = EDGE_CURVE('',#22,#55,#57,.T.);
#55 = VERTEX_POINT('',#56);
#56 = CARTESIAN_POINT('',(38.,-9.30731567352E-15,60.));
#57 = SEAM_CURVE('',#58,(#62,#69),.PCURVE_S1.);
#58 = LINE('',#59,#60);
#59 = CARTESIAN_POINT('',(38.,-9.30731567352E-15,-70.));
#60 = VECTOR('',#61,1.);
#61 = DIRECTION('',(0.,0.,1.));
#62 = PCURVE('',#31,#63);
#63 = DEFINITIONAL_REPRESENTATION('',(#64),#68);
#64 = LINE('',#65,#66);
#65 = CARTESIAN_POINT('',(6.28318530718,-0.));
#66 = VECTOR('',#67,1.);
#67 = DIRECTION('',(0.,1.));
#68 = ( GEOMETRIC_REPRESENTATION_CONTEXT(2) 
PARAMETRIC_REPRESENTATION_CONTEXT() REPRESENTATION_CONTEXT('2D SPACE',''
  ) );
#69 = PCURVE('',#31,#70);
#70 = DEFINITIONAL_REPRESENTATION('',(#71),#75);
#71 = LINE('',#72,#73);
#72 = CARTESIAN_POINT('',(0.,-0.));
#73 = VECTOR('',#74,1.);
#74 = DIRECTION('',(0.,1.));
#75 = ( GEOMETRIC_REPRESENTATION_CONTEXT(2) 
PARAMETRIC_REPRESENTATION_CONTEXT() REPRESENTATION_CONTEXT('2D SPACE',''
  ) );
#76 = ORIENTED_EDGE('',*,*,#77,.F.);
#77 = EDGE_CURVE('',#55,#55,#78,.T.);
#78 = SURFACE_CURVE('',#79,(#84,#91),.PCURVE_S1.);
#79 = CIRCLE('',#80,38.);
#80 = AXIS2_PLACEMENT_3D('',#81,#82,#83);
#81 = CARTESIAN_POINT('',(0.,0.,60.));
#82 = DIRECTION('',(0.,0.,1.));
#83 = DIRECTION('',(1.,0.,-0.));
#84 = PCURVE('',#31,#85);
#85 = DEFINITIONAL_REPRESENTATION('',(#86),#90);
#86 = LINE('',#87,#88);
#87 = CARTESIAN_POINT('',(0.,130.));
#88 = VECTOR('',#89,1.);
#89 = DIRECTION('',(1.,0.));
#90 = ( GEOMETRIC_REPRESENTATION_CONTEXT(2) 
PARAMETRIC_REPRESENTATION_CONTEXT() REPRESENTATION_CONTEXT('2D SPACE',''
  ) );
#91 = PCURVE('',#92,#97);
#92 = PLANE('',#93);
#93 = AXIS2_PLACEMENT_3D('',#94,#95,#96);
#94 = CARTESIAN_POINT('',(0.,0.,60.));
#95 = DIRECTION('',(0.,0.,1.));
#96 = DIRECTION('',(1.,0.,-0.));
#97 = DEFINITIONAL_REPRESENTATION('',(#98),#102);
#98 = CIRCLE('',#99,38.);
#99 = AXIS2_PLACEMENT_2D('',#100,#101);
#100 = CARTESIAN_POINT('',(0.,0.));
#101 = DIRECTION('',(1.,0.));
#102 = ( GEOMETRIC_REPRESENTATION_CONTEXT(2) 
PARAMETRIC_REPRESENTATION_CONTEXT() REPRESENTATION_CONTEXT('2D SPACE',''
  ) );
#103 = ORIENTED_EDGE('',*,*,#54,.F.);
#104 = FACE_BOUND('',#105,.T.);
#105 = EDGE_LOOP('',(#106,#134,#489,#515,#660,#681,#1031,#1052));
#106 = ORIENTED_EDGE('',*,*,#107,.T.);
#107 = EDGE_CURVE('',#108,#110,#112,.T.);
#108 = VERTEX_POINT('',#109);
#109 = CARTESIAN_POINT('',(-36.6,10.219589032833,-12.31097071721));
#110 = VERTEX_POINT('',#111);
#111 = CARTESIAN_POINT('',(-36.6,10.219588886883,-6.289674274803));
#112 = SURFACE_CURVE('',#113,(#117,#123),.PCURVE_S1.);
#113 = LINE('',#114,#115);
#114 = CARTESIAN_POINT('',(-36.6,10.219589032833,-70.));
#115 = VECTOR('',#116,1.);
#116 = DIRECTION('',(0.,0.,1.));
#117 = PCURVE('',#31,#118);
#118 = DEFINITIONAL_REPRESENTATION('',(#119),#122);
#119 = B_SPLINE_CURVE_WITH_KNOTS('',1,(#120,#121),.UNSPECIFIED.,.F.,.F.,
  (2,2),(50.8,89.2),.PIECEWISE_BEZIER_KNOTS.);
#120 = CARTESIAN_POINT('',(2.869303917385,50.8));
#121 = CARTESIAN_POINT('',(2.869303917385,89.2));
#122 = ( GEOMETRIC_REPRESENTATION_CONTEXT(2) 
PARAMETRIC_REPRESENTATION_CONTEXT() REPRESENTATION_CONTEXT('2D SPACE',''
  ) );
#123 = PCURVE('',#124,#129);
#124 = PLANE('',#125);
#125 = AXIS2_PLACEMENT_3D('',#126,#127,#128);
#126 = CARTESIAN_POINT('',(-36.6,0.,3.330669073875E-16));
#127 = DIRECTION('',(1.,0.,2.22044604925E-16));
#128 = DIRECTION('',(2.22044604925E-16,0.,-1.));
#129 = DEFINITIONAL_REPRESENTATION('',(#130),#133);
#130 = B_SPLINE_CURVE_WITH_KNOTS('',1,(#131,#132),.UNSPECIFIED.,.F.,.F.,
  (2,2),(50.8,89.2),.PIECEWISE_BEZIER_KNOTS.);
#131 = CARTESIAN_POINT('',(19.2,10.219589032833));
#132 = CARTESIAN_POINT('',(-19.2,10.219589032833));
#133 = ( GEOMETRIC_REPRESENTATION_CONTEXT(2) 
PARAMETRIC_REPRESENTATION_CONTEXT() REPRESENTATION_CONTEXT('2D SPACE',''
  ) );
#134 = ORIENTED_EDGE('',*,*,#135,.T.);
#135 = EDGE_CURVE('',#110,#136,#138,.T.);
#136 = VERTEX_POINT('',#137);
#137 = CARTESIAN_POINT('',(-36.6,10.219589023932,6.289674085683));
#138 = SURFACE_CURVE('',#139,(#252,#368),.PCURVE_S1.);
#139 = B_SPLINE_CURVE_WITH_KNOTS('',6,(#140,#141,#142,#143,#144,#145,
    #146,#147,#148,#149,#150,#151,#152,#153,#154,#155,#156,#157,#158,
    #159,#160,#161,#162,#163,#164,#165,#166,#167,#168,#169,#170,#171,
    #172,#173,#174,#175,#176,#177,#178,#179,#180,#181,#182,#183,#184,
    #185,#186,#187,#188,#189,#190,#191,#192,#193,#194,#195,#196,#197,
    #198,#199,#200,#201,#202,#203,#204,#205,#206,#207,#208,#209,#210,
    #211,#212,#213,#214,#215,#216,#217,#218,#219,#220,#221,#222,#223,
    #224,#225,#226,#227,#228,#229,#230,#231,#232,#233,#234,#235,#236,
    #237,#238,#239,#240,#241,#242,#243,#244,#245,#246,#247,#248,#249,
    #250,#251),.UNSPECIFIED.,.T.,.F.,(7,5,5,5,5,5,5,5,5,5,5,5,5,5,5,5,5,
    5,5,5,5,5,7),(0.,4.122489982844E-02,6.799793403574E-02,0.1037151071,
    0.157690659686,0.250082381599,0.320881698035,0.367241248004,
    0.396412524725,0.432114375321,0.472379041596,0.500056794679,
    0.541270165186,0.568035711802,0.603742895875,0.657703349734,
    0.750069232893,0.820848749528,0.867195334545,0.896358453202,
    0.932050319388,0.958804383955,1.),.UNSPECIFIED.);
#140 = CARTESIAN_POINT('',(-38.,0.,-12.));
#141 = CARTESIAN_POINT('',(-38.,0.635988523806,-12.));
#142 = CARTESIAN_POINT('',(-37.98722695591,1.27072633173,-11.95955174739
    ));
#143 = CARTESIAN_POINT('',(-37.96177470993,1.898373379335,
    -11.87895428108));
#144 = CARTESIAN_POINT('',(-37.92448806087,2.513162136384,
    -11.75995607872));
#145 = CARTESIAN_POINT('',(-37.87693092314,3.109617118354,
    -11.60572870029));
#146 = CARTESIAN_POINT('',(-37.78487672016,4.054991553432,
    -11.30088499035));
#147 = CARTESIAN_POINT('',(-37.74510389667,4.417874637106,
    -11.16779900029));
#148 = CARTESIAN_POINT('',(-37.7022501912,4.770917292648,-11.02256733039
    ));
#149 = CARTESIAN_POINT('',(-37.65677908368,5.113685422117,
    -10.86611989291));
#150 = CARTESIAN_POINT('',(-37.60915778392,5.445808861224,
    -10.69940633697));
#151 = CARTESIAN_POINT('',(-37.49405732418,6.195448116002,
    -10.28859274633));
#152 = CARTESIAN_POINT('',(-37.42524039049,6.604544199467,
    -10.03718059157));
#153 = CARTESIAN_POINT('',(-37.35436056593,6.994302056571,
    -9.771026201673));
#154 = CARTESIAN_POINT('',(-37.28229685924,7.364870173751,
    -9.491789115505));
#155 = CARTESIAN_POINT('',(-37.20983715439,7.716480599128,-9.20094825016
    ));
#156 = CARTESIAN_POINT('',(-37.02862354194,8.552547659433,
    -8.444770234681));
#157 = CARTESIAN_POINT('',(-36.92019504714,9.013292042362,
    -7.965999005611));
#158 = CARTESIAN_POINT('',(-36.81470034266,9.432959708713,
    -7.467651112951));
#159 = CARTESIAN_POINT('',(-36.71398009226,9.812913367063,
    -6.952941410141));
#160 = CARTESIAN_POINT('',(-36.61950029914,10.154419791976,
    -6.424357247091));
#161 = CARTESIAN_POINT('',(-36.38343774153,10.979006712104,
    -4.958661344365));
#162 = CARTESIAN_POINT('',(-36.25613313306,11.390058837651,
    -3.998189561708));
#163 = CARTESIAN_POINT('',(-36.15682013939,11.695606738775,
    -3.01402231864));
#164 = CARTESIAN_POINT('',(-36.08931086361,11.898449878141,
    -2.01475470556));
#165 = CARTESIAN_POINT('',(-36.05551275464,12.,-1.007723229951));
#166 = CARTESIAN_POINT('',(-36.05551275464,12.,0.772213293145));
#167 = CARTESIAN_POINT('',(-36.07535934049,11.940368452243,
    1.544247203995));
#168 = CARTESIAN_POINT('',(-36.11503470945,11.821158646024,
    2.312763134301));
#169 = CARTESIAN_POINT('',(-36.17386928192,11.641914845237,3.07438305156
    ));
#170 = CARTESIAN_POINT('',(-36.25052262268,11.401737081504,
    3.825370611171));
#171 = CARTESIAN_POINT('',(-36.4033692046,10.901265370345,5.043198555357
    ));
#172 = CARTESIAN_POINT('',(-36.47058864523,10.676530778146,
    5.518648013858));
#173 = CARTESIAN_POINT('',(-36.54397809743,10.4246479412,5.986595509051)
  );
#174 = CARTESIAN_POINT('',(-36.62284221163,10.145036095588,
    6.445797472572));
#175 = CARTESIAN_POINT('',(-36.7063253851,9.837018470768,6.894751773523)
  );
#176 = CARTESIAN_POINT('',(-36.8481558603,9.287702622566,7.606520768603)
  );
#177 = CARTESIAN_POINT('',(-36.9043499428,9.063995885739,7.8766506791));
#178 = CARTESIAN_POINT('',(-36.96170587023,8.828526920645,8.141584624598
    ));
#179 = CARTESIAN_POINT('',(-37.019934954,8.581083692123,8.400820654608)
  );
#180 = CARTESIAN_POINT('',(-37.07871237204,8.321452321897,8.653783628488
    ));
#181 = CARTESIAN_POINT('',(-37.20983715439,7.716480599127,9.200948250161
    ));
#182 = CARTESIAN_POINT('',(-37.28229685924,7.364870173752,9.491789115505
    ));
#183 = CARTESIAN_POINT('',(-37.35436056593,6.994302056572,9.771026201672
    ));
#184 = CARTESIAN_POINT('',(-37.42524039049,6.604544199468,
    10.037180591572));
#185 = CARTESIAN_POINT('',(-37.49405732418,6.195448116001,
    10.288592746333));
#186 = CARTESIAN_POINT('',(-37.6340397957,5.283754488794,10.788214571323
    ));
#187 = CARTESIAN_POINT('',(-37.70450913157,4.775060693064,
    11.032362365021));
#188 = CARTESIAN_POINT('',(-37.76958159313,4.242392114796,
    11.252102892144));
#189 = CARTESIAN_POINT('',(-37.8275754722,3.687630974717,11.444016395017
    ));
#190 = CARTESIAN_POINT('',(-37.87692014187,3.113012269606,
    11.604986403367));
#191 = CARTESIAN_POINT('',(-37.94333206422,2.114199801443,
    11.819617633033));
#192 = CARTESIAN_POINT('',(-37.9656433829,1.699500364997,11.891015232454
    ));
#193 = CARTESIAN_POINT('',(-37.98272653085,1.278811413638,
    11.945303327577));
#194 = CARTESIAN_POINT('',(-37.9942396312,0.85403386902,11.98175738073)
  );
#195 = CARTESIAN_POINT('',(-38.,0.427112199367,12.));
#196 = CARTESIAN_POINT('',(-38.,-0.635988523642,12.));
#197 = CARTESIAN_POINT('',(-37.98722695592,-1.270726331774,
    11.959551747419));
#198 = CARTESIAN_POINT('',(-37.96177470992,-1.898373379493,
    11.878954281061));
#199 = CARTESIAN_POINT('',(-37.92448806086,-2.513162136429,
    11.759956078687));
#200 = CARTESIAN_POINT('',(-37.87693092315,-3.109617118197,
    11.605728700347));
#201 = CARTESIAN_POINT('',(-37.78487672016,-4.054991553432,
    11.300884990351));
#202 = CARTESIAN_POINT('',(-37.74510389667,-4.417874637107,
    11.167799000297));
#203 = CARTESIAN_POINT('',(-37.7022501912,-4.770917292648,
    11.022567330392));
#204 = CARTESIAN_POINT('',(-37.65677908368,-5.113685422117,
    10.866119892914));
#205 = CARTESIAN_POINT('',(-37.60915778392,-5.445808861224,
    10.699406336972));
#206 = CARTESIAN_POINT('',(-37.49405732418,-6.195448116,10.288592746333)
  );
#207 = CARTESIAN_POINT('',(-37.42524039049,-6.604544199468,
    10.037180591572));
#208 = CARTESIAN_POINT('',(-37.35436056593,-6.994302056572,
    9.771026201671));
#209 = CARTESIAN_POINT('',(-37.28229685924,-7.364870173751,
    9.491789115505));
#210 = CARTESIAN_POINT('',(-37.20983715439,-7.716480599126,
    9.200948250162));
#211 = CARTESIAN_POINT('',(-37.02862354887,-8.55254762744,8.444770263617
    ));
#212 = CARTESIAN_POINT('',(-36.92019503692,-9.013292084935,
    7.965998955423));
#213 = CARTESIAN_POINT('',(-36.81470034198,-9.432959714671,
    7.467651115329));
#214 = CARTESIAN_POINT('',(-36.71398010216,-9.812913327306,
    6.952941461442));
#215 = CARTESIAN_POINT('',(-36.61950029365,-10.15441981114,
    6.424357213011));
#216 = CARTESIAN_POINT('',(-36.38343774086,-10.97900671441,
    4.958661340263));
#217 = CARTESIAN_POINT('',(-36.25613313463,-11.39005883223,
    3.998189575291));
#218 = CARTESIAN_POINT('',(-36.15682013785,-11.69560674403,
    3.014022299131));
#219 = CARTESIAN_POINT('',(-36.08931086421,-11.8984498761,2.014754719618
    ));
#220 = CARTESIAN_POINT('',(-36.05551275464,-12.,1.007723225528));
#221 = CARTESIAN_POINT('',(-36.05551275464,-12.,-0.772213293103));
#222 = CARTESIAN_POINT('',(-36.07535934049,-11.94036845224,
    -1.544247204062));
#223 = CARTESIAN_POINT('',(-36.11503470945,-11.821158646,-2.312763134299
    ));
#224 = CARTESIAN_POINT('',(-36.17386928191,-11.64191484526,
    -3.074383051497));
#225 = CARTESIAN_POINT('',(-36.25052262269,-11.40173708148,
    -3.825370611211));
#226 = CARTESIAN_POINT('',(-36.4033692046,-10.90126537034,
    -5.043198555358));
#227 = CARTESIAN_POINT('',(-36.47058864523,-10.67653077814,
    -5.518648013857));
#228 = CARTESIAN_POINT('',(-36.54397809743,-10.4246479412,-5.98659550905
    ));
#229 = CARTESIAN_POINT('',(-36.62284221163,-10.14503609558,
    -6.445797472572));
#230 = CARTESIAN_POINT('',(-36.7063253851,-9.837018470767,
    -6.894751773524));
#231 = CARTESIAN_POINT('',(-36.8481558603,-9.287702622566,
    -7.606520768603));
#232 = CARTESIAN_POINT('',(-36.9043499428,-9.063995885738,-7.8766506791)
  );
#233 = CARTESIAN_POINT('',(-36.96170587023,-8.828526920645,
    -8.141584624598));
#234 = CARTESIAN_POINT('',(-37.019934954,-8.581083692123,-8.400820654608
    ));
#235 = CARTESIAN_POINT('',(-37.07871237204,-8.321452321897,
    -8.653783628488));
#236 = CARTESIAN_POINT('',(-37.20983715439,-7.716480599132,
    -9.200948250157));
#237 = CARTESIAN_POINT('',(-37.28229685924,-7.364870173751,
    -9.491789115506));
#238 = CARTESIAN_POINT('',(-37.35436056593,-6.994302056566,
    -9.771026201676));
#239 = CARTESIAN_POINT('',(-37.42524039049,-6.604544199466,
    -10.03718059157));
#240 = CARTESIAN_POINT('',(-37.49405732418,-6.195448116006,
    -10.28859274633));
#241 = CARTESIAN_POINT('',(-37.60915778392,-5.445808861224,
    -10.69940633697));
#242 = CARTESIAN_POINT('',(-37.65677908368,-5.113685422117,
    -10.86611989291));
#243 = CARTESIAN_POINT('',(-37.7022501912,-4.770917292648,
    -11.02256733039));
#244 = CARTESIAN_POINT('',(-37.74510389667,-4.417874637107,
    -11.16779900029));
#245 = CARTESIAN_POINT('',(-37.78487672016,-4.054991553432,
    -11.30088499035));
#246 = CARTESIAN_POINT('',(-37.87693082223,-3.109618154661,
    -11.60572836613));
#247 = CARTESIAN_POINT('',(-37.92448805372,-2.513162600614,
    -11.75995606734));
#248 = CARTESIAN_POINT('',(-37.96177481619,-1.898372349007,
    -11.87895461915));
#249 = CARTESIAN_POINT('',(-37.98722705988,-1.270723880857,
    -11.95955207622));
#250 = CARTESIAN_POINT('',(-38.,-0.635985935363,-12.));
#251 = CARTESIAN_POINT('',(-38.,0.,-12.));
#252 = PCURVE('',#31,#253);
#253 = DEFINITIONAL_REPRESENTATION('',(#254),#367);
#254 = B_SPLINE_CURVE_WITH_KNOTS('',6,(#255,#256,#257,#258,#259,#260,
    #261,#262,#263,#264,#265,#266,#267,#268,#269,#270,#271,#272,#273,
    #274,#275,#276,#277,#278,#279,#280,#281,#282,#283,#284,#285,#286,
    #287,#288,#289,#290,#291,#292,#293,#294,#295,#296,#297,#298,#299,
    #300,#301,#302,#303,#304,#305,#306,#307,#308,#309,#310,#311,#312,
    #313,#314,#315,#316,#317,#318,#319,#320,#321,#322,#323,#324,#325,
    #326,#327,#328,#329,#330,#331,#332,#333,#334,#335,#336,#337,#338,
    #339,#340,#341,#342,#343,#344,#345,#346,#347,#348,#349,#350,#351,
    #352,#353,#354,#355,#356,#357,#358,#359,#360,#361,#362,#363,#364,
    #365,#366),.UNSPECIFIED.,.T.,.F.,(7,5,5,5,5,5,5,5,5,5,5,5,5,5,5,5,5,
    5,5,5,5,5,7),(0.,4.122489982844E-02,6.799793403574E-02,0.1037151071,
    0.157690659686,0.250082381599,0.320881698035,0.367241248004,
    0.396412524725,0.432114375321,0.472379041596,0.500056794679,
    0.541270165186,0.568035711802,0.603742895875,0.657703349734,
    0.750069232893,0.820848749528,0.867195334545,0.896358453202,
    0.932050319388,0.958804383955,1.),.UNSPECIFIED.);
#255 = CARTESIAN_POINT('',(3.14159265359,58.));
#256 = CARTESIAN_POINT('',(3.12485611349,58.));
#257 = CARTESIAN_POINT('',(3.108152484201,58.040448252601));
#258 = CARTESIAN_POINT('',(3.091627031867,58.121045718915));
#259 = CARTESIAN_POINT('',(3.075423191697,58.240043921278));
#260 = CARTESIAN_POINT('',(3.05967960299,58.394271299703));
#261 = CARTESIAN_POINT('',(3.034683664278,58.699115009649));
#262 = CARTESIAN_POINT('',(3.025077627047,58.832200999703));
#263 = CARTESIAN_POINT('',(3.01571975222,58.977432669608));
#264 = CARTESIAN_POINT('',(3.006621296632,59.133880107087));
#265 = CARTESIAN_POINT('',(2.997792254145,59.300593663028));
#266 = CARTESIAN_POINT('',(2.977833724978,59.711407253668));
#267 = CARTESIAN_POINT('',(2.966917899337,59.962819408428));
#268 = CARTESIAN_POINT('',(2.956494171216,60.228973798327));
#269 = CARTESIAN_POINT('',(2.946560664297,60.508210884495));
#270 = CARTESIAN_POINT('',(2.937113814355,60.79905174984));
#271 = CARTESIAN_POINT('',(2.914601175512,61.555229765319));
#272 = CARTESIAN_POINT('',(2.902147028644,62.034000994389));
#273 = CARTESIAN_POINT('',(2.890761267865,62.532348887049));
#274 = CARTESIAN_POINT('',(2.880418063046,63.047058589859));
#275 = CARTESIAN_POINT('',(2.871093854141,63.575642752909));
#276 = CARTESIAN_POINT('',(2.848522497302,65.041338655635));
#277 = CARTESIAN_POINT('',(2.837201052128,66.001810438292));
#278 = CARTESIAN_POINT('',(2.828746385477,66.98597768136));
#279 = CARTESIAN_POINT('',(2.823120565635,67.98524529444));
#280 = CARTESIAN_POINT('',(2.820304064325,68.992276770049));
#281 = CARTESIAN_POINT('',(2.820304064325,70.772213293145));
#282 = CARTESIAN_POINT('',(2.821957946585,71.544247203995));
#283 = CARTESIAN_POINT('',(2.825264228347,72.312763134301));
#284 = CARTESIAN_POINT('',(2.83022873809,73.074383051561));
#285 = CARTESIAN_POINT('',(2.836862777728,73.825370611171));
#286 = CARTESIAN_POINT('',(2.850633607111,75.043198555357));
#287 = CARTESIAN_POINT('',(2.856806450029,75.518648013858));
#288 = CARTESIAN_POINT('',(2.86371030265,75.986595509051));
#289 = CARTESIAN_POINT('',(2.87135506674,76.445797472572));
#290 = CARTESIAN_POINT('',(2.879752639707,76.894751773523));
#291 = CARTESIAN_POINT('',(2.894682387123,77.606520768603));
#292 = CARTESIAN_POINT('',(2.900752166714,77.8766506791));
#293 = CARTESIAN_POINT('',(2.907129640506,78.141584624598));
#294 = CARTESIAN_POINT('',(2.913818834322,78.400820654608));
#295 = CARTESIAN_POINT('',(2.920823841276,78.653783628488));
#296 = CARTESIAN_POINT('',(2.937113814355,79.200948250161));
#297 = CARTESIAN_POINT('',(2.946560664297,79.491789115505));
#298 = CARTESIAN_POINT('',(2.956494171216,79.771026201672));
#299 = CARTESIAN_POINT('',(2.966917899337,80.037180591572));
#300 = CARTESIAN_POINT('',(2.977833724978,80.288592746333));
#301 = CARTESIAN_POINT('',(3.002106818648,80.788214571323));
#302 = CARTESIAN_POINT('',(3.015619891995,81.032362365021));
#303 = CARTESIAN_POINT('',(3.029738793273,81.252102892144));
#304 = CARTESIAN_POINT('',(3.04441375253,81.444016395017));
#305 = CARTESIAN_POINT('',(3.059588116173,81.604986403367));
#306 = CARTESIAN_POINT('',(3.085930693197,81.819617633033));
#307 = CARTESIAN_POINT('',(3.096858747447,81.891015232454));
#308 = CARTESIAN_POINT('',(3.107937162628,81.945303327577));
#309 = CARTESIAN_POINT('',(3.119118080089,81.98175738073));
#310 = CARTESIAN_POINT('',(3.13035285887,82.));
#311 = CARTESIAN_POINT('',(3.158329193686,82.));
#312 = CARTESIAN_POINT('',(3.17503282298,81.959551747419));
#313 = CARTESIAN_POINT('',(3.191558275317,81.878954281061));
#314 = CARTESIAN_POINT('',(3.207762115484,81.759956078687));
#315 = CARTESIAN_POINT('',(3.223505704186,81.605728700347));
#316 = CARTESIAN_POINT('',(3.248501642901,81.300884990351));
#317 = CARTESIAN_POINT('',(3.258107680133,81.167799000297));
#318 = CARTESIAN_POINT('',(3.267465554959,81.022567330392));
#319 = CARTESIAN_POINT('',(3.276564010548,80.866119892914));
#320 = CARTESIAN_POINT('',(3.285393053034,80.699406336972));
#321 = CARTESIAN_POINT('',(3.305351582201,80.288592746333));
#322 = CARTESIAN_POINT('',(3.316267407843,80.037180591572));
#323 = CARTESIAN_POINT('',(3.326691135963,79.771026201671));
#324 = CARTESIAN_POINT('',(3.336624642883,79.491789115505));
#325 = CARTESIAN_POINT('',(3.346071492825,79.200948250162));
#326 = CARTESIAN_POINT('',(3.368584130806,78.444770263617));
#327 = CARTESIAN_POINT('',(3.381038279689,77.965998955423));
#328 = CARTESIAN_POINT('',(3.392424039472,77.467651115329));
#329 = CARTESIAN_POINT('',(3.402767243055,76.952941461442));
#330 = CARTESIAN_POINT('',(3.412091453563,76.424357213011));
#331 = CARTESIAN_POINT('',(3.434662809941,74.958661340263));
#332 = CARTESIAN_POINT('',(3.445984254903,73.998189575291));
#333 = CARTESIAN_POINT('',(3.454438921847,73.014022299131));
#334 = CARTESIAN_POINT('',(3.460064741488,72.014754719618));
#335 = CARTESIAN_POINT('',(3.462881242855,71.007723225528));
#336 = CARTESIAN_POINT('',(3.462881242855,69.227786706897));
#337 = CARTESIAN_POINT('',(3.461227360595,68.455752795938));
#338 = CARTESIAN_POINT('',(3.457921078832,67.687236865701));
#339 = CARTESIAN_POINT('',(3.452956569091,66.925616948503));
#340 = CARTESIAN_POINT('',(3.446322529451,66.174629388789));
#341 = CARTESIAN_POINT('',(3.432551700069,64.956801444642));
#342 = CARTESIAN_POINT('',(3.426378857151,64.481351986143));
#343 = CARTESIAN_POINT('',(3.41947500453,64.01340449095));
#344 = CARTESIAN_POINT('',(3.411830240439,63.554202527428));
#345 = CARTESIAN_POINT('',(3.403432667472,63.105248226476));
#346 = CARTESIAN_POINT('',(3.388502920057,62.393479231397));
#347 = CARTESIAN_POINT('',(3.382433140465,62.1233493209));
#348 = CARTESIAN_POINT('',(3.376055666674,61.858415375402));
#349 = CARTESIAN_POINT('',(3.369366472858,61.599179345392));
#350 = CARTESIAN_POINT('',(3.362361465904,61.346216371512));
#351 = CARTESIAN_POINT('',(3.346071492825,60.799051749843));
#352 = CARTESIAN_POINT('',(3.336624642883,60.508210884494));
#353 = CARTESIAN_POINT('',(3.326691135963,60.228973798324));
#354 = CARTESIAN_POINT('',(3.316267407843,59.962819408428));
#355 = CARTESIAN_POINT('',(3.305351582202,59.71140725367));
#356 = CARTESIAN_POINT('',(3.285393053034,59.300593663028));
#357 = CARTESIAN_POINT('',(3.276564010548,59.133880107087));
#358 = CARTESIAN_POINT('',(3.267465554959,58.977432669608));
#359 = CARTESIAN_POINT('',(3.258107680133,58.832200999703));
#360 = CARTESIAN_POINT('',(3.248501642901,58.699115009649));
#361 = CARTESIAN_POINT('',(3.22350573159,58.394271633869));
#362 = CARTESIAN_POINT('',(3.207762127659,58.240043932652));
#363 = CARTESIAN_POINT('',(3.191558248093,58.121045380848));
#364 = CARTESIAN_POINT('',(3.175032758483,58.040447923774));
#365 = CARTESIAN_POINT('',(3.158329125573,58.));
#366 = CARTESIAN_POINT('',(3.14159265359,58.));
#367 = ( GEOMETRIC_REPRESENTATION_CONTEXT(2) 
PARAMETRIC_REPRESENTATION_CONTEXT() REPRESENTATION_CONTEXT('2D SPACE',''
  ) );
#368 = PCURVE('',#369,#374);
#369 = CYLINDRICAL_SURFACE('',#370,12.);
#370 = AXIS2_PLACEMENT_3D('',#371,#372,#373);
#371 = CARTESIAN_POINT('',(-44.,0.,-1.33226762955E-15));
#372 = DIRECTION('',(1.,0.,2.22044604925E-16));
#373 = DIRECTION('',(2.22044604925E-16,0.,-1.));
#374 = DEFINITIONAL_REPRESENTATION('',(#375),#488);
#375 = B_SPLINE_CURVE_WITH_KNOTS('',6,(#376,#377,#378,#379,#380,#381,
    #382,#383,#384,#385,#386,#387,#388,#389,#390,#391,#392,#393,#394,
    #395,#396,#397,#398,#399,#400,#401,#402,#403,#404,#405,#406,#407,
    #408,#409,#410,#411,#412,#413,#414,#415,#416,#417,#418,#419,#420,
    #421,#422,#423,#424,#425,#426,#427,#428,#429,#430,#431,#432,#433,
    #434,#435,#436,#437,#438,#439,#440,#441,#442,#443,#444,#445,#446,
    #447,#448,#449,#450,#451,#452,#453,#454,#455,#456,#457,#458,#459,
    #460,#461,#462,#463,#464,#465,#466,#467,#468,#469,#470,#471,#472,
    #473,#474,#475,#476,#477,#478,#479,#480,#481,#482,#483,#484,#485,
    #486,#487),.UNSPECIFIED.,.F.,.F.,(7,5,5,5,5,5,5,5,5,5,5,5,5,5,5,5,5,
    5,5,5,5,5,7),(0.,4.122489982844E-02,6.799793403574E-02,0.1037151071,
    0.157690659686,0.250082381599,0.320881698035,0.367241248004,
    0.396412524725,0.432114375321,0.472379041596,0.500056794679,
    0.541270165186,0.568035711802,0.603742895875,0.657703349734,
    0.750069232893,0.820848749528,0.867195334545,0.896358453202,
    0.932050319388,0.958804383955,1.),.UNSPECIFIED.);
#376 = CARTESIAN_POINT('',(0.,6.));
#377 = CARTESIAN_POINT('',(5.299904365051E-02,6.));
#378 = CARTESIAN_POINT('',(0.10589385601,6.012773044084));
#379 = CARTESIAN_POINT('',(0.158465768319,6.038225290069));
#380 = CARTESIAN_POINT('',(0.210496695651,6.075511939123));
#381 = CARTESIAN_POINT('',(0.261746990875,6.123069076856));
#382 = CARTESIAN_POINT('',(0.34452272999,6.215123279837));
#383 = CARTESIAN_POINT('',(0.37670732286,6.254896103328));
#384 = CARTESIAN_POINT('',(0.408484363609,6.297749808794));
#385 = CARTESIAN_POINT('',(0.439850240896,6.343220916312));
#386 = CARTESIAN_POINT('',(0.470798161053,6.39084221608));
#387 = CARTESIAN_POINT('',(0.542033628312,6.505942675817));
#388 = CARTESIAN_POINT('',(0.581998739228,6.574759609506));
#389 = CARTESIAN_POINT('',(0.621262378428,6.645639434069));
#390 = CARTESIAN_POINT('',(0.659868423321,6.717703140751));
#391 = CARTESIAN_POINT('',(0.697857073694,6.790162845606));
#392 = CARTESIAN_POINT('',(0.791799037177,6.971376458056));
#393 = CARTESIAN_POINT('',(0.847037987664,7.079804952852));
#394 = CARTESIAN_POINT('',(0.901156769974,7.185299657337));
#395 = CARTESIAN_POINT('',(0.954313306511,7.286019907736));
#396 = CARTESIAN_POINT('',(1.006657351082,7.380499700857));
#397 = CARTESIAN_POINT('',(1.146801326359,7.61656225847));
#398 = CARTESIAN_POINT('',(1.233354854191,7.743866866939));
#399 = CARTESIAN_POINT('',(1.318562820266,7.843179860607));
#400 = CARTESIAN_POINT('',(1.40289983646,7.910689136384));
#401 = CARTESIAN_POINT('',(1.486819390966,7.94448724536));
#402 = CARTESIAN_POINT('',(1.635147434557,7.94448724536));
#403 = CARTESIAN_POINT('',(1.69948363317,7.924640659504));
#404 = CARTESIAN_POINT('',(1.764006108416,7.884965290549));
#405 = CARTESIAN_POINT('',(1.828912801598,7.826130718077));
#406 = CARTESIAN_POINT('',(1.894405625292,7.749477377312));
#407 = CARTESIAN_POINT('',(2.004126762832,7.596630795399));
#408 = CARTESIAN_POINT('',(2.04789226357,7.529411354768));
#409 = CARTESIAN_POINT('',(2.092086975751,7.456021902564));
#410 = CARTESIAN_POINT('',(2.136792141811,7.377157788362));
#411 = CARTESIAN_POINT('',(2.182092698917,7.293674614896));
#412 = CARTESIAN_POINT('',(2.257016873709,7.1518441397));
#413 = CARTESIAN_POINT('',(2.286227486112,7.095650057193));
#414 = CARTESIAN_POINT('',(2.315737818611,7.038294129763));
#415 = CARTESIAN_POINT('',(2.345573233705,6.980065045992));
#416 = CARTESIAN_POINT('',(2.375759894467,6.921287627957));
#417 = CARTESIAN_POINT('',(2.443735579896,6.790162845606));
#418 = CARTESIAN_POINT('',(2.481724230268,6.717703140751));
#419 = CARTESIAN_POINT('',(2.520330275161,6.645639434069));
#420 = CARTESIAN_POINT('',(2.559593914362,6.574759609506));
#421 = CARTESIAN_POINT('',(2.599559025278,6.505942675817));
#422 = CARTESIAN_POINT('',(2.68619392482,6.365960204298));
#423 = CARTESIAN_POINT('',(2.733146524345,6.295490868429));
#424 = CARTESIAN_POINT('',(2.781048228748,6.230418406867));
#425 = CARTESIAN_POINT('',(2.829837469811,6.172424527794));
#426 = CARTESIAN_POINT('',(2.87947192148,6.123079858125));
#427 = CARTESIAN_POINT('',(2.964606329563,6.056667935771));
#428 = CARTESIAN_POINT('',(2.999643339408,6.034356617095));
#429 = CARTESIAN_POINT('',(3.03494387343,6.017273469143));
#430 = CARTESIAN_POINT('',(3.070423163977,6.005760368793));
#431 = CARTESIAN_POINT('',(3.105999970309,6.));
#432 = CARTESIAN_POINT('',(3.194591697227,6.));
#433 = CARTESIAN_POINT('',(3.247486509603,6.012773044077));
#434 = CARTESIAN_POINT('',(3.300058421922,6.038225290077));
#435 = CARTESIAN_POINT('',(3.352089349246,6.075511939134));
#436 = CARTESIAN_POINT('',(3.403339644451,6.123069076841));
#437 = CARTESIAN_POINT('',(3.48611538358,6.215123279837));
#438 = CARTESIAN_POINT('',(3.518299976449,6.254896103328));
#439 = CARTESIAN_POINT('',(3.550077017199,6.297749808794));
#440 = CARTESIAN_POINT('',(3.581442894486,6.343220916312));
#441 = CARTESIAN_POINT('',(3.612390814643,6.39084221608));
#442 = CARTESIAN_POINT('',(3.683626281902,6.505942675817));
#443 = CARTESIAN_POINT('',(3.723591392817,6.574759609506));
#444 = CARTESIAN_POINT('',(3.762855032018,6.645639434069));
#445 = CARTESIAN_POINT('',(3.801461076911,6.717703140751));
#446 = CARTESIAN_POINT('',(3.839449727284,6.790162845606));
#447 = CARTESIAN_POINT('',(3.933391687172,6.971376451122));
#448 = CARTESIAN_POINT('',(3.988630646796,7.079804963077));
#449 = CARTESIAN_POINT('',(4.042749423721,7.185299658011));
#450 = CARTESIAN_POINT('',(4.095905954633,7.286019897831));
#451 = CARTESIAN_POINT('',(4.148250007931,7.380499706346));
#452 = CARTESIAN_POINT('',(4.288393980341,7.616562259131));
#453 = CARTESIAN_POINT('',(4.374947506537,7.743866865368));
#454 = CARTESIAN_POINT('',(4.460155475586,7.843179862146));
#455 = CARTESIAN_POINT('',(4.54449248884,7.910689135784));
#456 = CARTESIAN_POINT('',(4.628412044924,7.94448724536));
#457 = CARTESIAN_POINT('',(4.776740088143,7.94448724536));
#458 = CARTESIAN_POINT('',(4.841076286766,7.924640659506));
#459 = CARTESIAN_POINT('',(4.905598762006,7.884965290541));
#460 = CARTESIAN_POINT('',(4.970505455182,7.826130718087));
#461 = CARTESIAN_POINT('',(5.035998278886,7.749477377307));
#462 = CARTESIAN_POINT('',(5.145719416422,7.596630795399));
#463 = CARTESIAN_POINT('',(5.18948491716,7.529411354768));
#464 = CARTESIAN_POINT('',(5.23367962934,7.456021902564));
#465 = CARTESIAN_POINT('',(5.278384795401,7.377157788362));
#466 = CARTESIAN_POINT('',(5.323685352507,7.293674614896));
#467 = CARTESIAN_POINT('',(5.398609527299,7.1518441397));
#468 = CARTESIAN_POINT('',(5.427820139702,7.095650057193));
#469 = CARTESIAN_POINT('',(5.457330472201,7.038294129763));
#470 = CARTESIAN_POINT('',(5.487165887295,6.980065045992));
#471 = CARTESIAN_POINT('',(5.517352548057,6.921287627957));
#472 = CARTESIAN_POINT('',(5.585328233485,6.790162845607));
#473 = CARTESIAN_POINT('',(5.623316883858,6.717703140751));
#474 = CARTESIAN_POINT('',(5.661922928752,6.645639434068));
#475 = CARTESIAN_POINT('',(5.701186567952,6.574759609506));
#476 = CARTESIAN_POINT('',(5.741151678867,6.505942675818));
#477 = CARTESIAN_POINT('',(5.812387146126,6.39084221608));
#478 = CARTESIAN_POINT('',(5.843335066284,6.343220916312));
#479 = CARTESIAN_POINT('',(5.874700943571,6.297749808794));
#480 = CARTESIAN_POINT('',(5.90647798432,6.254896103328));
#481 = CARTESIAN_POINT('',(5.93866257719,6.215123279837));
#482 = CARTESIAN_POINT('',(6.021438225567,6.123069177765));
#483 = CARTESIAN_POINT('',(6.072688574414,6.075511946272));
#484 = CARTESIAN_POINT('',(6.124719628,6.03822518381));
#485 = CARTESIAN_POINT('',(6.177291655405,6.012772940119));
#486 = CARTESIAN_POINT('',(6.230186479233,6.));
#487 = CARTESIAN_POINT('',(6.28318530718,6.));
#488 = ( GEOMETRIC_REPRESENTATION_CONTEXT(2) 
PARAMETRIC_REPRESENTATION_CONTEXT() REPRESENTATION_CONTEXT('2D SPACE',''
  ) );
#489 = ORIENTED_EDGE('',*,*,#490,.T.);
#490 = EDGE_CURVE('',#136,#491,#493,.T.);
#491 = VERTEX_POINT('',#492);
#492 = CARTESIAN_POINT('',(-36.6,10.219589032833,12.31097071721));
#493 = SURFACE_CURVE('',#494,(#498,#504),.PCURVE_S1.);
#494 = LINE('',#495,#496);
#495 = CARTESIAN_POINT('',(-36.6,10.219589032833,-70.));
#496 = VECTOR('',#497,1.);
#497 = DIRECTION('',(0.,0.,1.));
#498 = PCURVE('',#31,#499);
#499 = DEFINITIONAL_REPRESENTATION('',(#500),#503);
#500 = B_SPLINE_CURVE_WITH_KNOTS('',1,(#501,#502),.UNSPECIFIED.,.F.,.F.,
  (2,2),(50.8,89.2),.PIECEWISE_BEZIER_KNOTS.);
#501 = CARTESIAN_POINT('',(2.869303917385,50.8));
#502 = CARTESIAN_POINT('',(2.869303917385,89.2));
#503 = ( GEOMETRIC_REPRESENTATION_CONTEXT(2) 
PARAMETRIC_REPRESENTATION_CONTEXT() REPRESENTATION_CONTEXT('2D SPACE',''
  ) );
#504 = PCURVE('',#505,#510);
#505 = PLANE('',#506);
#506 = AXIS2_PLACEMENT_3D('',#507,#508,#509);
#507 = CARTESIAN_POINT('',(-36.6,0.,3.330669073875E-16));
#508 = DIRECTION('',(1.,0.,2.22044604925E-16));
#509 = DIRECTION('',(2.22044604925E-16,0.,-1.));
#510 = DEFINITIONAL_REPRESENTATION('',(#511),#514);
#511 = B_SPLINE_CURVE_WITH_KNOTS('',1,(#512,#513),.UNSPECIFIED.,.F.,.F.,
  (2,2),(50.8,89.2),.PIECEWISE_BEZIER_KNOTS.);
#512 = CARTESIAN_POINT('',(19.2,10.219589032833));
#513 = CARTESIAN_POINT('',(-19.2,10.219589032833));
#514 = ( GEOMETRIC_REPRESENTATION_CONTEXT(2) 
PARAMETRIC_REPRESENTATION_CONTEXT() REPRESENTATION_CONTEXT('2D SPACE',''
  ) );
#515 = ORIENTED_EDGE('',*,*,#516,.T.);
#516 = EDGE_CURVE('',#491,#517,#519,.T.);
#517 = VERTEX_POINT('',#518);
#518 = CARTESIAN_POINT('',(-36.6,-10.21958903283,12.31097071721));
#519 = SURFACE_CURVE('',#520,(#563,#609),.PCURVE_S1.);
#520 = B_SPLINE_CURVE_WITH_KNOTS('',6,(#521,#522,#523,#524,#525,#526,
    #527,#528,#529,#530,#531,#532,#533,#534,#535,#536,#537,#538,#539,
    #540,#541,#542,#543,#544,#545,#546,#547,#548,#549,#550,#551,#552,
    #553,#554,#555,#556,#557,#558,#559,#560,#561,#562),.UNSPECIFIED.,.F.
  ,.F.,(7,5,5,5,5,5,5,5,7),(0.,0.238433612276,0.332274013688,
    0.386189290657,0.500005818875,0.613357958549,0.668085472337,
    0.762329253448,1.),.UNSPECIFIED.);
#521 = CARTESIAN_POINT('',(-36.5999994,10.219591181611,12.310968933465)
  );
#522 = CARTESIAN_POINT('',(-36.76781446695,9.618585599252,
    12.809876158621));
#523 = CARTESIAN_POINT('',(-36.93469904578,8.975192218628,
    13.284499619652));
#524 = CARTESIAN_POINT('',(-37.09774864158,8.28866311452,13.730578526729
    ));
#525 = CARTESIAN_POINT('',(-37.25362564612,7.55851715493,14.143258495294
    ));
#526 = CARTESIAN_POINT('',(-37.39855697337,6.784701810924,
    14.516991227175));
#527 = CARTESIAN_POINT('',(-37.57959210131,5.646259382451,
    14.974639682838));
#528 = CARTESIAN_POINT('',(-37.62837154384,5.318197093514,15.09681280735
    ));
#529 = CARTESIAN_POINT('',(-37.67451989152,4.983872291223,
    15.211436519451));
#530 = CARTESIAN_POINT('',(-37.71776393777,4.643587243381,
    15.318063459108));
#531 = CARTESIAN_POINT('',(-37.75784398113,4.297664192313,15.41627152986
    ));
#532 = CARTESIAN_POINT('',(-37.81558831515,3.744655334407,
    15.557021353236));
#533 = CARTESIAN_POINT('',(-37.83553250671,3.541136779946,
    15.605464697893));
#534 = CARTESIAN_POINT('',(-37.85430054689,3.33599378753,15.650908327353
    ));
#535 = CARTESIAN_POINT('',(-37.87184659704,3.129332393239,
    15.693274931767));
#536 = CARTESIAN_POINT('',(-37.88812871623,2.921260602805,
    15.732494074297));
#537 = CARTESIAN_POINT('',(-37.93473233054,2.269898300453,
    15.844516246414));
#538 = CARTESIAN_POINT('',(-37.96056126245,1.82201114912,15.906237766633
    ));
#539 = CARTESIAN_POINT('',(-37.980206605,1.369637611121,15.952991637424)
  );
#540 = CARTESIAN_POINT('',(-37.99339988568,0.914208340026,
    15.984324102423));
#541 = CARTESIAN_POINT('',(-38.,0.457173117277,16.));
#542 = CARTESIAN_POINT('',(-38.,-0.45530778224,16.));
#543 = CARTESIAN_POINT('',(-37.99345363306,-0.910487620551,
    15.984451759652));
#544 = CARTESIAN_POINT('',(-37.98036729352,-1.364085425122,
    15.95337325293));
#545 = CARTESIAN_POINT('',(-37.9608797158,-1.814665273239,
    15.906995643618));
#546 = CARTESIAN_POINT('',(-37.93525533287,-2.260810041132,
    15.845766001709));
#547 = CARTESIAN_POINT('',(-37.88872817734,-2.913708942689,
    15.733938451404));
#548 = CARTESIAN_POINT('',(-37.87223582466,-3.124959899014,
    15.694215993353));
#549 = CARTESIAN_POINT('',(-37.85444025695,-3.334759825145,
    15.651248936159));
#550 = CARTESIAN_POINT('',(-37.83538529564,-3.542995717136,
    15.605110873212));
#551 = CARTESIAN_POINT('',(-37.81511890343,-3.749556646746,
    15.555882700801));
#552 = CARTESIAN_POINT('',(-37.75679692031,-4.306971187062,
    15.413709550371));
#553 = CARTESIAN_POINT('',(-37.7164687476,-4.654259337063,
    15.314879610867));
#554 = CARTESIAN_POINT('',(-37.67295429794,-4.995853066838,
    15.207566445689));
#555 = CARTESIAN_POINT('',(-37.62651676099,-5.33142757581,15.09219771376
    ));
#556 = CARTESIAN_POINT('',(-37.57743292433,-5.660678379357,
    14.96922653548));
#557 = CARTESIAN_POINT('',(-37.39625476294,-6.796985358503,
    14.511053557541));
#558 = CARTESIAN_POINT('',(-37.25164421476,-7.567793968114,
    14.138011963481));
#559 = CARTESIAN_POINT('',(-37.09619460052,-8.295203958572,
    13.726326251377));
#560 = CARTESIAN_POINT('',(-36.93363973587,-8.979275200554,
    13.281486456866));
#561 = CARTESIAN_POINT('',(-36.7672828412,-9.620489540563,
    12.808295657367));
#562 = CARTESIAN_POINT('',(-36.5999994,-10.2195911816,12.310968933473));
#563 = PCURVE('',#31,#564);
#564 = DEFINITIONAL_REPRESENTATION('',(#565),#608);
#565 = B_SPLINE_CURVE_WITH_KNOTS('',6,(#566,#567,#568,#569,#570,#571,
    #572,#573,#574,#575,#576,#577,#578,#579,#580,#581,#582,#583,#584,
    #585,#586,#587,#588,#589,#590,#591,#592,#593,#594,#595,#596,#597,
    #598,#599,#600,#601,#602,#603,#604,#605,#606,#607),.UNSPECIFIED.,.F.
  ,.F.,(7,5,5,5,5,5,5,5,7),(0.,0.238433612276,0.332274013688,
    0.386189290657,0.500005818875,0.613357958549,0.668085472337,
    0.762329253448,1.),.UNSPECIFIED.);
#566 = CARTESIAN_POINT('',(2.869303858675,82.310968933465));
#567 = CARTESIAN_POINT('',(2.885724776495,82.809876158621));
#568 = CARTESIAN_POINT('',(2.903213479403,83.284499619652));
#569 = CARTESIAN_POINT('',(2.921776350607,83.730578526729));
#570 = CARTESIAN_POINT('',(2.941415076057,84.143258495294));
#571 = CARTESIAN_POINT('',(2.962124921433,84.516991227175));
#572 = CARTESIAN_POINT('',(2.992460360064,84.974639682838));
#573 = CARTESIAN_POINT('',(3.001188046547,85.09681280735));
#574 = CARTESIAN_POINT('',(3.010068747731,85.211436519451));
#575 = CARTESIAN_POINT('',(3.019094825842,85.318063459108));
#576 = CARTESIAN_POINT('',(3.028258377159,85.41627152986));
#577 = CARTESIAN_POINT('',(3.042890363263,85.557021353236));
#578 = CARTESIAN_POINT('',(3.04827166047,85.605464697893));
#579 = CARTESIAN_POINT('',(3.053692535947,85.650908327353));
#580 = CARTESIAN_POINT('',(3.059150383243,85.693274931767));
#581 = CARTESIAN_POINT('',(3.064642572919,85.732494074297));
#582 = CARTESIAN_POINT('',(3.081827503705,85.844516246414));
#583 = CARTESIAN_POINT('',(3.09363246343,85.906237766633));
#584 = CARTESIAN_POINT('',(3.105546422547,85.952991637424));
#585 = CARTESIAN_POINT('',(3.117534540539,85.984324102423));
#586 = CARTESIAN_POINT('',(3.129561782083,86.));
#587 = CARTESIAN_POINT('',(3.153574437333,86.));
#588 = CARTESIAN_POINT('',(3.165552852989,85.984451759652));
#589 = CARTESIAN_POINT('',(3.177492736222,85.95337325293));
#590 = CARTESIAN_POINT('',(3.189359379146,85.906995643618));
#591 = CARTESIAN_POINT('',(3.201118265878,85.845766001709));
#592 = CARTESIAN_POINT('',(3.218343387483,85.733938451404));
#593 = CARTESIAN_POINT('',(3.223919410369,85.694215993353));
#594 = CARTESIAN_POINT('',(3.229460101865,85.651248936159));
#595 = CARTESIAN_POINT('',(3.234962711085,85.605110873212));
#596 = CARTESIAN_POINT('',(3.240424511143,85.555882700801));
#597 = CARTESIAN_POINT('',(3.25517338836,85.413709550371));
#598 = CARTESIAN_POINT('',(3.264373369212,85.314879610868));
#599 = CARTESIAN_POINT('',(3.273434499459,85.207566445689));
#600 = CARTESIAN_POINT('',(3.282348811549,85.09219771376));
#601 = CARTESIAN_POINT('',(3.291108608647,84.96922653548));
#602 = CARTESIAN_POINT('',(3.321389142297,84.511053557541));
#603 = CARTESIAN_POINT('',(3.342019754712,84.138011963481));
#604 = CARTESIAN_POINT('',(3.36158581656,83.726326251377));
#605 = CARTESIAN_POINT('',(3.380082813087,83.281486456866));
#606 = CARTESIAN_POINT('',(3.39751255094,82.808295657367));
#607 = CARTESIAN_POINT('',(3.413881448504,82.310968933473));
#608 = ( GEOMETRIC_REPRESENTATION_CONTEXT(2) 
PARAMETRIC_REPRESENTATION_CONTEXT() REPRESENTATION_CONTEXT('2D SPACE',''
  ) );
#609 = PCURVE('',#610,#615);
#610 = CYLINDRICAL_SURFACE('',#611,16.);
#611 = AXIS2_PLACEMENT_3D('',#612,#613,#614);
#612 = CARTESIAN_POINT('',(-39.6,0.,-3.330669073875E-16));
#613 = DIRECTION('',(1.,0.,2.22044604925E-16));
#614 = DIRECTION('',(2.22044604925E-16,0.,-1.));
#615 = DEFINITIONAL_REPRESENTATION('',(#616),#659);
#616 = B_SPLINE_CURVE_WITH_KNOTS('',6,(#617,#618,#619,#620,#621,#622,
    #623,#624,#625,#626,#627,#628,#629,#630,#631,#632,#633,#634,#635,
    #636,#637,#638,#639,#640,#641,#642,#643,#644,#645,#646,#647,#648,
    #649,#650,#651,#652,#653,#654,#655,#656,#657,#658),.UNSPECIFIED.,.F.
  ,.F.,(7,5,5,5,5,5,5,5,7),(0.,0.238433612276,0.332274013688,
    0.386189290657,0.500005818875,0.613357958549,0.668085472337,
    0.762329253448,1.),.UNSPECIFIED.);
#617 = CARTESIAN_POINT('',(2.448753306126,3.0000006));
#618 = CARTESIAN_POINT('',(2.497572012891,2.832185533053));
#619 = CARTESIAN_POINT('',(2.547459738176,2.665300954193));
#620 = CARTESIAN_POINT('',(2.598491679063,2.50225135844));
#621 = CARTESIAN_POINT('',(2.650752812493,2.346374353866));
#622 = CARTESIAN_POINT('',(2.704338550867,2.20144302663));
#623 = CARTESIAN_POINT('',(2.781025140917,2.020407898687));
#624 = CARTESIAN_POINT('',(2.802897464271,1.971628456156));
#625 = CARTESIAN_POINT('',(2.824975248796,1.925480108472));
#626 = CARTESIAN_POINT('',(2.847250628276,1.882236062225));
#627 = CARTESIAN_POINT('',(2.869716796435,1.84215601887));
#628 = CARTESIAN_POINT('',(2.905381758106,1.784411684845));
#629 = CARTESIAN_POINT('',(2.918455458283,1.764467493286));
#630 = CARTESIAN_POINT('',(2.931585287468,1.745699453103));
#631 = CARTESIAN_POINT('',(2.944767766589,1.728153402956));
#632 = CARTESIAN_POINT('',(2.957999550042,1.711871283764));
#633 = CARTESIAN_POINT('',(2.999307360667,1.665267669455));
#634 = CARTESIAN_POINT('',(3.027549124674,1.63943873755));
#635 = CARTESIAN_POINT('',(3.055948312456,1.619793394997));
#636 = CARTESIAN_POINT('',(3.084454631086,1.606600114315));
#637 = CARTESIAN_POINT('',(3.11301933376,1.6));
#638 = CARTESIAN_POINT('',(3.17004938998,1.6));
#639 = CARTESIAN_POINT('',(3.198498131116,1.606546366932));
#640 = CARTESIAN_POINT('',(3.226889471242,1.619632706476));
#641 = CARTESIAN_POINT('',(3.255175027835,1.639120284199));
#642 = CARTESIAN_POINT('',(3.283304903101,1.664744667124));
#643 = CARTESIAN_POINT('',(3.324705309607,1.71127182266));
#644 = CARTESIAN_POINT('',(3.338138101506,1.727764175331));
#645 = CARTESIAN_POINT('',(3.351520164925,1.74555974305));
#646 = CARTESIAN_POINT('',(3.364848000988,1.764614704355));
#647 = CARTESIAN_POINT('',(3.378117968184,1.784881096564));
#648 = CARTESIAN_POINT('',(3.414071723989,1.843203079683));
#649 = CARTESIAN_POINT('',(3.436630480227,1.883531252397));
#650 = CARTESIAN_POINT('',(3.458996591546,1.927045702059));
#651 = CARTESIAN_POINT('',(3.481163231786,1.973483239003));
#652 = CARTESIAN_POINT('',(3.50312249869,2.022567075668));
#653 = CARTESIAN_POINT('',(3.579697523905,2.203745237051));
#654 = CARTESIAN_POINT('',(3.633096598296,2.348355785221));
#655 = CARTESIAN_POINT('',(3.685179910283,2.503805399501));
#656 = CARTESIAN_POINT('',(3.736042205115,2.666360264095));
#657 = CARTESIAN_POINT('',(3.785767948347,2.832717158798));
#658 = CARTESIAN_POINT('',(3.834432001053,3.0000006));
#659 = ( GEOMETRIC_REPRESENTATION_CONTEXT(2) 
PARAMETRIC_REPRESENTATION_CONTEXT() REPRESENTATION_CONTEXT('2D SPACE',''
  ) );
#660 = ORIENTED_EDGE('',*,*,#661,.F.);
#661 = EDGE_CURVE('',#662,#517,#664,.T.);
#662 = VERTEX_POINT('',#663);
#663 = CARTESIAN_POINT('',(-36.6,-10.21958888621,6.28967427329));
#664 = SURFACE_CURVE('',#665,(#669,#675),.PCURVE_S1.);
#665 = LINE('',#666,#667);
#666 = CARTESIAN_POINT('',(-36.6,-10.21958903283,-70.));
#667 = VECTOR('',#668,1.);
#668 = DIRECTION('',(0.,0.,1.));
#669 = PCURVE('',#31,#670);
#670 = DEFINITIONAL_REPRESENTATION('',(#671),#674);
#671 = B_SPLINE_CURVE_WITH_KNOTS('',1,(#672,#673),.UNSPECIFIED.,.F.,.F.,
  (2,2),(50.8,89.2),.PIECEWISE_BEZIER_KNOTS.);
#672 = CARTESIAN_POINT('',(3.413881389795,50.8));
#673 = CARTESIAN_POINT('',(3.413881389795,89.2));
#674 = ( GEOMETRIC_REPRESENTATION_CONTEXT(2) 
PARAMETRIC_REPRESENTATION_CONTEXT() REPRESENTATION_CONTEXT('2D SPACE',''
  ) );
#675 = PCURVE('',#505,#676);
#676 = DEFINITIONAL_REPRESENTATION('',(#677),#680);
#677 = B_SPLINE_CURVE_WITH_KNOTS('',1,(#678,#679),.UNSPECIFIED.,.F.,.F.,
  (2,2),(50.8,89.2),.PIECEWISE_BEZIER_KNOTS.);
#678 = CARTESIAN_POINT('',(19.2,-10.21958903283));
#679 = CARTESIAN_POINT('',(-19.2,-10.21958903283));
#680 = ( GEOMETRIC_REPRESENTATION_CONTEXT(2) 
PARAMETRIC_REPRESENTATION_CONTEXT() REPRESENTATION_CONTEXT('2D SPACE',''
  ) );
#681 = ORIENTED_EDGE('',*,*,#682,.T.);
#682 = EDGE_CURVE('',#662,#683,#685,.T.);
#683 = VERTEX_POINT('',#684);
#684 = CARTESIAN_POINT('',(-36.6,-10.21958902393,-6.289674085682));
#685 = SURFACE_CURVE('',#686,(#799,#915),.PCURVE_S1.);
#686 = B_SPLINE_CURVE_WITH_KNOTS('',6,(#687,#688,#689,#690,#691,#692,
    #693,#694,#695,#696,#697,#698,#699,#700,#701,#702,#703,#704,#705,
    #706,#707,#708,#709,#710,#711,#712,#713,#714,#715,#716,#717,#718,
    #719,#720,#721,#722,#723,#724,#725,#726,#727,#728,#729,#730,#731,
    #732,#733,#734,#735,#736,#737,#738,#739,#740,#741,#742,#743,#744,
    #745,#746,#747,#748,#749,#750,#751,#752,#753,#754,#755,#756,#757,
    #758,#759,#760,#761,#762,#763,#764,#765,#766,#767,#768,#769,#770,
    #771,#772,#773,#774,#775,#776,#777,#778,#779,#780,#781,#782,#783,
    #784,#785,#786,#787,#788,#789,#790,#791,#792,#793,#794,#795,#796,
    #797,#798),.UNSPECIFIED.,.T.,.F.,(7,5,5,5,5,5,5,5,5,5,5,5,5,5,5,5,5,
    5,5,5,5,5,7),(0.,4.122489982844E-02,6.799793403574E-02,0.1037151071,
    0.157690659686,0.250082381599,0.320881698035,0.367241248004,
    0.396412524725,0.432114375321,0.472379041596,0.500056794679,
    0.541270165186,0.568035711802,0.603742895875,0.657703349734,
    0.750069232893,0.820848749528,0.867195334545,0.896358453202,
    0.932050319388,0.958804383955,1.),.UNSPECIFIED.);
#687 = CARTESIAN_POINT('',(-38.,0.,-12.));
#688 = CARTESIAN_POINT('',(-38.,0.635988523806,-12.));
#689 = CARTESIAN_POINT('',(-37.98722695591,1.27072633173,-11.95955174739
    ));
#690 = CARTESIAN_POINT('',(-37.96177470993,1.898373379335,
    -11.87895428108));
#691 = CARTESIAN_POINT('',(-37.92448806087,2.513162136384,
    -11.75995607872));
#692 = CARTESIAN_POINT('',(-37.87693092314,3.109617118354,
    -11.60572870029));
#693 = CARTESIAN_POINT('',(-37.78487672016,4.054991553432,
    -11.30088499035));
#694 = CARTESIAN_POINT('',(-37.74510389667,4.417874637106,
    -11.16779900029));
#695 = CARTESIAN_POINT('',(-37.7022501912,4.770917292648,-11.02256733039
    ));
#696 = CARTESIAN_POINT('',(-37.65677908368,5.113685422117,
    -10.86611989291));
#697 = CARTESIAN_POINT('',(-37.60915778392,5.445808861224,
    -10.69940633697));
#698 = CARTESIAN_POINT('',(-37.49405732418,6.195448116002,
    -10.28859274633));
#699 = CARTESIAN_POINT('',(-37.42524039049,6.604544199467,
    -10.03718059157));
#700 = CARTESIAN_POINT('',(-37.35436056593,6.994302056571,
    -9.771026201673));
#701 = CARTESIAN_POINT('',(-37.28229685924,7.364870173751,
    -9.491789115505));
#702 = CARTESIAN_POINT('',(-37.20983715439,7.716480599128,-9.20094825016
    ));
#703 = CARTESIAN_POINT('',(-37.02862354194,8.552547659433,
    -8.444770234681));
#704 = CARTESIAN_POINT('',(-36.92019504714,9.013292042362,
    -7.965999005611));
#705 = CARTESIAN_POINT('',(-36.81470034266,9.432959708713,
    -7.467651112951));
#706 = CARTESIAN_POINT('',(-36.71398009226,9.812913367063,
    -6.952941410141));
#707 = CARTESIAN_POINT('',(-36.61950029914,10.154419791976,
    -6.424357247091));
#708 = CARTESIAN_POINT('',(-36.38343774153,10.979006712104,
    -4.958661344365));
#709 = CARTESIAN_POINT('',(-36.25613313306,11.390058837651,
    -3.998189561708));
#710 = CARTESIAN_POINT('',(-36.15682013939,11.695606738775,
    -3.01402231864));
#711 = CARTESIAN_POINT('',(-36.08931086361,11.898449878141,
    -2.01475470556));
#712 = CARTESIAN_POINT('',(-36.05551275464,12.,-1.007723229951));
#713 = CARTESIAN_POINT('',(-36.05551275464,12.,0.772213293145));
#714 = CARTESIAN_POINT('',(-36.07535934049,11.940368452243,
    1.544247203995));
#715 = CARTESIAN_POINT('',(-36.11503470945,11.821158646024,
    2.312763134301));
#716 = CARTESIAN_POINT('',(-36.17386928192,11.641914845237,3.07438305156
    ));
#717 = CARTESIAN_POINT('',(-36.25052262268,11.401737081504,
    3.825370611171));
#718 = CARTESIAN_POINT('',(-36.4033692046,10.901265370345,5.043198555357
    ));
#719 = CARTESIAN_POINT('',(-36.47058864523,10.676530778146,
    5.518648013858));
#720 = CARTESIAN_POINT('',(-36.54397809743,10.4246479412,5.986595509051)
  );
#721 = CARTESIAN_POINT('',(-36.62284221163,10.145036095588,
    6.445797472572));
#722 = CARTESIAN_POINT('',(-36.7063253851,9.837018470768,6.894751773523)
  );
#723 = CARTESIAN_POINT('',(-36.8481558603,9.287702622566,7.606520768603)
  );
#724 = CARTESIAN_POINT('',(-36.9043499428,9.063995885739,7.8766506791));
#725 = CARTESIAN_POINT('',(-36.96170587023,8.828526920645,8.141584624598
    ));
#726 = CARTESIAN_POINT('',(-37.019934954,8.581083692123,8.400820654608)
  );
#727 = CARTESIAN_POINT('',(-37.07871237204,8.321452321897,8.653783628488
    ));
#728 = CARTESIAN_POINT('',(-37.20983715439,7.716480599127,9.200948250161
    ));
#729 = CARTESIAN_POINT('',(-37.28229685924,7.364870173752,9.491789115505
    ));
#730 = CARTESIAN_POINT('',(-37.35436056593,6.994302056572,9.771026201672
    ));
#731 = CARTESIAN_POINT('',(-37.42524039049,6.604544199468,
    10.037180591572));
#732 = CARTESIAN_POINT('',(-37.49405732418,6.195448116001,
    10.288592746333));
#733 = CARTESIAN_POINT('',(-37.6340397957,5.283754488794,10.788214571323
    ));
#734 = CARTESIAN_POINT('',(-37.70450913157,4.775060693064,
    11.032362365021));
#735 = CARTESIAN_POINT('',(-37.76958159313,4.242392114796,
    11.252102892144));
#736 = CARTESIAN_POINT('',(-37.8275754722,3.687630974717,11.444016395017
    ));
#737 = CARTESIAN_POINT('',(-37.87692014187,3.113012269606,
    11.604986403367));
#738 = CARTESIAN_POINT('',(-37.94333206422,2.114199801443,
    11.819617633033));
#739 = CARTESIAN_POINT('',(-37.9656433829,1.699500364997,11.891015232454
    ));
#740 = CARTESIAN_POINT('',(-37.98272653085,1.278811413638,
    11.945303327577));
#741 = CARTESIAN_POINT('',(-37.9942396312,0.85403386902,11.98175738073)
  );
#742 = CARTESIAN_POINT('',(-38.,0.427112199367,12.));
#743 = CARTESIAN_POINT('',(-38.,-0.635988523642,12.));
#744 = CARTESIAN_POINT('',(-37.98722695592,-1.270726331774,
    11.959551747419));
#745 = CARTESIAN_POINT('',(-37.96177470992,-1.898373379493,
    11.878954281061));
#746 = CARTESIAN_POINT('',(-37.92448806086,-2.513162136429,
    11.759956078687));
#747 = CARTESIAN_POINT('',(-37.87693092315,-3.109617118197,
    11.605728700347));
#748 = CARTESIAN_POINT('',(-37.78487672016,-4.054991553432,
    11.300884990351));
#749 = CARTESIAN_POINT('',(-37.74510389667,-4.417874637107,
    11.167799000297));
#750 = CARTESIAN_POINT('',(-37.7022501912,-4.770917292648,
    11.022567330392));
#751 = CARTESIAN_POINT('',(-37.65677908368,-5.113685422117,
    10.866119892914));
#752 = CARTESIAN_POINT('',(-37.60915778392,-5.445808861224,
    10.699406336972));
#753 = CARTESIAN_POINT('',(-37.49405732418,-6.195448116,10.288592746333)
  );
#754 = CARTESIAN_POINT('',(-37.42524039049,-6.604544199468,
    10.037180591572));
#755 = CARTESIAN_POINT('',(-37.35436056593,-6.994302056572,
    9.771026201671));
#756 = CARTESIAN_POINT('',(-37.28229685924,-7.364870173751,
    9.491789115505));
#757 = CARTESIAN_POINT('',(-37.20983715439,-7.716480599126,
    9.200948250162));
#758 = CARTESIAN_POINT('',(-37.02862354887,-8.55254762744,8.444770263617
    ));
#759 = CARTESIAN_POINT('',(-36.92019503692,-9.013292084935,
    7.965998955423));
#760 = CARTESIAN_POINT('',(-36.81470034198,-9.432959714671,
    7.467651115329));
#761 = CARTESIAN_POINT('',(-36.71398010216,-9.812913327306,
    6.952941461442));
#762 = CARTESIAN_POINT('',(-36.61950029365,-10.15441981114,
    6.424357213011));
#763 = CARTESIAN_POINT('',(-36.38343774086,-10.97900671441,
    4.958661340263));
#764 = CARTESIAN_POINT('',(-36.25613313463,-11.39005883223,
    3.998189575291));
#765 = CARTESIAN_POINT('',(-36.15682013785,-11.69560674403,
    3.014022299131));
#766 = CARTESIAN_POINT('',(-36.08931086421,-11.8984498761,2.014754719618
    ));
#767 = CARTESIAN_POINT('',(-36.05551275464,-12.,1.007723225528));
#768 = CARTESIAN_POINT('',(-36.05551275464,-12.,-0.772213293103));
#769 = CARTESIAN_POINT('',(-36.07535934049,-11.94036845224,
    -1.544247204062));
#770 = CARTESIAN_POINT('',(-36.11503470945,-11.821158646,-2.312763134299
    ));
#771 = CARTESIAN_POINT('',(-36.17386928191,-11.64191484526,
    -3.074383051497));
#772 = CARTESIAN_POINT('',(-36.25052262269,-11.40173708148,
    -3.825370611211));
#773 = CARTESIAN_POINT('',(-36.4033692046,-10.90126537034,
    -5.043198555358));
#774 = CARTESIAN_POINT('',(-36.47058864523,-10.67653077814,
    -5.518648013857));
#775 = CARTESIAN_POINT('',(-36.54397809743,-10.4246479412,-5.98659550905
    ));
#776 = CARTESIAN_POINT('',(-36.62284221163,-10.14503609558,
    -6.445797472572));
#777 = CARTESIAN_POINT('',(-36.7063253851,-9.837018470767,
    -6.894751773524));
#778 = CARTESIAN_POINT('',(-36.8481558603,-9.287702622566,
    -7.606520768603));
#779 = CARTESIAN_POINT('',(-36.9043499428,-9.063995885738,-7.8766506791)
  );
#780 = CARTESIAN_POINT('',(-36.96170587023,-8.828526920645,
    -8.141584624598));
#781 = CARTESIAN_POINT('',(-37.019934954,-8.581083692123,-8.400820654608
    ));
#782 = CARTESIAN_POINT('',(-37.07871237204,-8.321452321897,
    -8.653783628488));
#783 = CARTESIAN_POINT('',(-37.20983715439,-7.716480599132,
    -9.200948250157));
#784 = CARTESIAN_POINT('',(-37.28229685924,-7.364870173751,
    -9.491789115506));
#785 = CARTESIAN_POINT('',(-37.35436056593,-6.994302056566,
    -9.771026201676));
#786 = CARTESIAN_POINT('',(-37.42524039049,-6.604544199466,
    -10.03718059157));
#787 = CARTESIAN_POINT('',(-37.49405732418,-6.195448116006,
    -10.28859274633));
#788 = CARTESIAN_POINT('',(-37.60915778392,-5.445808861224,
    -10.69940633697));
#789 = CARTESIAN_POINT('',(-37.65677908368,-5.113685422117,
    -10.86611989291));
#790 = CARTESIAN_POINT('',(-37.7022501912,-4.770917292648,
    -11.02256733039));
#791 = CARTESIAN_POINT('',(-37.74510389667,-4.417874637107,
    -11.16779900029));
#792 = CARTESIAN_POINT('',(-37.78487672016,-4.054991553432,
    -11.30088499035));
#793 = CARTESIAN_POINT('',(-37.87693082223,-3.109618154661,
    -11.60572836613));
#794 = CARTESIAN_POINT('',(-37.92448805372,-2.513162600614,
    -11.75995606734));
#795 = CARTESIAN_POINT('',(-37.96177481619,-1.898372349007,
    -11.87895461915));
#796 = CARTESIAN_POINT('',(-37.98722705988,-1.270723880857,
    -11.95955207622));
#797 = CARTESIAN_POINT('',(-38.,-0.635985935363,-12.));
#798 = CARTESIAN_POINT('',(-38.,0.,-12.));
#799 = PCURVE('',#31,#800);
#800 = DEFINITIONAL_REPRESENTATION('',(#801),#914);
#801 = B_SPLINE_CURVE_WITH_KNOTS('',6,(#802,#803,#804,#805,#806,#807,
    #808,#809,#810,#811,#812,#813,#814,#815,#816,#817,#818,#819,#820,
    #821,#822,#823,#824,#825,#826,#827,#828,#829,#830,#831,#832,#833,
    #834,#835,#836,#837,#838,#839,#840,#841,#842,#843,#844,#845,#846,
    #847,#848,#849,#850,#851,#852,#853,#854,#855,#856,#857,#858,#859,
    #860,#861,#862,#863,#864,#865,#866,#867,#868,#869,#870,#871,#872,
    #873,#874,#875,#876,#877,#878,#879,#880,#881,#882,#883,#884,#885,
    #886,#887,#888,#889,#890,#891,#892,#893,#894,#895,#896,#897,#898,
    #899,#900,#901,#902,#903,#904,#905,#906,#907,#908,#909,#910,#911,
    #912,#913),.UNSPECIFIED.,.T.,.F.,(7,5,5,5,5,5,5,5,5,5,5,5,5,5,5,5,5,
    5,5,5,5,5,7),(0.,4.122489982844E-02,6.799793403574E-02,0.1037151071,
    0.157690659686,0.250082381599,0.320881698035,0.367241248004,
    0.396412524725,0.432114375321,0.472379041596,0.500056794679,
    0.541270165186,0.568035711802,0.603742895875,0.657703349734,
    0.750069232893,0.820848749528,0.867195334545,0.896358453202,
    0.932050319388,0.958804383955,1.),.UNSPECIFIED.);
#802 = CARTESIAN_POINT('',(3.14159265359,58.));
#803 = CARTESIAN_POINT('',(3.12485611349,58.));
#804 = CARTESIAN_POINT('',(3.108152484201,58.040448252601));
#805 = CARTESIAN_POINT('',(3.091627031867,58.121045718915));
#806 = CARTESIAN_POINT('',(3.075423191697,58.240043921278));
#807 = CARTESIAN_POINT('',(3.05967960299,58.394271299703));
#808 = CARTESIAN_POINT('',(3.034683664278,58.699115009649));
#809 = CARTESIAN_POINT('',(3.025077627047,58.832200999703));
#810 = CARTESIAN_POINT('',(3.01571975222,58.977432669608));
#811 = CARTESIAN_POINT('',(3.006621296632,59.133880107087));
#812 = CARTESIAN_POINT('',(2.997792254145,59.300593663028));
#813 = CARTESIAN_POINT('',(2.977833724978,59.711407253668));
#814 = CARTESIAN_POINT('',(2.966917899337,59.962819408428));
#815 = CARTESIAN_POINT('',(2.956494171216,60.228973798327));
#816 = CARTESIAN_POINT('',(2.946560664297,60.508210884495));
#817 = CARTESIAN_POINT('',(2.937113814355,60.79905174984));
#818 = CARTESIAN_POINT('',(2.914601175512,61.555229765319));
#819 = CARTESIAN_POINT('',(2.902147028644,62.034000994389));
#820 = CARTESIAN_POINT('',(2.890761267865,62.532348887049));
#821 = CARTESIAN_POINT('',(2.880418063046,63.047058589859));
#822 = CARTESIAN_POINT('',(2.871093854141,63.575642752909));
#823 = CARTESIAN_POINT('',(2.848522497302,65.041338655635));
#824 = CARTESIAN_POINT('',(2.837201052128,66.001810438292));
#825 = CARTESIAN_POINT('',(2.828746385477,66.98597768136));
#826 = CARTESIAN_POINT('',(2.823120565635,67.98524529444));
#827 = CARTESIAN_POINT('',(2.820304064325,68.992276770049));
#828 = CARTESIAN_POINT('',(2.820304064325,70.772213293145));
#829 = CARTESIAN_POINT('',(2.821957946585,71.544247203995));
#830 = CARTESIAN_POINT('',(2.825264228347,72.312763134301));
#831 = CARTESIAN_POINT('',(2.83022873809,73.074383051561));
#832 = CARTESIAN_POINT('',(2.836862777728,73.825370611171));
#833 = CARTESIAN_POINT('',(2.850633607111,75.043198555357));
#834 = CARTESIAN_POINT('',(2.856806450029,75.518648013858));
#835 = CARTESIAN_POINT('',(2.86371030265,75.986595509051));
#836 = CARTESIAN_POINT('',(2.87135506674,76.445797472572));
#837 = CARTESIAN_POINT('',(2.879752639707,76.894751773523));
#838 = CARTESIAN_POINT('',(2.894682387123,77.606520768603));
#839 = CARTESIAN_POINT('',(2.900752166714,77.8766506791));
#840 = CARTESIAN_POINT('',(2.907129640506,78.141584624598));
#841 = CARTESIAN_POINT('',(2.913818834322,78.400820654608));
#842 = CARTESIAN_POINT('',(2.920823841276,78.653783628488));
#843 = CARTESIAN_POINT('',(2.937113814355,79.200948250161));
#844 = CARTESIAN_POINT('',(2.946560664297,79.491789115505));
#845 = CARTESIAN_POINT('',(2.956494171216,79.771026201672));
#846 = CARTESIAN_POINT('',(2.966917899337,80.037180591572));
#847 = CARTESIAN_POINT('',(2.977833724978,80.288592746333));
#848 = CARTESIAN_POINT('',(3.002106818648,80.788214571323));
#849 = CARTESIAN_POINT('',(3.015619891995,81.032362365021));
#850 = CARTESIAN_POINT('',(3.029738793273,81.252102892144));
#851 = CARTESIAN_POINT('',(3.04441375253,81.444016395017));
#852 = CARTESIAN_POINT('',(3.059588116173,81.604986403367));
#853 = CARTESIAN_POINT('',(3.085930693197,81.819617633033));
#854 = CARTESIAN_POINT('',(3.096858747447,81.891015232454));
#855 = CARTESIAN_POINT('',(3.107937162628,81.945303327577));
#856 = CARTESIAN_POINT('',(3.119118080089,81.98175738073));
#857 = CARTESIAN_POINT('',(3.13035285887,82.));
#858 = CARTESIAN_POINT('',(3.158329193686,82.));
#859 = CARTESIAN_POINT('',(3.17503282298,81.959551747419));
#860 = CARTESIAN_POINT('',(3.191558275317,81.878954281061));
#861 = CARTESIAN_POINT('',(3.207762115484,81.759956078687));
#862 = CARTESIAN_POINT('',(3.223505704186,81.605728700347));
#863 = CARTESIAN_POINT('',(3.248501642901,81.300884990351));
#864 = CARTESIAN_POINT('',(3.258107680133,81.167799000297));
#865 = CARTESIAN_POINT('',(3.267465554959,81.022567330392));
#866 = CARTESIAN_POINT('',(3.276564010548,80.866119892914));
#867 = CARTESIAN_POINT('',(3.285393053034,80.699406336972));
#868 = CARTESIAN_POINT('',(3.305351582201,80.288592746333));
#869 = CARTESIAN_POINT('',(3.316267407843,80.037180591572));
#870 = CARTESIAN_POINT('',(3.326691135963,79.771026201671));
#871 = CARTESIAN_POINT('',(3.336624642883,79.491789115505));
#872 = CARTESIAN_POINT('',(3.346071492825,79.200948250162));
#873 = CARTESIAN_POINT('',(3.368584130806,78.444770263617));
#874 = CARTESIAN_POINT('',(3.381038279689,77.965998955423));
#875 = CARTESIAN_POINT('',(3.392424039472,77.467651115329));
#876 = CARTESIAN_POINT('',(3.402767243055,76.952941461442));
#877 = CARTESIAN_POINT('',(3.412091453563,76.424357213011));
#878 = CARTESIAN_POINT('',(3.434662809941,74.958661340263));
#879 = CARTESIAN_POINT('',(3.445984254903,73.998189575291));
#880 = CARTESIAN_POINT('',(3.454438921847,73.014022299131));
#881 = CARTESIAN_POINT('',(3.460064741488,72.014754719618));
#882 = CARTESIAN_POINT('',(3.462881242855,71.007723225528));
#883 = CARTESIAN_POINT('',(3.462881242855,69.227786706897));
#884 = CARTESIAN_POINT('',(3.461227360595,68.455752795938));
#885 = CARTESIAN_POINT('',(3.457921078832,67.687236865701));
#886 = CARTESIAN_POINT('',(3.452956569091,66.925616948503));
#887 = CARTESIAN_POINT('',(3.446322529451,66.174629388789));
#888 = CARTESIAN_POINT('',(3.432551700069,64.956801444642));
#889 = CARTESIAN_POINT('',(3.426378857151,64.481351986143));
#890 = CARTESIAN_POINT('',(3.41947500453,64.01340449095));
#891 = CARTESIAN_POINT('',(3.411830240439,63.554202527428));
#892 = CARTESIAN_POINT('',(3.403432667472,63.105248226476));
#893 = CARTESIAN_POINT('',(3.388502920057,62.393479231397));
#894 = CARTESIAN_POINT('',(3.382433140465,62.1233493209));
#895 = CARTESIAN_POINT('',(3.376055666674,61.858415375402));
#896 = CARTESIAN_POINT('',(3.369366472858,61.599179345392));
#897 = CARTESIAN_POINT('',(3.362361465904,61.346216371512));
#898 = CARTESIAN_POINT('',(3.346071492825,60.799051749843));
#899 = CARTESIAN_POINT('',(3.336624642883,60.508210884494));
#900 = CARTESIAN_POINT('',(3.326691135963,60.228973798324));
#901 = CARTESIAN_POINT('',(3.316267407843,59.962819408428));
#902 = CARTESIAN_POINT('',(3.305351582202,59.71140725367));
#903 = CARTESIAN_POINT('',(3.285393053034,59.300593663028));
#904 = CARTESIAN_POINT('',(3.276564010548,59.133880107087));
#905 = CARTESIAN_POINT('',(3.267465554959,58.977432669608));
#906 = CARTESIAN_POINT('',(3.258107680133,58.832200999703));
#907 = CARTESIAN_POINT('',(3.248501642901,58.699115009649));
#908 = CARTESIAN_POINT('',(3.22350573159,58.394271633869));
#909 = CARTESIAN_POINT('',(3.207762127659,58.240043932652));
#910 = CARTESIAN_POINT('',(3.191558248093,58.121045380848));
#911 = CARTESIAN_POINT('',(3.175032758483,58.040447923774));
#912 = CARTESIAN_POINT('',(3.158329125573,58.));
#913 = CARTESIAN_POINT('',(3.14159265359,58.));
#914 = ( GEOMETRIC_REPRESENTATION_CONTEXT(2) 
PARAMETRIC_REPRESENTATION_CONTEXT() REPRESENTATION_CONTEXT('2D SPACE',''
  ) );
#915 = PCURVE('',#369,#916);
#916 = DEFINITIONAL_REPRESENTATION('',(#917),#1030);
#917 = B_SPLINE_CURVE_WITH_KNOTS('',6,(#918,#919,#920,#921,#922,#923,
    #924,#925,#926,#927,#928,#929,#930,#931,#932,#933,#934,#935,#936,
    #937,#938,#939,#940,#941,#942,#943,#944,#945,#946,#947,#948,#949,
    #950,#951,#952,#953,#954,#955,#956,#957,#958,#959,#960,#961,#962,
    #963,#964,#965,#966,#967,#968,#969,#970,#971,#972,#973,#974,#975,
    #976,#977,#978,#979,#980,#981,#982,#983,#984,#985,#986,#987,#988,
    #989,#990,#991,#992,#993,#994,#995,#996,#997,#998,#999,#1000,#1001,
    #1002,#1003,#1004,#1005,#1006,#1007,#1008,#1009,#1010,#1011,#1012,
    #1013,#1014,#1015,#1016,#1017,#1018,#1019,#1020,#1021,#1022,#1023,
    #1024,#1025,#1026,#1027,#1028,#1029),.UNSPECIFIED.,.F.,.F.,(7,5,5,5,
    5,5,5,5,5,5,5,5,5,5,5,5,5,5,5,5,5,5,7),(0.,4.122489982844E-02,
    6.799793403574E-02,0.1037151071,0.157690659686,0.250082381599,
    0.320881698035,0.367241248004,0.396412524725,0.432114375321,
    0.472379041596,0.500056794679,0.541270165186,0.568035711802,
    0.603742895875,0.657703349734,0.750069232893,0.820848749528,
    0.867195334545,0.896358453202,0.932050319388,0.958804383955,1.),
  .UNSPECIFIED.);
#918 = CARTESIAN_POINT('',(0.,6.));
#919 = CARTESIAN_POINT('',(5.299904365051E-02,6.));
#920 = CARTESIAN_POINT('',(0.10589385601,6.012773044084));
#921 = CARTESIAN_POINT('',(0.158465768319,6.038225290069));
#922 = CARTESIAN_POINT('',(0.210496695651,6.075511939123));
#923 = CARTESIAN_POINT('',(0.261746990875,6.123069076856));
#924 = CARTESIAN_POINT('',(0.34452272999,6.215123279837));
#925 = CARTESIAN_POINT('',(0.37670732286,6.254896103328));
#926 = CARTESIAN_POINT('',(0.408484363609,6.297749808794));
#927 = CARTESIAN_POINT('',(0.439850240896,6.343220916312));
#928 = CARTESIAN_POINT('',(0.470798161053,6.39084221608));
#929 = CARTESIAN_POINT('',(0.542033628312,6.505942675817));
#930 = CARTESIAN_POINT('',(0.581998739228,6.574759609506));
#931 = CARTESIAN_POINT('',(0.621262378428,6.645639434069));
#932 = CARTESIAN_POINT('',(0.659868423321,6.717703140751));
#933 = CARTESIAN_POINT('',(0.697857073694,6.790162845606));
#934 = CARTESIAN_POINT('',(0.791799037177,6.971376458056));
#935 = CARTESIAN_POINT('',(0.847037987664,7.079804952852));
#936 = CARTESIAN_POINT('',(0.901156769974,7.185299657337));
#937 = CARTESIAN_POINT('',(0.954313306511,7.286019907736));
#938 = CARTESIAN_POINT('',(1.006657351082,7.380499700857));
#939 = CARTESIAN_POINT('',(1.146801326359,7.61656225847));
#940 = CARTESIAN_POINT('',(1.233354854191,7.743866866939));
#941 = CARTESIAN_POINT('',(1.318562820266,7.843179860607));
#942 = CARTESIAN_POINT('',(1.40289983646,7.910689136384));
#943 = CARTESIAN_POINT('',(1.486819390966,7.94448724536));
#944 = CARTESIAN_POINT('',(1.635147434557,7.94448724536));
#945 = CARTESIAN_POINT('',(1.69948363317,7.924640659504));
#946 = CARTESIAN_POINT('',(1.764006108416,7.884965290549));
#947 = CARTESIAN_POINT('',(1.828912801598,7.826130718077));
#948 = CARTESIAN_POINT('',(1.894405625292,7.749477377312));
#949 = CARTESIAN_POINT('',(2.004126762832,7.596630795399));
#950 = CARTESIAN_POINT('',(2.04789226357,7.529411354768));
#951 = CARTESIAN_POINT('',(2.092086975751,7.456021902564));
#952 = CARTESIAN_POINT('',(2.136792141811,7.377157788362));
#953 = CARTESIAN_POINT('',(2.182092698917,7.293674614896));
#954 = CARTESIAN_POINT('',(2.257016873709,7.1518441397));
#955 = CARTESIAN_POINT('',(2.286227486112,7.095650057193));
#956 = CARTESIAN_POINT('',(2.315737818611,7.038294129763));
#957 = CARTESIAN_POINT('',(2.345573233705,6.980065045992));
#958 = CARTESIAN_POINT('',(2.375759894467,6.921287627957));
#959 = CARTESIAN_POINT('',(2.443735579896,6.790162845606));
#960 = CARTESIAN_POINT('',(2.481724230268,6.717703140751));
#961 = CARTESIAN_POINT('',(2.520330275161,6.645639434069));
#962 = CARTESIAN_POINT('',(2.559593914362,6.574759609506));
#963 = CARTESIAN_POINT('',(2.599559025278,6.505942675817));
#964 = CARTESIAN_POINT('',(2.68619392482,6.365960204298));
#965 = CARTESIAN_POINT('',(2.733146524345,6.295490868429));
#966 = CARTESIAN_POINT('',(2.781048228748,6.230418406867));
#967 = CARTESIAN_POINT('',(2.829837469811,6.172424527794));
#968 = CARTESIAN_POINT('',(2.87947192148,6.123079858125));
#969 = CARTESIAN_POINT('',(2.964606329563,6.056667935771));
#970 = CARTESIAN_POINT('',(2.999643339408,6.034356617095));
#971 = CARTESIAN_POINT('',(3.03494387343,6.017273469143));
#972 = CARTESIAN_POINT('',(3.070423163977,6.005760368793));
#973 = CARTESIAN_POINT('',(3.105999970309,6.));
#974 = CARTESIAN_POINT('',(3.194591697227,6.));
#975 = CARTESIAN_POINT('',(3.247486509603,6.012773044077));
#976 = CARTESIAN_POINT('',(3.300058421922,6.038225290077));
#977 = CARTESIAN_POINT('',(3.352089349246,6.075511939134));
#978 = CARTESIAN_POINT('',(3.403339644451,6.123069076841));
#979 = CARTESIAN_POINT('',(3.48611538358,6.215123279837));
#980 = CARTESIAN_POINT('',(3.518299976449,6.254896103328));
#981 = CARTESIAN_POINT('',(3.550077017199,6.297749808794));
#982 = CARTESIAN_POINT('',(3.581442894486,6.343220916312));
#983 = CARTESIAN_POINT('',(3.612390814643,6.39084221608));
#984 = CARTESIAN_POINT('',(3.683626281902,6.505942675817));
#985 = CARTESIAN_POINT('',(3.723591392817,6.574759609506));
#986 = CARTESIAN_POINT('',(3.762855032018,6.645639434069));
#987 = CARTESIAN_POINT('',(3.801461076911,6.717703140751));
#988 = CARTESIAN_POINT('',(3.839449727284,6.790162845606));
#989 = CARTESIAN_POINT('',(3.933391687172,6.971376451122));
#990 = CARTESIAN_POINT('',(3.988630646796,7.079804963077));
#991 = CARTESIAN_POINT('',(4.042749423721,7.185299658011));
#992 = CARTESIAN_POINT('',(4.095905954633,7.286019897831));
#993 = CARTESIAN_POINT('',(4.148250007931,7.380499706346));
#994 = CARTESIAN_POINT('',(4.288393980341,7.616562259131));
#995 = CARTESIAN_POINT('',(4.374947506537,7.743866865368));
#996 = CARTESIAN_POINT('',(4.460155475586,7.843179862146));
#997 = CARTESIAN_POINT('',(4.54449248884,7.910689135784));
#998 = CARTESIAN_POINT('',(4.628412044924,7.94448724536));
#999 = CARTESIAN_POINT('',(4.776740088143,7.94448724536));
#1000 = CARTESIAN_POINT('',(4.841076286766,7.924640659506));
#1001 = CARTESIAN_POINT('',(4.905598762006,7.884965290541));
#1002 = CARTESIAN_POINT('',(4.970505455182,7.826130718087));
#1003 = CARTESIAN_POINT('',(5.035998278886,7.749477377307));
#1004 = CARTESIAN_POINT('',(5.145719416422,7.596630795399));
#1005 = CARTESIAN_POINT('',(5.18948491716,7.529411354768));
#1006 = CARTESIAN_POINT('',(5.23367962934,7.456021902564));
#1007 = CARTESIAN_POINT('',(5.278384795401,7.377157788362));
#1008 = CARTESIAN_POINT('',(5.323685352507,7.293674614896));
#1009 = CARTESIAN_POINT('',(5.398609527299,7.1518441397));
#1010 = CARTESIAN_POINT('',(5.427820139702,7.095650057193));
#1011 = CARTESIAN_POINT('',(5.457330472201,7.038294129763));
#1012 = CARTESIAN_POINT('',(5.487165887295,6.980065045992));
#1013 = CARTESIAN_POINT('',(5.517352548057,6.921287627957));
#1014 = CARTESIAN_POINT('',(5.585328233485,6.790162845607));
#1015 = CARTESIAN_POINT('',(5.623316883858,6.717703140751));
#1016 = CARTESIAN_POINT('',(5.661922928752,6.645639434068));
#1017 = CARTESIAN_POINT('',(5.701186567952,6.574759609506));
#1018 = CARTESIAN_POINT('',(5.741151678867,6.505942675818));
#1019 = CARTESIAN_POINT('',(5.812387146126,6.39084221608));
#1020 = CARTESIAN_POINT('',(5.843335066284,6.343220916312));
#1021 = CARTESIAN_POINT('',(5.874700943571,6.297749808794));
#1022 = CARTESIAN_POINT('',(5.90647798432,6.254896103328));
#1023 = CARTESIAN_POINT('',(5.93866257719,6.215123279837));
#1024 = CARTESIAN_POINT('',(6.021438225567,6.123069177765));
#1025 = CARTESIAN_POINT('',(6.072688574414,6.075511946272));
#1026 = CARTESIAN_POINT('',(6.124719628,6.03822518381));
#1027 = CARTESIAN_POINT('',(6.177291655405,6.012772940119));
#1028 = CARTESIAN_POINT('',(6.230186479233,6.));
#1029 = CARTESIAN_POINT('',(6.28318530718,6.));
#1030 = ( GEOMETRIC_REPRESENTATION_CONTEXT(2) 
PARAMETRIC_REPRESENTATION_CONTEXT() REPRESENTATION_CONTEXT('2D SPACE',''
  ) );
#1031 = ORIENTED_EDGE('',*,*,#1032,.F.);
#1032 = EDGE_CURVE('',#1033,#683,#1035,.T.);
#1033 = VERTEX_POINT('',#1034);
#1034 = CARTESIAN_POINT('',(-36.6,-10.21958903283,-12.31097071721));
#1035 = SURFACE_CURVE('',#1036,(#1040,#1046),.PCURVE_S1.);
#1036 = LINE('',#1037,#1038);
#1037 = CARTESIAN_POINT('',(-36.6,-10.21958903283,-70.));
#1038 = VECTOR('',#1039,1.);
#1039 = DIRECTION('',(0.,0.,1.));
#1040 = PCURVE('',#31,#1041);
#1041 = DEFINITIONAL_REPRESENTATION('',(#1042),#1045);
#1042 = B_SPLINE_CURVE_WITH_KNOTS('',1,(#1043,#1044),.UNSPECIFIED.,.F.,
  .F.,(2,2),(50.8,89.2),.PIECEWISE_BEZIER_KNOTS.);
#1043 = CARTESIAN_POINT('',(3.413881389795,50.8));
#1044 = CARTESIAN_POINT('',(3.413881389795,89.2));
#1045 = ( GEOMETRIC_REPRESENTATION_CONTEXT(2) 
PARAMETRIC_REPRESENTATION_CONTEXT() REPRESENTATION_CONTEXT('2D SPACE',''
  ) );
#1046 = PCURVE('',#124,#1047);
#1047 = DEFINITIONAL_REPRESENTATION('',(#1048),#1051);
#1048 = B_SPLINE_CURVE_WITH_KNOTS('',1,(#1049,#1050),.UNSPECIFIED.,.F.,
  .F.,(2,2),(50.8,89.2),.PIECEWISE_BEZIER_KNOTS.);
#1049 = CARTESIAN_POINT('',(19.2,-10.21958903283));
#1050 = CARTESIAN_POINT('',(-19.2,-10.21958903283));
#1051 = ( GEOMETRIC_REPRESENTATION_CONTEXT(2) 
PARAMETRIC_REPRESENTATION_CONTEXT() REPRESENTATION_CONTEXT('2D SPACE',''
  ) );
#1052 = ORIENTED_EDGE('',*,*,#1053,.T.);
#1053 = EDGE_CURVE('',#1033,#108,#1054,.T.);
#1054 = SURFACE_CURVE('',#1055,(#1078,#1129),.PCURVE_S1.);
#1055 = B_SPLINE_CURVE_WITH_KNOTS('',6,(#1056,#1057,#1058,#1059,#1060,
    #1061,#1062,#1063,#1064,#1065,#1066,#1067,#1068,#1069,#1070,#1071,
    #1072,#1073,#1074,#1075,#1076,#1077),.UNSPECIFIED.,.F.,.F.,(7,5,5,5,
    7),(2.845052156432E-07,0.477450553842,1.,1.524106185343,
    2.000061410421),.UNSPECIFIED.);
#1056 = CARTESIAN_POINT('',(-36.59999999999,-10.21958903283,
    -12.31097071721));
#1057 = CARTESIAN_POINT('',(-36.76781496418,-9.618583682251,
    -12.80987757277));
#1058 = CARTESIAN_POINT('',(-36.93469943441,-8.975190582275,
    -13.28450068287));
#1059 = CARTESIAN_POINT('',(-37.09774892021,-8.288661809344,
    -13.73057926441));
#1060 = CARTESIAN_POINT('',(-37.25362581885,-7.558516232733,
    -14.1432589407));
#1061 = CARTESIAN_POINT('',(-37.39855705079,-6.784701324051,
    -14.51699142289));
#1062 = CARTESIAN_POINT('',(-37.6706425703,-5.073686986072,
    -15.20481106999));
#1063 = CARTESIAN_POINT('',(-37.79548091266,-4.12383107645,
    -15.51158936721));
#1064 = CARTESIAN_POINT('',(-37.89560444847,-3.128853120052,
    -15.75206328328));
#1065 = CARTESIAN_POINT('',(-37.96494959982,-2.101005229448,
    -15.91675445366));
#1066 = CARTESIAN_POINT('',(-38.,-1.053533084418,-16.));
#1067 = CARTESIAN_POINT('',(-38.,1.056671689284,-16.));
#1068 = CARTESIAN_POINT('',(-37.96474045082,2.107135591181,
    -15.9162576981));
#1069 = CARTESIAN_POINT('',(-37.8949976257,3.137767306625,
    -15.75062211962));
#1070 = CARTESIAN_POINT('',(-37.79432780518,4.135267437371,
    -15.50881872275));
#1071 = CARTESIAN_POINT('',(-37.66884842324,5.087341788302,
    -15.20040291484));
#1072 = CARTESIAN_POINT('',(-37.39625484051,6.79698487205,
    -14.51105375368));
#1073 = CARTESIAN_POINT('',(-37.25164438765,7.567793046589,
    -14.13801240947));
#1074 = CARTESIAN_POINT('',(-37.09619487928,8.295202654147,
    -13.72632698962));
#1075 = CARTESIAN_POINT('',(-36.93364012455,8.979273564885,
    -13.2814875205));
#1076 = CARTESIAN_POINT('',(-36.76728333844,9.620487624002,
    -12.80829707171));
#1077 = CARTESIAN_POINT('',(-36.59999999999,10.219589032832,
    -12.31097071721));
#1078 = PCURVE('',#31,#1079);
#1079 = DEFINITIONAL_REPRESENTATION('',(#1080),#1128);
#1080 = B_SPLINE_CURVE_WITH_KNOTS('',3,(#1081,#1082,#1083,#1084,#1085,
    #1086,#1087,#1088,#1089,#1090,#1091,#1092,#1093,#1094,#1095,#1096,
    #1097,#1098,#1099,#1100,#1101,#1102,#1103,#1104,#1105,#1106,#1107,
    #1108,#1109,#1110,#1111,#1112,#1113,#1114,#1115,#1116,#1117,#1118,
    #1119,#1120,#1121,#1122,#1123,#1124,#1125,#1126,#1127),
  .UNSPECIFIED.,.F.,.F.,(4,1,1,1,1,1,1,1,1,1,1,1,1,1,1,1,1,1,1,1,1,1,1,1
    ,1,1,1,1,1,1,1,1,1,1,1,1,1,1,1,1,1,1,1,1,4),(2.845052156432E-07,
    4.545621918513E-02,9.091215386504E-02,0.136368088545,0.181824023225,
    0.227279957905,0.272735892585,0.318191827265,0.363647761945,
    0.409103696624,0.454559631304,0.500015565984,0.545471500664,
    0.590927435344,0.636383370024,0.681839304704,0.727295239384,
    0.772751174064,0.818207108744,0.863663043424,0.909118978103,
    0.954574912783,1.000030847463,1.045486782143,1.090942716823,
    1.136398651503,1.181854586183,1.227310520863,1.272766455543,
    1.318222390223,1.363678324903,1.409134259583,1.454590194262,
    1.500046128942,1.545502063622,1.590957998302,1.636413932982,
    1.681869867662,1.727325802342,1.772781737022,1.818237671702,
    1.863693606382,1.909149541062,1.954605475742,2.000061410421),
  .QUASI_UNIFORM_KNOTS.);
#1081 = CARTESIAN_POINT('',(3.413881389795,57.689029282789));
#1082 = CARTESIAN_POINT('',(3.410754677207,57.594033360671));
#1083 = CARTESIAN_POINT('',(3.404404419646,57.406236859768));
#1084 = CARTESIAN_POINT('',(3.394588110934,57.131598244531));
#1085 = CARTESIAN_POINT('',(3.384480393459,56.864478572457));
#1086 = CARTESIAN_POINT('',(3.374080994954,56.605366197329));
#1087 = CARTESIAN_POINT('',(3.363389796582,56.354767004283));
#1088 = CARTESIAN_POINT('',(3.352406859674,56.113207361196));
#1089 = CARTESIAN_POINT('',(3.341132437246,55.881234202491));
#1090 = CARTESIAN_POINT('',(3.329566958049,55.659415754857));
#1091 = CARTESIAN_POINT('',(3.317711135338,55.4483427012));
#1092 = CARTESIAN_POINT('',(3.30556560453,55.248627088108));
#1093 = CARTESIAN_POINT('',(3.293132321466,55.06090995934));
#1094 = CARTESIAN_POINT('',(3.280393504879,54.885607382756));
#1095 = CARTESIAN_POINT('',(3.267376864394,54.723799389475));
#1096 = CARTESIAN_POINT('',(3.254104222148,54.576372327742));
#1097 = CARTESIAN_POINT('',(3.240599413481,54.444158463953));
#1098 = CARTESIAN_POINT('',(3.226886110671,54.327899795654));
#1099 = CARTESIAN_POINT('',(3.212988386463,54.228258801962));
#1100 = CARTESIAN_POINT('',(3.198930428655,54.145816452843));
#1101 = CARTESIAN_POINT('',(3.184736941094,54.081073466092));
#1102 = CARTESIAN_POINT('',(3.170431675207,54.034450535199));
#1103 = CARTESIAN_POINT('',(3.156042776883,54.00628864649));
#1104 = CARTESIAN_POINT('',(3.14158276175,53.996849288819));
#1105 = CARTESIAN_POINT('',(3.127123178193,54.006314224342));
#1106 = CARTESIAN_POINT('',(3.112735231576,54.034499023597));
#1107 = CARTESIAN_POINT('',(3.098431369644,54.081140588087));
#1108 = CARTESIAN_POINT('',(3.08423959589,54.145896873658));
#1109 = CARTESIAN_POINT('',(3.070183538691,54.228346813627));
#1110 = CARTESIAN_POINT('',(3.056287773592,54.327989960075));
#1111 = CARTESIAN_POINT('',(3.042576360621,54.444246281631));
#1112 = CARTESIAN_POINT('',(3.029073247962,54.57645484603));
#1113 = CARTESIAN_POINT('',(3.015801971316,54.723876035976));
#1114 = CARTESIAN_POINT('',(3.002786276958,54.885679975915));
#1115 = CARTESIAN_POINT('',(2.990047724026,55.060985810749));
#1116 = CARTESIAN_POINT('',(2.977614413032,55.248710594798));
#1117 = CARTESIAN_POINT('',(2.965469512157,55.448422738309));
#1118 = CARTESIAN_POINT('',(2.953614198858,55.659492682592));
#1119 = CARTESIAN_POINT('',(2.942049298543,55.881305426039));
#1120 = CARTESIAN_POINT('',(2.930775455435,56.113271279066));
#1121 = CARTESIAN_POINT('',(2.919793099163,56.354822028289));
#1122 = CARTESIAN_POINT('',(2.909102465444,56.605411092066));
#1123 = CARTESIAN_POINT('',(2.898703603792,56.864512439514));
#1124 = CARTESIAN_POINT('',(2.888596382783,57.131620602367));
#1125 = CARTESIAN_POINT('',(2.878780518451,57.406247690125));
#1126 = CARTESIAN_POINT('',(2.872430515174,57.594036854946));
#1127 = CARTESIAN_POINT('',(2.869303917385,57.689029282789));
#1128 = ( GEOMETRIC_REPRESENTATION_CONTEXT(2) 
PARAMETRIC_REPRESENTATION_CONTEXT() REPRESENTATION_CONTEXT('2D SPACE',''
  ) );
#1129 = PCURVE('',#1130,#1135);
#1130 = CYLINDRICAL_SURFACE('',#1131,16.);
#1131 = AXIS2_PLACEMENT_3D('',#1132,#1133,#1134);
#1132 = CARTESIAN_POINT('',(-39.6,0.,-3.330669073875E-16));
#1133 = DIRECTION('',(1.,0.,2.22044604925E-16));
#1134 = DIRECTION('',(2.22044604925E-16,0.,-1.));
#1135 = DEFINITIONAL_REPRESENTATION('',(#1136),#1184);
#1136 = B_SPLINE_CURVE_WITH_KNOTS('',3,(#1137,#1138,#1139,#1140,#1141,
    #1142,#1143,#1144,#1145,#1146,#1147,#1148,#1149,#1150,#1151,#1152,
    #1153,#1154,#1155,#1156,#1157,#1158,#1159,#1160,#1161,#1162,#1163,
    #1164,#1165,#1166,#1167,#1168,#1169,#1170,#1171,#1172,#1173,#1174,
    #1175,#1176,#1177,#1178,#1179,#1180,#1181,#1182,#1183),
  .UNSPECIFIED.,.F.,.F.,(4,1,1,1,1,1,1,1,1,1,1,1,1,1,1,1,1,1,1,1,1,1,1,1
    ,1,1,1,1,1,1,1,1,1,1,1,1,1,1,1,1,1,1,1,1,4),(2.845052156432E-07,
    4.545621918513E-02,9.091215386504E-02,0.136368088545,0.181824023225,
    0.227279957905,0.272735892585,0.318191827265,0.363647761945,
    0.409103696624,0.454559631304,0.500015565984,0.545471500664,
    0.590927435344,0.636383370024,0.681839304704,0.727295239384,
    0.772751174064,0.818207108744,0.863663043424,0.909118978103,
    0.954574912783,1.000030847463,1.045486782143,1.090942716823,
    1.136398651503,1.181854586183,1.227310520863,1.272766455543,
    1.318222390223,1.363678324903,1.409134259583,1.454590194262,
    1.500046128942,1.545502063622,1.590957998302,1.636413932982,
    1.681869867662,1.727325802342,1.772781737022,1.818237671702,
    1.863693606382,1.909149541062,1.954605475742,2.000061410421),
  .QUASI_UNIFORM_KNOTS.);
#1137 = CARTESIAN_POINT('',(5.590346134257,3.000000000005));
#1138 = CARTESIAN_POINT('',(5.599641781419,2.968047218486));
#1139 = CARTESIAN_POINT('',(5.618329878527,2.904221954951));
#1140 = CARTESIAN_POINT('',(5.646660692754,2.809046156334));
#1141 = CARTESIAN_POINT('',(5.675298316107,2.714748664822));
#1142 = CARTESIAN_POINT('',(5.704251307922,2.621663147995));
#1143 = CARTESIAN_POINT('',(5.733528527687,2.53013452806));
#1144 = CARTESIAN_POINT('',(5.763139203187,2.440520359723));
#1145 = CARTESIAN_POINT('',(5.793092935501,2.353190107011));
#1146 = CARTESIAN_POINT('',(5.823399801874,2.268524816994));
#1147 = CARTESIAN_POINT('',(5.85407016752,2.186916880033));
#1148 = CARTESIAN_POINT('',(5.885115606397,2.108768620177));
#1149 = CARTESIAN_POINT('',(5.916545725026,2.034495051519));
#1150 = CARTESIAN_POINT('',(5.948420269277,1.964419606072));
#1151 = CARTESIAN_POINT('',(5.980686319772,1.899129412899));
#1152 = CARTESIAN_POINT('',(6.013309502213,1.839135825095));
#1153 = CARTESIAN_POINT('',(6.04625327199,1.784924472074));
#1154 = CARTESIAN_POINT('',(6.079484174053,1.736937354766));
#1155 = CARTESIAN_POINT('',(6.112970074916,1.695573554196));
#1156 = CARTESIAN_POINT('',(6.146680574751,1.66118535723));
#1157 = CARTESIAN_POINT('',(6.180585767982,1.634076013841));
#1158 = CARTESIAN_POINT('',(6.214659467203,1.614497464709));
#1159 = CARTESIAN_POINT('',(6.248866258544,1.602648469528));
#1160 = CARTESIAN_POINT('',(6.283208796461,1.598673075754));
#1161 = CARTESIAN_POINT('',(6.317550332413,1.602659238448));
#1162 = CARTESIAN_POINT('',(6.35175492747,1.614517848786));
#1163 = CARTESIAN_POINT('',(6.38582538567,1.634104162685));
#1164 = CARTESIAN_POINT('',(6.419726616153,1.661218969029));
#1165 = CARTESIAN_POINT('',(6.453432707866,1.695610178767));
#1166 = CARTESIAN_POINT('',(6.486914046168,1.736974675996));
#1167 = CARTESIAN_POINT('',(6.520140525991,1.78496059409));
#1168 = CARTESIAN_POINT('',(6.553080308411,1.839169523511));
#1169 = CARTESIAN_POINT('',(6.585700273832,1.899160461737));
#1170 = CARTESIAN_POINT('',(6.617964107986,1.96444875689));
#1171 = CARTESIAN_POINT('',(6.64983811919,2.034525228302));
#1172 = CARTESIAN_POINT('',(6.681268454021,2.108801479504));
#1173 = CARTESIAN_POINT('',(6.712312433109,2.186948003285));
#1174 = CARTESIAN_POINT('',(6.742981621479,2.26855436235));
#1175 = CARTESIAN_POINT('',(6.773287107086,2.353217093744));
#1176 = CARTESIAN_POINT('',(6.803239424509,2.44054423187));
#1177 = CARTESIAN_POINT('',(6.83284864534,2.530154763814));
#1178 = CARTESIAN_POINT('',(6.862124412707,2.621679388971));
#1179 = CARTESIAN_POINT('',(6.891075984663,2.71476070219));
#1180 = CARTESIAN_POINT('',(6.919712255348,2.809053951639));
#1181 = CARTESIAN_POINT('',(6.948041818825,2.904225647312));
#1182 = CARTESIAN_POINT('',(6.966729174519,2.96804839265));
#1183 = CARTESIAN_POINT('',(6.976024480102,3.000000000006));
#1184 = ( GEOMETRIC_REPRESENTATION_CONTEXT(2) 
PARAMETRIC_REPRESENTATION_CONTEXT() REPRESENTATION_CONTEXT('2D SPACE',''
  ) );
#1185 = ADVANCED_FACE('',(#1186),#43,.T.);
#1186 = FACE_BOUND('',#1187,.T.);
#1187 = EDGE_LOOP('',(#1188,#1189,#1212,#1239));
#1188 = ORIENTED_EDGE('',*,*,#21,.F.);
#1189 = ORIENTED_EDGE('',*,*,#1190,.F.);
#1190 = EDGE_CURVE('',#1191,#22,#1193,.T.);
#1191 = VERTEX_POINT('',#1192);
#1192 = CARTESIAN_POINT('',(12.,-2.939152317954E-15,-100.));
#1193 = SEAM_CURVE('',#1194,(#1198,#1205),.PCURVE_S1.);
#1194 = LINE('',#1195,#1196);
#1195 = CARTESIAN_POINT('',(12.,-2.939152317954E-15,-100.));
#1196 = VECTOR('',#1197,1.);
#1197 = DIRECTION('',(0.654930538418,-1.604117175075E-16,0.75568908279)
  );
#1198 = PCURVE('',#43,#1199);
#1199 = DEFINITIONAL_REPRESENTATION('',(#1200),#1204);
#1200 = LINE('',#1201,#1202);
#1201 = CARTESIAN_POINT('',(6.28318530718,-0.));
#1202 = VECTOR('',#1203,1.);
#1203 = DIRECTION('',(0.,1.));
#1204 = ( GEOMETRIC_REPRESENTATION_CONTEXT(2) 
PARAMETRIC_REPRESENTATION_CONTEXT() REPRESENTATION_CONTEXT('2D SPACE',''
  ) );
#1205 = PCURVE('',#43,#1206);
#1206 = DEFINITIONAL_REPRESENTATION('',(#1207),#1211);
#1207 = LINE('',#1208,#1209);
#1208 = CARTESIAN_POINT('',(0.,-0.));
#1209 = VECTOR('',#1210,1.);
#1210 = DIRECTION('',(0.,1.));
#1211 = ( GEOMETRIC_REPRESENTATION_CONTEXT(2) 
PARAMETRIC_REPRESENTATION_CONTEXT() REPRESENTATION_CONTEXT('2D SPACE',''
  ) );
#1212 = ORIENTED_EDGE('',*,*,#1213,.T.);
#1213 = EDGE_CURVE('',#1191,#1191,#1214,.T.);
#1214 = SURFACE_CURVE('',#1215,(#1220,#1227),.PCURVE_S1.);
#1215 = CIRCLE('',#1216,12.);
#1216 = AXIS2_PLACEMENT_3D('',#1217,#1218,#1219);
#1217 = CARTESIAN_POINT('',(0.,0.,-100.));
#1218 = DIRECTION('',(0.,0.,1.));
#1219 = DIRECTION('',(1.,0.,-0.));
#1220 = PCURVE('',#43,#1221);
#1221 = DEFINITIONAL_REPRESENTATION('',(#1222),#1226);
#1222 = LINE('',#1223,#1224);
#1223 = CARTESIAN_POINT('',(0.,0.));
#1224 = VECTOR('',#1225,1.);
#1225 = DIRECTION('',(1.,0.));
#1226 = ( GEOMETRIC_REPRESENTATION_CONTEXT(2) 
PARAMETRIC_REPRESENTATION_CONTEXT() REPRESENTATION_CONTEXT('2D SPACE',''
  ) );
#1227 = PCURVE('',#1228,#1233);
#1228 = PLANE('',#1229);
#1229 = AXIS2_PLACEMENT_3D('',#1230,#1231,#1232);
#1230 = CARTESIAN_POINT('',(0.,0.,-100.));
#1231 = DIRECTION('',(0.,0.,1.));
#1232 = DIRECTION('',(1.,0.,-0.));
#1233 = DEFINITIONAL_REPRESENTATION('',(#1234),#1238);
#1234 = CIRCLE('',#1235,12.);
#1235 = AXIS2_PLACEMENT_2D('',#1236,#1237);
#1236 = CARTESIAN_POINT('',(0.,0.));
#1237 = DIRECTION('',(1.,0.));
#1238 = ( GEOMETRIC_REPRESENTATION_CONTEXT(2) 
PARAMETRIC_REPRESENTATION_CONTEXT() REPRESENTATION_CONTEXT('2D SPACE',''
  ) );
#1239 = ORIENTED_EDGE('',*,*,#1190,.T.);
#1240 = ADVANCED_FACE('',(#1241,#1244),#92,.T.);
#1241 = FACE_BOUND('',#1242,.T.);
#1242 = EDGE_LOOP('',(#1243));
#1243 = ORIENTED_EDGE('',*,*,#77,.T.);
#1244 = FACE_BOUND('',#1245,.T.);
#1245 = EDGE_LOOP('',(#1246,#1277,#1301,#1325));
#1246 = ORIENTED_EDGE('',*,*,#1247,.F.);
#1247 = EDGE_CURVE('',#1248,#1250,#1252,.T.);
#1248 = VERTEX_POINT('',#1249);
#1249 = CARTESIAN_POINT('',(35.,-8.572527594031E-15,60.));
#1250 = VERTEX_POINT('',#1251);
#1251 = CARTESIAN_POINT('',(2.143131898508E-15,35.,60.));
#1252 = SURFACE_CURVE('',#1253,(#1258,#1265),.PCURVE_S1.);
#1253 = CIRCLE('',#1254,35.);
#1254 = AXIS2_PLACEMENT_3D('',#1255,#1256,#1257);
#1255 = CARTESIAN_POINT('',(0.,0.,60.));
#1256 = DIRECTION('',(0.,0.,1.));
#1257 = DIRECTION('',(1.,0.,-0.));
#1258 = PCURVE('',#92,#1259);
#1259 = DEFINITIONAL_REPRESENTATION('',(#1260),#1264);
#1260 = CIRCLE('',#1261,35.);
#1261 = AXIS2_PLACEMENT_2D('',#1262,#1263);
#1262 = CARTESIAN_POINT('',(0.,0.));
#1263 = DIRECTION('',(1.,0.));
#1264 = ( GEOMETRIC_REPRESENTATION_CONTEXT(2) 
PARAMETRIC_REPRESENTATION_CONTEXT() REPRESENTATION_CONTEXT('2D SPACE',''
  ) );
#1265 = PCURVE('',#1266,#1271);
#1266 = CYLINDRICAL_SURFACE('',#1267,35.);
#1267 = AXIS2_PLACEMENT_3D('',#1268,#1269,#1270);
#1268 = CARTESIAN_POINT('',(0.,0.,-67.));
#1269 = DIRECTION('',(0.,0.,1.));
#1270 = DIRECTION('',(1.,0.,-0.));
#1271 = DEFINITIONAL_REPRESENTATION('',(#1272),#1276);
#1272 = LINE('',#1273,#1274);
#1273 = CARTESIAN_POINT('',(0.,127.));
#1274 = VECTOR('',#1275,1.);
#1275 = DIRECTION('',(1.,0.));
#1276 = ( GEOMETRIC_REPRESENTATION_CONTEXT(2) 
PARAMETRIC_REPRESENTATION_CONTEXT() REPRESENTATION_CONTEXT('2D SPACE',''
  ) );
#1277 = ORIENTED_EDGE('',*,*,#1278,.F.);
#1278 = EDGE_CURVE('',#1279,#1248,#1281,.T.);
#1279 = VERTEX_POINT('',#1280);
#1280 = CARTESIAN_POINT('',(-9.093930954624E-15,-35.,60.));
#1281 = SURFACE_CURVE('',#1282,(#1287,#1294),.PCURVE_S1.);
#1282 = CIRCLE('',#1283,35.);
#1283 = AXIS2_PLACEMENT_3D('',#1284,#1285,#1286);
#1284 = CARTESIAN_POINT('',(0.,0.,60.));
#1285 = DIRECTION('',(0.,0.,1.));
#1286 = DIRECTION('',(1.,0.,-0.));
#1287 = PCURVE('',#92,#1288);
#1288 = DEFINITIONAL_REPRESENTATION('',(#1289),#1293);
#1289 = CIRCLE('',#1290,35.);
#1290 = AXIS2_PLACEMENT_2D('',#1291,#1292);
#1291 = CARTESIAN_POINT('',(0.,0.));
#1292 = DIRECTION('',(1.,0.));
#1293 = ( GEOMETRIC_REPRESENTATION_CONTEXT(2) 
PARAMETRIC_REPRESENTATION_CONTEXT() REPRESENTATION_CONTEXT('2D SPACE',''
  ) );
#1294 = PCURVE('',#1266,#1295);
#1295 = DEFINITIONAL_REPRESENTATION('',(#1296),#1300);
#1296 = LINE('',#1297,#1298);
#1297 = CARTESIAN_POINT('',(0.,127.));
#1298 = VECTOR('',#1299,1.);
#1299 = DIRECTION('',(1.,0.));
#1300 = ( GEOMETRIC_REPRESENTATION_CONTEXT(2) 
PARAMETRIC_REPRESENTATION_CONTEXT() REPRESENTATION_CONTEXT('2D SPACE',''
  ) );
#1301 = ORIENTED_EDGE('',*,*,#1302,.F.);
#1302 = EDGE_CURVE('',#1303,#1279,#1305,.T.);
#1303 = VERTEX_POINT('',#1304);
#1304 = CARTESIAN_POINT('',(-35.,4.286263797016E-15,60.));
#1305 = SURFACE_CURVE('',#1306,(#1311,#1318),.PCURVE_S1.);
#1306 = CIRCLE('',#1307,35.);
#1307 = AXIS2_PLACEMENT_3D('',#1308,#1309,#1310);
#1308 = CARTESIAN_POINT('',(0.,0.,60.));
#1309 = DIRECTION('',(0.,0.,1.));
#1310 = DIRECTION('',(1.,0.,-0.));
#1311 = PCURVE('',#92,#1312);
#1312 = DEFINITIONAL_REPRESENTATION('',(#1313),#1317);
#1313 = CIRCLE('',#1314,35.);
#1314 = AXIS2_PLACEMENT_2D('',#1315,#1316);
#1315 = CARTESIAN_POINT('',(0.,0.));
#1316 = DIRECTION('',(1.,0.));
#1317 = ( GEOMETRIC_REPRESENTATION_CONTEXT(2) 
PARAMETRIC_REPRESENTATION_CONTEXT() REPRESENTATION_CONTEXT('2D SPACE',''
  ) );
#1318 = PCURVE('',#1266,#1319);
#1319 = DEFINITIONAL_REPRESENTATION('',(#1320),#1324);
#1320 = LINE('',#1321,#1322);
#1321 = CARTESIAN_POINT('',(0.,127.));
#1322 = VECTOR('',#1323,1.);
#1323 = DIRECTION('',(1.,0.));
#1324 = ( GEOMETRIC_REPRESENTATION_CONTEXT(2) 
PARAMETRIC_REPRESENTATION_CONTEXT() REPRESENTATION_CONTEXT('2D SPACE',''
  ) );
#1325 = ORIENTED_EDGE('',*,*,#1326,.F.);
#1326 = EDGE_CURVE('',#1250,#1303,#1327,.T.);
#1327 = SURFACE_CURVE('',#1328,(#1333,#1340),.PCURVE_S1.);
#1328 = CIRCLE('',#1329,35.);
#1329 = AXIS2_PLACEMENT_3D('',#1330,#1331,#1332);
#1330 = CARTESIAN_POINT('',(0.,0.,60.));
#1331 = DIRECTION('',(0.,0.,1.));
#1332 = DIRECTION('',(1.,0.,-0.));
#1333 = PCURVE('',#92,#1334);
#1334 = DEFINITIONAL_REPRESENTATION('',(#1335),#1339);
#1335 = CIRCLE('',#1336,35.);
#1336 = AXIS2_PLACEMENT_2D('',#1337,#1338);
#1337 = CARTESIAN_POINT('',(0.,0.));
#1338 = DIRECTION('',(1.,0.));
#1339 = ( GEOMETRIC_REPRESENTATION_CONTEXT(2) 
PARAMETRIC_REPRESENTATION_CONTEXT() REPRESENTATION_CONTEXT('2D SPACE',''
  ) );
#1340 = PCURVE('',#1266,#1341);
#1341 = DEFINITIONAL_REPRESENTATION('',(#1342),#1346);
#1342 = LINE('',#1343,#1344);
#1343 = CARTESIAN_POINT('',(0.,127.));
#1344 = VECTOR('',#1345,1.);
#1345 = DIRECTION('',(1.,0.));
#1346 = ( GEOMETRIC_REPRESENTATION_CONTEXT(2) 
PARAMETRIC_REPRESENTATION_CONTEXT() REPRESENTATION_CONTEXT('2D SPACE',''
  ) );
#1347 = ADVANCED_FACE('',(#1348),#124,.F.);
#1348 = FACE_BOUND('',#1349,.F.);
#1349 = EDGE_LOOP('',(#1350,#1351,#1377,#1378,#1402));
#1350 = ORIENTED_EDGE('',*,*,#1032,.F.);
#1351 = ORIENTED_EDGE('',*,*,#1352,.F.);
#1352 = EDGE_CURVE('',#108,#1033,#1353,.T.);
#1353 = SURFACE_CURVE('',#1354,(#1359,#1370),.PCURVE_S1.);
#1354 = CIRCLE('',#1355,16.);
#1355 = AXIS2_PLACEMENT_3D('',#1356,#1357,#1358);
#1356 = CARTESIAN_POINT('',(-36.6,0.,3.330669073875E-16));
#1357 = DIRECTION('',(-1.,-5.349695805505E-16,-4.440892098501E-16));
#1358 = DIRECTION('',(-4.930380657631E-32,0.638724314552,-0.769435669826
    ));
#1359 = PCURVE('',#124,#1360);
#1360 = DEFINITIONAL_REPRESENTATION('',(#1361),#1369);
#1361 = ( BOUNDED_CURVE() B_SPLINE_CURVE(2,(#1362,#1363,#1364,#1365,
#1366,#1367,#1368),.UNSPECIFIED.,.T.,.F.) B_SPLINE_CURVE_WITH_KNOTS((1,2
    ,2,2,2,1),(-2.094395102393,0.,2.094395102393,4.188790204786,
6.28318530718,8.377580409573),.UNSPECIFIED.) CURVE() 
GEOMETRIC_REPRESENTATION_ITEM() RATIONAL_B_SPLINE_CURVE((1.,0.5,1.,0.5,
1.,0.5,1.)) REPRESENTATION_ITEM('') );
#1362 = CARTESIAN_POINT('',(12.31097071721,10.219589032833));
#1363 = CARTESIAN_POINT('',(30.01181815455,-11.10363773986));
#1364 = CARTESIAN_POINT('',(2.694938360065,-15.77140790276));
#1365 = CARTESIAN_POINT('',(-24.62194143442,-20.43917806566));
#1366 = CARTESIAN_POINT('',(-15.00590907727,5.551818869934));
#1367 = CARTESIAN_POINT('',(-5.389876720131,31.542815805533));
#1368 = CARTESIAN_POINT('',(12.31097071721,10.219589032833));
#1369 = ( GEOMETRIC_REPRESENTATION_CONTEXT(2) 
PARAMETRIC_REPRESENTATION_CONTEXT() REPRESENTATION_CONTEXT('2D SPACE',''
  ) );
#1370 = PCURVE('',#1130,#1371);
#1371 = DEFINITIONAL_REPRESENTATION('',(#1372),#1376);
#1372 = LINE('',#1373,#1374);
#1373 = CARTESIAN_POINT('',(6.976024480102,3.));
#1374 = VECTOR('',#1375,1.);
#1375 = DIRECTION('',(-1.,-0.));
#1376 = ( GEOMETRIC_REPRESENTATION_CONTEXT(2) 
PARAMETRIC_REPRESENTATION_CONTEXT() REPRESENTATION_CONTEXT('2D SPACE',''
  ) );
#1377 = ORIENTED_EDGE('',*,*,#107,.T.);
#1378 = ORIENTED_EDGE('',*,*,#1379,.F.);
#1379 = EDGE_CURVE('',#1380,#110,#1382,.T.);
#1380 = VERTEX_POINT('',#1381);
#1381 = CARTESIAN_POINT('',(-36.6,-2.939152317954E-15,-12.));
#1382 = SURFACE_CURVE('',#1383,(#1388,#1395),.PCURVE_S1.);
#1383 = CIRCLE('',#1384,12.);
#1384 = AXIS2_PLACEMENT_3D('',#1385,#1386,#1387);
#1385 = CARTESIAN_POINT('',(-36.6,0.,3.10862446895E-16));
#1386 = DIRECTION('',(1.,0.,2.22044604925E-16));
#1387 = DIRECTION('',(2.22044604925E-16,0.,-1.));
#1388 = PCURVE('',#124,#1389);
#1389 = DEFINITIONAL_REPRESENTATION('',(#1390),#1394);
#1390 = CIRCLE('',#1391,12.);
#1391 = AXIS2_PLACEMENT_2D('',#1392,#1393);
#1392 = CARTESIAN_POINT('',(2.22044604925E-17,0.));
#1393 = DIRECTION('',(1.,0.));
#1394 = ( GEOMETRIC_REPRESENTATION_CONTEXT(2) 
PARAMETRIC_REPRESENTATION_CONTEXT() REPRESENTATION_CONTEXT('2D SPACE',''
  ) );
#1395 = PCURVE('',#369,#1396);
#1396 = DEFINITIONAL_REPRESENTATION('',(#1397),#1401);
#1397 = LINE('',#1398,#1399);
#1398 = CARTESIAN_POINT('',(0.,7.4));
#1399 = VECTOR('',#1400,1.);
#1400 = DIRECTION('',(1.,0.));
#1401 = ( GEOMETRIC_REPRESENTATION_CONTEXT(2) 
PARAMETRIC_REPRESENTATION_CONTEXT() REPRESENTATION_CONTEXT('2D SPACE',''
  ) );
#1402 = ORIENTED_EDGE('',*,*,#1403,.F.);
#1403 = EDGE_CURVE('',#683,#1380,#1404,.T.);
#1404 = SURFACE_CURVE('',#1405,(#1410,#1417),.PCURVE_S1.);
#1405 = CIRCLE('',#1406,12.);
#1406 = AXIS2_PLACEMENT_3D('',#1407,#1408,#1409);
#1407 = CARTESIAN_POINT('',(-36.6,0.,3.10862446895E-16));
#1408 = DIRECTION('',(1.,0.,2.22044604925E-16));
#1409 = DIRECTION('',(2.22044604925E-16,0.,-1.));
#1410 = PCURVE('',#124,#1411);
#1411 = DEFINITIONAL_REPRESENTATION('',(#1412),#1416);
#1412 = CIRCLE('',#1413,12.);
#1413 = AXIS2_PLACEMENT_2D('',#1414,#1415);
#1414 = CARTESIAN_POINT('',(2.22044604925E-17,0.));
#1415 = DIRECTION('',(1.,0.));
#1416 = ( GEOMETRIC_REPRESENTATION_CONTEXT(2) 
PARAMETRIC_REPRESENTATION_CONTEXT() REPRESENTATION_CONTEXT('2D SPACE',''
  ) );
#1417 = PCURVE('',#369,#1418);
#1418 = DEFINITIONAL_REPRESENTATION('',(#1419),#1423);
#1419 = LINE('',#1420,#1421);
#1420 = CARTESIAN_POINT('',(0.,7.4));
#1421 = VECTOR('',#1422,1.);
#1422 = DIRECTION('',(1.,0.));
#1423 = ( GEOMETRIC_REPRESENTATION_CONTEXT(2) 
PARAMETRIC_REPRESENTATION_CONTEXT() REPRESENTATION_CONTEXT('2D SPACE',''
  ) );
#1424 = ADVANCED_FACE('',(#1425),#369,.F.);
#1425 = FACE_BOUND('',#1426,.F.);
#1426 = EDGE_LOOP('',(#1427,#1450,#1948,#1949,#1950,#1951,#1973,#1974));
#1427 = ORIENTED_EDGE('',*,*,#1428,.T.);
#1428 = EDGE_CURVE('',#1380,#1429,#1431,.T.);
#1429 = VERTEX_POINT('',#1430);
#1430 = CARTESIAN_POINT('',(-35.,-2.939152317954E-15,-12.));
#1431 = SEAM_CURVE('',#1432,(#1436,#1443),.PCURVE_S1.);
#1432 = LINE('',#1433,#1434);
#1433 = CARTESIAN_POINT('',(-44.,-2.939152317954E-15,-12.));
#1434 = VECTOR('',#1435,1.);
#1435 = DIRECTION('',(1.,0.,2.22044604925E-16));
#1436 = PCURVE('',#369,#1437);
#1437 = DEFINITIONAL_REPRESENTATION('',(#1438),#1442);
#1438 = LINE('',#1439,#1440);
#1439 = CARTESIAN_POINT('',(6.28318530718,-0.));
#1440 = VECTOR('',#1441,1.);
#1441 = DIRECTION('',(0.,1.));
#1442 = ( GEOMETRIC_REPRESENTATION_CONTEXT(2) 
PARAMETRIC_REPRESENTATION_CONTEXT() REPRESENTATION_CONTEXT('2D SPACE',''
  ) );
#1443 = PCURVE('',#369,#1444);
#1444 = DEFINITIONAL_REPRESENTATION('',(#1445),#1449);
#1445 = LINE('',#1446,#1447);
#1446 = CARTESIAN_POINT('',(0.,-0.));
#1447 = VECTOR('',#1448,1.);
#1448 = DIRECTION('',(0.,1.));
#1449 = ( GEOMETRIC_REPRESENTATION_CONTEXT(2) 
PARAMETRIC_REPRESENTATION_CONTEXT() REPRESENTATION_CONTEXT('2D SPACE',''
  ) );
#1450 = ORIENTED_EDGE('',*,*,#1451,.F.);
#1451 = EDGE_CURVE('',#1429,#1429,#1452,.T.);
#1452 = SURFACE_CURVE('',#1453,(#1616,#1782),.PCURVE_S1.);
#1453 = B_SPLINE_CURVE_WITH_KNOTS('',6,(#1454,#1455,#1456,#1457,#1458,
    #1459,#1460,#1461,#1462,#1463,#1464,#1465,#1466,#1467,#1468,#1469,
    #1470,#1471,#1472,#1473,#1474,#1475,#1476,#1477,#1478,#1479,#1480,
    #1481,#1482,#1483,#1484,#1485,#1486,#1487,#1488,#1489,#1490,#1491,
    #1492,#1493,#1494,#1495,#1496,#1497,#1498,#1499,#1500,#1501,#1502,
    #1503,#1504,#1505,#1506,#1507,#1508,#1509,#1510,#1511,#1512,#1513,
    #1514,#1515,#1516,#1517,#1518,#1519,#1520,#1521,#1522,#1523,#1524,
    #1525,#1526,#1527,#1528,#1529,#1530,#1531,#1532,#1533,#1534,#1535,
    #1536,#1537,#1538,#1539,#1540,#1541,#1542,#1543,#1544,#1545,#1546,
    #1547,#1548,#1549,#1550,#1551,#1552,#1553,#1554,#1555,#1556,#1557,
    #1558,#1559,#1560,#1561,#1562,#1563,#1564,#1565,#1566,#1567,#1568,
    #1569,#1570,#1571,#1572,#1573,#1574,#1575,#1576,#1577,#1578,#1579,
    #1580,#1581,#1582,#1583,#1584,#1585,#1586,#1587,#1588,#1589,#1590,
    #1591,#1592,#1593,#1594,#1595,#1596,#1597,#1598,#1599,#1600,#1601,
    #1602,#1603,#1604,#1605,#1606,#1607,#1608,#1609,#1610,#1611,#1612,
    #1613,#1614,#1615),.UNSPECIFIED.,.T.,.F.,(7,5,5,5,5,5,5,5,5,5,5,5,5,
    5,5,5,5,5,5,5,5,5,5,5,5,5,5,5,5,5,5,5,7),(0.,4.083687169668E-02,
    6.608657129045E-02,0.100421892641,0.129360166972,0.1537803318,
    0.174945175632,0.250034024095,0.308609357516,0.326002094756,
    0.346628874423,0.37109812476,0.400008463134,0.433656400012,
    0.459697754671,0.472679575795,0.500056548605,0.527437716474,
    0.540918394594,0.566162280895,0.600489697148,0.629421308955,
    0.653835851475,0.674995822477,0.750067383066,0.808629228925,
    0.826017961803,0.846639992527,0.871103609263,0.900007291556,
    0.933647481607,0.959682840711,1.),.UNSPECIFIED.);
#1454 = CARTESIAN_POINT('',(-35.,0.,-12.));
#1455 = CARTESIAN_POINT('',(-35.,0.631227668163,-12.));
#1456 = CARTESIAN_POINT('',(-34.98633895892,1.261076035613,
    -11.96015504328));
#1457 = CARTESIAN_POINT('',(-34.9591285178,1.883832746033,
    -11.88079240172));
#1458 = CARTESIAN_POINT('',(-34.91926536665,2.493855046454,
    -11.76364653696));
#1459 = CARTESIAN_POINT('',(-34.86839877072,3.085775738652,
    -11.61183694015));
#1460 = CARTESIAN_POINT('',(-34.7717311629,4.006472079385,
    -11.31744561658));
#1461 = CARTESIAN_POINT('',(-34.73136258682,4.349878452364,
    -11.19332226424));
#1462 = CARTESIAN_POINT('',(-34.68796746339,4.684499801531,
    -11.05833096033));
#1463 = CARTESIAN_POINT('',(-34.64196834707,5.009966199515,
    -10.91326259076));
#1464 = CARTESIAN_POINT('',(-34.59379205405,5.325958430527,
    -10.75892435886));
#1465 = CARTESIAN_POINT('',(-34.47595990776,6.048654984618,
    -10.37478672442));
#1466 = CARTESIAN_POINT('',(-34.40479762652,6.447178365016,
    -10.13776858289));
#1467 = CARTESIAN_POINT('',(-34.33131487189,6.827792698175,
    -9.886777538792));
#1468 = CARTESIAN_POINT('',(-34.25637506363,7.190616368755,
    -9.623325851124));
#1469 = CARTESIAN_POINT('',(-34.18075881438,7.535843948542,
    -9.348768251025));
#1470 = CARTESIAN_POINT('',(-34.04144395911,8.140056218713,
    -8.824586121411));
#1471 = CARTESIAN_POINT('',(-33.97772460937,8.40413642938,
    -8.577766504142));
#1472 = CARTESIAN_POINT('',(-33.91439918717,8.656173734781,
    -8.324513825366));
#1473 = CARTESIAN_POINT('',(-33.85182461278,8.896381089967,
    -8.065404344361));
#1474 = CARTESIAN_POINT('',(-33.79031963452,9.124970444032,
    -7.800939418631));
#1475 = CARTESIAN_POINT('',(-33.67940623333,9.525427120298,
    -7.304211674563));
#1476 = CARTESIAN_POINT('',(-33.62960891235,9.700577379914,
    -7.073368842612));
#1477 = CARTESIAN_POINT('',(-33.580947556,9.867719675489,-6.839285508382
    ));
#1478 = CARTESIAN_POINT('',(-33.53357981116,10.02696301852,
    -6.602204739319));
#1479 = CARTESIAN_POINT('',(-33.48764860741,10.178409590756,
    -6.362344077838));
#1480 = CARTESIAN_POINT('',(-33.40482995988,10.446738003389,
    -5.909766516871));
#1481 = CARTESIAN_POINT('',(-33.36755449822,10.565532722931,
    -5.697700030695));
#1482 = CARTESIAN_POINT('',(-33.33154064262,10.678597098634,
    -5.483827317459));
#1483 = CARTESIAN_POINT('',(-33.29686683572,10.785983360278,
    -5.268273340105));
#1484 = CARTESIAN_POINT('',(-33.26360509235,10.887737771625,
    -5.051156789854));
#1485 = CARTESIAN_POINT('',(-33.1190570711,11.325068200006,
    -4.057156909397));
#1486 = CARTESIAN_POINT('',(-33.02484194662,11.596010887338,
    -3.263124585613));
#1487 = CARTESIAN_POINT('',(-32.95221111807,11.798216781886,
    -2.455982873168));
#1488 = CARTESIAN_POINT('',(-32.90312426885,11.932709036255,
    -1.640332318563));
#1489 = CARTESIAN_POINT('',(-32.87856444554,12.,-0.820308935281));
#1490 = CARTESIAN_POINT('',(-32.87856444554,12.,0.639906862026));
#1491 = CARTESIAN_POINT('',(-32.89350985162,11.959052011504,
    1.279729853907));
#1492 = CARTESIAN_POINT('',(-32.92339233461,11.877175787463,
    1.917475291903));
#1493 = CARTESIAN_POINT('',(-32.96784523425,11.754194474561,
    2.551132990903));
#1494 = CARTESIAN_POINT('',(-33.02613157156,11.589749342655,
    3.178563834989));
#1495 = CARTESIAN_POINT('',(-33.11821419221,11.322017949268,
    3.981134227985));
#1496 = CARTESIAN_POINT('',(-33.14041839747,11.257015946651,
    4.164131936167));
#1497 = CARTESIAN_POINT('',(-33.16371603544,11.188292810168,
    4.346322132757));
#1498 = CARTESIAN_POINT('',(-33.18807569907,11.115830490565,
    4.527644881176));
#1499 = CARTESIAN_POINT('',(-33.21346321568,11.039608585524,
    4.708038648065));
#1500 = CARTESIAN_POINT('',(-33.27112493976,10.864723934744,
    5.100200282518));
#1501 = CARTESIAN_POINT('',(-33.30380180839,10.7645238069,5.311564197937
    ));
#1502 = CARTESIAN_POINT('',(-33.33781078271,10.658965964961,
    5.521427347036));
#1503 = CARTESIAN_POINT('',(-33.3730845701,10.54800701315,5.729679264783
    ));
#1504 = CARTESIAN_POINT('',(-33.40955005553,10.43159815107,
    5.936203723618));
#1505 = CARTESIAN_POINT('',(-33.49170683115,10.165061572227,
    6.38368173685));
#1506 = CARTESIAN_POINT('',(-33.53784953097,10.012696854813,
    6.623873603848));
#1507 = CARTESIAN_POINT('',(-33.58542680377,9.85249453245,6.861260327334
    ));
#1508 = CARTESIAN_POINT('',(-33.63429414645,9.684351278765,
    7.095621983212));
#1509 = CARTESIAN_POINT('',(-33.68429215006,9.508156930036,
    7.326712730398));
#1510 = CARTESIAN_POINT('',(-33.79544889541,9.105970866131,
    7.823108115541));
#1511 = CARTESIAN_POINT('',(-33.85698572483,8.876746007407,
    8.087009096258));
#1512 = CARTESIAN_POINT('',(-33.91957334501,8.63590861508,8.345535717318
    ));
#1513 = CARTESIAN_POINT('',(-33.9828922046,8.383247001933,8.598184836337
    ));
#1514 = CARTESIAN_POINT('',(-34.0465845495,8.118548785309,8.844378295135
    ));
#1515 = CARTESIAN_POINT('',(-34.18435304866,7.519268295241,
    9.361727045929));
#1516 = CARTESIAN_POINT('',(-34.25844091658,7.180252091822,9.63043897425
    ));
#1517 = CARTESIAN_POINT('',(-34.33185967224,6.824324352562,
    9.888447977964));
#1518 = CARTESIAN_POINT('',(-34.40387303133,6.451303204682,
    10.134475567182));
#1519 = CARTESIAN_POINT('',(-34.47366825038,6.061077295217,
    10.367097840681));
#1520 = CARTESIAN_POINT('',(-34.59197496435,5.338292805848,
    10.753159398071));
#1521 = CARTESIAN_POINT('',(-34.64174230556,5.012572031812,
    10.91264731985));
#1522 = CARTESIAN_POINT('',(-34.68919953779,4.676763488796,
    11.062282338595));
#1523 = CARTESIAN_POINT('',(-34.73387758974,4.331219635874,
    11.201177529647));
#1524 = CARTESIAN_POINT('',(-34.77531249316,3.97635044025,
    11.328465022009));
#1525 = CARTESIAN_POINT('',(-34.83187320385,3.431303008763,
    11.500535359564));
#1526 = CARTESIAN_POINT('',(-34.84976855355,3.24781707593,
    11.554670173705));
#1527 = CARTESIAN_POINT('',(-34.86668241208,3.062281385542,
    11.605576463658));
#1528 = CARTESIAN_POINT('',(-34.88255798597,2.874815281932,
    11.653142089664));
#1529 = CARTESIAN_POINT('',(-34.89734250479,2.685541945453,
    11.697263554081));
#1530 = CARTESIAN_POINT('',(-34.93976215367,2.09189217768,
    11.823429106066));
#1531 = CARTESIAN_POINT('',(-34.96348360701,1.681517635698,
    11.89331650986));
#1532 = CARTESIAN_POINT('',(-34.98164162939,1.265258329024,
    11.946457207151));
#1533 = CARTESIAN_POINT('',(-34.99387761223,0.844980198502,
    11.982141675342));
#1534 = CARTESIAN_POINT('',(-35.,0.422589376485,12.));
#1535 = CARTESIAN_POINT('',(-35.,-0.42265413119,12.));
#1536 = CARTESIAN_POINT('',(-34.9938757474,-0.845107433728,
    11.982136198061));
#1537 = CARTESIAN_POINT('',(-34.98163611812,-1.265445367846,
    11.946441154534));
#1538 = CARTESIAN_POINT('',(-34.96347288983,-1.681761763906,
    11.893285211061));
#1539 = CARTESIAN_POINT('',(-34.9397448784,-2.092191018377,
    11.823378209157));
#1540 = CARTESIAN_POINT('',(-34.89679132303,-2.693227423412,
    11.695623977465));
#1541 = CARTESIAN_POINT('',(-34.88139167523,-2.889700930865,
    11.649661055272));
#1542 = CARTESIAN_POINT('',(-34.86481771786,-3.084219604836,
    11.599988574596));
#1543 = CARTESIAN_POINT('',(-34.84712864476,-3.276646706655,
    11.546722575733));
#1544 = CARTESIAN_POINT('',(-34.82838825655,-3.466849966319,
    11.48998900691));
#1545 = CARTESIAN_POINT('',(-34.7717311629,-4.006472079348,
    11.317445616594));
#1546 = CARTESIAN_POINT('',(-34.73136258682,-4.349878452373,
    11.19332226424));
#1547 = CARTESIAN_POINT('',(-34.68796746339,-4.684499801564,
    11.058330960325));
#1548 = CARTESIAN_POINT('',(-34.64196834707,-5.009966199523,
    10.913262590761));
#1549 = CARTESIAN_POINT('',(-34.59379205406,-5.325958430497,
    10.758924358876));
#1550 = CARTESIAN_POINT('',(-34.47595990776,-6.048654984619,
    10.374786724422));
#1551 = CARTESIAN_POINT('',(-34.40479762652,-6.447178365016,
    10.137768582892));
#1552 = CARTESIAN_POINT('',(-34.33131487189,-6.827792698173,
    9.886777538793));
#1553 = CARTESIAN_POINT('',(-34.25637506363,-7.190616368754,
    9.623325851125));
#1554 = CARTESIAN_POINT('',(-34.18075881438,-7.535843948542,
    9.348768251025));
#1555 = CARTESIAN_POINT('',(-34.04144395911,-8.140056218713,
    8.824586121411));
#1556 = CARTESIAN_POINT('',(-33.97772460937,-8.404136429379,
    8.577766504143));
#1557 = CARTESIAN_POINT('',(-33.91439918717,-8.65617373478,
    8.324513825367));
#1558 = CARTESIAN_POINT('',(-33.85182461278,-8.896381089966,
    8.065404344362));
#1559 = CARTESIAN_POINT('',(-33.79031963452,-9.124970444031,
    7.800939418633));
#1560 = CARTESIAN_POINT('',(-33.67940623333,-9.525427120297,
    7.304211674564));
#1561 = CARTESIAN_POINT('',(-33.62960891235,-9.700577379913,
    7.073368842613));
#1562 = CARTESIAN_POINT('',(-33.580947556,-9.867719675488,6.839285508383
    ));
#1563 = CARTESIAN_POINT('',(-33.53357981116,-10.02696301851,
    6.602204739321));
#1564 = CARTESIAN_POINT('',(-33.48764860741,-10.17840959075,
    6.36234407784));
#1565 = CARTESIAN_POINT('',(-33.40482995988,-10.44673800338,
    5.909766516873));
#1566 = CARTESIAN_POINT('',(-33.36755449822,-10.56553272293,
    5.697700030697));
#1567 = CARTESIAN_POINT('',(-33.33154064262,-10.67859709863,
    5.483827317461));
#1568 = CARTESIAN_POINT('',(-33.29686683572,-10.78598336027,
    5.268273340108));
#1569 = CARTESIAN_POINT('',(-33.26360509235,-10.88773777162,
    5.051156789857));
#1570 = CARTESIAN_POINT('',(-33.1190570711,-11.3250682,4.057156909399));
#1571 = CARTESIAN_POINT('',(-33.02484194662,-11.59601088733,
    3.263124585614));
#1572 = CARTESIAN_POINT('',(-32.95221111807,-11.79821678188,
    2.455982873172));
#1573 = CARTESIAN_POINT('',(-32.90312426885,-11.93270903625,
    1.640332318563));
#1574 = CARTESIAN_POINT('',(-32.87856444554,-12.,0.820308935281));
#1575 = CARTESIAN_POINT('',(-32.87856444554,-12.,-0.639906844181));
#1576 = CARTESIAN_POINT('',(-32.89350985301,-11.95905200749,
    -1.279729882335));
#1577 = CARTESIAN_POINT('',(-32.92339233368,-11.87717579016,
    -1.917475292059));
#1578 = CARTESIAN_POINT('',(-32.96784523242,-11.75419447985,
    -2.55113296254));
#1579 = CARTESIAN_POINT('',(-33.02613157357,-11.58974933682,
    -3.178563852478));
#1580 = CARTESIAN_POINT('',(-33.11821419221,-11.32201794926,
    -3.981134227985));
#1581 = CARTESIAN_POINT('',(-33.14041839747,-11.25701594665,
    -4.164131936167));
#1582 = CARTESIAN_POINT('',(-33.16371603544,-11.18829281016,
    -4.346322132757));
#1583 = CARTESIAN_POINT('',(-33.18807569907,-11.11583049056,
    -4.527644881176));
#1584 = CARTESIAN_POINT('',(-33.21346321568,-11.03960858552,
    -4.708038648065));
#1585 = CARTESIAN_POINT('',(-33.27112493976,-10.86472393474,
    -5.100200282518));
#1586 = CARTESIAN_POINT('',(-33.30380180839,-10.76452380689,
    -5.311564197937));
#1587 = CARTESIAN_POINT('',(-33.33781078271,-10.65896596496,
    -5.521427347036));
#1588 = CARTESIAN_POINT('',(-33.3730845701,-10.54800701315,
    -5.729679264783));
#1589 = CARTESIAN_POINT('',(-33.40955005553,-10.43159815107,
    -5.936203723618));
#1590 = CARTESIAN_POINT('',(-33.49170683115,-10.16506157222,
    -6.38368173685));
#1591 = CARTESIAN_POINT('',(-33.53784953097,-10.01269685481,
    -6.623873603848));
#1592 = CARTESIAN_POINT('',(-33.58542680377,-9.852494532449,
    -6.861260327335));
#1593 = CARTESIAN_POINT('',(-33.63429414645,-9.684351278765,
    -7.095621983212));
#1594 = CARTESIAN_POINT('',(-33.68429215006,-9.508156930036,
    -7.326712730398));
#1595 = CARTESIAN_POINT('',(-33.79544889541,-9.10597086613,
    -7.823108115542));
#1596 = CARTESIAN_POINT('',(-33.85698572483,-8.876746007406,
    -8.087009096259));
#1597 = CARTESIAN_POINT('',(-33.91957334501,-8.635908615079,
    -8.345535717319));
#1598 = CARTESIAN_POINT('',(-33.9828922046,-8.383247001932,
    -8.598184836337));
#1599 = CARTESIAN_POINT('',(-34.0465845495,-8.118548785308,
    -8.844378295135));
#1600 = CARTESIAN_POINT('',(-34.18435304866,-7.519268295242,
    -9.361727045929));
#1601 = CARTESIAN_POINT('',(-34.25844091658,-7.18025209182,
    -9.630438974252));
#1602 = CARTESIAN_POINT('',(-34.33185967224,-6.824324352559,
    -9.888447977967));
#1603 = CARTESIAN_POINT('',(-34.40387303133,-6.45130320468,
    -10.13447556718));
#1604 = CARTESIAN_POINT('',(-34.47366825038,-6.061077295217,
    -10.36709784068));
#1605 = CARTESIAN_POINT('',(-34.59197496435,-5.338292805904,
    -10.75315939804));
#1606 = CARTESIAN_POINT('',(-34.64174230556,-5.012572031794,
    -10.91264731986));
#1607 = CARTESIAN_POINT('',(-34.6891995378,-4.676763488728,
    -11.06228233862));
#1608 = CARTESIAN_POINT('',(-34.73387758974,-4.331219635851,
    -11.20117752964));
#1609 = CARTESIAN_POINT('',(-34.77531249315,-3.97635044032,
    -11.32846502198));
#1610 = CARTESIAN_POINT('',(-34.87150686404,-3.049373142186,
    -11.62110982202));
#1611 = CARTESIAN_POINT('',(-34.92121315951,-2.463862257795,
    -11.76937027085));
#1612 = CARTESIAN_POINT('',(-34.96012769017,-1.860851609558,
    -11.88370659216));
#1613 = CARTESIAN_POINT('',(-34.98667475852,-1.245548932511,
    -11.96113447284));
#1614 = CARTESIAN_POINT('',(-35.,-0.62342131762,-12.));
#1615 = CARTESIAN_POINT('',(-35.,0.,-12.));
#1616 = PCURVE('',#369,#1617);
#1617 = DEFINITIONAL_REPRESENTATION('',(#1618),#1781);
#1618 = B_SPLINE_CURVE_WITH_KNOTS('',6,(#1619,#1620,#1621,#1622,#1623,
    #1624,#1625,#1626,#1627,#1628,#1629,#1630,#1631,#1632,#1633,#1634,
    #1635,#1636,#1637,#1638,#1639,#1640,#1641,#1642,#1643,#1644,#1645,
    #1646,#1647,#1648,#1649,#1650,#1651,#1652,#1653,#1654,#1655,#1656,
    #1657,#1658,#1659,#1660,#1661,#1662,#1663,#1664,#1665,#1666,#1667,
    #1668,#1669,#1670,#1671,#1672,#1673,#1674,#1675,#1676,#1677,#1678,
    #1679,#1680,#1681,#1682,#1683,#1684,#1685,#1686,#1687,#1688,#1689,
    #1690,#1691,#1692,#1693,#1694,#1695,#1696,#1697,#1698,#1699,#1700,
    #1701,#1702,#1703,#1704,#1705,#1706,#1707,#1708,#1709,#1710,#1711,
    #1712,#1713,#1714,#1715,#1716,#1717,#1718,#1719,#1720,#1721,#1722,
    #1723,#1724,#1725,#1726,#1727,#1728,#1729,#1730,#1731,#1732,#1733,
    #1734,#1735,#1736,#1737,#1738,#1739,#1740,#1741,#1742,#1743,#1744,
    #1745,#1746,#1747,#1748,#1749,#1750,#1751,#1752,#1753,#1754,#1755,
    #1756,#1757,#1758,#1759,#1760,#1761,#1762,#1763,#1764,#1765,#1766,
    #1767,#1768,#1769,#1770,#1771,#1772,#1773,#1774,#1775,#1776,#1777,
    #1778,#1779,#1780),.UNSPECIFIED.,.F.,.F.,(7,5,5,5,5,5,5,5,5,5,5,5,5,
    5,5,5,5,5,5,5,5,5,5,5,5,5,5,5,5,5,5,5,7),(0.,4.083687169668E-02,
    6.608657129045E-02,0.100421892641,0.129360166972,0.1537803318,
    0.174945175632,0.250034024095,0.308609357516,0.326002094756,
    0.346628874423,0.37109812476,0.400008463134,0.433656400012,
    0.459697754671,0.472679575795,0.500056548605,0.527437716474,
    0.540918394594,0.566162280895,0.600489697148,0.629421308955,
    0.653835851475,0.674995822477,0.750067383066,0.808629228925,
    0.826017961803,0.846639992527,0.871103609263,0.900007291556,
    0.933647481607,0.959682840711,1.),.UNSPECIFIED.);
#1619 = CARTESIAN_POINT('',(0.,9.));
#1620 = CARTESIAN_POINT('',(5.260230568023E-02,9.));
#1621 = CARTESIAN_POINT('',(0.10508966393,9.013661041071));
#1622 = CARTESIAN_POINT('',(0.157248078176,9.040871482192));
#1623 = CARTESIAN_POINT('',(0.208863421895,9.080734633345));
#1624 = CARTESIAN_POINT('',(0.25969971657,9.131601229271));
#1625 = CARTESIAN_POINT('',(0.340251115069,9.2282688371));
#1626 = CARTESIAN_POINT('',(0.37065905414,9.268637413173));
#1627 = CARTESIAN_POINT('',(0.400697964823,9.312032536604));
#1628 = CARTESIAN_POINT('',(0.430364653548,9.358031652921));
#1629 = CARTESIAN_POINT('',(0.459653285558,9.406207945944));
#1630 = CARTESIAN_POINT('',(0.527857026061,9.524040092237));
#1631 = CARTESIAN_POINT('',(0.566452513078,9.595202373475));
#1632 = CARTESIAN_POINT('',(0.604385843502,9.668685128101));
#1633 = CARTESIAN_POINT('',(0.641696534558,9.743624936369));
#1634 = CARTESIAN_POINT('',(0.678420792184,9.819241185617));
#1635 = CARTESIAN_POINT('',(0.745079092307,9.95855604089));
#1636 = CARTESIAN_POINT('',(0.775180682302,10.022275390626));
#1637 = CARTESIAN_POINT('',(0.804926490603,10.085600812829));
#1638 = CARTESIAN_POINT('',(0.834343095375,10.148175387219));
#1639 = CARTESIAN_POINT('',(0.863456302321,10.20968036548));
#1640 = CARTESIAN_POINT('',(0.916626887423,10.320593766667));
#1641 = CARTESIAN_POINT('',(0.940763934016,10.370391087644));
#1642 = CARTESIAN_POINT('',(0.964718121576,10.419052443991));
#1643 = CARTESIAN_POINT('',(0.988503420333,10.466420188833));
#1644 = CARTESIAN_POINT('',(1.012133485325,10.512351392583));
#1645 = CARTESIAN_POINT('',(1.055978745562,10.59517004012));
#1646 = CARTESIAN_POINT('',(1.076228738972,10.632445501771));
#1647 = CARTESIAN_POINT('',(1.096379788153,10.668459357377));
#1648 = CARTESIAN_POINT('',(1.116439614447,10.703133164272));
#1649 = CARTESIAN_POINT('',(1.136415509017,10.736394907643));
#1650 = CARTESIAN_POINT('',(1.226911582671,10.880942928892));
#1651 = CARTESIAN_POINT('',(1.296570850113,10.975158053371));
#1652 = CARTESIAN_POINT('',(1.365556304331,11.047788881926));
#1653 = CARTESIAN_POINT('',(1.434101911374,11.09687573115));
#1654 = CARTESIAN_POINT('',(1.502437248855,11.121435554453));
#1655 = CARTESIAN_POINT('',(1.62412189863,11.121435554453));
#1656 = CARTESIAN_POINT('',(1.677440446506,11.106490148372));
#1657 = CARTESIAN_POINT('',(1.730858927419,11.076607665386));
#1658 = CARTESIAN_POINT('',(1.784482206623,11.032154765741));
#1659 = CARTESIAN_POINT('',(1.838417702943,10.973868428435));
#1660 = CARTESIAN_POINT('',(1.908921807173,10.881785807783));
#1661 = CARTESIAN_POINT('',(1.925102082642,10.859581602522));
#1662 = CARTESIAN_POINT('',(1.941324204087,10.836283964552));
#1663 = CARTESIAN_POINT('',(1.957591678523,10.811924300929));
#1664 = CARTESIAN_POINT('',(1.973908176375,10.786536784319));
#1665 = CARTESIAN_POINT('',(2.009690639163,10.728875060235));
#1666 = CARTESIAN_POINT('',(2.02917807894,10.696198191607));
#1667 = CARTESIAN_POINT('',(2.048746252841,10.66218921729));
#1668 = CARTESIAN_POINT('',(2.068401953306,10.626915429896));
#1669 = CARTESIAN_POINT('',(2.088152363179,10.590449944466));
#1670 = CARTESIAN_POINT('',(2.131556017674,10.508293168842));
#1671 = CARTESIAN_POINT('',(2.155250248809,10.462150469025));
#1672 = CARTESIAN_POINT('',(2.179101208768,10.414573196229));
#1673 = CARTESIAN_POINT('',(2.203122676165,10.365705853544));
#1674 = CARTESIAN_POINT('',(2.227328748574,10.31570784994));
#1675 = CARTESIAN_POINT('',(2.28056838035,10.204551104584));
#1676 = CARTESIAN_POINT('',(2.309680753678,10.143014275162));
#1677 = CARTESIAN_POINT('',(2.339097520463,10.080426654989));
#1678 = CARTESIAN_POINT('',(2.36884446077,10.017107795399));
#1679 = CARTESIAN_POINT('',(2.398948128551,9.953415450491));
#1680 = CARTESIAN_POINT('',(2.464923020436,9.815646951338));
#1681 = CARTESIAN_POINT('',(2.500940859088,9.74155908342));
#1682 = CARTESIAN_POINT('',(2.537523168884,9.668140327755));
#1683 = CARTESIAN_POINT('',(2.574704067958,9.59612696867));
#1684 = CARTESIAN_POINT('',(2.612520728199,9.526331749619));
#1685 = CARTESIAN_POINT('',(2.680806328609,9.408025035641));
#1686 = CARTESIAN_POINT('',(2.711010152781,9.35825769444));
#1687 = CARTESIAN_POINT('',(2.741616257637,9.310800462205));
#1688 = CARTESIAN_POINT('',(2.772618038879,9.266122410259));
#1689 = CARTESIAN_POINT('',(2.80401189194,9.22468750684));
#1690 = CARTESIAN_POINT('',(2.851642188645,9.16812679615));
#1691 = CARTESIAN_POINT('',(2.867581424699,9.150231446441));
#1692 = CARTESIAN_POINT('',(2.883609741924,9.133317587915));
#1693 = CARTESIAN_POINT('',(2.89972240083,9.117442014023));
#1694 = CARTESIAN_POINT('',(2.915914929414,9.102657495206));
#1695 = CARTESIAN_POINT('',(2.966490628542,9.060237846329));
#1696 = CARTESIAN_POINT('',(3.001152111591,9.036516392986));
#1697 = CARTESIAN_POINT('',(3.03607584927,9.01835837061));
#1698 = CARTESIAN_POINT('',(3.071177635955,9.006122387766));
#1699 = CARTESIAN_POINT('',(3.106376872216,9.));
#1700 = CARTESIAN_POINT('',(3.176813831189,9.));
#1701 = CARTESIAN_POINT('',(3.21201827405,9.006124252594));
#1702 = CARTESIAN_POINT('',(3.24712508086,9.018363881875));
#1703 = CARTESIAN_POINT('',(3.282053679618,9.036527110162));
#1704 = CARTESIAN_POINT('',(3.316719919684,9.060255121594));
#1705 = CARTESIAN_POINT('',(3.367925246006,9.103208676967));
#1706 = CARTESIAN_POINT('',(3.384736588948,9.11860832477));
#1707 = CARTESIAN_POINT('',(3.401461571628,9.135182282133));
#1708 = CARTESIAN_POINT('',(3.418095262619,9.152871355234));
#1709 = CARTESIAN_POINT('',(3.43463242009,9.171611743448));
#1710 = CARTESIAN_POINT('',(3.481843768656,9.228268837096));
#1711 = CARTESIAN_POINT('',(3.51225170773,9.268637413173));
#1712 = CARTESIAN_POINT('',(3.542290618416,9.312032536609));
#1713 = CARTESIAN_POINT('',(3.571957307139,9.358031652923));
#1714 = CARTESIAN_POINT('',(3.601245939145,9.406207945939));
#1715 = CARTESIAN_POINT('',(3.669449679651,9.524040092237));
#1716 = CARTESIAN_POINT('',(3.708045166668,9.595202373475));
#1717 = CARTESIAN_POINT('',(3.745978497092,9.668685128101));
#1718 = CARTESIAN_POINT('',(3.783289188148,9.743624936368));
#1719 = CARTESIAN_POINT('',(3.820013445774,9.819241185617));
#1720 = CARTESIAN_POINT('',(3.886671745897,9.95855604089));
#1721 = CARTESIAN_POINT('',(3.916773335892,10.022275390626));
#1722 = CARTESIAN_POINT('',(3.946519144193,10.085600812829));
#1723 = CARTESIAN_POINT('',(3.975935748965,10.148175387219));
#1724 = CARTESIAN_POINT('',(4.005048955911,10.20968036548));
#1725 = CARTESIAN_POINT('',(4.058219541013,10.320593766666));
#1726 = CARTESIAN_POINT('',(4.082356587606,10.370391087644));
#1727 = CARTESIAN_POINT('',(4.106310775166,10.419052443991));
#1728 = CARTESIAN_POINT('',(4.130096073922,10.466420188833));
#1729 = CARTESIAN_POINT('',(4.153726138914,10.512351392582));
#1730 = CARTESIAN_POINT('',(4.197571399151,10.59517004012));
#1731 = CARTESIAN_POINT('',(4.217821392562,10.632445501771));
#1732 = CARTESIAN_POINT('',(4.237972441743,10.668459357376));
#1733 = CARTESIAN_POINT('',(4.258032268036,10.703133164272));
#1734 = CARTESIAN_POINT('',(4.278008162607,10.736394907642));
#1735 = CARTESIAN_POINT('',(4.368504236261,10.880942928892));
#1736 = CARTESIAN_POINT('',(4.438163503703,10.975158053371));
#1737 = CARTESIAN_POINT('',(4.50714895792,11.047788881926));
#1738 = CARTESIAN_POINT('',(4.575694564964,11.09687573115));
#1739 = CARTESIAN_POINT('',(4.644029902445,11.121435554453));
#1740 = CARTESIAN_POINT('',(4.765714550733,11.121435554453));
#1741 = CARTESIAN_POINT('',(4.819033102514,11.106490146981));
#1742 = CARTESIAN_POINT('',(4.872451580985,11.076607666317));
#1743 = CARTESIAN_POINT('',(4.926074857783,11.032154767572));
#1744 = CARTESIAN_POINT('',(4.980010358069,10.973868426428));
#1745 = CARTESIAN_POINT('',(5.050514460763,10.881785807783));
#1746 = CARTESIAN_POINT('',(5.066694736232,10.859581602522));
#1747 = CARTESIAN_POINT('',(5.082916857677,10.836283964552));
#1748 = CARTESIAN_POINT('',(5.099184332113,10.811924300929));
#1749 = CARTESIAN_POINT('',(5.115500829965,10.786536784319));
#1750 = CARTESIAN_POINT('',(5.151283292753,10.728875060235));
#1751 = CARTESIAN_POINT('',(5.170770732529,10.696198191607));
#1752 = CARTESIAN_POINT('',(5.190338906431,10.66218921729));
#1753 = CARTESIAN_POINT('',(5.209994606896,10.626915429896));
#1754 = CARTESIAN_POINT('',(5.229745016769,10.590449944466));
#1755 = CARTESIAN_POINT('',(5.273148671264,10.508293168842));
#1756 = CARTESIAN_POINT('',(5.296842902399,10.462150469025));
#1757 = CARTESIAN_POINT('',(5.320693862357,10.414573196229));
#1758 = CARTESIAN_POINT('',(5.344715329754,10.365705853544));
#1759 = CARTESIAN_POINT('',(5.368921402164,10.315707849939));
#1760 = CARTESIAN_POINT('',(5.422161033939,10.204551104584));
#1761 = CARTESIAN_POINT('',(5.451273407268,10.143014275162));
#1762 = CARTESIAN_POINT('',(5.480690174053,10.080426654989));
#1763 = CARTESIAN_POINT('',(5.51043711436,10.017107795399));
#1764 = CARTESIAN_POINT('',(5.540540782141,9.953415450491));
#1765 = CARTESIAN_POINT('',(5.606515674025,9.815646951339));
#1766 = CARTESIAN_POINT('',(5.642533512678,9.74155908342));
#1767 = CARTESIAN_POINT('',(5.679115822474,9.668140327754));
#1768 = CARTESIAN_POINT('',(5.716296721548,9.59612696867));
#1769 = CARTESIAN_POINT('',(5.754113381789,9.526331749619));
#1770 = CARTESIAN_POINT('',(5.822398982194,9.40802503565));
#1771 = CARTESIAN_POINT('',(5.852602806373,9.358257694435));
#1772 = CARTESIAN_POINT('',(5.883208911233,9.310800462196));
#1773 = CARTESIAN_POINT('',(5.914210692471,9.266122410259));
#1774 = CARTESIAN_POINT('',(5.945604545524,9.224687506848));
#1775 = CARTESIAN_POINT('',(6.026610713424,9.128493135959));
#1776 = CARTESIAN_POINT('',(6.076859193016,9.078786840483));
#1777 = CARTESIAN_POINT('',(6.127861925765,9.039872309826));
#1778 = CARTESIAN_POINT('',(6.179389568191,9.013325241473));
#1779 = CARTESIAN_POINT('',(6.231233530711,9.));
#1780 = CARTESIAN_POINT('',(6.28318530718,9.));
#1781 = ( GEOMETRIC_REPRESENTATION_CONTEXT(2) 
PARAMETRIC_REPRESENTATION_CONTEXT() REPRESENTATION_CONTEXT('2D SPACE',''
  ) );
#1782 = PCURVE('',#1266,#1783);
#1783 = DEFINITIONAL_REPRESENTATION('',(#1784),#1947);
#1784 = B_SPLINE_CURVE_WITH_KNOTS('',6,(#1785,#1786,#1787,#1788,#1789,
    #1790,#1791,#1792,#1793,#1794,#1795,#1796,#1797,#1798,#1799,#1800,
    #1801,#1802,#1803,#1804,#1805,#1806,#1807,#1808,#1809,#1810,#1811,
    #1812,#1813,#1814,#1815,#1816,#1817,#1818,#1819,#1820,#1821,#1822,
    #1823,#1824,#1825,#1826,#1827,#1828,#1829,#1830,#1831,#1832,#1833,
    #1834,#1835,#1836,#1837,#1838,#1839,#1840,#1841,#1842,#1843,#1844,
    #1845,#1846,#1847,#1848,#1849,#1850,#1851,#1852,#1853,#1854,#1855,
    #1856,#1857,#1858,#1859,#1860,#1861,#1862,#1863,#1864,#1865,#1866,
    #1867,#1868,#1869,#1870,#1871,#1872,#1873,#1874,#1875,#1876,#1877,
    #1878,#1879,#1880,#1881,#1882,#1883,#1884,#1885,#1886,#1887,#1888,
    #1889,#1890,#1891,#1892,#1893,#1894,#1895,#1896,#1897,#1898,#1899,
    #1900,#1901,#1902,#1903,#1904,#1905,#1906,#1907,#1908,#1909,#1910,
    #1911,#1912,#1913,#1914,#1915,#1916,#1917,#1918,#1919,#1920,#1921,
    #1922,#1923,#1924,#1925,#1926,#1927,#1928,#1929,#1930,#1931,#1932,
    #1933,#1934,#1935,#1936,#1937,#1938,#1939,#1940,#1941,#1942,#1943,
    #1944,#1945,#1946),.UNSPECIFIED.,.T.,.F.,(7,5,5,5,5,5,5,5,5,5,5,5,5,
    5,5,5,5,5,5,5,5,5,5,5,5,5,5,5,5,5,5,5,7),(0.,4.083687169668E-02,
    6.608657129045E-02,0.100421892641,0.129360166972,0.1537803318,
    0.174945175632,0.250034024095,0.308609357516,0.326002094756,
    0.346628874423,0.37109812476,0.400008463134,0.433656400012,
    0.459697754671,0.472679575795,0.500056548605,0.527437716474,
    0.540918394594,0.566162280895,0.600489697148,0.629421308955,
    0.653835851475,0.674995822477,0.750067383066,0.808629228925,
    0.826017961803,0.846639992527,0.871103609263,0.900007291556,
    0.933647481607,0.959682840711,1.),.UNSPECIFIED.);
#1785 = CARTESIAN_POINT('',(3.14159265359,55.));
#1786 = CARTESIAN_POINT('',(3.123557577357,55.));
#1787 = CARTESIAN_POINT('',(3.105561906123,55.039844956712));
#1788 = CARTESIAN_POINT('',(3.087758315453,55.119207598278));
#1789 = CARTESIAN_POINT('',(3.070297613565,55.236353463034));
#1790 = CARTESIAN_POINT('',(3.053326287248,55.388163059849));
#1791 = CARTESIAN_POINT('',(3.026876081767,55.682554383418));
#1792 = CARTESIAN_POINT('',(3.01699767251,55.80667773576));
#1793 = CARTESIAN_POINT('',(3.007358000993,55.941669039661));
#1794 = CARTESIAN_POINT('',(2.997967408657,56.086737409232));
#1795 = CARTESIAN_POINT('',(2.988835219904,56.24107564114));
#1796 = CARTESIAN_POINT('',(2.967914090579,56.625213275578));
#1797 = CARTESIAN_POINT('',(2.9563489175,56.862231417108));
#1798 = CARTESIAN_POINT('',(2.945274941793,57.113222461208));
#1799 = CARTESIAN_POINT('',(2.934690920982,57.376674148876));
#1800 = CARTESIAN_POINT('',(2.924594050562,57.651231748975));
#1801 = CARTESIAN_POINT('',(2.906877896367,58.175413878589));
#1802 = CARTESIAN_POINT('',(2.899116615084,58.422233495858));
#1803 = CARTESIAN_POINT('',(2.891692193266,58.675486174634));
#1804 = CARTESIAN_POINT('',(2.88460043318,58.934595655639));
#1805 = CARTESIAN_POINT('',(2.877837212514,59.199060581369));
#1806 = CARTESIAN_POINT('',(2.865964852842,59.695788325437));
#1807 = CARTESIAN_POINT('',(2.860762347256,59.926631157388));
#1808 = CARTESIAN_POINT('',(2.855788726803,60.160714491618));
#1809 = CARTESIAN_POINT('',(2.851042012303,60.397795260681));
#1810 = CARTESIAN_POINT('',(2.846520390305,60.637655922162));
#1811 = CARTESIAN_POINT('',(2.838497002786,61.090233483129));
#1812 = CARTESIAN_POINT('',(2.834939736611,61.302299969305));
#1813 = CARTESIAN_POINT('',(2.831549454505,61.516172682541));
#1814 = CARTESIAN_POINT('',(2.828325335621,61.731726659895));
#1815 = CARTESIAN_POINT('',(2.825266698321,61.948843210146));
#1816 = CARTESIAN_POINT('',(2.812106708431,62.942843090603));
#1817 = CARTESIAN_POINT('',(2.80391179443,63.736875414387));
#1818 = CARTESIAN_POINT('',(2.7977731662,64.544017126832));
#1819 = CARTESIAN_POINT('',(2.793682594684,65.359667681437));
#1820 = CARTESIAN_POINT('',(2.791635942347,66.179691064719));
#1821 = CARTESIAN_POINT('',(2.791635942347,67.639906862026));
#1822 = CARTESIAN_POINT('',(2.792881359068,68.279729853907));
#1823 = CARTESIAN_POINT('',(2.79537166088,68.917475291903));
#1824 = CARTESIAN_POINT('',(2.799107846279,69.551132990903));
#1825 = CARTESIAN_POINT('',(2.804092478611,70.178563834989));
#1826 = CARTESIAN_POINT('',(2.812181741236,70.981134227985));
#1827 = CARTESIAN_POINT('',(2.814144302908,71.164131936167));
#1828 = CARTESIAN_POINT('',(2.816217573422,71.346322132757));
#1829 = CARTESIAN_POINT('',(2.818401767923,71.527644881176));
#1830 = CARTESIAN_POINT('',(2.820697149095,71.708038648065));
#1831 = CARTESIAN_POINT('',(2.825958445242,72.100200282518));
#1832 = CARTESIAN_POINT('',(2.828969681378,72.311564197937));
#1833 = CARTESIAN_POINT('',(2.832138252755,72.521427347036));
#1834 = CARTESIAN_POINT('',(2.835464803139,72.729679264783));
#1835 = CARTESIAN_POINT('',(2.838950102877,72.936203723618));
#1836 = CARTESIAN_POINT('',(2.846918995645,73.38368173685));
#1837 = CARTESIAN_POINT('',(2.851467474495,73.623873603848));
#1838 = CARTESIAN_POINT('',(2.856242156456,73.861260327334));
#1839 = CARTESIAN_POINT('',(2.861244878791,74.095621983212));
#1840 = CARTESIAN_POINT('',(2.866477645027,74.326712730398));
#1841 = CARTESIAN_POINT('',(2.878399480663,74.823108115541));
#1842 = CARTESIAN_POINT('',(2.885180470981,75.087009096258));
#1843 = CARTESIAN_POINT('',(2.8922897432,75.345535717318));
#1844 = CARTESIAN_POINT('',(2.899731417191,75.598184836337));
#1845 = CARTESIAN_POINT('',(2.907509681326,75.844378295135));
#1846 = CARTESIAN_POINT('',(2.925078607168,76.361727045929));
#1847 = CARTESIAN_POINT('',(2.934992807375,76.63043897425));
#1848 = CARTESIAN_POINT('',(2.945375148133,76.888447977964));
#1849 = CARTESIAN_POINT('',(2.956228241842,77.134475567182));
#1850 = CARTESIAN_POINT('',(2.967553254276,77.367097840681));
#1851 = CARTESIAN_POINT('',(2.988479049248,77.753159398071));
#1852 = CARTESIAN_POINT('',(2.997892829017,77.91264731985));
#1853 = CARTESIAN_POINT('',(3.007581749699,78.062282338595));
#1854 = CARTESIAN_POINT('',(3.017535514273,78.201177529647));
#1855 = CARTESIAN_POINT('',(3.027742672582,78.328465022009));
#1856 = CARTESIAN_POINT('',(3.043399080713,78.500535359564));
#1857 = CARTESIAN_POINT('',(3.04866630882,78.554670173705));
#1858 = CARTESIAN_POINT('',(3.053989150048,78.605576463657));
#1859 = CARTESIAN_POINT('',(3.059364326905,78.653142089664));
#1860 = CARTESIAN_POINT('',(3.064788489621,78.697263554081));
#1861 = CARTESIAN_POINT('',(3.081793158209,78.823429106066));
#1862 = CARTESIAN_POINT('',(3.093536634272,78.89331650986));
#1863 = CARTESIAN_POINT('',(3.105439243729,78.946457207151));
#1864 = CARTESIAN_POINT('',(3.117450364562,78.982141675342));
#1865 = CARTESIAN_POINT('',(3.129518671404,79.));
#1866 = CARTESIAN_POINT('',(3.15366848591,79.));
#1867 = CARTESIAN_POINT('',(3.165738577831,78.982136198061));
#1868 = CARTESIAN_POINT('',(3.17775140893,78.946441154534));
#1869 = CARTESIAN_POINT('',(3.189655653771,78.893285211061));
#1870 = CARTESIAN_POINT('',(3.201400700741,78.823378209157));
#1871 = CARTESIAN_POINT('',(3.218616966616,78.695623977465));
#1872 = CARTESIAN_POINT('',(3.224247578201,78.649661055272));
#1873 = CARTESIAN_POINT('',(3.229825202976,78.599988574596));
#1874 = CARTESIAN_POINT('',(3.235346122566,78.546722575733));
#1875 = CARTESIAN_POINT('',(3.240806702875,78.48998900691));
#1876 = CARTESIAN_POINT('',(3.256309225412,78.317445616594));
#1877 = CARTESIAN_POINT('',(3.26618763467,78.19332226424));
#1878 = CARTESIAN_POINT('',(3.275827306187,78.058330960325));
#1879 = CARTESIAN_POINT('',(3.285217898523,77.913262590761));
#1880 = CARTESIAN_POINT('',(3.294350087274,77.758924358876));
#1881 = CARTESIAN_POINT('',(3.3152712166,77.374786724422));
#1882 = CARTESIAN_POINT('',(3.32683638968,77.137768582892));
#1883 = CARTESIAN_POINT('',(3.337910365386,76.886777538793));
#1884 = CARTESIAN_POINT('',(3.348494386198,76.623325851125));
#1885 = CARTESIAN_POINT('',(3.358591256618,76.348768251025));
#1886 = CARTESIAN_POINT('',(3.376307410813,75.824586121411));
#1887 = CARTESIAN_POINT('',(3.384068692096,75.577766504143));
#1888 = CARTESIAN_POINT('',(3.391493113914,75.324513825367));
#1889 = CARTESIAN_POINT('',(3.398584874,75.065404344362));
#1890 = CARTESIAN_POINT('',(3.405348094666,74.800939418633));
#1891 = CARTESIAN_POINT('',(3.417220454338,74.304211674564));
#1892 = CARTESIAN_POINT('',(3.422422959923,74.073368842613));
#1893 = CARTESIAN_POINT('',(3.427396580376,73.839285508383));
#1894 = CARTESIAN_POINT('',(3.432143294877,73.602204739321));
#1895 = CARTESIAN_POINT('',(3.436664916875,73.36234407784));
#1896 = CARTESIAN_POINT('',(3.444688304393,72.909766516873));
#1897 = CARTESIAN_POINT('',(3.448245570569,72.697700030697));
#1898 = CARTESIAN_POINT('',(3.451635852675,72.483827317461));
#1899 = CARTESIAN_POINT('',(3.454859971559,72.268273340108));
#1900 = CARTESIAN_POINT('',(3.457918608859,72.051156789857));
#1901 = CARTESIAN_POINT('',(3.471078598749,71.057156909399));
#1902 = CARTESIAN_POINT('',(3.47927351275,70.263124585614));
#1903 = CARTESIAN_POINT('',(3.48541214098,69.455982873172));
#1904 = CARTESIAN_POINT('',(3.489502712495,68.640332318563));
#1905 = CARTESIAN_POINT('',(3.491549364833,67.820308935281));
#1906 = CARTESIAN_POINT('',(3.491549364833,66.360093155819));
#1907 = CARTESIAN_POINT('',(3.49030394799,65.720270117665));
#1908 = CARTESIAN_POINT('',(3.487813646382,65.082524707941));
#1909 = CARTESIAN_POINT('',(3.484077461061,64.44886703746));
#1910 = CARTESIAN_POINT('',(3.479092828392,63.821436147522));
#1911 = CARTESIAN_POINT('',(3.471003565943,63.018865772015));
#1912 = CARTESIAN_POINT('',(3.469041004271,62.835868063833));
#1913 = CARTESIAN_POINT('',(3.466967733757,62.653677867243));
#1914 = CARTESIAN_POINT('',(3.464783539257,62.472355118824));
#1915 = CARTESIAN_POINT('',(3.462488158084,62.291961351935));
#1916 = CARTESIAN_POINT('',(3.457226861938,61.899799717482));
#1917 = CARTESIAN_POINT('',(3.454215625801,61.688435802063));
#1918 = CARTESIAN_POINT('',(3.451047054424,61.478572652964));
#1919 = CARTESIAN_POINT('',(3.447720504041,61.270320735217));
#1920 = CARTESIAN_POINT('',(3.444235204303,61.063796276382));
#1921 = CARTESIAN_POINT('',(3.436266311534,60.61631826315));
#1922 = CARTESIAN_POINT('',(3.431717832684,60.376126396152));
#1923 = CARTESIAN_POINT('',(3.426943150724,60.138739672665));
#1924 = CARTESIAN_POINT('',(3.421940428388,59.904378016788));
#1925 = CARTESIAN_POINT('',(3.416707662152,59.673287269602));
#1926 = CARTESIAN_POINT('',(3.404785826516,59.176891884458));
#1927 = CARTESIAN_POINT('',(3.398004836199,58.912990903741));
#1928 = CARTESIAN_POINT('',(3.39089556398,58.654464282681));
#1929 = CARTESIAN_POINT('',(3.383453889988,58.401815163663));
#1930 = CARTESIAN_POINT('',(3.375675625853,58.155621704865));
#1931 = CARTESIAN_POINT('',(3.358106700012,57.638272954071));
#1932 = CARTESIAN_POINT('',(3.348192499804,57.369561025748));
#1933 = CARTESIAN_POINT('',(3.337810159046,57.111552022033));
#1934 = CARTESIAN_POINT('',(3.326957065338,56.865524432817));
#1935 = CARTESIAN_POINT('',(3.315632052904,56.632902159318));
#1936 = CARTESIAN_POINT('',(3.294706257933,56.246840601959));
#1937 = CARTESIAN_POINT('',(3.285292478162,56.087352680135));
#1938 = CARTESIAN_POINT('',(3.275603557479,55.937717661377));
#1939 = CARTESIAN_POINT('',(3.265649792906,55.798822470351));
#1940 = CARTESIAN_POINT('',(3.255442634599,55.671534978013));
#1941 = CARTESIAN_POINT('',(3.228815346644,55.37889017798));
#1942 = CARTESIAN_POINT('',(3.212029226495,55.230629729147));
#1943 = CARTESIAN_POINT('',(3.194770001677,55.116293407834));
#1944 = CARTESIAN_POINT('',(3.177179769385,55.038865527152));
#1945 = CARTESIAN_POINT('',(3.159404691236,55.));
#1946 = CARTESIAN_POINT('',(3.14159265359,55.));
#1947 = ( GEOMETRIC_REPRESENTATION_CONTEXT(2) 
PARAMETRIC_REPRESENTATION_CONTEXT() REPRESENTATION_CONTEXT('2D SPACE',''
  ) );
#1948 = ORIENTED_EDGE('',*,*,#1428,.F.);
#1949 = ORIENTED_EDGE('',*,*,#1379,.T.);
#1950 = ORIENTED_EDGE('',*,*,#135,.T.);
#1951 = ORIENTED_EDGE('',*,*,#1952,.T.);
#1952 = EDGE_CURVE('',#136,#662,#1953,.T.);
#1953 = SURFACE_CURVE('',#1954,(#1959,#1966),.PCURVE_S1.);
#1954 = CIRCLE('',#1955,12.);
#1955 = AXIS2_PLACEMENT_3D('',#1956,#1957,#1958);
#1956 = CARTESIAN_POINT('',(-36.6,0.,3.10862446895E-16));
#1957 = DIRECTION('',(1.,0.,2.22044604925E-16));
#1958 = DIRECTION('',(2.22044604925E-16,0.,-1.));
#1959 = PCURVE('',#369,#1960);
#1960 = DEFINITIONAL_REPRESENTATION('',(#1961),#1965);
#1961 = LINE('',#1962,#1963);
#1962 = CARTESIAN_POINT('',(0.,7.4));
#1963 = VECTOR('',#1964,1.);
#1964 = DIRECTION('',(1.,0.));
#1965 = ( GEOMETRIC_REPRESENTATION_CONTEXT(2) 
PARAMETRIC_REPRESENTATION_CONTEXT() REPRESENTATION_CONTEXT('2D SPACE',''
  ) );
#1966 = PCURVE('',#505,#1967);
#1967 = DEFINITIONAL_REPRESENTATION('',(#1968),#1972);
#1968 = CIRCLE('',#1969,12.);
#1969 = AXIS2_PLACEMENT_2D('',#1970,#1971);
#1970 = CARTESIAN_POINT('',(2.22044604925E-17,0.));
#1971 = DIRECTION('',(1.,0.));
#1972 = ( GEOMETRIC_REPRESENTATION_CONTEXT(2) 
PARAMETRIC_REPRESENTATION_CONTEXT() REPRESENTATION_CONTEXT('2D SPACE',''
  ) );
#1973 = ORIENTED_EDGE('',*,*,#682,.T.);
#1974 = ORIENTED_EDGE('',*,*,#1403,.T.);
#1975 = ADVANCED_FACE('',(#1976),#505,.F.);
#1976 = FACE_BOUND('',#1977,.F.);
#1977 = EDGE_LOOP('',(#1978,#1979,#2001,#2002));
#1978 = ORIENTED_EDGE('',*,*,#490,.T.);
#1979 = ORIENTED_EDGE('',*,*,#1980,.T.);
#1980 = EDGE_CURVE('',#491,#517,#1981,.T.);
#1981 = SURFACE_CURVE('',#1982,(#1987,#1994),.PCURVE_S1.);
#1982 = CIRCLE('',#1983,16.);
#1983 = AXIS2_PLACEMENT_3D('',#1984,#1985,#1986);
#1984 = CARTESIAN_POINT('',(-36.6,0.,3.330669073875E-16));
#1985 = DIRECTION('',(1.,-0.,2.22044604925E-16));
#1986 = DIRECTION('',(2.22044604925E-16,0.,-1.));
#1987 = PCURVE('',#505,#1988);
#1988 = DEFINITIONAL_REPRESENTATION('',(#1989),#1993);
#1989 = CIRCLE('',#1990,16.);
#1990 = AXIS2_PLACEMENT_2D('',#1991,#1992);
#1991 = CARTESIAN_POINT('',(0.,0.));
#1992 = DIRECTION('',(1.,0.));
#1993 = ( GEOMETRIC_REPRESENTATION_CONTEXT(2) 
PARAMETRIC_REPRESENTATION_CONTEXT() REPRESENTATION_CONTEXT('2D SPACE',''
  ) );
#1994 = PCURVE('',#610,#1995);
#1995 = DEFINITIONAL_REPRESENTATION('',(#1996),#2000);
#1996 = LINE('',#1997,#1998);
#1997 = CARTESIAN_POINT('',(0.,3.));
#1998 = VECTOR('',#1999,1.);
#1999 = DIRECTION('',(1.,0.));
#2000 = ( GEOMETRIC_REPRESENTATION_CONTEXT(2) 
PARAMETRIC_REPRESENTATION_CONTEXT() REPRESENTATION_CONTEXT('2D SPACE',''
  ) );
#2001 = ORIENTED_EDGE('',*,*,#661,.F.);
#2002 = ORIENTED_EDGE('',*,*,#1952,.F.);
#2003 = ADVANCED_FACE('',(#2004),#610,.F.);
#2004 = FACE_BOUND('',#2005,.F.);
#2005 = EDGE_LOOP('',(#2006,#2007));
#2006 = ORIENTED_EDGE('',*,*,#1980,.F.);
#2007 = ORIENTED_EDGE('',*,*,#516,.T.);
#2008 = ADVANCED_FACE('',(#2009),#1130,.F.);
#2009 = FACE_BOUND('',#2010,.F.);
#2010 = EDGE_LOOP('',(#2011,#2012));
#2011 = ORIENTED_EDGE('',*,*,#1352,.T.);
#2012 = ORIENTED_EDGE('',*,*,#1053,.T.);
#2013 = ADVANCED_FACE('',(#2014,#2017),#1228,.F.);
#2014 = FACE_BOUND('',#2015,.F.);
#2015 = EDGE_LOOP('',(#2016));
#2016 = ORIENTED_EDGE('',*,*,#1213,.T.);
#2017 = FACE_BOUND('',#2018,.F.);
#2018 = EDGE_LOOP('',(#2019));
#2019 = ORIENTED_EDGE('',*,*,#2020,.F.);
#2020 = EDGE_CURVE('',#2021,#2021,#2023,.T.);
#2021 = VERTEX_POINT('',#2022);
#2022 = CARTESIAN_POINT('',(4.,-9.797174393179E-16,-100.));
#2023 = SURFACE_CURVE('',#2024,(#2029,#2036),.PCURVE_S1.);
#2024 = CIRCLE('',#2025,4.);
#2025 = AXIS2_PLACEMENT_3D('',#2026,#2027,#2028);
#2026 = CARTESIAN_POINT('',(0.,0.,-100.));
#2027 = DIRECTION('',(0.,0.,1.));
#2028 = DIRECTION('',(1.,0.,-0.));
#2029 = PCURVE('',#1228,#2030);
#2030 = DEFINITIONAL_REPRESENTATION('',(#2031),#2035);
#2031 = CIRCLE('',#2032,4.);
#2032 = AXIS2_PLACEMENT_2D('',#2033,#2034);
#2033 = CARTESIAN_POINT('',(0.,0.));
#2034 = DIRECTION('',(1.,0.));
#2035 = ( GEOMETRIC_REPRESENTATION_CONTEXT(2) 
PARAMETRIC_REPRESENTATION_CONTEXT() REPRESENTATION_CONTEXT('2D SPACE',''
  ) );
#2036 = PCURVE('',#2037,#2042);
#2037 = CYLINDRICAL_SURFACE('',#2038,4.);
#2038 = AXIS2_PLACEMENT_3D('',#2039,#2040,#2041);
#2039 = CARTESIAN_POINT('',(0.,0.,-200.));
#2040 = DIRECTION('',(0.,0.,1.));
#2041 = DIRECTION('',(1.,0.,-0.));
#2042 = DEFINITIONAL_REPRESENTATION('',(#2043),#2047);
#2043 = LINE('',#2044,#2045);
#2044 = CARTESIAN_POINT('',(0.,100.));
#2045 = VECTOR('',#2046,1.);
#2046 = DIRECTION('',(1.,0.));
#2047 = ( GEOMETRIC_REPRESENTATION_CONTEXT(2) 
PARAMETRIC_REPRESENTATION_CONTEXT() REPRESENTATION_CONTEXT('2D SPACE',''
  ) );
#2048 = ADVANCED_FACE('',(#2049,#2106),#1266,.F.);
#2049 = FACE_BOUND('',#2050,.F.);
#2050 = EDGE_LOOP('',(#2051,#2080,#2101,#2102,#2103,#2104,#2105));
#2051 = ORIENTED_EDGE('',*,*,#2052,.T.);
#2052 = EDGE_CURVE('',#2053,#2053,#2055,.T.);
#2053 = VERTEX_POINT('',#2054);
#2054 = CARTESIAN_POINT('',(35.,-8.572527594031E-15,-67.));
#2055 = SURFACE_CURVE('',#2056,(#2061,#2068),.PCURVE_S1.);
#2056 = CIRCLE('',#2057,35.);
#2057 = AXIS2_PLACEMENT_3D('',#2058,#2059,#2060);
#2058 = CARTESIAN_POINT('',(0.,0.,-67.));
#2059 = DIRECTION('',(0.,0.,1.));
#2060 = DIRECTION('',(1.,0.,-0.));
#2061 = PCURVE('',#1266,#2062);
#2062 = DEFINITIONAL_REPRESENTATION('',(#2063),#2067);
#2063 = LINE('',#2064,#2065);
#2064 = CARTESIAN_POINT('',(0.,0.));
#2065 = VECTOR('',#2066,1.);
#2066 = DIRECTION('',(1.,0.));
#2067 = ( GEOMETRIC_REPRESENTATION_CONTEXT(2) 
PARAMETRIC_REPRESENTATION_CONTEXT() REPRESENTATION_CONTEXT('2D SPACE',''
  ) );
#2068 = PCURVE('',#2069,#2074);
#2069 = PLANE('',#2070);
#2070 = AXIS2_PLACEMENT_3D('',#2071,#2072,#2073);
#2071 = CARTESIAN_POINT('',(0.,0.,-67.));
#2072 = DIRECTION('',(0.,0.,1.));
#2073 = DIRECTION('',(1.,0.,-0.));
#2074 = DEFINITIONAL_REPRESENTATION('',(#2075),#2079);
#2075 = CIRCLE('',#2076,35.);
#2076 = AXIS2_PLACEMENT_2D('',#2077,#2078);
#2077 = CARTESIAN_POINT('',(0.,0.));
#2078 = DIRECTION('',(1.,0.));
#2079 = ( GEOMETRIC_REPRESENTATION_CONTEXT(2) 
PARAMETRIC_REPRESENTATION_CONTEXT() REPRESENTATION_CONTEXT('2D SPACE',''
  ) );
#2080 = ORIENTED_EDGE('',*,*,#2081,.T.);
#2081 = EDGE_CURVE('',#2053,#1248,#2082,.T.);
#2082 = SEAM_CURVE('',#2083,(#2087,#2094),.PCURVE_S1.);
#2083 = LINE('',#2084,#2085);
#2084 = CARTESIAN_POINT('',(35.,-8.572527594031E-15,-67.));
#2085 = VECTOR('',#2086,1.);
#2086 = DIRECTION('',(0.,0.,1.));
#2087 = PCURVE('',#1266,#2088);
#2088 = DEFINITIONAL_REPRESENTATION('',(#2089),#2093);
#2089 = LINE('',#2090,#2091);
#2090 = CARTESIAN_POINT('',(0.,-0.));
#2091 = VECTOR('',#2092,1.);
#2092 = DIRECTION('',(0.,1.));
#2093 = ( GEOMETRIC_REPRESENTATION_CONTEXT(2) 
PARAMETRIC_REPRESENTATION_CONTEXT() REPRESENTATION_CONTEXT('2D SPACE',''
  ) );
#2094 = PCURVE('',#1266,#2095);
#2095 = DEFINITIONAL_REPRESENTATION('',(#2096),#2100);
#2096 = LINE('',#2097,#2098);
#2097 = CARTESIAN_POINT('',(6.28318530718,-0.));
#2098 = VECTOR('',#2099,1.);
#2099 = DIRECTION('',(0.,1.));
#2100 = ( GEOMETRIC_REPRESENTATION_CONTEXT(2) 
PARAMETRIC_REPRESENTATION_CONTEXT() REPRESENTATION_CONTEXT('2D SPACE',''
  ) );
#2101 = ORIENTED_EDGE('',*,*,#1278,.F.);
#2102 = ORIENTED_EDGE('',*,*,#1302,.F.);
#2103 = ORIENTED_EDGE('',*,*,#1326,.F.);
#2104 = ORIENTED_EDGE('',*,*,#1247,.F.);
#2105 = ORIENTED_EDGE('',*,*,#2081,.F.);
#2106 = FACE_BOUND('',#2107,.F.);
#2107 = EDGE_LOOP('',(#2108));
#2108 = ORIENTED_EDGE('',*,*,#1451,.T.);
#2109 = ADVANCED_FACE('',(#2110),#2037,.F.);
#2110 = FACE_BOUND('',#2111,.F.);
#2111 = EDGE_LOOP('',(#2112,#2141,#2162,#2163));
#2112 = ORIENTED_EDGE('',*,*,#2113,.F.);
#2113 = EDGE_CURVE('',#2114,#2114,#2116,.T.);
#2114 = VERTEX_POINT('',#2115);
#2115 = CARTESIAN_POINT('',(4.,-9.797174393179E-16,60.));
#2116 = SURFACE_CURVE('',#2117,(#2122,#2129),.PCURVE_S1.);
#2117 = CIRCLE('',#2118,4.);
#2118 = AXIS2_PLACEMENT_3D('',#2119,#2120,#2121);
#2119 = CARTESIAN_POINT('',(0.,0.,60.));
#2120 = DIRECTION('',(0.,0.,1.));
#2121 = DIRECTION('',(1.,0.,-0.));
#2122 = PCURVE('',#2037,#2123);
#2123 = DEFINITIONAL_REPRESENTATION('',(#2124),#2128);
#2124 = LINE('',#2125,#2126);
#2125 = CARTESIAN_POINT('',(0.,260.));
#2126 = VECTOR('',#2127,1.);
#2127 = DIRECTION('',(1.,0.));
#2128 = ( GEOMETRIC_REPRESENTATION_CONTEXT(2) 
PARAMETRIC_REPRESENTATION_CONTEXT() REPRESENTATION_CONTEXT('2D SPACE',''
  ) );
#2129 = PCURVE('',#2130,#2135);
#2130 = PLANE('',#2131);
#2131 = AXIS2_PLACEMENT_3D('',#2132,#2133,#2134);
#2132 = CARTESIAN_POINT('',(0.,0.,60.));
#2133 = DIRECTION('',(0.,0.,1.));
#2134 = DIRECTION('',(1.,0.,-0.));
#2135 = DEFINITIONAL_REPRESENTATION('',(#2136),#2140);
#2136 = CIRCLE('',#2137,4.);
#2137 = AXIS2_PLACEMENT_2D('',#2138,#2139);
#2138 = CARTESIAN_POINT('',(0.,0.));
#2139 = DIRECTION('',(1.,0.));
#2140 = ( GEOMETRIC_REPRESENTATION_CONTEXT(2) 
PARAMETRIC_REPRESENTATION_CONTEXT() REPRESENTATION_CONTEXT('2D SPACE',''
  ) );
#2141 = ORIENTED_EDGE('',*,*,#2142,.F.);
#2142 = EDGE_CURVE('',#2021,#2114,#2143,.T.);
#2143 = SEAM_CURVE('',#2144,(#2148,#2155),.PCURVE_S1.);
#2144 = LINE('',#2145,#2146);
#2145 = CARTESIAN_POINT('',(4.,-9.797174393179E-16,-200.));
#2146 = VECTOR('',#2147,1.);
#2147 = DIRECTION('',(0.,0.,1.));
#2148 = PCURVE('',#2037,#2149);
#2149 = DEFINITIONAL_REPRESENTATION('',(#2150),#2154);
#2150 = LINE('',#2151,#2152);
#2151 = CARTESIAN_POINT('',(6.28318530718,-0.));
#2152 = VECTOR('',#2153,1.);
#2153 = DIRECTION('',(0.,1.));
#2154 = ( GEOMETRIC_REPRESENTATION_CONTEXT(2) 
PARAMETRIC_REPRESENTATION_CONTEXT() REPRESENTATION_CONTEXT('2D SPACE',''
  ) );
#2155 = PCURVE('',#2037,#2156);
#2156 = DEFINITIONAL_REPRESENTATION('',(#2157),#2161);
#2157 = LINE('',#2158,#2159);
#2158 = CARTESIAN_POINT('',(0.,-0.));
#2159 = VECTOR('',#2160,1.);
#2160 = DIRECTION('',(0.,1.));
#2161 = ( GEOMETRIC_REPRESENTATION_CONTEXT(2) 
PARAMETRIC_REPRESENTATION_CONTEXT() REPRESENTATION_CONTEXT('2D SPACE',''
  ) );
#2162 = ORIENTED_EDGE('',*,*,#2020,.T.);
#2163 = ORIENTED_EDGE('',*,*,#2142,.T.);
#2164 = ADVANCED_FACE('',(#2165,#2168),#2069,.T.);
#2165 = FACE_BOUND('',#2166,.T.);
#2166 = EDGE_LOOP('',(#2167));
#2167 = ORIENTED_EDGE('',*,*,#2052,.T.);
#2168 = FACE_BOUND('',#2169,.T.);
#2169 = EDGE_LOOP('',(#2170));
#2170 = ORIENTED_EDGE('',*,*,#2171,.F.);
#2171 = EDGE_CURVE('',#2172,#2172,#2174,.T.);
#2172 = VERTEX_POINT('',#2173);
#2173 = CARTESIAN_POINT('',(7.,-1.714505518806E-15,-67.));
#2174 = SURFACE_CURVE('',#2175,(#2180,#2187),.PCURVE_S1.);
#2175 = CIRCLE('',#2176,7.);
#2176 = AXIS2_PLACEMENT_3D('',#2177,#2178,#2179);
#2177 = CARTESIAN_POINT('',(0.,0.,-67.));
#2178 = DIRECTION('',(0.,0.,1.));
#2179 = DIRECTION('',(1.,0.,-0.));
#2180 = PCURVE('',#2069,#2181);
#2181 = DEFINITIONAL_REPRESENTATION('',(#2182),#2186);
#2182 = CIRCLE('',#2183,7.);
#2183 = AXIS2_PLACEMENT_2D('',#2184,#2185);
#2184 = CARTESIAN_POINT('',(0.,0.));
#2185 = DIRECTION('',(1.,0.));
#2186 = ( GEOMETRIC_REPRESENTATION_CONTEXT(2) 
PARAMETRIC_REPRESENTATION_CONTEXT() REPRESENTATION_CONTEXT('2D SPACE',''
  ) );
#2187 = PCURVE('',#2188,#2193);
#2188 = CYLINDRICAL_SURFACE('',#2189,7.);
#2189 = AXIS2_PLACEMENT_3D('',#2190,#2191,#2192);
#2190 = CARTESIAN_POINT('',(0.,0.,-100.));
#2191 = DIRECTION('',(0.,0.,1.));
#2192 = DIRECTION('',(1.,0.,-0.));
#2193 = DEFINITIONAL_REPRESENTATION('',(#2194),#2198);
#2194 = LINE('',#2195,#2196);
#2195 = CARTESIAN_POINT('',(0.,33.));
#2196 = VECTOR('',#2197,1.);
#2197 = DIRECTION('',(1.,0.));
#2198 = ( GEOMETRIC_REPRESENTATION_CONTEXT(2) 
PARAMETRIC_REPRESENTATION_CONTEXT() REPRESENTATION_CONTEXT('2D SPACE',''
  ) );
#2199 = ADVANCED_FACE('',(#2200,#2226),#2130,.T.);
#2200 = FACE_BOUND('',#2201,.T.);
#2201 = EDGE_LOOP('',(#2202));
#2202 = ORIENTED_EDGE('',*,*,#2203,.T.);
#2203 = EDGE_CURVE('',#2204,#2204,#2206,.T.);
#2204 = VERTEX_POINT('',#2205);
#2205 = CARTESIAN_POINT('',(7.,-1.714505518806E-15,60.));
#2206 = SURFACE_CURVE('',#2207,(#2212,#2219),.PCURVE_S1.);
#2207 = CIRCLE('',#2208,7.);
#2208 = AXIS2_PLACEMENT_3D('',#2209,#2210,#2211);
#2209 = CARTESIAN_POINT('',(0.,0.,60.));
#2210 = DIRECTION('',(0.,0.,1.));
#2211 = DIRECTION('',(1.,0.,-0.));
#2212 = PCURVE('',#2130,#2213);
#2213 = DEFINITIONAL_REPRESENTATION('',(#2214),#2218);
#2214 = CIRCLE('',#2215,7.);
#2215 = AXIS2_PLACEMENT_2D('',#2216,#2217);
#2216 = CARTESIAN_POINT('',(0.,0.));
#2217 = DIRECTION('',(1.,0.));
#2218 = ( GEOMETRIC_REPRESENTATION_CONTEXT(2) 
PARAMETRIC_REPRESENTATION_CONTEXT() REPRESENTATION_CONTEXT('2D SPACE',''
  ) );
#2219 = PCURVE('',#2188,#2220);
#2220 = DEFINITIONAL_REPRESENTATION('',(#2221),#2225);
#2221 = LINE('',#2222,#2223);
#2222 = CARTESIAN_POINT('',(0.,160.));
#2223 = VECTOR('',#2224,1.);
#2224 = DIRECTION('',(1.,0.));
#2225 = ( GEOMETRIC_REPRESENTATION_CONTEXT(2) 
PARAMETRIC_REPRESENTATION_CONTEXT() REPRESENTATION_CONTEXT('2D SPACE',''
  ) );
#2226 = FACE_BOUND('',#2227,.T.);
#2227 = EDGE_LOOP('',(#2228));
#2228 = ORIENTED_EDGE('',*,*,#2113,.F.);
#2229 = ADVANCED_FACE('',(#2230),#2188,.T.);
#2230 = FACE_BOUND('',#2231,.T.);
#2231 = EDGE_LOOP('',(#2232,#2253,#2254,#2255));
#2232 = ORIENTED_EDGE('',*,*,#2233,.T.);
#2233 = EDGE_CURVE('',#2172,#2204,#2234,.T.);
#2234 = SEAM_CURVE('',#2235,(#2239,#2246),.PCURVE_S1.);
#2235 = LINE('',#2236,#2237);
#2236 = CARTESIAN_POINT('',(7.,-1.714505518806E-15,-100.));
#2237 = VECTOR('',#2238,1.);
#2238 = DIRECTION('',(0.,0.,1.));
#2239 = PCURVE('',#2188,#2240);
#2240 = DEFINITIONAL_REPRESENTATION('',(#2241),#2245);
#2241 = LINE('',#2242,#2243);
#2242 = CARTESIAN_POINT('',(6.28318530718,-0.));
#2243 = VECTOR('',#2244,1.);
#2244 = DIRECTION('',(0.,1.));
#2245 = ( GEOMETRIC_REPRESENTATION_CONTEXT(2) 
PARAMETRIC_REPRESENTATION_CONTEXT() REPRESENTATION_CONTEXT('2D SPACE',''
  ) );
#2246 = PCURVE('',#2188,#2247);
#2247 = DEFINITIONAL_REPRESENTATION('',(#2248),#2252);
#2248 = LINE('',#2249,#2250);
#2249 = CARTESIAN_POINT('',(0.,-0.));
#2250 = VECTOR('',#2251,1.);
#2251 = DIRECTION('',(0.,1.));
#2252 = ( GEOMETRIC_REPRESENTATION_CONTEXT(2) 
PARAMETRIC_REPRESENTATION_CONTEXT() REPRESENTATION_CONTEXT('2D SPACE',''
  ) );
#2253 = ORIENTED_EDGE('',*,*,#2203,.F.);
#2254 = ORIENTED_EDGE('',*,*,#2233,.F.);
#2255 = ORIENTED_EDGE('',*,*,#2171,.T.);
#2256 = MANIFOLD_SOLID_BREP('',#2257);
#2257 = CLOSED_SHELL('',(#2258,#2373,#2430,#2480,#2509));
#2258 = ADVANCED_FACE('',(#2259),#2273,.T.);
#2259 = FACE_BOUND('',#2260,.T.);
#2260 = EDGE_LOOP('',(#2261,#2296,#2325,#2346));
#2261 = ORIENTED_EDGE('',*,*,#2262,.T.);
#2262 = EDGE_CURVE('',#2263,#2265,#2267,.T.);
#2263 = VERTEX_POINT('',#2264);
#2264 = CARTESIAN_POINT('',(6.,-29.,30.));
#2265 = VERTEX_POINT('',#2266);
#2266 = CARTESIAN_POINT('',(6.,-29.,60.));
#2267 = SURFACE_CURVE('',#2268,(#2272,#2284),.PCURVE_S1.);
#2268 = LINE('',#2269,#2270);
#2269 = CARTESIAN_POINT('',(6.,-29.,30.));
#2270 = VECTOR('',#2271,1.);
#2271 = DIRECTION('',(0.,0.,1.));
#2272 = PCURVE('',#2273,#2278);
#2273 = CYLINDRICAL_SURFACE('',#2274,6.);
#2274 = AXIS2_PLACEMENT_3D('',#2275,#2276,#2277);
#2275 = CARTESIAN_POINT('',(-5.327213576291E-15,-29.,30.));
#2276 = DIRECTION('',(0.,0.,1.));
#2277 = DIRECTION('',(1.,0.,-0.));
#2278 = DEFINITIONAL_REPRESENTATION('',(#2279),#2283);
#2279 = LINE('',#2280,#2281);
#2280 = CARTESIAN_POINT('',(6.28318530718,-0.));
#2281 = VECTOR('',#2282,1.);
#2282 = DIRECTION('',(0.,1.));
#2283 = ( GEOMETRIC_REPRESENTATION_CONTEXT(2) 
PARAMETRIC_REPRESENTATION_CONTEXT() REPRESENTATION_CONTEXT('2D SPACE',''
  ) );
#2284 = PCURVE('',#2285,#2290);
#2285 = CYLINDRICAL_SURFACE('',#2286,6.);
#2286 = AXIS2_PLACEMENT_3D('',#2287,#2288,#2289);
#2287 = CARTESIAN_POINT('',(-5.327213576291E-15,-29.,30.));
#2288 = DIRECTION('',(0.,0.,1.));
#2289 = DIRECTION('',(1.,0.,-0.));
#2290 = DEFINITIONAL_REPRESENTATION('',(#2291),#2295);
#2291 = LINE('',#2292,#2293);
#2292 = CARTESIAN_POINT('',(0.,-0.));
#2293 = VECTOR('',#2294,1.);
#2294 = DIRECTION('',(0.,1.));
#2295 = ( GEOMETRIC_REPRESENTATION_CONTEXT(2) 
PARAMETRIC_REPRESENTATION_CONTEXT() REPRESENTATION_CONTEXT('2D SPACE',''
  ) );
#2296 = ORIENTED_EDGE('',*,*,#2297,.F.);
#2297 = EDGE_CURVE('',#2298,#2265,#2300,.T.);
#2298 = VERTEX_POINT('',#2299);
#2299 = CARTESIAN_POINT('',(-9.093930954624E-15,-35.,60.));
#2300 = SURFACE_CURVE('',#2301,(#2306,#2313),.PCURVE_S1.);
#2301 = CIRCLE('',#2302,6.);
#2302 = AXIS2_PLACEMENT_3D('',#2303,#2304,#2305);
#2303 = CARTESIAN_POINT('',(-5.327213576291E-15,-29.,60.));
#2304 = DIRECTION('',(0.,0.,1.));
#2305 = DIRECTION('',(1.,0.,-0.));
#2306 = PCURVE('',#2273,#2307);
#2307 = DEFINITIONAL_REPRESENTATION('',(#2308),#2312);
#2308 = LINE('',#2309,#2310);
#2309 = CARTESIAN_POINT('',(0.,30.));
#2310 = VECTOR('',#2311,1.);
#2311 = DIRECTION('',(1.,0.));
#2312 = ( GEOMETRIC_REPRESENTATION_CONTEXT(2) 
PARAMETRIC_REPRESENTATION_CONTEXT() REPRESENTATION_CONTEXT('2D SPACE',''
  ) );
#2313 = PCURVE('',#2314,#2319);
#2314 = PLANE('',#2315);
#2315 = AXIS2_PLACEMENT_3D('',#2316,#2317,#2318);
#2316 = CARTESIAN_POINT('',(-5.327213576291E-15,-29.,60.));
#2317 = DIRECTION('',(0.,0.,1.));
#2318 = DIRECTION('',(1.,0.,-0.));
#2319 = DEFINITIONAL_REPRESENTATION('',(#2320),#2324);
#2320 = CIRCLE('',#2321,6.);
#2321 = AXIS2_PLACEMENT_2D('',#2322,#2323);
#2322 = CARTESIAN_POINT('',(0.,0.));
#2323 = DIRECTION('',(1.,0.));
#2324 = ( GEOMETRIC_REPRESENTATION_CONTEXT(2) 
PARAMETRIC_REPRESENTATION_CONTEXT() REPRESENTATION_CONTEXT('2D SPACE',''
  ) );
#2325 = ORIENTED_EDGE('',*,*,#2326,.F.);
#2326 = EDGE_CURVE('',#2327,#2298,#2329,.T.);
#2327 = VERTEX_POINT('',#2328);
#2328 = CARTESIAN_POINT('',(-6.429395695524E-15,-35.,30.));
#2329 = SURFACE_CURVE('',#2330,(#2334,#2340),.PCURVE_S1.);
#2330 = LINE('',#2331,#2332);
#2331 = CARTESIAN_POINT('',(-6.429395695524E-15,-35.,-67.));
#2332 = VECTOR('',#2333,1.);
#2333 = DIRECTION('',(0.,0.,1.));
#2334 = PCURVE('',#2273,#2335);
#2335 = DEFINITIONAL_REPRESENTATION('',(#2336),#2339);
#2336 = B_SPLINE_CURVE_WITH_KNOTS('',1,(#2337,#2338),.UNSPECIFIED.,.F.,
  .F.,(2,2),(96.9999976,127.0000024),.PIECEWISE_BEZIER_KNOTS.);
#2337 = CARTESIAN_POINT('',(4.712388980385,-2.399999999625E-06));
#2338 = CARTESIAN_POINT('',(4.712388980385,30.0000024));
#2339 = ( GEOMETRIC_REPRESENTATION_CONTEXT(2) 
PARAMETRIC_REPRESENTATION_CONTEXT() REPRESENTATION_CONTEXT('2D SPACE',''
  ) );
#2340 = PCURVE('',#2285,#2341);
#2341 = DEFINITIONAL_REPRESENTATION('',(#2342),#2345);
#2342 = B_SPLINE_CURVE_WITH_KNOTS('',1,(#2343,#2344),.UNSPECIFIED.,.F.,
  .F.,(2,2),(96.9999976,127.0000024),.PIECEWISE_BEZIER_KNOTS.);
#2343 = CARTESIAN_POINT('',(4.712388980385,-2.399999999625E-06));
#2344 = CARTESIAN_POINT('',(4.712388980385,30.0000024));
#2345 = ( GEOMETRIC_REPRESENTATION_CONTEXT(2) 
PARAMETRIC_REPRESENTATION_CONTEXT() REPRESENTATION_CONTEXT('2D SPACE',''
  ) );
#2346 = ORIENTED_EDGE('',*,*,#2347,.T.);
#2347 = EDGE_CURVE('',#2327,#2263,#2348,.T.);
#2348 = SURFACE_CURVE('',#2349,(#2354,#2361),.PCURVE_S1.);
#2349 = CIRCLE('',#2350,6.);
#2350 = AXIS2_PLACEMENT_3D('',#2351,#2352,#2353);
#2351 = CARTESIAN_POINT('',(-5.327213576291E-15,-29.,30.));
#2352 = DIRECTION('',(0.,0.,1.));
#2353 = DIRECTION('',(1.,0.,-0.));
#2354 = PCURVE('',#2273,#2355);
#2355 = DEFINITIONAL_REPRESENTATION('',(#2356),#2360);
#2356 = LINE('',#2357,#2358);
#2357 = CARTESIAN_POINT('',(0.,0.));
#2358 = VECTOR('',#2359,1.);
#2359 = DIRECTION('',(1.,0.));
#2360 = ( GEOMETRIC_REPRESENTATION_CONTEXT(2) 
PARAMETRIC_REPRESENTATION_CONTEXT() REPRESENTATION_CONTEXT('2D SPACE',''
  ) );
#2361 = PCURVE('',#2362,#2367);
#2362 = PLANE('',#2363);
#2363 = AXIS2_PLACEMENT_3D('',#2364,#2365,#2366);
#2364 = CARTESIAN_POINT('',(-5.327213576291E-15,-29.,30.));
#2365 = DIRECTION('',(0.,0.,1.));
#2366 = DIRECTION('',(1.,0.,-0.));
#2367 = DEFINITIONAL_REPRESENTATION('',(#2368),#2372);
#2368 = CIRCLE('',#2369,6.);
#2369 = AXIS2_PLACEMENT_2D('',#2370,#2371);
#2370 = CARTESIAN_POINT('',(0.,0.));
#2371 = DIRECTION('',(1.,0.));
#2372 = ( GEOMETRIC_REPRESENTATION_CONTEXT(2) 
PARAMETRIC_REPRESENTATION_CONTEXT() REPRESENTATION_CONTEXT('2D SPACE',''
  ) );
#2373 = ADVANCED_FACE('',(#2374,#2399),#2314,.T.);
#2374 = FACE_BOUND('',#2375,.T.);
#2375 = EDGE_LOOP('',(#2376,#2398));
#2376 = ORIENTED_EDGE('',*,*,#2377,.T.);
#2377 = EDGE_CURVE('',#2265,#2298,#2378,.T.);
#2378 = SURFACE_CURVE('',#2379,(#2384,#2391),.PCURVE_S1.);
#2379 = CIRCLE('',#2380,6.);
#2380 = AXIS2_PLACEMENT_3D('',#2381,#2382,#2383);
#2381 = CARTESIAN_POINT('',(-5.327213576291E-15,-29.,60.));
#2382 = DIRECTION('',(0.,0.,1.));
#2383 = DIRECTION('',(1.,0.,-0.));
#2384 = PCURVE('',#2314,#2385);
#2385 = DEFINITIONAL_REPRESENTATION('',(#2386),#2390);
#2386 = CIRCLE('',#2387,6.);
#2387 = AXIS2_PLACEMENT_2D('',#2388,#2389);
#2388 = CARTESIAN_POINT('',(0.,0.));
#2389 = DIRECTION('',(1.,0.));
#2390 = ( GEOMETRIC_REPRESENTATION_CONTEXT(2) 
PARAMETRIC_REPRESENTATION_CONTEXT() REPRESENTATION_CONTEXT('2D SPACE',''
  ) );
#2391 = PCURVE('',#2285,#2392);
#2392 = DEFINITIONAL_REPRESENTATION('',(#2393),#2397);
#2393 = LINE('',#2394,#2395);
#2394 = CARTESIAN_POINT('',(0.,30.));
#2395 = VECTOR('',#2396,1.);
#2396 = DIRECTION('',(1.,0.));
#2397 = ( GEOMETRIC_REPRESENTATION_CONTEXT(2) 
PARAMETRIC_REPRESENTATION_CONTEXT() REPRESENTATION_CONTEXT('2D SPACE',''
  ) );
#2398 = ORIENTED_EDGE('',*,*,#2297,.T.);
#2399 = FACE_BOUND('',#2400,.T.);
#2400 = EDGE_LOOP('',(#2401));
#2401 = ORIENTED_EDGE('',*,*,#2402,.F.);
#2402 = EDGE_CURVE('',#2403,#2403,#2405,.T.);
#2403 = VERTEX_POINT('',#2404);
#2404 = CARTESIAN_POINT('',(1.25,-29.,60.));
#2405 = SURFACE_CURVE('',#2406,(#2411,#2418),.PCURVE_S1.);
#2406 = CIRCLE('',#2407,1.25);
#2407 = AXIS2_PLACEMENT_3D('',#2408,#2409,#2410);
#2408 = CARTESIAN_POINT('',(-5.327213576291E-15,-29.,60.));
#2409 = DIRECTION('',(0.,0.,1.));
#2410 = DIRECTION('',(1.,0.,-0.));
#2411 = PCURVE('',#2314,#2412);
#2412 = DEFINITIONAL_REPRESENTATION('',(#2413),#2417);
#2413 = CIRCLE('',#2414,1.25);
#2414 = AXIS2_PLACEMENT_2D('',#2415,#2416);
#2415 = CARTESIAN_POINT('',(0.,0.));
#2416 = DIRECTION('',(1.,0.));
#2417 = ( GEOMETRIC_REPRESENTATION_CONTEXT(2) 
PARAMETRIC_REPRESENTATION_CONTEXT() REPRESENTATION_CONTEXT('2D SPACE',''
  ) );
#2418 = PCURVE('',#2419,#2424);
#2419 = CYLINDRICAL_SURFACE('',#2420,1.25);
#2420 = AXIS2_PLACEMENT_3D('',#2421,#2422,#2423);
#2421 = CARTESIAN_POINT('',(-5.327213576291E-15,-29.,29.));
#2422 = DIRECTION('',(0.,0.,1.));
#2423 = DIRECTION('',(1.,0.,-0.));
#2424 = DEFINITIONAL_REPRESENTATION('',(#2425),#2429);
#2425 = LINE('',#2426,#2427);
#2426 = CARTESIAN_POINT('',(0.,31.));
#2427 = VECTOR('',#2428,1.);
#2428 = DIRECTION('',(1.,0.));
#2429 = ( GEOMETRIC_REPRESENTATION_CONTEXT(2) 
PARAMETRIC_REPRESENTATION_CONTEXT() REPRESENTATION_CONTEXT('2D SPACE',''
  ) );
#2430 = ADVANCED_FACE('',(#2431),#2419,.F.);
#2431 = FACE_BOUND('',#2432,.F.);
#2432 = EDGE_LOOP('',(#2433,#2434,#2457,#2479));
#2433 = ORIENTED_EDGE('',*,*,#2402,.F.);
#2434 = ORIENTED_EDGE('',*,*,#2435,.F.);
#2435 = EDGE_CURVE('',#2436,#2403,#2438,.T.);
#2436 = VERTEX_POINT('',#2437);
#2437 = CARTESIAN_POINT('',(1.25,-29.,30.));
#2438 = SEAM_CURVE('',#2439,(#2443,#2450),.PCURVE_S1.);
#2439 = LINE('',#2440,#2441);
#2440 = CARTESIAN_POINT('',(1.25,-29.,29.));
#2441 = VECTOR('',#2442,1.);
#2442 = DIRECTION('',(0.,0.,1.));
#2443 = PCURVE('',#2419,#2444);
#2444 = DEFINITIONAL_REPRESENTATION('',(#2445),#2449);
#2445 = LINE('',#2446,#2447);
#2446 = CARTESIAN_POINT('',(6.28318530718,-0.));
#2447 = VECTOR('',#2448,1.);
#2448 = DIRECTION('',(0.,1.));
#2449 = ( GEOMETRIC_REPRESENTATION_CONTEXT(2) 
PARAMETRIC_REPRESENTATION_CONTEXT() REPRESENTATION_CONTEXT('2D SPACE',''
  ) );
#2450 = PCURVE('',#2419,#2451);
#2451 = DEFINITIONAL_REPRESENTATION('',(#2452),#2456);
#2452 = LINE('',#2453,#2454);
#2453 = CARTESIAN_POINT('',(0.,-0.));
#2454 = VECTOR('',#2455,1.);
#2455 = DIRECTION('',(0.,1.));
#2456 = ( GEOMETRIC_REPRESENTATION_CONTEXT(2) 
PARAMETRIC_REPRESENTATION_CONTEXT() REPRESENTATION_CONTEXT('2D SPACE',''
  ) );
#2457 = ORIENTED_EDGE('',*,*,#2458,.T.);
#2458 = EDGE_CURVE('',#2436,#2436,#2459,.T.);
#2459 = SURFACE_CURVE('',#2460,(#2465,#2472),.PCURVE_S1.);
#2460 = CIRCLE('',#2461,1.25);
#2461 = AXIS2_PLACEMENT_3D('',#2462,#2463,#2464);
#2462 = CARTESIAN_POINT('',(-5.327213576291E-15,-29.,30.));
#2463 = DIRECTION('',(0.,0.,1.));
#2464 = DIRECTION('',(1.,0.,-0.));
#2465 = PCURVE('',#2419,#2466);
#2466 = DEFINITIONAL_REPRESENTATION('',(#2467),#2471);
#2467 = LINE('',#2468,#2469);
#2468 = CARTESIAN_POINT('',(0.,1.));
#2469 = VECTOR('',#2470,1.);
#2470 = DIRECTION('',(1.,0.));
#2471 = ( GEOMETRIC_REPRESENTATION_CONTEXT(2) 
PARAMETRIC_REPRESENTATION_CONTEXT() REPRESENTATION_CONTEXT('2D SPACE',''
  ) );
#2472 = PCURVE('',#2362,#2473);
#2473 = DEFINITIONAL_REPRESENTATION('',(#2474),#2478);
#2474 = CIRCLE('',#2475,1.25);
#2475 = AXIS2_PLACEMENT_2D('',#2476,#2477);
#2476 = CARTESIAN_POINT('',(0.,0.));
#2477 = DIRECTION('',(1.,0.));
#2478 = ( GEOMETRIC_REPRESENTATION_CONTEXT(2) 
PARAMETRIC_REPRESENTATION_CONTEXT() REPRESENTATION_CONTEXT('2D SPACE',''
  ) );
#2479 = ORIENTED_EDGE('',*,*,#2435,.T.);
#2480 = ADVANCED_FACE('',(#2481,#2506),#2362,.F.);
#2481 = FACE_BOUND('',#2482,.F.);
#2482 = EDGE_LOOP('',(#2483,#2505));
#2483 = ORIENTED_EDGE('',*,*,#2484,.T.);
#2484 = EDGE_CURVE('',#2263,#2327,#2485,.T.);
#2485 = SURFACE_CURVE('',#2486,(#2491,#2498),.PCURVE_S1.);
#2486 = CIRCLE('',#2487,6.);
#2487 = AXIS2_PLACEMENT_3D('',#2488,#2489,#2490);
#2488 = CARTESIAN_POINT('',(-5.327213576291E-15,-29.,30.));
#2489 = DIRECTION('',(0.,0.,1.));
#2490 = DIRECTION('',(1.,0.,-0.));
#2491 = PCURVE('',#2362,#2492);
#2492 = DEFINITIONAL_REPRESENTATION('',(#2493),#2497);
#2493 = CIRCLE('',#2494,6.);
#2494 = AXIS2_PLACEMENT_2D('',#2495,#2496);
#2495 = CARTESIAN_POINT('',(0.,0.));
#2496 = DIRECTION('',(1.,0.));
#2497 = ( GEOMETRIC_REPRESENTATION_CONTEXT(2) 
PARAMETRIC_REPRESENTATION_CONTEXT() REPRESENTATION_CONTEXT('2D SPACE',''
  ) );
#2498 = PCURVE('',#2285,#2499);
#2499 = DEFINITIONAL_REPRESENTATION('',(#2500),#2504);
#2500 = LINE('',#2501,#2502);
#2501 = CARTESIAN_POINT('',(0.,0.));
#2502 = VECTOR('',#2503,1.);
#2503 = DIRECTION('',(1.,0.));
#2504 = ( GEOMETRIC_REPRESENTATION_CONTEXT(2) 
PARAMETRIC_REPRESENTATION_CONTEXT() REPRESENTATION_CONTEXT('2D SPACE',''
  ) );
#2505 = ORIENTED_EDGE('',*,*,#2347,.T.);
#2506 = FACE_BOUND('',#2507,.F.);
#2507 = EDGE_LOOP('',(#2508));
#2508 = ORIENTED_EDGE('',*,*,#2458,.F.);
#2509 = ADVANCED_FACE('',(#2510),#2285,.T.);
#2510 = FACE_BOUND('',#2511,.T.);
#2511 = EDGE_LOOP('',(#2512,#2513,#2514,#2515));
#2512 = ORIENTED_EDGE('',*,*,#2377,.F.);
#2513 = ORIENTED_EDGE('',*,*,#2262,.F.);
#2514 = ORIENTED_EDGE('',*,*,#2484,.T.);
#2515 = ORIENTED_EDGE('',*,*,#2326,.T.);
#2516 = MANIFOLD_SOLID_BREP('',#2517);
#2517 = CLOSED_SHELL('',(#2518,#2633,#2690,#2740,#2769));
#2518 = ADVANCED_FACE('',(#2519),#2533,.T.);
#2519 = FACE_BOUND('',#2520,.T.);
#2520 = EDGE_LOOP('',(#2521,#2556,#2585,#2606));
#2521 = ORIENTED_EDGE('',*,*,#2522,.T.);
#2522 = EDGE_CURVE('',#2523,#2525,#2527,.T.);
#2523 = VERTEX_POINT('',#2524);
#2524 = CARTESIAN_POINT('',(-23.,2.081899558551E-15,30.));
#2525 = VERTEX_POINT('',#2526);
#2526 = CARTESIAN_POINT('',(-23.,2.081899558551E-15,60.));
#2527 = SURFACE_CURVE('',#2528,(#2532,#2544),.PCURVE_S1.);
#2528 = LINE('',#2529,#2530);
#2529 = CARTESIAN_POINT('',(-23.,2.081899558551E-15,30.));
#2530 = VECTOR('',#2531,1.);
#2531 = DIRECTION('',(0.,0.,1.));
#2532 = PCURVE('',#2533,#2538);
#2533 = CYLINDRICAL_SURFACE('',#2534,6.);
#2534 = AXIS2_PLACEMENT_3D('',#2535,#2536,#2537);
#2535 = CARTESIAN_POINT('',(-29.,3.551475717527E-15,30.));
#2536 = DIRECTION('',(0.,0.,1.));
#2537 = DIRECTION('',(1.,0.,-0.));
#2538 = DEFINITIONAL_REPRESENTATION('',(#2539),#2543);
#2539 = LINE('',#2540,#2541);
#2540 = CARTESIAN_POINT('',(6.28318530718,-0.));
#2541 = VECTOR('',#2542,1.);
#2542 = DIRECTION('',(0.,1.));
#2543 = ( GEOMETRIC_REPRESENTATION_CONTEXT(2) 
PARAMETRIC_REPRESENTATION_CONTEXT() REPRESENTATION_CONTEXT('2D SPACE',''
  ) );
#2544 = PCURVE('',#2545,#2550);
#2545 = CYLINDRICAL_SURFACE('',#2546,6.);
#2546 = AXIS2_PLACEMENT_3D('',#2547,#2548,#2549);
#2547 = CARTESIAN_POINT('',(-29.,3.551475717527E-15,30.));
#2548 = DIRECTION('',(0.,0.,1.));
#2549 = DIRECTION('',(1.,0.,-0.));
#2550 = DEFINITIONAL_REPRESENTATION('',(#2551),#2555);
#2551 = LINE('',#2552,#2553);
#2552 = CARTESIAN_POINT('',(0.,-0.));
#2553 = VECTOR('',#2554,1.);
#2554 = DIRECTION('',(0.,1.));
#2555 = ( GEOMETRIC_REPRESENTATION_CONTEXT(2) 
PARAMETRIC_REPRESENTATION_CONTEXT() REPRESENTATION_CONTEXT('2D SPACE',''
  ) );
#2556 = ORIENTED_EDGE('',*,*,#2557,.F.);
#2557 = EDGE_CURVE('',#2558,#2525,#2560,.T.);
#2558 = VERTEX_POINT('',#2559);
#2559 = CARTESIAN_POINT('',(-35.,4.286263797016E-15,60.));
#2560 = SURFACE_CURVE('',#2561,(#2566,#2573),.PCURVE_S1.);
#2561 = CIRCLE('',#2562,6.);
#2562 = AXIS2_PLACEMENT_3D('',#2563,#2564,#2565);
#2563 = CARTESIAN_POINT('',(-29.,3.551475717527E-15,60.));
#2564 = DIRECTION('',(0.,0.,1.));
#2565 = DIRECTION('',(1.,0.,-0.));
#2566 = PCURVE('',#2533,#2567);
#2567 = DEFINITIONAL_REPRESENTATION('',(#2568),#2572);
#2568 = LINE('',#2569,#2570);
#2569 = CARTESIAN_POINT('',(0.,30.));
#2570 = VECTOR('',#2571,1.);
#2571 = DIRECTION('',(1.,0.));
#2572 = ( GEOMETRIC_REPRESENTATION_CONTEXT(2) 
PARAMETRIC_REPRESENTATION_CONTEXT() REPRESENTATION_CONTEXT('2D SPACE',''
  ) );
#2573 = PCURVE('',#2574,#2579);
#2574 = PLANE('',#2575);
#2575 = AXIS2_PLACEMENT_3D('',#2576,#2577,#2578);
#2576 = CARTESIAN_POINT('',(-29.,3.551475717527E-15,60.));
#2577 = DIRECTION('',(0.,0.,1.));
#2578 = DIRECTION('',(1.,0.,-0.));
#2579 = DEFINITIONAL_REPRESENTATION('',(#2580),#2584);
#2580 = CIRCLE('',#2581,6.);
#2581 = AXIS2_PLACEMENT_2D('',#2582,#2583);
#2582 = CARTESIAN_POINT('',(0.,0.));
#2583 = DIRECTION('',(1.,0.));
#2584 = ( GEOMETRIC_REPRESENTATION_CONTEXT(2) 
PARAMETRIC_REPRESENTATION_CONTEXT() REPRESENTATION_CONTEXT('2D SPACE',''
  ) );
#2585 = ORIENTED_EDGE('',*,*,#2586,.F.);
#2586 = EDGE_CURVE('',#2587,#2558,#2589,.T.);
#2587 = VERTEX_POINT('',#2588);
#2588 = CARTESIAN_POINT('',(-35.,4.286263797016E-15,30.));
#2589 = SURFACE_CURVE('',#2590,(#2594,#2600),.PCURVE_S1.);
#2590 = LINE('',#2591,#2592);
#2591 = CARTESIAN_POINT('',(-35.,4.286263797016E-15,-67.));
#2592 = VECTOR('',#2593,1.);
#2593 = DIRECTION('',(0.,0.,1.));
#2594 = PCURVE('',#2533,#2595);
#2595 = DEFINITIONAL_REPRESENTATION('',(#2596),#2599);
#2596 = B_SPLINE_CURVE_WITH_KNOTS('',1,(#2597,#2598),.UNSPECIFIED.,.F.,
  .F.,(2,2),(96.9999976,127.0000024),.PIECEWISE_BEZIER_KNOTS.);
#2597 = CARTESIAN_POINT('',(3.14159265359,-2.399999999625E-06));
#2598 = CARTESIAN_POINT('',(3.14159265359,30.0000024));
#2599 = ( GEOMETRIC_REPRESENTATION_CONTEXT(2) 
PARAMETRIC_REPRESENTATION_CONTEXT() REPRESENTATION_CONTEXT('2D SPACE',''
  ) );
#2600 = PCURVE('',#2545,#2601);
#2601 = DEFINITIONAL_REPRESENTATION('',(#2602),#2605);
#2602 = B_SPLINE_CURVE_WITH_KNOTS('',1,(#2603,#2604),.UNSPECIFIED.,.F.,
  .F.,(2,2),(96.9999976,127.0000024),.PIECEWISE_BEZIER_KNOTS.);
#2603 = CARTESIAN_POINT('',(3.14159265359,-2.399999999625E-06));
#2604 = CARTESIAN_POINT('',(3.14159265359,30.0000024));
#2605 = ( GEOMETRIC_REPRESENTATION_CONTEXT(2) 
PARAMETRIC_REPRESENTATION_CONTEXT() REPRESENTATION_CONTEXT('2D SPACE',''
  ) );
#2606 = ORIENTED_EDGE('',*,*,#2607,.T.);
#2607 = EDGE_CURVE('',#2587,#2523,#2608,.T.);
#2608 = SURFACE_CURVE('',#2609,(#2614,#2621),.PCURVE_S1.);
#2609 = CIRCLE('',#2610,6.);
#2610 = AXIS2_PLACEMENT_3D('',#2611,#2612,#2613);
#2611 = CARTESIAN_POINT('',(-29.,3.551475717527E-15,30.));
#2612 = DIRECTION('',(0.,0.,1.));
#2613 = DIRECTION('',(1.,0.,-0.));
#2614 = PCURVE('',#2533,#2615);
#2615 = DEFINITIONAL_REPRESENTATION('',(#2616),#2620);
#2616 = LINE('',#2617,#2618);
#2617 = CARTESIAN_POINT('',(0.,0.));
#2618 = VECTOR('',#2619,1.);
#2619 = DIRECTION('',(1.,0.));
#2620 = ( GEOMETRIC_REPRESENTATION_CONTEXT(2) 
PARAMETRIC_REPRESENTATION_CONTEXT() REPRESENTATION_CONTEXT('2D SPACE',''
  ) );
#2621 = PCURVE('',#2622,#2627);
#2622 = PLANE('',#2623);
#2623 = AXIS2_PLACEMENT_3D('',#2624,#2625,#2626);
#2624 = CARTESIAN_POINT('',(-29.,3.551475717527E-15,30.));
#2625 = DIRECTION('',(0.,0.,1.));
#2626 = DIRECTION('',(1.,0.,-0.));
#2627 = DEFINITIONAL_REPRESENTATION('',(#2628),#2632);
#2628 = CIRCLE('',#2629,6.);
#2629 = AXIS2_PLACEMENT_2D('',#2630,#2631);
#2630 = CARTESIAN_POINT('',(0.,0.));
#2631 = DIRECTION('',(1.,0.));
#2632 = ( GEOMETRIC_REPRESENTATION_CONTEXT(2) 
PARAMETRIC_REPRESENTATION_CONTEXT() REPRESENTATION_CONTEXT('2D SPACE',''
  ) );
#2633 = ADVANCED_FACE('',(#2634,#2659),#2574,.T.);
#2634 = FACE_BOUND('',#2635,.T.);
#2635 = EDGE_LOOP('',(#2636,#2658));
#2636 = ORIENTED_EDGE('',*,*,#2637,.T.);
#2637 = EDGE_CURVE('',#2525,#2558,#2638,.T.);
#2638 = SURFACE_CURVE('',#2639,(#2644,#2651),.PCURVE_S1.);
#2639 = CIRCLE('',#2640,6.);
#2640 = AXIS2_PLACEMENT_3D('',#2641,#2642,#2643);
#2641 = CARTESIAN_POINT('',(-29.,3.551475717527E-15,60.));
#2642 = DIRECTION('',(0.,0.,1.));
#2643 = DIRECTION('',(1.,0.,-0.));
#2644 = PCURVE('',#2574,#2645);
#2645 = DEFINITIONAL_REPRESENTATION('',(#2646),#2650);
#2646 = CIRCLE('',#2647,6.);
#2647 = AXIS2_PLACEMENT_2D('',#2648,#2649);
#2648 = CARTESIAN_POINT('',(0.,0.));
#2649 = DIRECTION('',(1.,0.));
#2650 = ( GEOMETRIC_REPRESENTATION_CONTEXT(2) 
PARAMETRIC_REPRESENTATION_CONTEXT() REPRESENTATION_CONTEXT('2D SPACE',''
  ) );
#2651 = PCURVE('',#2545,#2652);
#2652 = DEFINITIONAL_REPRESENTATION('',(#2653),#2657);
#2653 = LINE('',#2654,#2655);
#2654 = CARTESIAN_POINT('',(0.,30.));
#2655 = VECTOR('',#2656,1.);
#2656 = DIRECTION('',(1.,0.));
#2657 = ( GEOMETRIC_REPRESENTATION_CONTEXT(2) 
PARAMETRIC_REPRESENTATION_CONTEXT() REPRESENTATION_CONTEXT('2D SPACE',''
  ) );
#2658 = ORIENTED_EDGE('',*,*,#2557,.T.);
#2659 = FACE_BOUND('',#2660,.T.);
#2660 = EDGE_LOOP('',(#2661));
#2661 = ORIENTED_EDGE('',*,*,#2662,.F.);
#2662 = EDGE_CURVE('',#2663,#2663,#2665,.T.);
#2663 = VERTEX_POINT('',#2664);
#2664 = CARTESIAN_POINT('',(-27.75,3.24531401774E-15,60.));
#2665 = SURFACE_CURVE('',#2666,(#2671,#2678),.PCURVE_S1.);
#2666 = CIRCLE('',#2667,1.25);
#2667 = AXIS2_PLACEMENT_3D('',#2668,#2669,#2670);
#2668 = CARTESIAN_POINT('',(-29.,3.551475717527E-15,60.));
#2669 = DIRECTION('',(0.,0.,1.));
#2670 = DIRECTION('',(1.,0.,-0.));
#2671 = PCURVE('',#2574,#2672);
#2672 = DEFINITIONAL_REPRESENTATION('',(#2673),#2677);
#2673 = CIRCLE('',#2674,1.25);
#2674 = AXIS2_PLACEMENT_2D('',#2675,#2676);
#2675 = CARTESIAN_POINT('',(0.,0.));
#2676 = DIRECTION('',(1.,0.));
#2677 = ( GEOMETRIC_REPRESENTATION_CONTEXT(2) 
PARAMETRIC_REPRESENTATION_CONTEXT() REPRESENTATION_CONTEXT('2D SPACE',''
  ) );
#2678 = PCURVE('',#2679,#2684);
#2679 = CYLINDRICAL_SURFACE('',#2680,1.25);
#2680 = AXIS2_PLACEMENT_3D('',#2681,#2682,#2683);
#2681 = CARTESIAN_POINT('',(-29.,3.551475717527E-15,29.));
#2682 = DIRECTION('',(0.,0.,1.));
#2683 = DIRECTION('',(1.,0.,-0.));
#2684 = DEFINITIONAL_REPRESENTATION('',(#2685),#2689);
#2685 = LINE('',#2686,#2687);
#2686 = CARTESIAN_POINT('',(0.,31.));
#2687 = VECTOR('',#2688,1.);
#2688 = DIRECTION('',(1.,0.));
#2689 = ( GEOMETRIC_REPRESENTATION_CONTEXT(2) 
PARAMETRIC_REPRESENTATION_CONTEXT() REPRESENTATION_CONTEXT('2D SPACE',''
  ) );
#2690 = ADVANCED_FACE('',(#2691),#2679,.F.);
#2691 = FACE_BOUND('',#2692,.F.);
#2692 = EDGE_LOOP('',(#2693,#2694,#2717,#2739));
#2693 = ORIENTED_EDGE('',*,*,#2662,.F.);
#2694 = ORIENTED_EDGE('',*,*,#2695,.F.);
#2695 = EDGE_CURVE('',#2696,#2663,#2698,.T.);
#2696 = VERTEX_POINT('',#2697);
#2697 = CARTESIAN_POINT('',(-27.75,3.24531401774E-15,30.));
#2698 = SEAM_CURVE('',#2699,(#2703,#2710),.PCURVE_S1.);
#2699 = LINE('',#2700,#2701);
#2700 = CARTESIAN_POINT('',(-27.75,3.24531401774E-15,29.));
#2701 = VECTOR('',#2702,1.);
#2702 = DIRECTION('',(0.,0.,1.));
#2703 = PCURVE('',#2679,#2704);
#2704 = DEFINITIONAL_REPRESENTATION('',(#2705),#2709);
#2705 = LINE('',#2706,#2707);
#2706 = CARTESIAN_POINT('',(6.28318530718,-0.));
#2707 = VECTOR('',#2708,1.);
#2708 = DIRECTION('',(0.,1.));
#2709 = ( GEOMETRIC_REPRESENTATION_CONTEXT(2) 
PARAMETRIC_REPRESENTATION_CONTEXT() REPRESENTATION_CONTEXT('2D SPACE',''
  ) );
#2710 = PCURVE('',#2679,#2711);
#2711 = DEFINITIONAL_REPRESENTATION('',(#2712),#2716);
#2712 = LINE('',#2713,#2714);
#2713 = CARTESIAN_POINT('',(0.,-0.));
#2714 = VECTOR('',#2715,1.);
#2715 = DIRECTION('',(0.,1.));
#2716 = ( GEOMETRIC_REPRESENTATION_CONTEXT(2) 
PARAMETRIC_REPRESENTATION_CONTEXT() REPRESENTATION_CONTEXT('2D SPACE',''
  ) );
#2717 = ORIENTED_EDGE('',*,*,#2718,.T.);
#2718 = EDGE_CURVE('',#2696,#2696,#2719,.T.);
#2719 = SURFACE_CURVE('',#2720,(#2725,#2732),.PCURVE_S1.);
#2720 = CIRCLE('',#2721,1.25);
#2721 = AXIS2_PLACEMENT_3D('',#2722,#2723,#2724);
#2722 = CARTESIAN_POINT('',(-29.,3.551475717527E-15,30.));
#2723 = DIRECTION('',(0.,0.,1.));
#2724 = DIRECTION('',(1.,0.,-0.));
#2725 = PCURVE('',#2679,#2726);
#2726 = DEFINITIONAL_REPRESENTATION('',(#2727),#2731);
#2727 = LINE('',#2728,#2729);
#2728 = CARTESIAN_POINT('',(0.,1.));
#2729 = VECTOR('',#2730,1.);
#2730 = DIRECTION('',(1.,0.));
#2731 = ( GEOMETRIC_REPRESENTATION_CONTEXT(2) 
PARAMETRIC_REPRESENTATION_CONTEXT() REPRESENTATION_CONTEXT('2D SPACE',''
  ) );
#2732 = PCURVE('',#2622,#2733);
#2733 = DEFINITIONAL_REPRESENTATION('',(#2734),#2738);
#2734 = CIRCLE('',#2735,1.25);
#2735 = AXIS2_PLACEMENT_2D('',#2736,#2737);
#2736 = CARTESIAN_POINT('',(0.,0.));
#2737 = DIRECTION('',(1.,0.));
#2738 = ( GEOMETRIC_REPRESENTATION_CONTEXT(2) 
PARAMETRIC_REPRESENTATION_CONTEXT() REPRESENTATION_CONTEXT('2D SPACE',''
  ) );
#2739 = ORIENTED_EDGE('',*,*,#2695,.T.);
#2740 = ADVANCED_FACE('',(#2741,#2766),#2622,.F.);
#2741 = FACE_BOUND('',#2742,.F.);
#2742 = EDGE_LOOP('',(#2743,#2765));
#2743 = ORIENTED_EDGE('',*,*,#2744,.T.);
#2744 = EDGE_CURVE('',#2523,#2587,#2745,.T.);
#2745 = SURFACE_CURVE('',#2746,(#2751,#2758),.PCURVE_S1.);
#2746 = CIRCLE('',#2747,6.);
#2747 = AXIS2_PLACEMENT_3D('',#2748,#2749,#2750);
#2748 = CARTESIAN_POINT('',(-29.,3.551475717527E-15,30.));
#2749 = DIRECTION('',(0.,0.,1.));
#2750 = DIRECTION('',(1.,0.,-0.));
#2751 = PCURVE('',#2622,#2752);
#2752 = DEFINITIONAL_REPRESENTATION('',(#2753),#2757);
#2753 = CIRCLE('',#2754,6.);
#2754 = AXIS2_PLACEMENT_2D('',#2755,#2756);
#2755 = CARTESIAN_POINT('',(0.,0.));
#2756 = DIRECTION('',(1.,0.));
#2757 = ( GEOMETRIC_REPRESENTATION_CONTEXT(2) 
PARAMETRIC_REPRESENTATION_CONTEXT() REPRESENTATION_CONTEXT('2D SPACE',''
  ) );
#2758 = PCURVE('',#2545,#2759);
#2759 = DEFINITIONAL_REPRESENTATION('',(#2760),#2764);
#2760 = LINE('',#2761,#2762);
#2761 = CARTESIAN_POINT('',(0.,0.));
#2762 = VECTOR('',#2763,1.);
#2763 = DIRECTION('',(1.,0.));
#2764 = ( GEOMETRIC_REPRESENTATION_CONTEXT(2) 
PARAMETRIC_REPRESENTATION_CONTEXT() REPRESENTATION_CONTEXT('2D SPACE',''
  ) );
#2765 = ORIENTED_EDGE('',*,*,#2607,.T.);
#2766 = FACE_BOUND('',#2767,.F.);
#2767 = EDGE_LOOP('',(#2768));
#2768 = ORIENTED_EDGE('',*,*,#2718,.F.);
#2769 = ADVANCED_FACE('',(#2770),#2545,.T.);
#2770 = FACE_BOUND('',#2771,.T.);
#2771 = EDGE_LOOP('',(#2772,#2773,#2774,#2775));
#2772 = ORIENTED_EDGE('',*,*,#2637,.F.);
#2773 = ORIENTED_EDGE('',*,*,#2522,.F.);
#2774 = ORIENTED_EDGE('',*,*,#2744,.T.);
#2775 = ORIENTED_EDGE('',*,*,#2586,.T.);
#2776 = MANIFOLD_SOLID_BREP('',#2777);
#2777 = CLOSED_SHELL('',(#2778,#2893,#2950,#3000,#3029));
#2778 = ADVANCED_FACE('',(#2779),#2793,.T.);
#2779 = FACE_BOUND('',#2780,.T.);
#2780 = EDGE_LOOP('',(#2781,#2816,#2845,#2866));
#2781 = ORIENTED_EDGE('',*,*,#2782,.T.);
#2782 = EDGE_CURVE('',#2783,#2785,#2787,.T.);
#2783 = VERTEX_POINT('',#2784);
#2784 = CARTESIAN_POINT('',(6.,29.,30.));
#2785 = VERTEX_POINT('',#2786);
#2786 = CARTESIAN_POINT('',(6.,29.,60.));
#2787 = SURFACE_CURVE('',#2788,(#2792,#2804),.PCURVE_S1.);
#2788 = LINE('',#2789,#2790);
#2789 = CARTESIAN_POINT('',(6.,29.,30.));
#2790 = VECTOR('',#2791,1.);
#2791 = DIRECTION('',(0.,0.,1.));
#2792 = PCURVE('',#2793,#2798);
#2793 = CYLINDRICAL_SURFACE('',#2794,6.);
#2794 = AXIS2_PLACEMENT_3D('',#2795,#2796,#2797);
#2795 = CARTESIAN_POINT('',(1.775737858764E-15,29.,30.));
#2796 = DIRECTION('',(0.,0.,1.));
#2797 = DIRECTION('',(1.,0.,-0.));
#2798 = DEFINITIONAL_REPRESENTATION('',(#2799),#2803);
#2799 = LINE('',#2800,#2801);
#2800 = CARTESIAN_POINT('',(6.28318530718,-0.));
#2801 = VECTOR('',#2802,1.);
#2802 = DIRECTION('',(0.,1.));
#2803 = ( GEOMETRIC_REPRESENTATION_CONTEXT(2) 
PARAMETRIC_REPRESENTATION_CONTEXT() REPRESENTATION_CONTEXT('2D SPACE',''
  ) );
#2804 = PCURVE('',#2805,#2810);
#2805 = CYLINDRICAL_SURFACE('',#2806,6.);
#2806 = AXIS2_PLACEMENT_3D('',#2807,#2808,#2809);
#2807 = CARTESIAN_POINT('',(1.775737858764E-15,29.,30.));
#2808 = DIRECTION('',(0.,0.,1.));
#2809 = DIRECTION('',(1.,0.,-0.));
#2810 = DEFINITIONAL_REPRESENTATION('',(#2811),#2815);
#2811 = LINE('',#2812,#2813);
#2812 = CARTESIAN_POINT('',(0.,-0.));
#2813 = VECTOR('',#2814,1.);
#2814 = DIRECTION('',(0.,1.));
#2815 = ( GEOMETRIC_REPRESENTATION_CONTEXT(2) 
PARAMETRIC_REPRESENTATION_CONTEXT() REPRESENTATION_CONTEXT('2D SPACE',''
  ) );
#2816 = ORIENTED_EDGE('',*,*,#2817,.F.);
#2817 = EDGE_CURVE('',#2818,#2785,#2820,.T.);
#2818 = VERTEX_POINT('',#2819);
#2819 = CARTESIAN_POINT('',(2.143131898508E-15,35.,60.));
#2820 = SURFACE_CURVE('',#2821,(#2826,#2833),.PCURVE_S1.);
#2821 = CIRCLE('',#2822,6.);
#2822 = AXIS2_PLACEMENT_3D('',#2823,#2824,#2825);
#2823 = CARTESIAN_POINT('',(1.775737858764E-15,29.,60.));
#2824 = DIRECTION('',(0.,0.,1.));
#2825 = DIRECTION('',(1.,0.,-0.));
#2826 = PCURVE('',#2793,#2827);
#2827 = DEFINITIONAL_REPRESENTATION('',(#2828),#2832);
#2828 = LINE('',#2829,#2830);
#2829 = CARTESIAN_POINT('',(0.,30.));
#2830 = VECTOR('',#2831,1.);
#2831 = DIRECTION('',(1.,0.));
#2832 = ( GEOMETRIC_REPRESENTATION_CONTEXT(2) 
PARAMETRIC_REPRESENTATION_CONTEXT() REPRESENTATION_CONTEXT('2D SPACE',''
  ) );
#2833 = PCURVE('',#2834,#2839);
#2834 = PLANE('',#2835);
#2835 = AXIS2_PLACEMENT_3D('',#2836,#2837,#2838);
#2836 = CARTESIAN_POINT('',(1.775737858764E-15,29.,60.));
#2837 = DIRECTION('',(0.,0.,1.));
#2838 = DIRECTION('',(1.,0.,-0.));
#2839 = DEFINITIONAL_REPRESENTATION('',(#2840),#2844);
#2840 = CIRCLE('',#2841,6.);
#2841 = AXIS2_PLACEMENT_2D('',#2842,#2843);
#2842 = CARTESIAN_POINT('',(0.,0.));
#2843 = DIRECTION('',(1.,0.));
#2844 = ( GEOMETRIC_REPRESENTATION_CONTEXT(2) 
PARAMETRIC_REPRESENTATION_CONTEXT() REPRESENTATION_CONTEXT('2D SPACE',''
  ) );
#2845 = ORIENTED_EDGE('',*,*,#2846,.F.);
#2846 = EDGE_CURVE('',#2847,#2818,#2849,.T.);
#2847 = VERTEX_POINT('',#2848);
#2848 = CARTESIAN_POINT('',(2.143131898508E-15,35.,30.));
#2849 = SURFACE_CURVE('',#2850,(#2854,#2860),.PCURVE_S1.);
#2850 = LINE('',#2851,#2852);
#2851 = CARTESIAN_POINT('',(2.143131898508E-15,35.,-67.));
#2852 = VECTOR('',#2853,1.);
#2853 = DIRECTION('',(0.,0.,1.));
#2854 = PCURVE('',#2793,#2855);
#2855 = DEFINITIONAL_REPRESENTATION('',(#2856),#2859);
#2856 = B_SPLINE_CURVE_WITH_KNOTS('',1,(#2857,#2858),.UNSPECIFIED.,.F.,
  .F.,(2,2),(96.9999976,127.0000024),.PIECEWISE_BEZIER_KNOTS.);
#2857 = CARTESIAN_POINT('',(1.570796326795,-2.399999999625E-06));
#2858 = CARTESIAN_POINT('',(1.570796326795,30.0000024));
#2859 = ( GEOMETRIC_REPRESENTATION_CONTEXT(2) 
PARAMETRIC_REPRESENTATION_CONTEXT() REPRESENTATION_CONTEXT('2D SPACE',''
  ) );
#2860 = PCURVE('',#2805,#2861);
#2861 = DEFINITIONAL_REPRESENTATION('',(#2862),#2865);
#2862 = B_SPLINE_CURVE_WITH_KNOTS('',1,(#2863,#2864),.UNSPECIFIED.,.F.,
  .F.,(2,2),(96.9999976,127.0000024),.PIECEWISE_BEZIER_KNOTS.);
#2863 = CARTESIAN_POINT('',(1.570796326795,-2.399999999625E-06));
#2864 = CARTESIAN_POINT('',(1.570796326795,30.0000024));
#2865 = ( GEOMETRIC_REPRESENTATION_CONTEXT(2) 
PARAMETRIC_REPRESENTATION_CONTEXT() REPRESENTATION_CONTEXT('2D SPACE',''
  ) );
#2866 = ORIENTED_EDGE('',*,*,#2867,.T.);
#2867 = EDGE_CURVE('',#2847,#2783,#2868,.T.);
#2868 = SURFACE_CURVE('',#2869,(#2874,#2881),.PCURVE_S1.);
#2869 = CIRCLE('',#2870,6.);
#2870 = AXIS2_PLACEMENT_3D('',#2871,#2872,#2873);
#2871 = CARTESIAN_POINT('',(1.775737858764E-15,29.,30.));
#2872 = DIRECTION('',(0.,0.,1.));
#2873 = DIRECTION('',(1.,0.,-0.));
#2874 = PCURVE('',#2793,#2875);
#2875 = DEFINITIONAL_REPRESENTATION('',(#2876),#2880);
#2876 = LINE('',#2877,#2878);
#2877 = CARTESIAN_POINT('',(0.,0.));
#2878 = VECTOR('',#2879,1.);
#2879 = DIRECTION('',(1.,0.));
#2880 = ( GEOMETRIC_REPRESENTATION_CONTEXT(2) 
PARAMETRIC_REPRESENTATION_CONTEXT() REPRESENTATION_CONTEXT('2D SPACE',''
  ) );
#2881 = PCURVE('',#2882,#2887);
#2882 = PLANE('',#2883);
#2883 = AXIS2_PLACEMENT_3D('',#2884,#2885,#2886);
#2884 = CARTESIAN_POINT('',(1.775737858764E-15,29.,30.));
#2885 = DIRECTION('',(0.,0.,1.));
#2886 = DIRECTION('',(1.,0.,-0.));
#2887 = DEFINITIONAL_REPRESENTATION('',(#2888),#2892);
#2888 = CIRCLE('',#2889,6.);
#2889 = AXIS2_PLACEMENT_2D('',#2890,#2891);
#2890 = CARTESIAN_POINT('',(0.,0.));
#2891 = DIRECTION('',(1.,0.));
#2892 = ( GEOMETRIC_REPRESENTATION_CONTEXT(2) 
PARAMETRIC_REPRESENTATION_CONTEXT() REPRESENTATION_CONTEXT('2D SPACE',''
  ) );
#2893 = ADVANCED_FACE('',(#2894,#2919),#2834,.T.);
#2894 = FACE_BOUND('',#2895,.T.);
#2895 = EDGE_LOOP('',(#2896,#2918));
#2896 = ORIENTED_EDGE('',*,*,#2897,.T.);
#2897 = EDGE_CURVE('',#2785,#2818,#2898,.T.);
#2898 = SURFACE_CURVE('',#2899,(#2904,#2911),.PCURVE_S1.);
#2899 = CIRCLE('',#2900,6.);
#2900 = AXIS2_PLACEMENT_3D('',#2901,#2902,#2903);
#2901 = CARTESIAN_POINT('',(1.775737858764E-15,29.,60.));
#2902 = DIRECTION('',(0.,0.,1.));
#2903 = DIRECTION('',(1.,0.,-0.));
#2904 = PCURVE('',#2834,#2905);
#2905 = DEFINITIONAL_REPRESENTATION('',(#2906),#2910);
#2906 = CIRCLE('',#2907,6.);
#2907 = AXIS2_PLACEMENT_2D('',#2908,#2909);
#2908 = CARTESIAN_POINT('',(0.,0.));
#2909 = DIRECTION('',(1.,0.));
#2910 = ( GEOMETRIC_REPRESENTATION_CONTEXT(2) 
PARAMETRIC_REPRESENTATION_CONTEXT() REPRESENTATION_CONTEXT('2D SPACE',''
  ) );
#2911 = PCURVE('',#2805,#2912);
#2912 = DEFINITIONAL_REPRESENTATION('',(#2913),#2917);
#2913 = LINE('',#2914,#2915);
#2914 = CARTESIAN_POINT('',(0.,30.));
#2915 = VECTOR('',#2916,1.);
#2916 = DIRECTION('',(1.,0.));
#2917 = ( GEOMETRIC_REPRESENTATION_CONTEXT(2) 
PARAMETRIC_REPRESENTATION_CONTEXT() REPRESENTATION_CONTEXT('2D SPACE',''
  ) );
#2918 = ORIENTED_EDGE('',*,*,#2817,.T.);
#2919 = FACE_BOUND('',#2920,.T.);
#2920 = EDGE_LOOP('',(#2921));
#2921 = ORIENTED_EDGE('',*,*,#2922,.F.);
#2922 = EDGE_CURVE('',#2923,#2923,#2925,.T.);
#2923 = VERTEX_POINT('',#2924);
#2924 = CARTESIAN_POINT('',(1.25,29.,60.));
#2925 = SURFACE_CURVE('',#2926,(#2931,#2938),.PCURVE_S1.);
#2926 = CIRCLE('',#2927,1.25);
#2927 = AXIS2_PLACEMENT_3D('',#2928,#2929,#2930);
#2928 = CARTESIAN_POINT('',(1.775737858764E-15,29.,60.));
#2929 = DIRECTION('',(0.,0.,1.));
#2930 = DIRECTION('',(1.,0.,-0.));
#2931 = PCURVE('',#2834,#2932);
#2932 = DEFINITIONAL_REPRESENTATION('',(#2933),#2937);
#2933 = CIRCLE('',#2934,1.25);
#2934 = AXIS2_PLACEMENT_2D('',#2935,#2936);
#2935 = CARTESIAN_POINT('',(0.,0.));
#2936 = DIRECTION('',(1.,0.));
#2937 = ( GEOMETRIC_REPRESENTATION_CONTEXT(2) 
PARAMETRIC_REPRESENTATION_CONTEXT() REPRESENTATION_CONTEXT('2D SPACE',''
  ) );
#2938 = PCURVE('',#2939,#2944);
#2939 = CYLINDRICAL_SURFACE('',#2940,1.25);
#2940 = AXIS2_PLACEMENT_3D('',#2941,#2942,#2943);
#2941 = CARTESIAN_POINT('',(1.775737858764E-15,29.,29.));
#2942 = DIRECTION('',(0.,0.,1.));
#2943 = DIRECTION('',(1.,0.,-0.));
#2944 = DEFINITIONAL_REPRESENTATION('',(#2945),#2949);
#2945 = LINE('',#2946,#2947);
#2946 = CARTESIAN_POINT('',(0.,31.));
#2947 = VECTOR('',#2948,1.);
#2948 = DIRECTION('',(1.,0.));
#2949 = ( GEOMETRIC_REPRESENTATION_CONTEXT(2) 
PARAMETRIC_REPRESENTATION_CONTEXT() REPRESENTATION_CONTEXT('2D SPACE',''
  ) );
#2950 = ADVANCED_FACE('',(#2951),#2939,.F.);
#2951 = FACE_BOUND('',#2952,.F.);
#2952 = EDGE_LOOP('',(#2953,#2954,#2977,#2999));
#2953 = ORIENTED_EDGE('',*,*,#2922,.F.);
#2954 = ORIENTED_EDGE('',*,*,#2955,.F.);
#2955 = EDGE_CURVE('',#2956,#2923,#2958,.T.);
#2956 = VERTEX_POINT('',#2957);
#2957 = CARTESIAN_POINT('',(1.25,29.,30.));
#2958 = SEAM_CURVE('',#2959,(#2963,#2970),.PCURVE_S1.);
#2959 = LINE('',#2960,#2961);
#2960 = CARTESIAN_POINT('',(1.25,29.,29.));
#2961 = VECTOR('',#2962,1.);
#2962 = DIRECTION('',(0.,0.,1.));
#2963 = PCURVE('',#2939,#2964);
#2964 = DEFINITIONAL_REPRESENTATION('',(#2965),#2969);
#2965 = LINE('',#2966,#2967);
#2966 = CARTESIAN_POINT('',(6.28318530718,-0.));
#2967 = VECTOR('',#2968,1.);
#2968 = DIRECTION('',(0.,1.));
#2969 = ( GEOMETRIC_REPRESENTATION_CONTEXT(2) 
PARAMETRIC_REPRESENTATION_CONTEXT() REPRESENTATION_CONTEXT('2D SPACE',''
  ) );
#2970 = PCURVE('',#2939,#2971);
#2971 = DEFINITIONAL_REPRESENTATION('',(#2972),#2976);
#2972 = LINE('',#2973,#2974);
#2973 = CARTESIAN_POINT('',(0.,-0.));
#2974 = VECTOR('',#2975,1.);
#2975 = DIRECTION('',(0.,1.));
#2976 = ( GEOMETRIC_REPRESENTATION_CONTEXT(2) 
PARAMETRIC_REPRESENTATION_CONTEXT() REPRESENTATION_CONTEXT('2D SPACE',''
  ) );
#2977 = ORIENTED_EDGE('',*,*,#2978,.T.);
#2978 = EDGE_CURVE('',#2956,#2956,#2979,.T.);
#2979 = SURFACE_CURVE('',#2980,(#2985,#2992),.PCURVE_S1.);
#2980 = CIRCLE('',#2981,1.25);
#2981 = AXIS2_PLACEMENT_3D('',#2982,#2983,#2984);
#2982 = CARTESIAN_POINT('',(1.775737858764E-15,29.,30.));
#2983 = DIRECTION('',(0.,0.,1.));
#2984 = DIRECTION('',(1.,0.,-0.));
#2985 = PCURVE('',#2939,#2986);
#2986 = DEFINITIONAL_REPRESENTATION('',(#2987),#2991);
#2987 = LINE('',#2988,#2989);
#2988 = CARTESIAN_POINT('',(0.,1.));
#2989 = VECTOR('',#2990,1.);
#2990 = DIRECTION('',(1.,0.));
#2991 = ( GEOMETRIC_REPRESENTATION_CONTEXT(2) 
PARAMETRIC_REPRESENTATION_CONTEXT() REPRESENTATION_CONTEXT('2D SPACE',''
  ) );
#2992 = PCURVE('',#2882,#2993);
#2993 = DEFINITIONAL_REPRESENTATION('',(#2994),#2998);
#2994 = CIRCLE('',#2995,1.25);
#2995 = AXIS2_PLACEMENT_2D('',#2996,#2997);
#2996 = CARTESIAN_POINT('',(0.,0.));
#2997 = DIRECTION('',(1.,0.));
#2998 = ( GEOMETRIC_REPRESENTATION_CONTEXT(2) 
PARAMETRIC_REPRESENTATION_CONTEXT() REPRESENTATION_CONTEXT('2D SPACE',''
  ) );
#2999 = ORIENTED_EDGE('',*,*,#2955,.T.);
#3000 = ADVANCED_FACE('',(#3001,#3026),#2882,.F.);
#3001 = FACE_BOUND('',#3002,.F.);
#3002 = EDGE_LOOP('',(#3003,#3025));
#3003 = ORIENTED_EDGE('',*,*,#3004,.T.);
#3004 = EDGE_CURVE('',#2783,#2847,#3005,.T.);
#3005 = SURFACE_CURVE('',#3006,(#3011,#3018),.PCURVE_S1.);
#3006 = CIRCLE('',#3007,6.);
#3007 = AXIS2_PLACEMENT_3D('',#3008,#3009,#3010);
#3008 = CARTESIAN_POINT('',(1.775737858764E-15,29.,30.));
#3009 = DIRECTION('',(0.,0.,1.));
#3010 = DIRECTION('',(1.,0.,-0.));
#3011 = PCURVE('',#2882,#3012);
#3012 = DEFINITIONAL_REPRESENTATION('',(#3013),#3017);
#3013 = CIRCLE('',#3014,6.);
#3014 = AXIS2_PLACEMENT_2D('',#3015,#3016);
#3015 = CARTESIAN_POINT('',(0.,0.));
#3016 = DIRECTION('',(1.,0.));
#3017 = ( GEOMETRIC_REPRESENTATION_CONTEXT(2) 
PARAMETRIC_REPRESENTATION_CONTEXT() REPRESENTATION_CONTEXT('2D SPACE',''
  ) );
#3018 = PCURVE('',#2805,#3019);
#3019 = DEFINITIONAL_REPRESENTATION('',(#3020),#3024);
#3020 = LINE('',#3021,#3022);
#3021 = CARTESIAN_POINT('',(0.,0.));
#3022 = VECTOR('',#3023,1.);
#3023 = DIRECTION('',(1.,0.));
#3024 = ( GEOMETRIC_REPRESENTATION_CONTEXT(2) 
PARAMETRIC_REPRESENTATION_CONTEXT() REPRESENTATION_CONTEXT('2D SPACE',''
  ) );
#3025 = ORIENTED_EDGE('',*,*,#2867,.T.);
#3026 = FACE_BOUND('',#3027,.F.);
#3027 = EDGE_LOOP('',(#3028));
#3028 = ORIENTED_EDGE('',*,*,#2978,.F.);
#3029 = ADVANCED_FACE('',(#3030),#2805,.T.);
#3030 = FACE_BOUND('',#3031,.T.);
#3031 = EDGE_LOOP('',(#3032,#3033,#3034,#3035));
#3032 = ORIENTED_EDGE('',*,*,#2897,.F.);
#3033 = ORIENTED_EDGE('',*,*,#2782,.F.);
#3034 = ORIENTED_EDGE('',*,*,#3004,.T.);
#3035 = ORIENTED_EDGE('',*,*,#2846,.T.);
#3036 = MANIFOLD_SOLID_BREP('',#3037);
#3037 = CLOSED_SHELL('',(#3038,#3126,#3316,#3476,#3503,#3530,#3557,#3584
    ,#3611));
#3038 = ADVANCED_FACE('',(#3039),#3052,.T.);
#3039 = FACE_BOUND('',#3040,.T.);
#3040 = EDGE_LOOP('',(#3041,#3075,#3098,#3125));
#3041 = ORIENTED_EDGE('',*,*,#3042,.F.);
#3042 = EDGE_CURVE('',#3043,#3043,#3045,.T.);
#3043 = VERTEX_POINT('',#3044);
#3044 = CARTESIAN_POINT('',(38.,-9.30731567352E-15,70.));
#3045 = SURFACE_CURVE('',#3046,(#3051,#3063),.PCURVE_S1.);
#3046 = CIRCLE('',#3047,38.);
#3047 = AXIS2_PLACEMENT_3D('',#3048,#3049,#3050);
#3048 = CARTESIAN_POINT('',(0.,0.,70.));
#3049 = DIRECTION('',(0.,0.,1.));
#3050 = DIRECTION('',(1.,0.,-0.));
#3051 = PCURVE('',#3052,#3057);
#3052 = CYLINDRICAL_SURFACE('',#3053,38.);
#3053 = AXIS2_PLACEMENT_3D('',#3054,#3055,#3056);
#3054 = CARTESIAN_POINT('',(0.,0.,60.));
#3055 = DIRECTION('',(0.,0.,1.));
#3056 = DIRECTION('',(1.,0.,-0.));
#3057 = DEFINITIONAL_REPRESENTATION('',(#3058),#3062);
#3058 = LINE('',#3059,#3060);
#3059 = CARTESIAN_POINT('',(0.,10.));
#3060 = VECTOR('',#3061,1.);
#3061 = DIRECTION('',(1.,0.));
#3062 = ( GEOMETRIC_REPRESENTATION_CONTEXT(2) 
PARAMETRIC_REPRESENTATION_CONTEXT() REPRESENTATION_CONTEXT('2D SPACE',''
  ) );
#3063 = PCURVE('',#3064,#3069);
#3064 = PLANE('',#3065);
#3065 = AXIS2_PLACEMENT_3D('',#3066,#3067,#3068);
#3066 = CARTESIAN_POINT('',(0.,0.,70.));
#3067 = DIRECTION('',(0.,0.,1.));
#3068 = DIRECTION('',(1.,0.,-0.));
#3069 = DEFINITIONAL_REPRESENTATION('',(#3070),#3074);
#3070 = CIRCLE('',#3071,38.);
#3071 = AXIS2_PLACEMENT_2D('',#3072,#3073);
#3072 = CARTESIAN_POINT('',(0.,0.));
#3073 = DIRECTION('',(1.,0.));
#3074 = ( GEOMETRIC_REPRESENTATION_CONTEXT(2) 
PARAMETRIC_REPRESENTATION_CONTEXT() REPRESENTATION_CONTEXT('2D SPACE',''
  ) );
#3075 = ORIENTED_EDGE('',*,*,#3076,.F.);
#3076 = EDGE_CURVE('',#3077,#3043,#3079,.T.);
#3077 = VERTEX_POINT('',#3078);
#3078 = CARTESIAN_POINT('',(38.,-9.30731567352E-15,60.));
#3079 = SEAM_CURVE('',#3080,(#3084,#3091),.PCURVE_S1.);
#3080 = LINE('',#3081,#3082);
#3081 = CARTESIAN_POINT('',(38.,-9.30731567352E-15,60.));
#3082 = VECTOR('',#3083,1.);
#3083 = DIRECTION('',(0.,0.,1.));
#3084 = PCURVE('',#3052,#3085);
#3085 = DEFINITIONAL_REPRESENTATION('',(#3086),#3090);
#3086 = LINE('',#3087,#3088);
#3087 = CARTESIAN_POINT('',(6.28318530718,-0.));
#3088 = VECTOR('',#3089,1.);
#3089 = DIRECTION('',(0.,1.));
#3090 = ( GEOMETRIC_REPRESENTATION_CONTEXT(2) 
PARAMETRIC_REPRESENTATION_CONTEXT() REPRESENTATION_CONTEXT('2D SPACE',''
  ) );
#3091 = PCURVE('',#3052,#3092);
#3092 = DEFINITIONAL_REPRESENTATION('',(#3093),#3097);
#3093 = LINE('',#3094,#3095);
#3094 = CARTESIAN_POINT('',(0.,-0.));
#3095 = VECTOR('',#3096,1.);
#3096 = DIRECTION('',(0.,1.));
#3097 = ( GEOMETRIC_REPRESENTATION_CONTEXT(2) 
PARAMETRIC_REPRESENTATION_CONTEXT() REPRESENTATION_CONTEXT('2D SPACE',''
  ) );
#3098 = ORIENTED_EDGE('',*,*,#3099,.T.);
#3099 = EDGE_CURVE('',#3077,#3077,#3100,.T.);
#3100 = SURFACE_CURVE('',#3101,(#3106,#3113),.PCURVE_S1.);
#3101 = CIRCLE('',#3102,38.);
#3102 = AXIS2_PLACEMENT_3D('',#3103,#3104,#3105);
#3103 = CARTESIAN_POINT('',(0.,0.,60.));
#3104 = DIRECTION('',(0.,0.,1.));
#3105 = DIRECTION('',(1.,0.,-0.));
#3106 = PCURVE('',#3052,#3107);
#3107 = DEFINITIONAL_REPRESENTATION('',(#3108),#3112);
#3108 = LINE('',#3109,#3110);
#3109 = CARTESIAN_POINT('',(0.,0.));
#3110 = VECTOR('',#3111,1.);
#3111 = DIRECTION('',(1.,0.));
#3112 = ( GEOMETRIC_REPRESENTATION_CONTEXT(2) 
PARAMETRIC_REPRESENTATION_CONTEXT() REPRESENTATION_CONTEXT('2D SPACE',''
  ) );
#3113 = PCURVE('',#3114,#3119);
#3114 = PLANE('',#3115);
#3115 = AXIS2_PLACEMENT_3D('',#3116,#3117,#3118);
#3116 = CARTESIAN_POINT('',(0.,0.,60.));
#3117 = DIRECTION('',(0.,0.,1.));
#3118 = DIRECTION('',(1.,0.,-0.));
#3119 = DEFINITIONAL_REPRESENTATION('',(#3120),#3124);
#3120 = CIRCLE('',#3121,38.);
#3121 = AXIS2_PLACEMENT_2D('',#3122,#3123);
#3122 = CARTESIAN_POINT('',(0.,0.));
#3123 = DIRECTION('',(1.,0.));
#3124 = ( GEOMETRIC_REPRESENTATION_CONTEXT(2) 
PARAMETRIC_REPRESENTATION_CONTEXT() REPRESENTATION_CONTEXT('2D SPACE',''
  ) );
#3125 = ORIENTED_EDGE('',*,*,#3076,.T.);
#3126 = ADVANCED_FACE('',(#3127,#3130,#3161,#3192,#3223,#3254,#3285),
  #3064,.T.);
#3127 = FACE_BOUND('',#3128,.T.);
#3128 = EDGE_LOOP('',(#3129));
#3129 = ORIENTED_EDGE('',*,*,#3042,.T.);
#3130 = FACE_BOUND('',#3131,.T.);
#3131 = EDGE_LOOP('',(#3132));
#3132 = ORIENTED_EDGE('',*,*,#3133,.F.);
#3133 = EDGE_CURVE('',#3134,#3134,#3136,.T.);
#3134 = VERTEX_POINT('',#3135);
#3135 = CARTESIAN_POINT('',(1.7,-29.,70.));
#3136 = SURFACE_CURVE('',#3137,(#3142,#3149),.PCURVE_S1.);
#3137 = CIRCLE('',#3138,1.7);
#3138 = AXIS2_PLACEMENT_3D('',#3139,#3140,#3141);
#3139 = CARTESIAN_POINT('',(-5.327213576291E-15,-29.,70.));
#3140 = DIRECTION('',(0.,0.,1.));
#3141 = DIRECTION('',(1.,0.,-0.));
#3142 = PCURVE('',#3064,#3143);
#3143 = DEFINITIONAL_REPRESENTATION('',(#3144),#3148);
#3144 = CIRCLE('',#3145,1.7);
#3145 = AXIS2_PLACEMENT_2D('',#3146,#3147);
#3146 = CARTESIAN_POINT('',(-5.327213576291E-15,-29.));
#3147 = DIRECTION('',(1.,0.));
#3148 = ( GEOMETRIC_REPRESENTATION_CONTEXT(2) 
PARAMETRIC_REPRESENTATION_CONTEXT() REPRESENTATION_CONTEXT('2D SPACE',''
  ) );
#3149 = PCURVE('',#3150,#3155);
#3150 = CYLINDRICAL_SURFACE('',#3151,1.7);
#3151 = AXIS2_PLACEMENT_3D('',#3152,#3153,#3154);
#3152 = CARTESIAN_POINT('',(-5.327213576291E-15,-29.,59.));
#3153 = DIRECTION('',(0.,0.,1.));
#3154 = DIRECTION('',(1.,0.,-0.));
#3155 = DEFINITIONAL_REPRESENTATION('',(#3156),#3160);
#3156 = LINE('',#3157,#3158);
#3157 = CARTESIAN_POINT('',(0.,11.));
#3158 = VECTOR('',#3159,1.);
#3159 = DIRECTION('',(1.,0.));
#3160 = ( GEOMETRIC_REPRESENTATION_CONTEXT(2) 
PARAMETRIC_REPRESENTATION_CONTEXT() REPRESENTATION_CONTEXT('2D SPACE',''
  ) );
#3161 = FACE_BOUND('',#3162,.T.);
#3162 = EDGE_LOOP('',(#3163));
#3163 = ORIENTED_EDGE('',*,*,#3164,.F.);
#3164 = EDGE_CURVE('',#3165,#3165,#3167,.T.);
#3165 = VERTEX_POINT('',#3166);
#3166 = CARTESIAN_POINT('',(26.1,-12.,70.));
#3167 = SURFACE_CURVE('',#3168,(#3173,#3180),.PCURVE_S1.);
#3168 = CIRCLE('',#3169,6.1);
#3169 = AXIS2_PLACEMENT_3D('',#3170,#3171,#3172);
#3170 = CARTESIAN_POINT('',(20.,-12.,70.));
#3171 = DIRECTION('',(0.,0.,1.));
#3172 = DIRECTION('',(1.,0.,-0.));
#3173 = PCURVE('',#3064,#3174);
#3174 = DEFINITIONAL_REPRESENTATION('',(#3175),#3179);
#3175 = CIRCLE('',#3176,6.1);
#3176 = AXIS2_PLACEMENT_2D('',#3177,#3178);
#3177 = CARTESIAN_POINT('',(20.,-12.));
#3178 = DIRECTION('',(1.,0.));
#3179 = ( GEOMETRIC_REPRESENTATION_CONTEXT(2) 
PARAMETRIC_REPRESENTATION_CONTEXT() REPRESENTATION_CONTEXT('2D SPACE',''
  ) );
#3180 = PCURVE('',#3181,#3186);
#3181 = CYLINDRICAL_SURFACE('',#3182,6.1);
#3182 = AXIS2_PLACEMENT_3D('',#3183,#3184,#3185);
#3183 = CARTESIAN_POINT('',(20.,-12.,59.));
#3184 = DIRECTION('',(0.,0.,1.));
#3185 = DIRECTION('',(1.,0.,-0.));
#3186 = DEFINITIONAL_REPRESENTATION('',(#3187),#3191);
#3187 = LINE('',#3188,#3189);
#3188 = CARTESIAN_POINT('',(0.,11.));
#3189 = VECTOR('',#3190,1.);
#3190 = DIRECTION('',(1.,0.));
#3191 = ( GEOMETRIC_REPRESENTATION_CONTEXT(2) 
PARAMETRIC_REPRESENTATION_CONTEXT() REPRESENTATION_CONTEXT('2D SPACE',''
  ) );
#3192 = FACE_BOUND('',#3193,.T.);
#3193 = EDGE_LOOP('',(#3194));
#3194 = ORIENTED_EDGE('',*,*,#3195,.F.);
#3195 = EDGE_CURVE('',#3196,#3196,#3198,.T.);
#3196 = VERTEX_POINT('',#3197);
#3197 = CARTESIAN_POINT('',(-27.3,3.135095805817E-15,70.));
#3198 = SURFACE_CURVE('',#3199,(#3204,#3211),.PCURVE_S1.);
#3199 = CIRCLE('',#3200,1.7);
#3200 = AXIS2_PLACEMENT_3D('',#3201,#3202,#3203);
#3201 = CARTESIAN_POINT('',(-29.,3.551475717527E-15,70.));
#3202 = DIRECTION('',(0.,0.,1.));
#3203 = DIRECTION('',(1.,0.,-0.));
#3204 = PCURVE('',#3064,#3205);
#3205 = DEFINITIONAL_REPRESENTATION('',(#3206),#3210);
#3206 = CIRCLE('',#3207,1.7);
#3207 = AXIS2_PLACEMENT_2D('',#3208,#3209);
#3208 = CARTESIAN_POINT('',(-29.,3.551475717527E-15));
#3209 = DIRECTION('',(1.,0.));
#3210 = ( GEOMETRIC_REPRESENTATION_CONTEXT(2) 
PARAMETRIC_REPRESENTATION_CONTEXT() REPRESENTATION_CONTEXT('2D SPACE',''
  ) );
#3211 = PCURVE('',#3212,#3217);
#3212 = CYLINDRICAL_SURFACE('',#3213,1.7);
#3213 = AXIS2_PLACEMENT_3D('',#3214,#3215,#3216);
#3214 = CARTESIAN_POINT('',(-29.,3.551475717527E-15,59.));
#3215 = DIRECTION('',(0.,0.,1.));
#3216 = DIRECTION('',(1.,0.,-0.));
#3217 = DEFINITIONAL_REPRESENTATION('',(#3218),#3222);
#3218 = LINE('',#3219,#3220);
#3219 = CARTESIAN_POINT('',(0.,11.));
#3220 = VECTOR('',#3221,1.);
#3221 = DIRECTION('',(1.,0.));
#3222 = ( GEOMETRIC_REPRESENTATION_CONTEXT(2) 
PARAMETRIC_REPRESENTATION_CONTEXT() REPRESENTATION_CONTEXT('2D SPACE',''
  ) );
#3223 = FACE_BOUND('',#3224,.T.);
#3224 = EDGE_LOOP('',(#3225));
#3225 = ORIENTED_EDGE('',*,*,#3226,.F.);
#3226 = EDGE_CURVE('',#3227,#3227,#3229,.T.);
#3227 = VERTEX_POINT('',#3228);
#3228 = CARTESIAN_POINT('',(4.,-9.797174393179E-16,70.));
#3229 = SURFACE_CURVE('',#3230,(#3235,#3242),.PCURVE_S1.);
#3230 = CIRCLE('',#3231,4.);
#3231 = AXIS2_PLACEMENT_3D('',#3232,#3233,#3234);
#3232 = CARTESIAN_POINT('',(0.,0.,70.));
#3233 = DIRECTION('',(0.,0.,1.));
#3234 = DIRECTION('',(1.,0.,-0.));
#3235 = PCURVE('',#3064,#3236);
#3236 = DEFINITIONAL_REPRESENTATION('',(#3237),#3241);
#3237 = CIRCLE('',#3238,4.);
#3238 = AXIS2_PLACEMENT_2D('',#3239,#3240);
#3239 = CARTESIAN_POINT('',(0.,0.));
#3240 = DIRECTION('',(1.,0.));
#3241 = ( GEOMETRIC_REPRESENTATION_CONTEXT(2) 
PARAMETRIC_REPRESENTATION_CONTEXT() REPRESENTATION_CONTEXT('2D SPACE',''
  ) );
#3242 = PCURVE('',#3243,#3248);
#3243 = CYLINDRICAL_SURFACE('',#3244,4.);
#3244 = AXIS2_PLACEMENT_3D('',#3245,#3246,#3247);
#3245 = CARTESIAN_POINT('',(0.,0.,-200.));
#3246 = DIRECTION('',(0.,0.,1.));
#3247 = DIRECTION('',(1.,0.,-0.));
#3248 = DEFINITIONAL_REPRESENTATION('',(#3249),#3253);
#3249 = LINE('',#3250,#3251);
#3250 = CARTESIAN_POINT('',(0.,270.));
#3251 = VECTOR('',#3252,1.);
#3252 = DIRECTION('',(1.,0.));
#3253 = ( GEOMETRIC_REPRESENTATION_CONTEXT(2) 
PARAMETRIC_REPRESENTATION_CONTEXT() REPRESENTATION_CONTEXT('2D SPACE',''
  ) );
#3254 = FACE_BOUND('',#3255,.T.);
#3255 = EDGE_LOOP('',(#3256));
#3256 = ORIENTED_EDGE('',*,*,#3257,.F.);
#3257 = EDGE_CURVE('',#3258,#3258,#3260,.T.);
#3258 = VERTEX_POINT('',#3259);
#3259 = CARTESIAN_POINT('',(26.1,12.,70.));
#3260 = SURFACE_CURVE('',#3261,(#3266,#3273),.PCURVE_S1.);
#3261 = CIRCLE('',#3262,6.1);
#3262 = AXIS2_PLACEMENT_3D('',#3263,#3264,#3265);
#3263 = CARTESIAN_POINT('',(20.,12.,70.));
#3264 = DIRECTION('',(0.,0.,1.));
#3265 = DIRECTION('',(1.,0.,-0.));
#3266 = PCURVE('',#3064,#3267);
#3267 = DEFINITIONAL_REPRESENTATION('',(#3268),#3272);
#3268 = CIRCLE('',#3269,6.1);
#3269 = AXIS2_PLACEMENT_2D('',#3270,#3271);
#3270 = CARTESIAN_POINT('',(20.,12.));
#3271 = DIRECTION('',(1.,0.));
#3272 = ( GEOMETRIC_REPRESENTATION_CONTEXT(2) 
PARAMETRIC_REPRESENTATION_CONTEXT() REPRESENTATION_CONTEXT('2D SPACE',''
  ) );
#3273 = PCURVE('',#3274,#3279);
#3274 = CYLINDRICAL_SURFACE('',#3275,6.1);
#3275 = AXIS2_PLACEMENT_3D('',#3276,#3277,#3278);
#3276 = CARTESIAN_POINT('',(20.,12.,59.));
#3277 = DIRECTION('',(0.,0.,1.));
#3278 = DIRECTION('',(1.,0.,-0.));
#3279 = DEFINITIONAL_REPRESENTATION('',(#3280),#3284);
#3280 = LINE('',#3281,#3282);
#3281 = CARTESIAN_POINT('',(0.,11.));
#3282 = VECTOR('',#3283,1.);
#3283 = DIRECTION('',(1.,0.));
#3284 = ( GEOMETRIC_REPRESENTATION_CONTEXT(2) 
PARAMETRIC_REPRESENTATION_CONTEXT() REPRESENTATION_CONTEXT('2D SPACE',''
  ) );
#3285 = FACE_BOUND('',#3286,.T.);
#3286 = EDGE_LOOP('',(#3287));
#3287 = ORIENTED_EDGE('',*,*,#3288,.F.);
#3288 = EDGE_CURVE('',#3289,#3289,#3291,.T.);
#3289 = VERTEX_POINT('',#3290);
#3290 = CARTESIAN_POINT('',(1.7,29.,70.));
#3291 = SURFACE_CURVE('',#3292,(#3297,#3304),.PCURVE_S1.);
#3292 = CIRCLE('',#3293,1.7);
#3293 = AXIS2_PLACEMENT_3D('',#3294,#3295,#3296);
#3294 = CARTESIAN_POINT('',(1.775737858764E-15,29.,70.));
#3295 = DIRECTION('',(0.,0.,1.));
#3296 = DIRECTION('',(1.,0.,-0.));
#3297 = PCURVE('',#3064,#3298);
#3298 = DEFINITIONAL_REPRESENTATION('',(#3299),#3303);
#3299 = CIRCLE('',#3300,1.7);
#3300 = AXIS2_PLACEMENT_2D('',#3301,#3302);
#3301 = CARTESIAN_POINT('',(1.775737858764E-15,29.));
#3302 = DIRECTION('',(1.,0.));
#3303 = ( GEOMETRIC_REPRESENTATION_CONTEXT(2) 
PARAMETRIC_REPRESENTATION_CONTEXT() REPRESENTATION_CONTEXT('2D SPACE',''
  ) );
#3304 = PCURVE('',#3305,#3310);
#3305 = CYLINDRICAL_SURFACE('',#3306,1.7);
#3306 = AXIS2_PLACEMENT_3D('',#3307,#3308,#3309);
#3307 = CARTESIAN_POINT('',(1.775737858764E-15,29.,59.));
#3308 = DIRECTION('',(0.,0.,1.));
#3309 = DIRECTION('',(1.,0.,-0.));
#3310 = DEFINITIONAL_REPRESENTATION('',(#3311),#3315);
#3311 = LINE('',#3312,#3313);
#3312 = CARTESIAN_POINT('',(0.,11.));
#3313 = VECTOR('',#3314,1.);
#3314 = DIRECTION('',(1.,0.));
#3315 = ( GEOMETRIC_REPRESENTATION_CONTEXT(2) 
PARAMETRIC_REPRESENTATION_CONTEXT() REPRESENTATION_CONTEXT('2D SPACE',''
  ) );
#3316 = ADVANCED_FACE('',(#3317,#3320,#3346,#3372,#3398,#3424,#3450),
  #3114,.F.);
#3317 = FACE_BOUND('',#3318,.F.);
#3318 = EDGE_LOOP('',(#3319));
#3319 = ORIENTED_EDGE('',*,*,#3099,.T.);
#3320 = FACE_BOUND('',#3321,.F.);
#3321 = EDGE_LOOP('',(#3322));
#3322 = ORIENTED_EDGE('',*,*,#3323,.F.);
#3323 = EDGE_CURVE('',#3324,#3324,#3326,.T.);
#3324 = VERTEX_POINT('',#3325);
#3325 = CARTESIAN_POINT('',(1.7,-29.,60.));
#3326 = SURFACE_CURVE('',#3327,(#3332,#3339),.PCURVE_S1.);
#3327 = CIRCLE('',#3328,1.7);
#3328 = AXIS2_PLACEMENT_3D('',#3329,#3330,#3331);
#3329 = CARTESIAN_POINT('',(-5.327213576291E-15,-29.,60.));
#3330 = DIRECTION('',(0.,0.,1.));
#3331 = DIRECTION('',(1.,0.,-0.));
#3332 = PCURVE('',#3114,#3333);
#3333 = DEFINITIONAL_REPRESENTATION('',(#3334),#3338);
#3334 = CIRCLE('',#3335,1.7);
#3335 = AXIS2_PLACEMENT_2D('',#3336,#3337);
#3336 = CARTESIAN_POINT('',(-5.327213576291E-15,-29.));
#3337 = DIRECTION('',(1.,0.));
#3338 = ( GEOMETRIC_REPRESENTATION_CONTEXT(2) 
PARAMETRIC_REPRESENTATION_CONTEXT() REPRESENTATION_CONTEXT('2D SPACE',''
  ) );
#3339 = PCURVE('',#3150,#3340);
#3340 = DEFINITIONAL_REPRESENTATION('',(#3341),#3345);
#3341 = LINE('',#3342,#3343);
#3342 = CARTESIAN_POINT('',(0.,1.));
#3343 = VECTOR('',#3344,1.);
#3344 = DIRECTION('',(1.,0.));
#3345 = ( GEOMETRIC_REPRESENTATION_CONTEXT(2) 
PARAMETRIC_REPRESENTATION_CONTEXT() REPRESENTATION_CONTEXT('2D SPACE',''
  ) );
#3346 = FACE_BOUND('',#3347,.F.);
#3347 = EDGE_LOOP('',(#3348));
#3348 = ORIENTED_EDGE('',*,*,#3349,.F.);
#3349 = EDGE_CURVE('',#3350,#3350,#3352,.T.);
#3350 = VERTEX_POINT('',#3351);
#3351 = CARTESIAN_POINT('',(26.1,-12.,60.));
#3352 = SURFACE_CURVE('',#3353,(#3358,#3365),.PCURVE_S1.);
#3353 = CIRCLE('',#3354,6.1);
#3354 = AXIS2_PLACEMENT_3D('',#3355,#3356,#3357);
#3355 = CARTESIAN_POINT('',(20.,-12.,60.));
#3356 = DIRECTION('',(0.,0.,1.));
#3357 = DIRECTION('',(1.,0.,-0.));
#3358 = PCURVE('',#3114,#3359);
#3359 = DEFINITIONAL_REPRESENTATION('',(#3360),#3364);
#3360 = CIRCLE('',#3361,6.1);
#3361 = AXIS2_PLACEMENT_2D('',#3362,#3363);
#3362 = CARTESIAN_POINT('',(20.,-12.));
#3363 = DIRECTION('',(1.,0.));
#3364 = ( GEOMETRIC_REPRESENTATION_CONTEXT(2) 
PARAMETRIC_REPRESENTATION_CONTEXT() REPRESENTATION_CONTEXT('2D SPACE',''
  ) );
#3365 = PCURVE('',#3181,#3366);
#3366 = DEFINITIONAL_REPRESENTATION('',(#3367),#3371);
#3367 = LINE('',#3368,#3369);
#3368 = CARTESIAN_POINT('',(0.,1.));
#3369 = VECTOR('',#3370,1.);
#3370 = DIRECTION('',(1.,0.));
#3371 = ( GEOMETRIC_REPRESENTATION_CONTEXT(2) 
PARAMETRIC_REPRESENTATION_CONTEXT() REPRESENTATION_CONTEXT('2D SPACE',''
  ) );
#3372 = FACE_BOUND('',#3373,.F.);
#3373 = EDGE_LOOP('',(#3374));
#3374 = ORIENTED_EDGE('',*,*,#3375,.F.);
#3375 = EDGE_CURVE('',#3376,#3376,#3378,.T.);
#3376 = VERTEX_POINT('',#3377);
#3377 = CARTESIAN_POINT('',(-27.3,3.135095805817E-15,60.));
#3378 = SURFACE_CURVE('',#3379,(#3384,#3391),.PCURVE_S1.);
#3379 = CIRCLE('',#3380,1.7);
#3380 = AXIS2_PLACEMENT_3D('',#3381,#3382,#3383);
#3381 = CARTESIAN_POINT('',(-29.,3.551475717527E-15,60.));
#3382 = DIRECTION('',(0.,0.,1.));
#3383 = DIRECTION('',(1.,0.,-0.));
#3384 = PCURVE('',#3114,#3385);
#3385 = DEFINITIONAL_REPRESENTATION('',(#3386),#3390);
#3386 = CIRCLE('',#3387,1.7);
#3387 = AXIS2_PLACEMENT_2D('',#3388,#3389);
#3388 = CARTESIAN_POINT('',(-29.,3.551475717527E-15));
#3389 = DIRECTION('',(1.,0.));
#3390 = ( GEOMETRIC_REPRESENTATION_CONTEXT(2) 
PARAMETRIC_REPRESENTATION_CONTEXT() REPRESENTATION_CONTEXT('2D SPACE',''
  ) );
#3391 = PCURVE('',#3212,#3392);
#3392 = DEFINITIONAL_REPRESENTATION('',(#3393),#3397);
#3393 = LINE('',#3394,#3395);
#3394 = CARTESIAN_POINT('',(0.,1.));
#3395 = VECTOR('',#3396,1.);
#3396 = DIRECTION('',(1.,0.));
#3397 = ( GEOMETRIC_REPRESENTATION_CONTEXT(2) 
PARAMETRIC_REPRESENTATION_CONTEXT() REPRESENTATION_CONTEXT('2D SPACE',''
  ) );
#3398 = FACE_BOUND('',#3399,.F.);
#3399 = EDGE_LOOP('',(#3400));
#3400 = ORIENTED_EDGE('',*,*,#3401,.F.);
#3401 = EDGE_CURVE('',#3402,#3402,#3404,.T.);
#3402 = VERTEX_POINT('',#3403);
#3403 = CARTESIAN_POINT('',(4.,-9.797174393179E-16,60.));
#3404 = SURFACE_CURVE('',#3405,(#3410,#3417),.PCURVE_S1.);
#3405 = CIRCLE('',#3406,4.);
#3406 = AXIS2_PLACEMENT_3D('',#3407,#3408,#3409);
#3407 = CARTESIAN_POINT('',(0.,0.,60.));
#3408 = DIRECTION('',(0.,0.,1.));
#3409 = DIRECTION('',(1.,0.,-0.));
#3410 = PCURVE('',#3114,#3411);
#3411 = DEFINITIONAL_REPRESENTATION('',(#3412),#3416);
#3412 = CIRCLE('',#3413,4.);
#3413 = AXIS2_PLACEMENT_2D('',#3414,#3415);
#3414 = CARTESIAN_POINT('',(0.,0.));
#3415 = DIRECTION('',(1.,0.));
#3416 = ( GEOMETRIC_REPRESENTATION_CONTEXT(2) 
PARAMETRIC_REPRESENTATION_CONTEXT() REPRESENTATION_CONTEXT('2D SPACE',''
  ) );
#3417 = PCURVE('',#3243,#3418);
#3418 = DEFINITIONAL_REPRESENTATION('',(#3419),#3423);
#3419 = LINE('',#3420,#3421);
#3420 = CARTESIAN_POINT('',(0.,260.));
#3421 = VECTOR('',#3422,1.);
#3422 = DIRECTION('',(1.,0.));
#3423 = ( GEOMETRIC_REPRESENTATION_CONTEXT(2) 
PARAMETRIC_REPRESENTATION_CONTEXT() REPRESENTATION_CONTEXT('2D SPACE',''
  ) );
#3424 = FACE_BOUND('',#3425,.F.);
#3425 = EDGE_LOOP('',(#3426));
#3426 = ORIENTED_EDGE('',*,*,#3427,.F.);
#3427 = EDGE_CURVE('',#3428,#3428,#3430,.T.);
#3428 = VERTEX_POINT('',#3429);
#3429 = CARTESIAN_POINT('',(26.1,12.,60.));
#3430 = SURFACE_CURVE('',#3431,(#3436,#3443),.PCURVE_S1.);
#3431 = CIRCLE('',#3432,6.1);
#3432 = AXIS2_PLACEMENT_3D('',#3433,#3434,#3435);
#3433 = CARTESIAN_POINT('',(20.,12.,60.));
#3434 = DIRECTION('',(0.,0.,1.));
#3435 = DIRECTION('',(1.,0.,-0.));
#3436 = PCURVE('',#3114,#3437);
#3437 = DEFINITIONAL_REPRESENTATION('',(#3438),#3442);
#3438 = CIRCLE('',#3439,6.1);
#3439 = AXIS2_PLACEMENT_2D('',#3440,#3441);
#3440 = CARTESIAN_POINT('',(20.,12.));
#3441 = DIRECTION('',(1.,0.));
#3442 = ( GEOMETRIC_REPRESENTATION_CONTEXT(2) 
PARAMETRIC_REPRESENTATION_CONTEXT() REPRESENTATION_CONTEXT('2D SPACE',''
  ) );
#3443 = PCURVE('',#3274,#3444);
#3444 = DEFINITIONAL_REPRESENTATION('',(#3445),#3449);
#3445 = LINE('',#3446,#3447);
#3446 = CARTESIAN_POINT('',(0.,1.));
#3447 = VECTOR('',#3448,1.);
#3448 = DIRECTION('',(1.,0.));
#3449 = ( GEOMETRIC_REPRESENTATION_CONTEXT(2) 
PARAMETRIC_REPRESENTATION_CONTEXT() REPRESENTATION_CONTEXT('2D SPACE',''
  ) );
#3450 = FACE_BOUND('',#3451,.F.);
#3451 = EDGE_LOOP('',(#3452));
#3452 = ORIENTED_EDGE('',*,*,#3453,.F.);
#3453 = EDGE_CURVE('',#3454,#3454,#3456,.T.);
#3454 = VERTEX_POINT('',#3455);
#3455 = CARTESIAN_POINT('',(1.7,29.,60.));
#3456 = SURFACE_CURVE('',#3457,(#3462,#3469),.PCURVE_S1.);
#3457 = CIRCLE('',#3458,1.7);
#3458 = AXIS2_PLACEMENT_3D('',#3459,#3460,#3461);
#3459 = CARTESIAN_POINT('',(1.775737858764E-15,29.,60.));
#3460 = DIRECTION('',(0.,0.,1.));
#3461 = DIRECTION('',(1.,0.,-0.));
#3462 = PCURVE('',#3114,#3463);
#3463 = DEFINITIONAL_REPRESENTATION('',(#3464),#3468);
#3464 = CIRCLE('',#3465,1.7);
#3465 = AXIS2_PLACEMENT_2D('',#3466,#3467);
#3466 = CARTESIAN_POINT('',(1.775737858764E-15,29.));
#3467 = DIRECTION('',(1.,0.));
#3468 = ( GEOMETRIC_REPRESENTATION_CONTEXT(2) 
PARAMETRIC_REPRESENTATION_CONTEXT() REPRESENTATION_CONTEXT('2D SPACE',''
  ) );
#3469 = PCURVE('',#3305,#3470);
#3470 = DEFINITIONAL_REPRESENTATION('',(#3471),#3475);
#3471 = LINE('',#3472,#3473);
#3472 = CARTESIAN_POINT('',(0.,1.));
#3473 = VECTOR('',#3474,1.);
#3474 = DIRECTION('',(1.,0.));
#3475 = ( GEOMETRIC_REPRESENTATION_CONTEXT(2) 
PARAMETRIC_REPRESENTATION_CONTEXT() REPRESENTATION_CONTEXT('2D SPACE',''
  ) );
#3476 = ADVANCED_FACE('',(#3477),#3150,.F.);
#3477 = FACE_BOUND('',#3478,.F.);
#3478 = EDGE_LOOP('',(#3479,#3480,#3501,#3502));
#3479 = ORIENTED_EDGE('',*,*,#3133,.F.);
#3480 = ORIENTED_EDGE('',*,*,#3481,.F.);
#3481 = EDGE_CURVE('',#3324,#3134,#3482,.T.);
#3482 = SEAM_CURVE('',#3483,(#3487,#3494),.PCURVE_S1.);
#3483 = LINE('',#3484,#3485);
#3484 = CARTESIAN_POINT('',(1.7,-29.,59.));
#3485 = VECTOR('',#3486,1.);
#3486 = DIRECTION('',(0.,0.,1.));
#3487 = PCURVE('',#3150,#3488);
#3488 = DEFINITIONAL_REPRESENTATION('',(#3489),#3493);
#3489 = LINE('',#3490,#3491);
#3490 = CARTESIAN_POINT('',(6.28318530718,-0.));
#3491 = VECTOR('',#3492,1.);
#3492 = DIRECTION('',(0.,1.));
#3493 = ( GEOMETRIC_REPRESENTATION_CONTEXT(2) 
PARAMETRIC_REPRESENTATION_CONTEXT() REPRESENTATION_CONTEXT('2D SPACE',''
  ) );
#3494 = PCURVE('',#3150,#3495);
#3495 = DEFINITIONAL_REPRESENTATION('',(#3496),#3500);
#3496 = LINE('',#3497,#3498);
#3497 = CARTESIAN_POINT('',(0.,-0.));
#3498 = VECTOR('',#3499,1.);
#3499 = DIRECTION('',(0.,1.));
#3500 = ( GEOMETRIC_REPRESENTATION_CONTEXT(2) 
PARAMETRIC_REPRESENTATION_CONTEXT() REPRESENTATION_CONTEXT('2D SPACE',''
  ) );
#3501 = ORIENTED_EDGE('',*,*,#3323,.T.);
#3502 = ORIENTED_EDGE('',*,*,#3481,.T.);
#3503 = ADVANCED_FACE('',(#3504),#3181,.F.);
#3504 = FACE_BOUND('',#3505,.F.);
#3505 = EDGE_LOOP('',(#3506,#3507,#3528,#3529));
#3506 = ORIENTED_EDGE('',*,*,#3164,.F.);
#3507 = ORIENTED_EDGE('',*,*,#3508,.F.);
#3508 = EDGE_CURVE('',#3350,#3165,#3509,.T.);
#3509 = SEAM_CURVE('',#3510,(#3514,#3521),.PCURVE_S1.);
#3510 = LINE('',#3511,#3512);
#3511 = CARTESIAN_POINT('',(26.1,-12.,59.));
#3512 = VECTOR('',#3513,1.);
#3513 = DIRECTION('',(0.,0.,1.));
#3514 = PCURVE('',#3181,#3515);
#3515 = DEFINITIONAL_REPRESENTATION('',(#3516),#3520);
#3516 = LINE('',#3517,#3518);
#3517 = CARTESIAN_POINT('',(6.28318530718,-0.));
#3518 = VECTOR('',#3519,1.);
#3519 = DIRECTION('',(0.,1.));
#3520 = ( GEOMETRIC_REPRESENTATION_CONTEXT(2) 
PARAMETRIC_REPRESENTATION_CONTEXT() REPRESENTATION_CONTEXT('2D SPACE',''
  ) );
#3521 = PCURVE('',#3181,#3522);
#3522 = DEFINITIONAL_REPRESENTATION('',(#3523),#3527);
#3523 = LINE('',#3524,#3525);
#3524 = CARTESIAN_POINT('',(0.,-0.));
#3525 = VECTOR('',#3526,1.);
#3526 = DIRECTION('',(0.,1.));
#3527 = ( GEOMETRIC_REPRESENTATION_CONTEXT(2) 
PARAMETRIC_REPRESENTATION_CONTEXT() REPRESENTATION_CONTEXT('2D SPACE',''
  ) );
#3528 = ORIENTED_EDGE('',*,*,#3349,.T.);
#3529 = ORIENTED_EDGE('',*,*,#3508,.T.);
#3530 = ADVANCED_FACE('',(#3531),#3212,.F.);
#3531 = FACE_BOUND('',#3532,.F.);
#3532 = EDGE_LOOP('',(#3533,#3534,#3555,#3556));
#3533 = ORIENTED_EDGE('',*,*,#3195,.F.);
#3534 = ORIENTED_EDGE('',*,*,#3535,.F.);
#3535 = EDGE_CURVE('',#3376,#3196,#3536,.T.);
#3536 = SEAM_CURVE('',#3537,(#3541,#3548),.PCURVE_S1.);
#3537 = LINE('',#3538,#3539);
#3538 = CARTESIAN_POINT('',(-27.3,3.135095805817E-15,59.));
#3539 = VECTOR('',#3540,1.);
#3540 = DIRECTION('',(0.,0.,1.));
#3541 = PCURVE('',#3212,#3542);
#3542 = DEFINITIONAL_REPRESENTATION('',(#3543),#3547);
#3543 = LINE('',#3544,#3545);
#3544 = CARTESIAN_POINT('',(6.28318530718,-0.));
#3545 = VECTOR('',#3546,1.);
#3546 = DIRECTION('',(0.,1.));
#3547 = ( GEOMETRIC_REPRESENTATION_CONTEXT(2) 
PARAMETRIC_REPRESENTATION_CONTEXT() REPRESENTATION_CONTEXT('2D SPACE',''
  ) );
#3548 = PCURVE('',#3212,#3549);
#3549 = DEFINITIONAL_REPRESENTATION('',(#3550),#3554);
#3550 = LINE('',#3551,#3552);
#3551 = CARTESIAN_POINT('',(0.,-0.));
#3552 = VECTOR('',#3553,1.);
#3553 = DIRECTION('',(0.,1.));
#3554 = ( GEOMETRIC_REPRESENTATION_CONTEXT(2) 
PARAMETRIC_REPRESENTATION_CONTEXT() REPRESENTATION_CONTEXT('2D SPACE',''
  ) );
#3555 = ORIENTED_EDGE('',*,*,#3375,.T.);
#3556 = ORIENTED_EDGE('',*,*,#3535,.T.);
#3557 = ADVANCED_FACE('',(#3558),#3243,.F.);
#3558 = FACE_BOUND('',#3559,.F.);
#3559 = EDGE_LOOP('',(#3560,#3561,#3582,#3583));
#3560 = ORIENTED_EDGE('',*,*,#3226,.F.);
#3561 = ORIENTED_EDGE('',*,*,#3562,.F.);
#3562 = EDGE_CURVE('',#3402,#3227,#3563,.T.);
#3563 = SEAM_CURVE('',#3564,(#3568,#3575),.PCURVE_S1.);
#3564 = LINE('',#3565,#3566);
#3565 = CARTESIAN_POINT('',(4.,-9.797174393179E-16,-200.));
#3566 = VECTOR('',#3567,1.);
#3567 = DIRECTION('',(0.,0.,1.));
#3568 = PCURVE('',#3243,#3569);
#3569 = DEFINITIONAL_REPRESENTATION('',(#3570),#3574);
#3570 = LINE('',#3571,#3572);
#3571 = CARTESIAN_POINT('',(6.28318530718,-0.));
#3572 = VECTOR('',#3573,1.);
#3573 = DIRECTION('',(0.,1.));
#3574 = ( GEOMETRIC_REPRESENTATION_CONTEXT(2) 
PARAMETRIC_REPRESENTATION_CONTEXT() REPRESENTATION_CONTEXT('2D SPACE',''
  ) );
#3575 = PCURVE('',#3243,#3576);
#3576 = DEFINITIONAL_REPRESENTATION('',(#3577),#3581);
#3577 = LINE('',#3578,#3579);
#3578 = CARTESIAN_POINT('',(0.,-0.));
#3579 = VECTOR('',#3580,1.);
#3580 = DIRECTION('',(0.,1.));
#3581 = ( GEOMETRIC_REPRESENTATION_CONTEXT(2) 
PARAMETRIC_REPRESENTATION_CONTEXT() REPRESENTATION_CONTEXT('2D SPACE',''
  ) );
#3582 = ORIENTED_EDGE('',*,*,#3401,.T.);
#3583 = ORIENTED_EDGE('',*,*,#3562,.T.);
#3584 = ADVANCED_FACE('',(#3585),#3274,.F.);
#3585 = FACE_BOUND('',#3586,.F.);
#3586 = EDGE_LOOP('',(#3587,#3588,#3609,#3610));
#3587 = ORIENTED_EDGE('',*,*,#3257,.F.);
#3588 = ORIENTED_EDGE('',*,*,#3589,.F.);
#3589 = EDGE_CURVE('',#3428,#3258,#3590,.T.);
#3590 = SEAM_CURVE('',#3591,(#3595,#3602),.PCURVE_S1.);
#3591 = LINE('',#3592,#3593);
#3592 = CARTESIAN_POINT('',(26.1,12.,59.));
#3593 = VECTOR('',#3594,1.);
#3594 = DIRECTION('',(0.,0.,1.));
#3595 = PCURVE('',#3274,#3596);
#3596 = DEFINITIONAL_REPRESENTATION('',(#3597),#3601);
#3597 = LINE('',#3598,#3599);
#3598 = CARTESIAN_POINT('',(6.28318530718,-0.));
#3599 = VECTOR('',#3600,1.);
#3600 = DIRECTION('',(0.,1.));
#3601 = ( GEOMETRIC_REPRESENTATION_CONTEXT(2) 
PARAMETRIC_REPRESENTATION_CONTEXT() REPRESENTATION_CONTEXT('2D SPACE',''
  ) );
#3602 = PCURVE('',#3274,#3603);
#3603 = DEFINITIONAL_REPRESENTATION('',(#3604),#3608);
#3604 = LINE('',#3605,#3606);
#3605 = CARTESIAN_POINT('',(0.,-0.));
#3606 = VECTOR('',#3607,1.);
#3607 = DIRECTION('',(0.,1.));
#3608 = ( GEOMETRIC_REPRESENTATION_CONTEXT(2) 
PARAMETRIC_REPRESENTATION_CONTEXT() REPRESENTATION_CONTEXT('2D SPACE',''
  ) );
#3609 = ORIENTED_EDGE('',*,*,#3427,.T.);
#3610 = ORIENTED_EDGE('',*,*,#3589,.T.);
#3611 = ADVANCED_FACE('',(#3612),#3305,.F.);
#3612 = FACE_BOUND('',#3613,.F.);
#3613 = EDGE_LOOP('',(#3614,#3615,#3636,#3637));
#3614 = ORIENTED_EDGE('',*,*,#3288,.F.);
#3615 = ORIENTED_EDGE('',*,*,#3616,.F.);
#3616 = EDGE_CURVE('',#3454,#3289,#3617,.T.);
#3617 = SEAM_CURVE('',#3618,(#3622,#3629),.PCURVE_S1.);
#3618 = LINE('',#3619,#3620);
#3619 = CARTESIAN_POINT('',(1.7,29.,59.));
#3620 = VECTOR('',#3621,1.);
#3621 = DIRECTION('',(0.,0.,1.));
#3622 = PCURVE('',#3305,#3623);
#3623 = DEFINITIONAL_REPRESENTATION('',(#3624),#3628);
#3624 = LINE('',#3625,#3626);
#3625 = CARTESIAN_POINT('',(6.28318530718,-0.));
#3626 = VECTOR('',#3627,1.);
#3627 = DIRECTION('',(0.,1.));
#3628 = ( GEOMETRIC_REPRESENTATION_CONTEXT(2) 
PARAMETRIC_REPRESENTATION_CONTEXT() REPRESENTATION_CONTEXT('2D SPACE',''
  ) );
#3629 = PCURVE('',#3305,#3630);
#3630 = DEFINITIONAL_REPRESENTATION('',(#3631),#3635);
#3631 = LINE('',#3632,#3633);
#3632 = CARTESIAN_POINT('',(0.,-0.));
#3633 = VECTOR('',#3634,1.);
#3634 = DIRECTION('',(0.,1.));
#3635 = ( GEOMETRIC_REPRESENTATION_CONTEXT(2) 
PARAMETRIC_REPRESENTATION_CONTEXT() REPRESENTATION_CONTEXT('2D SPACE',''
  ) );
#3636 = ORIENTED_EDGE('',*,*,#3453,.T.);
#3637 = ORIENTED_EDGE('',*,*,#3616,.T.);
#3638 = MANIFOLD_SOLID_BREP('',#3639);
#3639 = CLOSED_SHELL('',(#3640,#3728,#3732));
#3640 = ADVANCED_FACE('',(#3641),#3654,.T.);
#3641 = FACE_BOUND('',#3642,.T.);
#3642 = EDGE_LOOP('',(#3643,#3677,#3700,#3727));
#3643 = ORIENTED_EDGE('',*,*,#3644,.F.);
#3644 = EDGE_CURVE('',#3645,#3645,#3647,.T.);
#3645 = VERTEX_POINT('',#3646);
#3646 = CARTESIAN_POINT('',(-36.6,-3.673940397442E-15,-15.));
#3647 = SURFACE_CURVE('',#3648,(#3653,#3665),.PCURVE_S1.);
#3648 = CIRCLE('',#3649,15.);
#3649 = AXIS2_PLACEMENT_3D('',#3650,#3651,#3652);
#3650 = CARTESIAN_POINT('',(-36.6,0.,5.551115123126E-17));
#3651 = DIRECTION('',(1.,-0.,2.22044604925E-16));
#3652 = DIRECTION('',(2.22044604925E-16,0.,-1.));
#3653 = PCURVE('',#3654,#3659);
#3654 = CYLINDRICAL_SURFACE('',#3655,15.);
#3655 = AXIS2_PLACEMENT_3D('',#3656,#3657,#3658);
#3656 = CARTESIAN_POINT('',(-37.1,0.,-5.551115123126E-17));
#3657 = DIRECTION('',(1.,0.,2.22044604925E-16));
#3658 = DIRECTION('',(2.22044604925E-16,0.,-1.));
#3659 = DEFINITIONAL_REPRESENTATION('',(#3660),#3664);
#3660 = LINE('',#3661,#3662);
#3661 = CARTESIAN_POINT('',(0.,0.5));
#3662 = VECTOR('',#3663,1.);
#3663 = DIRECTION('',(1.,0.));
#3664 = ( GEOMETRIC_REPRESENTATION_CONTEXT(2) 
PARAMETRIC_REPRESENTATION_CONTEXT() REPRESENTATION_CONTEXT('2D SPACE',''
  ) );
#3665 = PCURVE('',#3666,#3671);
#3666 = PLANE('',#3667);
#3667 = AXIS2_PLACEMENT_3D('',#3668,#3669,#3670);
#3668 = CARTESIAN_POINT('',(-36.6,0.,5.551115123126E-17));
#3669 = DIRECTION('',(1.,0.,2.22044604925E-16));
#3670 = DIRECTION('',(2.22044604925E-16,0.,-1.));
#3671 = DEFINITIONAL_REPRESENTATION('',(#3672),#3676);
#3672 = CIRCLE('',#3673,15.);
#3673 = AXIS2_PLACEMENT_2D('',#3674,#3675);
#3674 = CARTESIAN_POINT('',(0.,0.));
#3675 = DIRECTION('',(1.,0.));
#3676 = ( GEOMETRIC_REPRESENTATION_CONTEXT(2) 
PARAMETRIC_REPRESENTATION_CONTEXT() REPRESENTATION_CONTEXT('2D SPACE',''
  ) );
#3677 = ORIENTED_EDGE('',*,*,#3678,.F.);
#3678 = EDGE_CURVE('',#3679,#3645,#3681,.T.);
#3679 = VERTEX_POINT('',#3680);
#3680 = CARTESIAN_POINT('',(-37.1,-3.673940397442E-15,-15.));
#3681 = SEAM_CURVE('',#3682,(#3686,#3693),.PCURVE_S1.);
#3682 = LINE('',#3683,#3684);
#3683 = CARTESIAN_POINT('',(-37.1,-3.673940397442E-15,-15.));
#3684 = VECTOR('',#3685,1.);
#3685 = DIRECTION('',(1.,0.,2.22044604925E-16));
#3686 = PCURVE('',#3654,#3687);
#3687 = DEFINITIONAL_REPRESENTATION('',(#3688),#3692);
#3688 = LINE('',#3689,#3690);
#3689 = CARTESIAN_POINT('',(6.28318530718,-0.));
#3690 = VECTOR('',#3691,1.);
#3691 = DIRECTION('',(0.,1.));
#3692 = ( GEOMETRIC_REPRESENTATION_CONTEXT(2) 
PARAMETRIC_REPRESENTATION_CONTEXT() REPRESENTATION_CONTEXT('2D SPACE',''
  ) );
#3693 = PCURVE('',#3654,#3694);
#3694 = DEFINITIONAL_REPRESENTATION('',(#3695),#3699);
#3695 = LINE('',#3696,#3697);
#3696 = CARTESIAN_POINT('',(0.,-0.));
#3697 = VECTOR('',#3698,1.);
#3698 = DIRECTION('',(0.,1.));
#3699 = ( GEOMETRIC_REPRESENTATION_CONTEXT(2) 
PARAMETRIC_REPRESENTATION_CONTEXT() REPRESENTATION_CONTEXT('2D SPACE',''
  ) );
#3700 = ORIENTED_EDGE('',*,*,#3701,.T.);
#3701 = EDGE_CURVE('',#3679,#3679,#3702,.T.);
#3702 = SURFACE_CURVE('',#3703,(#3708,#3715),.PCURVE_S1.);
#3703 = CIRCLE('',#3704,15.);
#3704 = AXIS2_PLACEMENT_3D('',#3705,#3706,#3707);
#3705 = CARTESIAN_POINT('',(-37.1,0.,-5.551115123126E-17));
#3706 = DIRECTION('',(1.,-0.,2.22044604925E-16));
#3707 = DIRECTION('',(2.22044604925E-16,0.,-1.));
#3708 = PCURVE('',#3654,#3709);
#3709 = DEFINITIONAL_REPRESENTATION('',(#3710),#3714);
#3710 = LINE('',#3711,#3712);
#3711 = CARTESIAN_POINT('',(0.,0.));
#3712 = VECTOR('',#3713,1.);
#3713 = DIRECTION('',(1.,0.));
#3714 = ( GEOMETRIC_REPRESENTATION_CONTEXT(2) 
PARAMETRIC_REPRESENTATION_CONTEXT() REPRESENTATION_CONTEXT('2D SPACE',''
  ) );
#3715 = PCURVE('',#3716,#3721);
#3716 = PLANE('',#3717);
#3717 = AXIS2_PLACEMENT_3D('',#3718,#3719,#3720);
#3718 = CARTESIAN_POINT('',(-37.1,0.,-5.551115123126E-17));
#3719 = DIRECTION('',(1.,0.,2.22044604925E-16));
#3720 = DIRECTION('',(2.22044604925E-16,0.,-1.));
#3721 = DEFINITIONAL_REPRESENTATION('',(#3722),#3726);
#3722 = CIRCLE('',#3723,15.);
#3723 = AXIS2_PLACEMENT_2D('',#3724,#3725);
#3724 = CARTESIAN_POINT('',(0.,0.));
#3725 = DIRECTION('',(1.,0.));
#3726 = ( GEOMETRIC_REPRESENTATION_CONTEXT(2) 
PARAMETRIC_REPRESENTATION_CONTEXT() REPRESENTATION_CONTEXT('2D SPACE',''
  ) );
#3727 = ORIENTED_EDGE('',*,*,#3678,.T.);
#3728 = ADVANCED_FACE('',(#3729),#3666,.T.);
#3729 = FACE_BOUND('',#3730,.T.);
#3730 = EDGE_LOOP('',(#3731));
#3731 = ORIENTED_EDGE('',*,*,#3644,.T.);
#3732 = ADVANCED_FACE('',(#3733),#3716,.F.);
#3733 = FACE_BOUND('',#3734,.T.);
#3734 = EDGE_LOOP('',(#3735));
#3735 = ORIENTED_EDGE('',*,*,#3701,.F.);
#3736 = MANIFOLD_SOLID_BREP('',#3737);
#3737 = CLOSED_SHELL('',(#3738,#3826,#3861,#3896,#3951,#4006,#4041,#4071
    ));
#3738 = ADVANCED_FACE('',(#3739),#3752,.T.);
#3739 = FACE_BOUND('',#3740,.T.);
#3740 = EDGE_LOOP('',(#3741,#3775,#3798,#3825));
#3741 = ORIENTED_EDGE('',*,*,#3742,.F.);
#3742 = EDGE_CURVE('',#3743,#3743,#3745,.T.);
#3743 = VERTEX_POINT('',#3744);
#3744 = CARTESIAN_POINT('',(29.,12.,60.));
#3745 = SURFACE_CURVE('',#3746,(#3751,#3763),.PCURVE_S1.);
#3746 = CIRCLE('',#3747,9.);
#3747 = AXIS2_PLACEMENT_3D('',#3748,#3749,#3750);
#3748 = CARTESIAN_POINT('',(20.,12.,60.));
#3749 = DIRECTION('',(0.,0.,1.));
#3750 = DIRECTION('',(1.,0.,-0.));
#3751 = PCURVE('',#3752,#3757);
#3752 = CYLINDRICAL_SURFACE('',#3753,9.);
#3753 = AXIS2_PLACEMENT_3D('',#3754,#3755,#3756);
#3754 = CARTESIAN_POINT('',(20.,12.,54.));
#3755 = DIRECTION('',(0.,0.,1.));
#3756 = DIRECTION('',(1.,0.,-0.));
#3757 = DEFINITIONAL_REPRESENTATION('',(#3758),#3762);
#3758 = LINE('',#3759,#3760);
#3759 = CARTESIAN_POINT('',(0.,6.));
#3760 = VECTOR('',#3761,1.);
#3761 = DIRECTION('',(1.,0.));
#3762 = ( GEOMETRIC_REPRESENTATION_CONTEXT(2) 
PARAMETRIC_REPRESENTATION_CONTEXT() REPRESENTATION_CONTEXT('2D SPACE',''
  ) );
#3763 = PCURVE('',#3764,#3769);
#3764 = PLANE('',#3765);
#3765 = AXIS2_PLACEMENT_3D('',#3766,#3767,#3768);
#3766 = CARTESIAN_POINT('',(20.,12.,60.));
#3767 = DIRECTION('',(0.,0.,1.));
#3768 = DIRECTION('',(1.,0.,-0.));
#3769 = DEFINITIONAL_REPRESENTATION('',(#3770),#3774);
#3770 = CIRCLE('',#3771,9.);
#3771 = AXIS2_PLACEMENT_2D('',#3772,#3773);
#3772 = CARTESIAN_POINT('',(0.,0.));
#3773 = DIRECTION('',(1.,0.));
#3774 = ( GEOMETRIC_REPRESENTATION_CONTEXT(2) 
PARAMETRIC_REPRESENTATION_CONTEXT() REPRESENTATION_CONTEXT('2D SPACE',''
  ) );
#3775 = ORIENTED_EDGE('',*,*,#3776,.F.);
#3776 = EDGE_CURVE('',#3777,#3743,#3779,.T.);
#3777 = VERTEX_POINT('',#3778);
#3778 = CARTESIAN_POINT('',(29.,12.,54.));
#3779 = SEAM_CURVE('',#3780,(#3784,#3791),.PCURVE_S1.);
#3780 = LINE('',#3781,#3782);
#3781 = CARTESIAN_POINT('',(29.,12.,54.));
#3782 = VECTOR('',#3783,1.);
#3783 = DIRECTION('',(0.,0.,1.));
#3784 = PCURVE('',#3752,#3785);
#3785 = DEFINITIONAL_REPRESENTATION('',(#3786),#3790);
#3786 = LINE('',#3787,#3788);
#3787 = CARTESIAN_POINT('',(6.28318530718,-0.));
#3788 = VECTOR('',#3789,1.);
#3789 = DIRECTION('',(0.,1.));
#3790 = ( GEOMETRIC_REPRESENTATION_CONTEXT(2) 
PARAMETRIC_REPRESENTATION_CONTEXT() REPRESENTATION_CONTEXT('2D SPACE',''
  ) );
#3791 = PCURVE('',#3752,#3792);
#3792 = DEFINITIONAL_REPRESENTATION('',(#3793),#3797);
#3793 = LINE('',#3794,#3795);
#3794 = CARTESIAN_POINT('',(0.,-0.));
#3795 = VECTOR('',#3796,1.);
#3796 = DIRECTION('',(0.,1.));
#3797 = ( GEOMETRIC_REPRESENTATION_CONTEXT(2) 
PARAMETRIC_REPRESENTATION_CONTEXT() REPRESENTATION_CONTEXT('2D SPACE',''
  ) );
#3798 = ORIENTED_EDGE('',*,*,#3799,.T.);
#3799 = EDGE_CURVE('',#3777,#3777,#3800,.T.);
#3800 = SURFACE_CURVE('',#3801,(#3806,#3813),.PCURVE_S1.);
#3801 = CIRCLE('',#3802,9.);
#3802 = AXIS2_PLACEMENT_3D('',#3803,#3804,#3805);
#3803 = CARTESIAN_POINT('',(20.,12.,54.));
#3804 = DIRECTION('',(0.,0.,1.));
#3805 = DIRECTION('',(1.,0.,-0.));
#3806 = PCURVE('',#3752,#3807);
#3807 = DEFINITIONAL_REPRESENTATION('',(#3808),#3812);
#3808 = LINE('',#3809,#3810);
#3809 = CARTESIAN_POINT('',(0.,0.));
#3810 = VECTOR('',#3811,1.);
#3811 = DIRECTION('',(1.,0.));
#3812 = ( GEOMETRIC_REPRESENTATION_CONTEXT(2) 
PARAMETRIC_REPRESENTATION_CONTEXT() REPRESENTATION_CONTEXT('2D SPACE',''
  ) );
#3813 = PCURVE('',#3814,#3819);
#3814 = PLANE('',#3815);
#3815 = AXIS2_PLACEMENT_3D('',#3816,#3817,#3818);
#3816 = CARTESIAN_POINT('',(20.,12.,54.));
#3817 = DIRECTION('',(0.,0.,1.));
#3818 = DIRECTION('',(1.,0.,-0.));
#3819 = DEFINITIONAL_REPRESENTATION('',(#3820),#3824);
#3820 = CIRCLE('',#3821,9.);
#3821 = AXIS2_PLACEMENT_2D('',#3822,#3823);
#3822 = CARTESIAN_POINT('',(0.,0.));
#3823 = DIRECTION('',(1.,0.));
#3824 = ( GEOMETRIC_REPRESENTATION_CONTEXT(2) 
PARAMETRIC_REPRESENTATION_CONTEXT() REPRESENTATION_CONTEXT('2D SPACE',''
  ) );
#3825 = ORIENTED_EDGE('',*,*,#3776,.T.);
#3826 = ADVANCED_FACE('',(#3827,#3830),#3764,.T.);
#3827 = FACE_BOUND('',#3828,.T.);
#3828 = EDGE_LOOP('',(#3829));
#3829 = ORIENTED_EDGE('',*,*,#3742,.T.);
#3830 = FACE_BOUND('',#3831,.T.);
#3831 = EDGE_LOOP('',(#3832));
#3832 = ORIENTED_EDGE('',*,*,#3833,.F.);
#3833 = EDGE_CURVE('',#3834,#3834,#3836,.T.);
#3834 = VERTEX_POINT('',#3835);
#3835 = CARTESIAN_POINT('',(26.,12.,60.));
#3836 = SURFACE_CURVE('',#3837,(#3842,#3849),.PCURVE_S1.);
#3837 = CIRCLE('',#3838,6.);
#3838 = AXIS2_PLACEMENT_3D('',#3839,#3840,#3841);
#3839 = CARTESIAN_POINT('',(20.,12.,60.));
#3840 = DIRECTION('',(0.,0.,1.));
#3841 = DIRECTION('',(1.,0.,-0.));
#3842 = PCURVE('',#3764,#3843);
#3843 = DEFINITIONAL_REPRESENTATION('',(#3844),#3848);
#3844 = CIRCLE('',#3845,6.);
#3845 = AXIS2_PLACEMENT_2D('',#3846,#3847);
#3846 = CARTESIAN_POINT('',(0.,0.));
#3847 = DIRECTION('',(1.,0.));
#3848 = ( GEOMETRIC_REPRESENTATION_CONTEXT(2) 
PARAMETRIC_REPRESENTATION_CONTEXT() REPRESENTATION_CONTEXT('2D SPACE',''
  ) );
#3849 = PCURVE('',#3850,#3855);
#3850 = CYLINDRICAL_SURFACE('',#3851,6.);
#3851 = AXIS2_PLACEMENT_3D('',#3852,#3853,#3854);
#3852 = CARTESIAN_POINT('',(20.,12.,60.));
#3853 = DIRECTION('',(0.,0.,1.));
#3854 = DIRECTION('',(1.,0.,-0.));
#3855 = DEFINITIONAL_REPRESENTATION('',(#3856),#3860);
#3856 = LINE('',#3857,#3858);
#3857 = CARTESIAN_POINT('',(0.,0.));
#3858 = VECTOR('',#3859,1.);
#3859 = DIRECTION('',(1.,0.));
#3860 = ( GEOMETRIC_REPRESENTATION_CONTEXT(2) 
PARAMETRIC_REPRESENTATION_CONTEXT() REPRESENTATION_CONTEXT('2D SPACE',''
  ) );
#3861 = ADVANCED_FACE('',(#3862,#3865),#3814,.F.);
#3862 = FACE_BOUND('',#3863,.F.);
#3863 = EDGE_LOOP('',(#3864));
#3864 = ORIENTED_EDGE('',*,*,#3799,.T.);
#3865 = FACE_BOUND('',#3866,.F.);
#3866 = EDGE_LOOP('',(#3867));
#3867 = ORIENTED_EDGE('',*,*,#3868,.F.);
#3868 = EDGE_CURVE('',#3869,#3869,#3871,.T.);
#3869 = VERTEX_POINT('',#3870);
#3870 = CARTESIAN_POINT('',(23.,12.,54.));
#3871 = SURFACE_CURVE('',#3872,(#3877,#3884),.PCURVE_S1.);
#3872 = CIRCLE('',#3873,3.);
#3873 = AXIS2_PLACEMENT_3D('',#3874,#3875,#3876);
#3874 = CARTESIAN_POINT('',(20.,12.,54.));
#3875 = DIRECTION('',(0.,0.,1.));
#3876 = DIRECTION('',(1.,0.,-0.));
#3877 = PCURVE('',#3814,#3878);
#3878 = DEFINITIONAL_REPRESENTATION('',(#3879),#3883);
#3879 = CIRCLE('',#3880,3.);
#3880 = AXIS2_PLACEMENT_2D('',#3881,#3882);
#3881 = CARTESIAN_POINT('',(0.,0.));
#3882 = DIRECTION('',(1.,0.));
#3883 = ( GEOMETRIC_REPRESENTATION_CONTEXT(2) 
PARAMETRIC_REPRESENTATION_CONTEXT() REPRESENTATION_CONTEXT('2D SPACE',''
  ) );
#3884 = PCURVE('',#3885,#3890);
#3885 = CYLINDRICAL_SURFACE('',#3886,3.);
#3886 = AXIS2_PLACEMENT_3D('',#3887,#3888,#3889);
#3887 = CARTESIAN_POINT('',(20.,12.,23.));
#3888 = DIRECTION('',(0.,0.,1.));
#3889 = DIRECTION('',(1.,0.,-0.));
#3890 = DEFINITIONAL_REPRESENTATION('',(#3891),#3895);
#3891 = LINE('',#3892,#3893);
#3892 = CARTESIAN_POINT('',(0.,31.));
#3893 = VECTOR('',#3894,1.);
#3894 = DIRECTION('',(1.,0.));
#3895 = ( GEOMETRIC_REPRESENTATION_CONTEXT(2) 
PARAMETRIC_REPRESENTATION_CONTEXT() REPRESENTATION_CONTEXT('2D SPACE',''
  ) );
#3896 = ADVANCED_FACE('',(#3897),#3850,.T.);
#3897 = FACE_BOUND('',#3898,.T.);
#3898 = EDGE_LOOP('',(#3899,#3928,#3949,#3950));
#3899 = ORIENTED_EDGE('',*,*,#3900,.F.);
#3900 = EDGE_CURVE('',#3901,#3901,#3903,.T.);
#3901 = VERTEX_POINT('',#3902);
#3902 = CARTESIAN_POINT('',(26.,12.,70.));
#3903 = SURFACE_CURVE('',#3904,(#3909,#3916),.PCURVE_S1.);
#3904 = CIRCLE('',#3905,6.);
#3905 = AXIS2_PLACEMENT_3D('',#3906,#3907,#3908);
#3906 = CARTESIAN_POINT('',(20.,12.,70.));
#3907 = DIRECTION('',(0.,0.,1.));
#3908 = DIRECTION('',(1.,0.,-0.));
#3909 = PCURVE('',#3850,#3910);
#3910 = DEFINITIONAL_REPRESENTATION('',(#3911),#3915);
#3911 = LINE('',#3912,#3913);
#3912 = CARTESIAN_POINT('',(0.,10.));
#3913 = VECTOR('',#3914,1.);
#3914 = DIRECTION('',(1.,0.));
#3915 = ( GEOMETRIC_REPRESENTATION_CONTEXT(2) 
PARAMETRIC_REPRESENTATION_CONTEXT() REPRESENTATION_CONTEXT('2D SPACE',''
  ) );
#3916 = PCURVE('',#3917,#3922);
#3917 = PLANE('',#3918);
#3918 = AXIS2_PLACEMENT_3D('',#3919,#3920,#3921);
#3919 = CARTESIAN_POINT('',(20.,12.,70.));
#3920 = DIRECTION('',(0.,0.,1.));
#3921 = DIRECTION('',(1.,0.,-0.));
#3922 = DEFINITIONAL_REPRESENTATION('',(#3923),#3927);
#3923 = CIRCLE('',#3924,6.);
#3924 = AXIS2_PLACEMENT_2D('',#3925,#3926);
#3925 = CARTESIAN_POINT('',(0.,0.));
#3926 = DIRECTION('',(1.,0.));
#3927 = ( GEOMETRIC_REPRESENTATION_CONTEXT(2) 
PARAMETRIC_REPRESENTATION_CONTEXT() REPRESENTATION_CONTEXT('2D SPACE',''
  ) );
#3928 = ORIENTED_EDGE('',*,*,#3929,.F.);
#3929 = EDGE_CURVE('',#3834,#3901,#3930,.T.);
#3930 = SEAM_CURVE('',#3931,(#3935,#3942),.PCURVE_S1.);
#3931 = LINE('',#3932,#3933);
#3932 = CARTESIAN_POINT('',(26.,12.,60.));
#3933 = VECTOR('',#3934,1.);
#3934 = DIRECTION('',(0.,0.,1.));
#3935 = PCURVE('',#3850,#3936);
#3936 = DEFINITIONAL_REPRESENTATION('',(#3937),#3941);
#3937 = LINE('',#3938,#3939);
#3938 = CARTESIAN_POINT('',(6.28318530718,-0.));
#3939 = VECTOR('',#3940,1.);
#3940 = DIRECTION('',(0.,1.));
#3941 = ( GEOMETRIC_REPRESENTATION_CONTEXT(2) 
PARAMETRIC_REPRESENTATION_CONTEXT() REPRESENTATION_CONTEXT('2D SPACE',''
  ) );
#3942 = PCURVE('',#3850,#3943);
#3943 = DEFINITIONAL_REPRESENTATION('',(#3944),#3948);
#3944 = LINE('',#3945,#3946);
#3945 = CARTESIAN_POINT('',(0.,-0.));
#3946 = VECTOR('',#3947,1.);
#3947 = DIRECTION('',(0.,1.));
#3948 = ( GEOMETRIC_REPRESENTATION_CONTEXT(2) 
PARAMETRIC_REPRESENTATION_CONTEXT() REPRESENTATION_CONTEXT('2D SPACE',''
  ) );
#3949 = ORIENTED_EDGE('',*,*,#3833,.T.);
#3950 = ORIENTED_EDGE('',*,*,#3929,.T.);
#3951 = ADVANCED_FACE('',(#3952),#3885,.F.);
#3952 = FACE_BOUND('',#3953,.F.);
#3953 = EDGE_LOOP('',(#3954,#3983,#4004,#4005));
#3954 = ORIENTED_EDGE('',*,*,#3955,.F.);
#3955 = EDGE_CURVE('',#3956,#3956,#3958,.T.);
#3956 = VERTEX_POINT('',#3957);
#3957 = CARTESIAN_POINT('',(23.,12.,88.));
#3958 = SURFACE_CURVE('',#3959,(#3964,#3971),.PCURVE_S1.);
#3959 = CIRCLE('',#3960,3.);
#3960 = AXIS2_PLACEMENT_3D('',#3961,#3962,#3963);
#3961 = CARTESIAN_POINT('',(20.,12.,88.));
#3962 = DIRECTION('',(0.,0.,1.));
#3963 = DIRECTION('',(1.,0.,-0.));
#3964 = PCURVE('',#3885,#3965);
#3965 = DEFINITIONAL_REPRESENTATION('',(#3966),#3970);
#3966 = LINE('',#3967,#3968);
#3967 = CARTESIAN_POINT('',(0.,65.));
#3968 = VECTOR('',#3969,1.);
#3969 = DIRECTION('',(1.,0.));
#3970 = ( GEOMETRIC_REPRESENTATION_CONTEXT(2) 
PARAMETRIC_REPRESENTATION_CONTEXT() REPRESENTATION_CONTEXT('2D SPACE',''
  ) );
#3971 = PCURVE('',#3972,#3977);
#3972 = PLANE('',#3973);
#3973 = AXIS2_PLACEMENT_3D('',#3974,#3975,#3976);
#3974 = CARTESIAN_POINT('',(20.,12.,88.));
#3975 = DIRECTION('',(0.,0.,1.));
#3976 = DIRECTION('',(1.,0.,-0.));
#3977 = DEFINITIONAL_REPRESENTATION('',(#3978),#3982);
#3978 = CIRCLE('',#3979,3.);
#3979 = AXIS2_PLACEMENT_2D('',#3980,#3981);
#3980 = CARTESIAN_POINT('',(0.,0.));
#3981 = DIRECTION('',(1.,0.));
#3982 = ( GEOMETRIC_REPRESENTATION_CONTEXT(2) 
PARAMETRIC_REPRESENTATION_CONTEXT() REPRESENTATION_CONTEXT('2D SPACE',''
  ) );
#3983 = ORIENTED_EDGE('',*,*,#3984,.F.);
#3984 = EDGE_CURVE('',#3869,#3956,#3985,.T.);
#3985 = SEAM_CURVE('',#3986,(#3990,#3997),.PCURVE_S1.);
#3986 = LINE('',#3987,#3988);
#3987 = CARTESIAN_POINT('',(23.,12.,23.));
#3988 = VECTOR('',#3989,1.);
#3989 = DIRECTION('',(0.,0.,1.));
#3990 = PCURVE('',#3885,#3991);
#3991 = DEFINITIONAL_REPRESENTATION('',(#3992),#3996);
#3992 = LINE('',#3993,#3994);
#3993 = CARTESIAN_POINT('',(6.28318530718,-0.));
#3994 = VECTOR('',#3995,1.);
#3995 = DIRECTION('',(0.,1.));
#3996 = ( GEOMETRIC_REPRESENTATION_CONTEXT(2) 
PARAMETRIC_REPRESENTATION_CONTEXT() REPRESENTATION_CONTEXT('2D SPACE',''
  ) );
#3997 = PCURVE('',#3885,#3998);
#3998 = DEFINITIONAL_REPRESENTATION('',(#3999),#4003);
#3999 = LINE('',#4000,#4001);
#4000 = CARTESIAN_POINT('',(0.,-0.));
#4001 = VECTOR('',#4002,1.);
#4002 = DIRECTION('',(0.,1.));
#4003 = ( GEOMETRIC_REPRESENTATION_CONTEXT(2) 
PARAMETRIC_REPRESENTATION_CONTEXT() REPRESENTATION_CONTEXT('2D SPACE',''
  ) );
#4004 = ORIENTED_EDGE('',*,*,#3868,.T.);
#4005 = ORIENTED_EDGE('',*,*,#3984,.T.);
#4006 = ADVANCED_FACE('',(#4007,#4038),#3917,.F.);
#4007 = FACE_BOUND('',#4008,.F.);
#4008 = EDGE_LOOP('',(#4009));
#4009 = ORIENTED_EDGE('',*,*,#4010,.T.);
#4010 = EDGE_CURVE('',#4011,#4011,#4013,.T.);
#4011 = VERTEX_POINT('',#4012);
#4012 = CARTESIAN_POINT('',(27.5,12.,70.));
#4013 = SURFACE_CURVE('',#4014,(#4019,#4026),.PCURVE_S1.);
#4014 = CIRCLE('',#4015,7.5);
#4015 = AXIS2_PLACEMENT_3D('',#4016,#4017,#4018);
#4016 = CARTESIAN_POINT('',(20.,12.,70.));
#4017 = DIRECTION('',(0.,0.,1.));
#4018 = DIRECTION('',(1.,0.,-0.));
#4019 = PCURVE('',#3917,#4020);
#4020 = DEFINITIONAL_REPRESENTATION('',(#4021),#4025);
#4021 = CIRCLE('',#4022,7.5);
#4022 = AXIS2_PLACEMENT_2D('',#4023,#4024);
#4023 = CARTESIAN_POINT('',(0.,0.));
#4024 = DIRECTION('',(1.,0.));
#4025 = ( GEOMETRIC_REPRESENTATION_CONTEXT(2) 
PARAMETRIC_REPRESENTATION_CONTEXT() REPRESENTATION_CONTEXT('2D SPACE',''
  ) );
#4026 = PCURVE('',#4027,#4032);
#4027 = CYLINDRICAL_SURFACE('',#4028,7.5);
#4028 = AXIS2_PLACEMENT_3D('',#4029,#4030,#4031);
#4029 = CARTESIAN_POINT('',(20.,12.,70.));
#4030 = DIRECTION('',(0.,0.,1.));
#4031 = DIRECTION('',(1.,0.,-0.));
#4032 = DEFINITIONAL_REPRESENTATION('',(#4033),#4037);
#4033 = LINE('',#4034,#4035);
#4034 = CARTESIAN_POINT('',(0.,0.));
#4035 = VECTOR('',#4036,1.);
#4036 = DIRECTION('',(1.,0.));
#4037 = ( GEOMETRIC_REPRESENTATION_CONTEXT(2) 
PARAMETRIC_REPRESENTATION_CONTEXT() REPRESENTATION_CONTEXT('2D SPACE',''
  ) );
#4038 = FACE_BOUND('',#4039,.F.);
#4039 = EDGE_LOOP('',(#4040));
#4040 = ORIENTED_EDGE('',*,*,#3900,.F.);
#4041 = ADVANCED_FACE('',(#4042,#4068),#3972,.T.);
#4042 = FACE_BOUND('',#4043,.T.);
#4043 = EDGE_LOOP('',(#4044));
#4044 = ORIENTED_EDGE('',*,*,#4045,.T.);
#4045 = EDGE_CURVE('',#4046,#4046,#4048,.T.);
#4046 = VERTEX_POINT('',#4047);
#4047 = CARTESIAN_POINT('',(27.5,12.,88.));
#4048 = SURFACE_CURVE('',#4049,(#4054,#4061),.PCURVE_S1.);
#4049 = CIRCLE('',#4050,7.5);
#4050 = AXIS2_PLACEMENT_3D('',#4051,#4052,#4053);
#4051 = CARTESIAN_POINT('',(20.,12.,88.));
#4052 = DIRECTION('',(0.,0.,1.));
#4053 = DIRECTION('',(1.,0.,-0.));
#4054 = PCURVE('',#3972,#4055);
#4055 = DEFINITIONAL_REPRESENTATION('',(#4056),#4060);
#4056 = CIRCLE('',#4057,7.5);
#4057 = AXIS2_PLACEMENT_2D('',#4058,#4059);
#4058 = CARTESIAN_POINT('',(0.,0.));
#4059 = DIRECTION('',(1.,0.));
#4060 = ( GEOMETRIC_REPRESENTATION_CONTEXT(2) 
PARAMETRIC_REPRESENTATION_CONTEXT() REPRESENTATION_CONTEXT('2D SPACE',''
  ) );
#4061 = PCURVE('',#4027,#4062);
#4062 = DEFINITIONAL_REPRESENTATION('',(#4063),#4067);
#4063 = LINE('',#4064,#4065);
#4064 = CARTESIAN_POINT('',(0.,18.));
#4065 = VECTOR('',#4066,1.);
#4066 = DIRECTION('',(1.,0.));
#4067 = ( GEOMETRIC_REPRESENTATION_CONTEXT(2) 
PARAMETRIC_REPRESENTATION_CONTEXT() REPRESENTATION_CONTEXT('2D SPACE',''
  ) );
#4068 = FACE_BOUND('',#4069,.T.);
#4069 = EDGE_LOOP('',(#4070));
#4070 = ORIENTED_EDGE('',*,*,#3955,.F.);
#4071 = ADVANCED_FACE('',(#4072),#4027,.T.);
#4072 = FACE_BOUND('',#4073,.T.);
#4073 = EDGE_LOOP('',(#4074,#4075,#4096,#4097));
#4074 = ORIENTED_EDGE('',*,*,#4045,.F.);
#4075 = ORIENTED_EDGE('',*,*,#4076,.F.);
#4076 = EDGE_CURVE('',#4011,#4046,#4077,.T.);
#4077 = SEAM_CURVE('',#4078,(#4082,#4089),.PCURVE_S1.);
#4078 = LINE('',#4079,#4080);
#4079 = CARTESIAN_POINT('',(27.5,12.,70.));
#4080 = VECTOR('',#4081,1.);
#4081 = DIRECTION('',(0.,0.,1.));
#4082 = PCURVE('',#4027,#4083);
#4083 = DEFINITIONAL_REPRESENTATION('',(#4084),#4088);
#4084 = LINE('',#4085,#4086);
#4085 = CARTESIAN_POINT('',(6.28318530718,-0.));
#4086 = VECTOR('',#4087,1.);
#4087 = DIRECTION('',(0.,1.));
#4088 = ( GEOMETRIC_REPRESENTATION_CONTEXT(2) 
PARAMETRIC_REPRESENTATION_CONTEXT() REPRESENTATION_CONTEXT('2D SPACE',''
  ) );
#4089 = PCURVE('',#4027,#4090);
#4090 = DEFINITIONAL_REPRESENTATION('',(#4091),#4095);
#4091 = LINE('',#4092,#4093);
#4092 = CARTESIAN_POINT('',(0.,-0.));
#4093 = VECTOR('',#4094,1.);
#4094 = DIRECTION('',(0.,1.));
#4095 = ( GEOMETRIC_REPRESENTATION_CONTEXT(2) 
PARAMETRIC_REPRESENTATION_CONTEXT() REPRESENTATION_CONTEXT('2D SPACE',''
  ) );
#4096 = ORIENTED_EDGE('',*,*,#4010,.T.);
#4097 = ORIENTED_EDGE('',*,*,#4076,.T.);
#4098 = MANIFOLD_SOLID_BREP('',#4099);
#4099 = CLOSED_SHELL('',(#4100,#4188,#4223,#4258,#4313,#4368,#4403,#4433
    ));
#4100 = ADVANCED_FACE('',(#4101),#4114,.T.);
#4101 = FACE_BOUND('',#4102,.T.);
#4102 = EDGE_LOOP('',(#4103,#4137,#4160,#4187));
#4103 = ORIENTED_EDGE('',*,*,#4104,.F.);
#4104 = EDGE_CURVE('',#4105,#4105,#4107,.T.);
#4105 = VERTEX_POINT('',#4106);
#4106 = CARTESIAN_POINT('',(29.,-12.,60.));
#4107 = SURFACE_CURVE('',#4108,(#4113,#4125),.PCURVE_S1.);
#4108 = CIRCLE('',#4109,9.);
#4109 = AXIS2_PLACEMENT_3D('',#4110,#4111,#4112);
#4110 = CARTESIAN_POINT('',(20.,-12.,60.));
#4111 = DIRECTION('',(0.,0.,1.));
#4112 = DIRECTION('',(1.,0.,-0.));
#4113 = PCURVE('',#4114,#4119);
#4114 = CYLINDRICAL_SURFACE('',#4115,9.);
#4115 = AXIS2_PLACEMENT_3D('',#4116,#4117,#4118);
#4116 = CARTESIAN_POINT('',(20.,-12.,54.));
#4117 = DIRECTION('',(0.,0.,1.));
#4118 = DIRECTION('',(1.,0.,-0.));
#4119 = DEFINITIONAL_REPRESENTATION('',(#4120),#4124);
#4120 = LINE('',#4121,#4122);
#4121 = CARTESIAN_POINT('',(0.,6.));
#4122 = VECTOR('',#4123,1.);
#4123 = DIRECTION('',(1.,0.));
#4124 = ( GEOMETRIC_REPRESENTATION_CONTEXT(2) 
PARAMETRIC_REPRESENTATION_CONTEXT() REPRESENTATION_CONTEXT('2D SPACE',''
  ) );
#4125 = PCURVE('',#4126,#4131);
#4126 = PLANE('',#4127);
#4127 = AXIS2_PLACEMENT_3D('',#4128,#4129,#4130);
#4128 = CARTESIAN_POINT('',(20.,-12.,60.));
#4129 = DIRECTION('',(0.,0.,1.));
#4130 = DIRECTION('',(1.,0.,-0.));
#4131 = DEFINITIONAL_REPRESENTATION('',(#4132),#4136);
#4132 = CIRCLE('',#4133,9.);
#4133 = AXIS2_PLACEMENT_2D('',#4134,#4135);
#4134 = CARTESIAN_POINT('',(0.,0.));
#4135 = DIRECTION('',(1.,0.));
#4136 = ( GEOMETRIC_REPRESENTATION_CONTEXT(2) 
PARAMETRIC_REPRESENTATION_CONTEXT() REPRESENTATION_CONTEXT('2D SPACE',''
  ) );
#4137 = ORIENTED_EDGE('',*,*,#4138,.F.);
#4138 = EDGE_CURVE('',#4139,#4105,#4141,.T.);
#4139 = VERTEX_POINT('',#4140);
#4140 = CARTESIAN_POINT('',(29.,-12.,54.));
#4141 = SEAM_CURVE('',#4142,(#4146,#4153),.PCURVE_S1.);
#4142 = LINE('',#4143,#4144);
#4143 = CARTESIAN_POINT('',(29.,-12.,54.));
#4144 = VECTOR('',#4145,1.);
#4145 = DIRECTION('',(0.,0.,1.));
#4146 = PCURVE('',#4114,#4147);
#4147 = DEFINITIONAL_REPRESENTATION('',(#4148),#4152);
#4148 = LINE('',#4149,#4150);
#4149 = CARTESIAN_POINT('',(6.28318530718,-0.));
#4150 = VECTOR('',#4151,1.);
#4151 = DIRECTION('',(0.,1.));
#4152 = ( GEOMETRIC_REPRESENTATION_CONTEXT(2) 
PARAMETRIC_REPRESENTATION_CONTEXT() REPRESENTATION_CONTEXT('2D SPACE',''
  ) );
#4153 = PCURVE('',#4114,#4154);
#4154 = DEFINITIONAL_REPRESENTATION('',(#4155),#4159);
#4155 = LINE('',#4156,#4157);
#4156 = CARTESIAN_POINT('',(0.,-0.));
#4157 = VECTOR('',#4158,1.);
#4158 = DIRECTION('',(0.,1.));
#4159 = ( GEOMETRIC_REPRESENTATION_CONTEXT(2) 
PARAMETRIC_REPRESENTATION_CONTEXT() REPRESENTATION_CONTEXT('2D SPACE',''
  ) );
#4160 = ORIENTED_EDGE('',*,*,#4161,.T.);
#4161 = EDGE_CURVE('',#4139,#4139,#4162,.T.);
#4162 = SURFACE_CURVE('',#4163,(#4168,#4175),.PCURVE_S1.);
#4163 = CIRCLE('',#4164,9.);
#4164 = AXIS2_PLACEMENT_3D('',#4165,#4166,#4167);
#4165 = CARTESIAN_POINT('',(20.,-12.,54.));
#4166 = DIRECTION('',(0.,0.,1.));
#4167 = DIRECTION('',(1.,0.,-0.));
#4168 = PCURVE('',#4114,#4169);
#4169 = DEFINITIONAL_REPRESENTATION('',(#4170),#4174);
#4170 = LINE('',#4171,#4172);
#4171 = CARTESIAN_POINT('',(0.,0.));
#4172 = VECTOR('',#4173,1.);
#4173 = DIRECTION('',(1.,0.));
#4174 = ( GEOMETRIC_REPRESENTATION_CONTEXT(2) 
PARAMETRIC_REPRESENTATION_CONTEXT() REPRESENTATION_CONTEXT('2D SPACE',''
  ) );
#4175 = PCURVE('',#4176,#4181);
#4176 = PLANE('',#4177);
#4177 = AXIS2_PLACEMENT_3D('',#4178,#4179,#4180);
#4178 = CARTESIAN_POINT('',(20.,-12.,54.));
#4179 = DIRECTION('',(0.,0.,1.));
#4180 = DIRECTION('',(1.,0.,-0.));
#4181 = DEFINITIONAL_REPRESENTATION('',(#4182),#4186);
#4182 = CIRCLE('',#4183,9.);
#4183 = AXIS2_PLACEMENT_2D('',#4184,#4185);
#4184 = CARTESIAN_POINT('',(0.,0.));
#4185 = DIRECTION('',(1.,0.));
#4186 = ( GEOMETRIC_REPRESENTATION_CONTEXT(2) 
PARAMETRIC_REPRESENTATION_CONTEXT() REPRESENTATION_CONTEXT('2D SPACE',''
  ) );
#4187 = ORIENTED_EDGE('',*,*,#4138,.T.);
#4188 = ADVANCED_FACE('',(#4189,#4192),#4126,.T.);
#4189 = FACE_BOUND('',#4190,.T.);
#4190 = EDGE_LOOP('',(#4191));
#4191 = ORIENTED_EDGE('',*,*,#4104,.T.);
#4192 = FACE_BOUND('',#4193,.T.);
#4193 = EDGE_LOOP('',(#4194));
#4194 = ORIENTED_EDGE('',*,*,#4195,.F.);
#4195 = EDGE_CURVE('',#4196,#4196,#4198,.T.);
#4196 = VERTEX_POINT('',#4197);
#4197 = CARTESIAN_POINT('',(26.,-12.,60.));
#4198 = SURFACE_CURVE('',#4199,(#4204,#4211),.PCURVE_S1.);
#4199 = CIRCLE('',#4200,6.);
#4200 = AXIS2_PLACEMENT_3D('',#4201,#4202,#4203);
#4201 = CARTESIAN_POINT('',(20.,-12.,60.));
#4202 = DIRECTION('',(0.,0.,1.));
#4203 = DIRECTION('',(1.,0.,-0.));
#4204 = PCURVE('',#4126,#4205);
#4205 = DEFINITIONAL_REPRESENTATION('',(#4206),#4210);
#4206 = CIRCLE('',#4207,6.);
#4207 = AXIS2_PLACEMENT_2D('',#4208,#4209);
#4208 = CARTESIAN_POINT('',(0.,0.));
#4209 = DIRECTION('',(1.,0.));
#4210 = ( GEOMETRIC_REPRESENTATION_CONTEXT(2) 
PARAMETRIC_REPRESENTATION_CONTEXT() REPRESENTATION_CONTEXT('2D SPACE',''
  ) );
#4211 = PCURVE('',#4212,#4217);
#4212 = CYLINDRICAL_SURFACE('',#4213,6.);
#4213 = AXIS2_PLACEMENT_3D('',#4214,#4215,#4216);
#4214 = CARTESIAN_POINT('',(20.,-12.,60.));
#4215 = DIRECTION('',(0.,0.,1.));
#4216 = DIRECTION('',(1.,0.,-0.));
#4217 = DEFINITIONAL_REPRESENTATION('',(#4218),#4222);
#4218 = LINE('',#4219,#4220);
#4219 = CARTESIAN_POINT('',(0.,0.));
#4220 = VECTOR('',#4221,1.);
#4221 = DIRECTION('',(1.,0.));
#4222 = ( GEOMETRIC_REPRESENTATION_CONTEXT(2) 
PARAMETRIC_REPRESENTATION_CONTEXT() REPRESENTATION_CONTEXT('2D SPACE',''
  ) );
#4223 = ADVANCED_FACE('',(#4224,#4227),#4176,.F.);
#4224 = FACE_BOUND('',#4225,.F.);
#4225 = EDGE_LOOP('',(#4226));
#4226 = ORIENTED_EDGE('',*,*,#4161,.T.);
#4227 = FACE_BOUND('',#4228,.F.);
#4228 = EDGE_LOOP('',(#4229));
#4229 = ORIENTED_EDGE('',*,*,#4230,.F.);
#4230 = EDGE_CURVE('',#4231,#4231,#4233,.T.);
#4231 = VERTEX_POINT('',#4232);
#4232 = CARTESIAN_POINT('',(23.,-12.,54.));
#4233 = SURFACE_CURVE('',#4234,(#4239,#4246),.PCURVE_S1.);
#4234 = CIRCLE('',#4235,3.);
#4235 = AXIS2_PLACEMENT_3D('',#4236,#4237,#4238);
#4236 = CARTESIAN_POINT('',(20.,-12.,54.));
#4237 = DIRECTION('',(0.,0.,1.));
#4238 = DIRECTION('',(1.,0.,-0.));
#4239 = PCURVE('',#4176,#4240);
#4240 = DEFINITIONAL_REPRESENTATION('',(#4241),#4245);
#4241 = CIRCLE('',#4242,3.);
#4242 = AXIS2_PLACEMENT_2D('',#4243,#4244);
#4243 = CARTESIAN_POINT('',(0.,0.));
#4244 = DIRECTION('',(1.,0.));
#4245 = ( GEOMETRIC_REPRESENTATION_CONTEXT(2) 
PARAMETRIC_REPRESENTATION_CONTEXT() REPRESENTATION_CONTEXT('2D SPACE',''
  ) );
#4246 = PCURVE('',#4247,#4252);
#4247 = CYLINDRICAL_SURFACE('',#4248,3.);
#4248 = AXIS2_PLACEMENT_3D('',#4249,#4250,#4251);
#4249 = CARTESIAN_POINT('',(20.,-12.,23.));
#4250 = DIRECTION('',(0.,0.,1.));
#4251 = DIRECTION('',(1.,0.,-0.));
#4252 = DEFINITIONAL_REPRESENTATION('',(#4253),#4257);
#4253 = LINE('',#4254,#4255);
#4254 = CARTESIAN_POINT('',(0.,31.));
#4255 = VECTOR('',#4256,1.);
#4256 = DIRECTION('',(1.,0.));
#4257 = ( GEOMETRIC_REPRESENTATION_CONTEXT(2) 
PARAMETRIC_REPRESENTATION_CONTEXT() REPRESENTATION_CONTEXT('2D SPACE',''
  ) );
#4258 = ADVANCED_FACE('',(#4259),#4212,.T.);
#4259 = FACE_BOUND('',#4260,.T.);
#4260 = EDGE_LOOP('',(#4261,#4290,#4311,#4312));
#4261 = ORIENTED_EDGE('',*,*,#4262,.F.);
#4262 = EDGE_CURVE('',#4263,#4263,#4265,.T.);
#4263 = VERTEX_POINT('',#4264);
#4264 = CARTESIAN_POINT('',(26.,-12.,70.));
#4265 = SURFACE_CURVE('',#4266,(#4271,#4278),.PCURVE_S1.);
#4266 = CIRCLE('',#4267,6.);
#4267 = AXIS2_PLACEMENT_3D('',#4268,#4269,#4270);
#4268 = CARTESIAN_POINT('',(20.,-12.,70.));
#4269 = DIRECTION('',(0.,0.,1.));
#4270 = DIRECTION('',(1.,0.,-0.));
#4271 = PCURVE('',#4212,#4272);
#4272 = DEFINITIONAL_REPRESENTATION('',(#4273),#4277);
#4273 = LINE('',#4274,#4275);
#4274 = CARTESIAN_POINT('',(0.,10.));
#4275 = VECTOR('',#4276,1.);
#4276 = DIRECTION('',(1.,0.));
#4277 = ( GEOMETRIC_REPRESENTATION_CONTEXT(2) 
PARAMETRIC_REPRESENTATION_CONTEXT() REPRESENTATION_CONTEXT('2D SPACE',''
  ) );
#4278 = PCURVE('',#4279,#4284);
#4279 = PLANE('',#4280);
#4280 = AXIS2_PLACEMENT_3D('',#4281,#4282,#4283);
#4281 = CARTESIAN_POINT('',(20.,-12.,70.));
#4282 = DIRECTION('',(0.,0.,1.));
#4283 = DIRECTION('',(1.,0.,-0.));
#4284 = DEFINITIONAL_REPRESENTATION('',(#4285),#4289);
#4285 = CIRCLE('',#4286,6.);
#4286 = AXIS2_PLACEMENT_2D('',#4287,#4288);
#4287 = CARTESIAN_POINT('',(0.,0.));
#4288 = DIRECTION('',(1.,0.));
#4289 = ( GEOMETRIC_REPRESENTATION_CONTEXT(2) 
PARAMETRIC_REPRESENTATION_CONTEXT() REPRESENTATION_CONTEXT('2D SPACE',''
  ) );
#4290 = ORIENTED_EDGE('',*,*,#4291,.F.);
#4291 = EDGE_CURVE('',#4196,#4263,#4292,.T.);
#4292 = SEAM_CURVE('',#4293,(#4297,#4304),.PCURVE_S1.);
#4293 = LINE('',#4294,#4295);
#4294 = CARTESIAN_POINT('',(26.,-12.,60.));
#4295 = VECTOR('',#4296,1.);
#4296 = DIRECTION('',(0.,0.,1.));
#4297 = PCURVE('',#4212,#4298);
#4298 = DEFINITIONAL_REPRESENTATION('',(#4299),#4303);
#4299 = LINE('',#4300,#4301);
#4300 = CARTESIAN_POINT('',(6.28318530718,-0.));
#4301 = VECTOR('',#4302,1.);
#4302 = DIRECTION('',(0.,1.));
#4303 = ( GEOMETRIC_REPRESENTATION_CONTEXT(2) 
PARAMETRIC_REPRESENTATION_CONTEXT() REPRESENTATION_CONTEXT('2D SPACE',''
  ) );
#4304 = PCURVE('',#4212,#4305);
#4305 = DEFINITIONAL_REPRESENTATION('',(#4306),#4310);
#4306 = LINE('',#4307,#4308);
#4307 = CARTESIAN_POINT('',(0.,-0.));
#4308 = VECTOR('',#4309,1.);
#4309 = DIRECTION('',(0.,1.));
#4310 = ( GEOMETRIC_REPRESENTATION_CONTEXT(2) 
PARAMETRIC_REPRESENTATION_CONTEXT() REPRESENTATION_CONTEXT('2D SPACE',''
  ) );
#4311 = ORIENTED_EDGE('',*,*,#4195,.T.);
#4312 = ORIENTED_EDGE('',*,*,#4291,.T.);
#4313 = ADVANCED_FACE('',(#4314),#4247,.F.);
#4314 = FACE_BOUND('',#4315,.F.);
#4315 = EDGE_LOOP('',(#4316,#4345,#4366,#4367));
#4316 = ORIENTED_EDGE('',*,*,#4317,.F.);
#4317 = EDGE_CURVE('',#4318,#4318,#4320,.T.);
#4318 = VERTEX_POINT('',#4319);
#4319 = CARTESIAN_POINT('',(23.,-12.,88.));
#4320 = SURFACE_CURVE('',#4321,(#4326,#4333),.PCURVE_S1.);
#4321 = CIRCLE('',#4322,3.);
#4322 = AXIS2_PLACEMENT_3D('',#4323,#4324,#4325);
#4323 = CARTESIAN_POINT('',(20.,-12.,88.));
#4324 = DIRECTION('',(0.,0.,1.));
#4325 = DIRECTION('',(1.,0.,-0.));
#4326 = PCURVE('',#4247,#4327);
#4327 = DEFINITIONAL_REPRESENTATION('',(#4328),#4332);
#4328 = LINE('',#4329,#4330);
#4329 = CARTESIAN_POINT('',(0.,65.));
#4330 = VECTOR('',#4331,1.);
#4331 = DIRECTION('',(1.,0.));
#4332 = ( GEOMETRIC_REPRESENTATION_CONTEXT(2) 
PARAMETRIC_REPRESENTATION_CONTEXT() REPRESENTATION_CONTEXT('2D SPACE',''
  ) );
#4333 = PCURVE('',#4334,#4339);
#4334 = PLANE('',#4335);
#4335 = AXIS2_PLACEMENT_3D('',#4336,#4337,#4338);
#4336 = CARTESIAN_POINT('',(20.,-12.,88.));
#4337 = DIRECTION('',(0.,0.,1.));
#4338 = DIRECTION('',(1.,0.,-0.));
#4339 = DEFINITIONAL_REPRESENTATION('',(#4340),#4344);
#4340 = CIRCLE('',#4341,3.);
#4341 = AXIS2_PLACEMENT_2D('',#4342,#4343);
#4342 = CARTESIAN_POINT('',(0.,0.));
#4343 = DIRECTION('',(1.,0.));
#4344 = ( GEOMETRIC_REPRESENTATION_CONTEXT(2) 
PARAMETRIC_REPRESENTATION_CONTEXT() REPRESENTATION_CONTEXT('2D SPACE',''
  ) );
#4345 = ORIENTED_EDGE('',*,*,#4346,.F.);
#4346 = EDGE_CURVE('',#4231,#4318,#4347,.T.);
#4347 = SEAM_CURVE('',#4348,(#4352,#4359),.PCURVE_S1.);
#4348 = LINE('',#4349,#4350);
#4349 = CARTESIAN_POINT('',(23.,-12.,23.));
#4350 = VECTOR('',#4351,1.);
#4351 = DIRECTION('',(0.,0.,1.));
#4352 = PCURVE('',#4247,#4353);
#4353 = DEFINITIONAL_REPRESENTATION('',(#4354),#4358);
#4354 = LINE('',#4355,#4356);
#4355 = CARTESIAN_POINT('',(6.28318530718,-0.));
#4356 = VECTOR('',#4357,1.);
#4357 = DIRECTION('',(0.,1.));
#4358 = ( GEOMETRIC_REPRESENTATION_CONTEXT(2) 
PARAMETRIC_REPRESENTATION_CONTEXT() REPRESENTATION_CONTEXT('2D SPACE',''
  ) );
#4359 = PCURVE('',#4247,#4360);
#4360 = DEFINITIONAL_REPRESENTATION('',(#4361),#4365);
#4361 = LINE('',#4362,#4363);
#4362 = CARTESIAN_POINT('',(0.,-0.));
#4363 = VECTOR('',#4364,1.);
#4364 = DIRECTION('',(0.,1.));
#4365 = ( GEOMETRIC_REPRESENTATION_CONTEXT(2) 
PARAMETRIC_REPRESENTATION_CONTEXT() REPRESENTATION_CONTEXT('2D SPACE',''
  ) );
#4366 = ORIENTED_EDGE('',*,*,#4230,.T.);
#4367 = ORIENTED_EDGE('',*,*,#4346,.T.);
#4368 = ADVANCED_FACE('',(#4369,#4400),#4279,.F.);
#4369 = FACE_BOUND('',#4370,.F.);
#4370 = EDGE_LOOP('',(#4371));
#4371 = ORIENTED_EDGE('',*,*,#4372,.T.);
#4372 = EDGE_CURVE('',#4373,#4373,#4375,.T.);
#4373 = VERTEX_POINT('',#4374);
#4374 = CARTESIAN_POINT('',(27.5,-12.,70.));
#4375 = SURFACE_CURVE('',#4376,(#4381,#4388),.PCURVE_S1.);
#4376 = CIRCLE('',#4377,7.5);
#4377 = AXIS2_PLACEMENT_3D('',#4378,#4379,#4380);
#4378 = CARTESIAN_POINT('',(20.,-12.,70.));
#4379 = DIRECTION('',(0.,0.,1.));
#4380 = DIRECTION('',(1.,0.,-0.));
#4381 = PCURVE('',#4279,#4382);
#4382 = DEFINITIONAL_REPRESENTATION('',(#4383),#4387);
#4383 = CIRCLE('',#4384,7.5);
#4384 = AXIS2_PLACEMENT_2D('',#4385,#4386);
#4385 = CARTESIAN_POINT('',(0.,0.));
#4386 = DIRECTION('',(1.,0.));
#4387 = ( GEOMETRIC_REPRESENTATION_CONTEXT(2) 
PARAMETRIC_REPRESENTATION_CONTEXT() REPRESENTATION_CONTEXT('2D SPACE',''
  ) );
#4388 = PCURVE('',#4389,#4394);
#4389 = CYLINDRICAL_SURFACE('',#4390,7.5);
#4390 = AXIS2_PLACEMENT_3D('',#4391,#4392,#4393);
#4391 = CARTESIAN_POINT('',(20.,-12.,70.));
#4392 = DIRECTION('',(0.,0.,1.));
#4393 = DIRECTION('',(1.,0.,-0.));
#4394 = DEFINITIONAL_REPRESENTATION('',(#4395),#4399);
#4395 = LINE('',#4396,#4397);
#4396 = CARTESIAN_POINT('',(0.,0.));
#4397 = VECTOR('',#4398,1.);
#4398 = DIRECTION('',(1.,0.));
#4399 = ( GEOMETRIC_REPRESENTATION_CONTEXT(2) 
PARAMETRIC_REPRESENTATION_CONTEXT() REPRESENTATION_CONTEXT('2D SPACE',''
  ) );
#4400 = FACE_BOUND('',#4401,.F.);
#4401 = EDGE_LOOP('',(#4402));
#4402 = ORIENTED_EDGE('',*,*,#4262,.F.);
#4403 = ADVANCED_FACE('',(#4404,#4430),#4334,.T.);
#4404 = FACE_BOUND('',#4405,.T.);
#4405 = EDGE_LOOP('',(#4406));
#4406 = ORIENTED_EDGE('',*,*,#4407,.T.);
#4407 = EDGE_CURVE('',#4408,#4408,#4410,.T.);
#4408 = VERTEX_POINT('',#4409);
#4409 = CARTESIAN_POINT('',(27.5,-12.,88.));
#4410 = SURFACE_CURVE('',#4411,(#4416,#4423),.PCURVE_S1.);
#4411 = CIRCLE('',#4412,7.5);
#4412 = AXIS2_PLACEMENT_3D('',#4413,#4414,#4415);
#4413 = CARTESIAN_POINT('',(20.,-12.,88.));
#4414 = DIRECTION('',(0.,0.,1.));
#4415 = DIRECTION('',(1.,0.,-0.));
#4416 = PCURVE('',#4334,#4417);
#4417 = DEFINITIONAL_REPRESENTATION('',(#4418),#4422);
#4418 = CIRCLE('',#4419,7.5);
#4419 = AXIS2_PLACEMENT_2D('',#4420,#4421);
#4420 = CARTESIAN_POINT('',(0.,0.));
#4421 = DIRECTION('',(1.,0.));
#4422 = ( GEOMETRIC_REPRESENTATION_CONTEXT(2) 
PARAMETRIC_REPRESENTATION_CONTEXT() REPRESENTATION_CONTEXT('2D SPACE',''
  ) );
#4423 = PCURVE('',#4389,#4424);
#4424 = DEFINITIONAL_REPRESENTATION('',(#4425),#4429);
#4425 = LINE('',#4426,#4427);
#4426 = CARTESIAN_POINT('',(0.,18.));
#4427 = VECTOR('',#4428,1.);
#4428 = DIRECTION('',(1.,0.));
#4429 = ( GEOMETRIC_REPRESENTATION_CONTEXT(2) 
PARAMETRIC_REPRESENTATION_CONTEXT() REPRESENTATION_CONTEXT('2D SPACE',''
  ) );
#4430 = FACE_BOUND('',#4431,.T.);
#4431 = EDGE_LOOP('',(#4432));
#4432 = ORIENTED_EDGE('',*,*,#4317,.F.);
#4433 = ADVANCED_FACE('',(#4434),#4389,.T.);
#4434 = FACE_BOUND('',#4435,.T.);
#4435 = EDGE_LOOP('',(#4436,#4437,#4458,#4459));
#4436 = ORIENTED_EDGE('',*,*,#4407,.F.);
#4437 = ORIENTED_EDGE('',*,*,#4438,.F.);
#4438 = EDGE_CURVE('',#4373,#4408,#4439,.T.);
#4439 = SEAM_CURVE('',#4440,(#4444,#4451),.PCURVE_S1.);
#4440 = LINE('',#4441,#4442);
#4441 = CARTESIAN_POINT('',(27.5,-12.,70.));
#4442 = VECTOR('',#4443,1.);
#4443 = DIRECTION('',(0.,0.,1.));
#4444 = PCURVE('',#4389,#4445);
#4445 = DEFINITIONAL_REPRESENTATION('',(#4446),#4450);
#4446 = LINE('',#4447,#4448);
#4447 = CARTESIAN_POINT('',(6.28318530718,-0.));
#4448 = VECTOR('',#4449,1.);
#4449 = DIRECTION('',(0.,1.));
#4450 = ( GEOMETRIC_REPRESENTATION_CONTEXT(2) 
PARAMETRIC_REPRESENTATION_CONTEXT() REPRESENTATION_CONTEXT('2D SPACE',''
  ) );
#4451 = PCURVE('',#4389,#4452);
#4452 = DEFINITIONAL_REPRESENTATION('',(#4453),#4457);
#4453 = LINE('',#4454,#4455);
#4454 = CARTESIAN_POINT('',(0.,-0.));
#4455 = VECTOR('',#4456,1.);
#4456 = DIRECTION('',(0.,1.));
#4457 = ( GEOMETRIC_REPRESENTATION_CONTEXT(2) 
PARAMETRIC_REPRESENTATION_CONTEXT() REPRESENTATION_CONTEXT('2D SPACE',''
  ) );
#4458 = ORIENTED_EDGE('',*,*,#4372,.T.);
#4459 = ORIENTED_EDGE('',*,*,#4438,.T.);
#4460 = MANIFOLD_SOLID_BREP('',#4461);
#4461 = CLOSED_SHELL('',(#4462,#4582,#4682,#4729,#4776,#4783));
#4462 = ADVANCED_FACE('',(#4463),#4477,.F.);
#4463 = FACE_BOUND('',#4464,.F.);
#4464 = EDGE_LOOP('',(#4465,#4500,#4528,#4556));
#4465 = ORIENTED_EDGE('',*,*,#4466,.F.);
#4466 = EDGE_CURVE('',#4467,#4469,#4471,.T.);
#4467 = VERTEX_POINT('',#4468);
#4468 = CARTESIAN_POINT('',(-29.,-15.,-25.));
#4469 = VERTEX_POINT('',#4470);
#4470 = CARTESIAN_POINT('',(-29.,-15.,25.));
#4471 = SURFACE_CURVE('',#4472,(#4476,#4488),.PCURVE_S1.);
#4472 = LINE('',#4473,#4474);
#4473 = CARTESIAN_POINT('',(-29.,-15.,-25.));
#4474 = VECTOR('',#4475,1.);
#4475 = DIRECTION('',(0.,0.,1.));
#4476 = PCURVE('',#4477,#4482);
#4477 = PLANE('',#4478);
#4478 = AXIS2_PLACEMENT_3D('',#4479,#4480,#4481);
#4479 = CARTESIAN_POINT('',(-29.,-15.,-25.));
#4480 = DIRECTION('',(1.,0.,-0.));
#4481 = DIRECTION('',(0.,0.,1.));
#4482 = DEFINITIONAL_REPRESENTATION('',(#4483),#4487);
#4483 = LINE('',#4484,#4485);
#4484 = CARTESIAN_POINT('',(0.,0.));
#4485 = VECTOR('',#4486,1.);
#4486 = DIRECTION('',(1.,0.));
#4487 = ( GEOMETRIC_REPRESENTATION_CONTEXT(2) 
PARAMETRIC_REPRESENTATION_CONTEXT() REPRESENTATION_CONTEXT('2D SPACE',''
  ) );
#4488 = PCURVE('',#4489,#4494);
#4489 = PLANE('',#4490);
#4490 = AXIS2_PLACEMENT_3D('',#4491,#4492,#4493);
#4491 = CARTESIAN_POINT('',(-29.,-15.,-25.));
#4492 = DIRECTION('',(-0.,1.,0.));
#4493 = DIRECTION('',(0.,0.,1.));
#4494 = DEFINITIONAL_REPRESENTATION('',(#4495),#4499);
#4495 = LINE('',#4496,#4497);
#4496 = CARTESIAN_POINT('',(0.,0.));
#4497 = VECTOR('',#4498,1.);
#4498 = DIRECTION('',(1.,0.));
#4499 = ( GEOMETRIC_REPRESENTATION_CONTEXT(2) 
PARAMETRIC_REPRESENTATION_CONTEXT() REPRESENTATION_CONTEXT('2D SPACE',''
  ) );
#4500 = ORIENTED_EDGE('',*,*,#4501,.T.);
#4501 = EDGE_CURVE('',#4467,#4502,#4504,.T.);
#4502 = VERTEX_POINT('',#4503);
#4503 = CARTESIAN_POINT('',(-29.,15.,-25.));
#4504 = SURFACE_CURVE('',#4505,(#4509,#4516),.PCURVE_S1.);
#4505 = LINE('',#4506,#4507);
#4506 = CARTESIAN_POINT('',(-29.,-15.,-25.));
#4507 = VECTOR('',#4508,1.);
#4508 = DIRECTION('',(-0.,1.,0.));
#4509 = PCURVE('',#4477,#4510);
#4510 = DEFINITIONAL_REPRESENTATION('',(#4511),#4515);
#4511 = LINE('',#4512,#4513);
#4512 = CARTESIAN_POINT('',(0.,0.));
#4513 = VECTOR('',#4514,1.);
#4514 = DIRECTION('',(0.,-1.));
#4515 = ( GEOMETRIC_REPRESENTATION_CONTEXT(2) 
PARAMETRIC_REPRESENTATION_CONTEXT() REPRESENTATION_CONTEXT('2D SPACE',''
  ) );
#4516 = PCURVE('',#4517,#4522);
#4517 = PLANE('',#4518);
#4518 = AXIS2_PLACEMENT_3D('',#4519,#4520,#4521);
#4519 = CARTESIAN_POINT('',(-29.,-15.,-25.));
#4520 = DIRECTION('',(0.,0.,1.));
#4521 = DIRECTION('',(1.,0.,-0.));
#4522 = DEFINITIONAL_REPRESENTATION('',(#4523),#4527);
#4523 = LINE('',#4524,#4525);
#4524 = CARTESIAN_POINT('',(0.,0.));
#4525 = VECTOR('',#4526,1.);
#4526 = DIRECTION('',(0.,1.));
#4527 = ( GEOMETRIC_REPRESENTATION_CONTEXT(2) 
PARAMETRIC_REPRESENTATION_CONTEXT() REPRESENTATION_CONTEXT('2D SPACE',''
  ) );
#4528 = ORIENTED_EDGE('',*,*,#4529,.T.);
#4529 = EDGE_CURVE('',#4502,#4530,#4532,.T.);
#4530 = VERTEX_POINT('',#4531);
#4531 = CARTESIAN_POINT('',(-29.,15.,25.));
#4532 = SURFACE_CURVE('',#4533,(#4537,#4544),.PCURVE_S1.);
#4533 = LINE('',#4534,#4535);
#4534 = CARTESIAN_POINT('',(-29.,15.,-25.));
#4535 = VECTOR('',#4536,1.);
#4536 = DIRECTION('',(0.,0.,1.));
#4537 = PCURVE('',#4477,#4538);
#4538 = DEFINITIONAL_REPRESENTATION('',(#4539),#4543);
#4539 = LINE('',#4540,#4541);
#4540 = CARTESIAN_POINT('',(0.,-30.));
#4541 = VECTOR('',#4542,1.);
#4542 = DIRECTION('',(1.,0.));
#4543 = ( GEOMETRIC_REPRESENTATION_CONTEXT(2) 
PARAMETRIC_REPRESENTATION_CONTEXT() REPRESENTATION_CONTEXT('2D SPACE',''
  ) );
#4544 = PCURVE('',#4545,#4550);
#4545 = PLANE('',#4546);
#4546 = AXIS2_PLACEMENT_3D('',#4547,#4548,#4549);
#4547 = CARTESIAN_POINT('',(-29.,15.,-25.));
#4548 = DIRECTION('',(-0.,1.,0.));
#4549 = DIRECTION('',(0.,0.,1.));
#4550 = DEFINITIONAL_REPRESENTATION('',(#4551),#4555);
#4551 = LINE('',#4552,#4553);
#4552 = CARTESIAN_POINT('',(0.,0.));
#4553 = VECTOR('',#4554,1.);
#4554 = DIRECTION('',(1.,0.));
#4555 = ( GEOMETRIC_REPRESENTATION_CONTEXT(2) 
PARAMETRIC_REPRESENTATION_CONTEXT() REPRESENTATION_CONTEXT('2D SPACE',''
  ) );
#4556 = ORIENTED_EDGE('',*,*,#4557,.F.);
#4557 = EDGE_CURVE('',#4469,#4530,#4558,.T.);
#4558 = SURFACE_CURVE('',#4559,(#4563,#4570),.PCURVE_S1.);
#4559 = LINE('',#4560,#4561);
#4560 = CARTESIAN_POINT('',(-29.,-15.,25.));
#4561 = VECTOR('',#4562,1.);
#4562 = DIRECTION('',(-0.,1.,0.));
#4563 = PCURVE('',#4477,#4564);
#4564 = DEFINITIONAL_REPRESENTATION('',(#4565),#4569);
#4565 = LINE('',#4566,#4567);
#4566 = CARTESIAN_POINT('',(50.,0.));
#4567 = VECTOR('',#4568,1.);
#4568 = DIRECTION('',(0.,-1.));
#4569 = ( GEOMETRIC_REPRESENTATION_CONTEXT(2) 
PARAMETRIC_REPRESENTATION_CONTEXT() REPRESENTATION_CONTEXT('2D SPACE',''
  ) );
#4570 = PCURVE('',#4571,#4576);
#4571 = PLANE('',#4572);
#4572 = AXIS2_PLACEMENT_3D('',#4573,#4574,#4575);
#4573 = CARTESIAN_POINT('',(-29.,-15.,25.));
#4574 = DIRECTION('',(0.,0.,1.));
#4575 = DIRECTION('',(1.,0.,-0.));
#4576 = DEFINITIONAL_REPRESENTATION('',(#4577),#4581);
#4577 = LINE('',#4578,#4579);
#4578 = CARTESIAN_POINT('',(0.,0.));
#4579 = VECTOR('',#4580,1.);
#4580 = DIRECTION('',(0.,1.));
#4581 = ( GEOMETRIC_REPRESENTATION_CONTEXT(2) 
PARAMETRIC_REPRESENTATION_CONTEXT() REPRESENTATION_CONTEXT('2D SPACE',''
  ) );
#4582 = ADVANCED_FACE('',(#4583),#4597,.T.);
#4583 = FACE_BOUND('',#4584,.T.);
#4584 = EDGE_LOOP('',(#4585,#4615,#4638,#4661));
#4585 = ORIENTED_EDGE('',*,*,#4586,.F.);
#4586 = EDGE_CURVE('',#4587,#4589,#4591,.T.);
#4587 = VERTEX_POINT('',#4588);
#4588 = CARTESIAN_POINT('',(-27.4,-15.,-25.));
#4589 = VERTEX_POINT('',#4590);
#4590 = CARTESIAN_POINT('',(-27.4,-15.,25.));
#4591 = SURFACE_CURVE('',#4592,(#4596,#4608),.PCURVE_S1.);
#4592 = LINE('',#4593,#4594);
#4593 = CARTESIAN_POINT('',(-27.4,-15.,-25.));
#4594 = VECTOR('',#4595,1.);
#4595 = DIRECTION('',(0.,0.,1.));
#4596 = PCURVE('',#4597,#4602);
#4597 = PLANE('',#4598);
#4598 = AXIS2_PLACEMENT_3D('',#4599,#4600,#4601);
#4599 = CARTESIAN_POINT('',(-27.4,-15.,-25.));
#4600 = DIRECTION('',(1.,0.,-0.));
#4601 = DIRECTION('',(0.,0.,1.));
#4602 = DEFINITIONAL_REPRESENTATION('',(#4603),#4607);
#4603 = LINE('',#4604,#4605);
#4604 = CARTESIAN_POINT('',(0.,0.));
#4605 = VECTOR('',#4606,1.);
#4606 = DIRECTION('',(1.,0.));
#4607 = ( GEOMETRIC_REPRESENTATION_CONTEXT(2) 
PARAMETRIC_REPRESENTATION_CONTEXT() REPRESENTATION_CONTEXT('2D SPACE',''
  ) );
#4608 = PCURVE('',#4489,#4609);
#4609 = DEFINITIONAL_REPRESENTATION('',(#4610),#4614);
#4610 = LINE('',#4611,#4612);
#4611 = CARTESIAN_POINT('',(0.,1.6));
#4612 = VECTOR('',#4613,1.);
#4613 = DIRECTION('',(1.,0.));
#4614 = ( GEOMETRIC_REPRESENTATION_CONTEXT(2) 
PARAMETRIC_REPRESENTATION_CONTEXT() REPRESENTATION_CONTEXT('2D SPACE',''
  ) );
#4615 = ORIENTED_EDGE('',*,*,#4616,.T.);
#4616 = EDGE_CURVE('',#4587,#4617,#4619,.T.);
#4617 = VERTEX_POINT('',#4618);
#4618 = CARTESIAN_POINT('',(-27.4,15.,-25.));
#4619 = SURFACE_CURVE('',#4620,(#4624,#4631),.PCURVE_S1.);
#4620 = LINE('',#4621,#4622);
#4621 = CARTESIAN_POINT('',(-27.4,-15.,-25.));
#4622 = VECTOR('',#4623,1.);
#4623 = DIRECTION('',(-0.,1.,0.));
#4624 = PCURVE('',#4597,#4625);
#4625 = DEFINITIONAL_REPRESENTATION('',(#4626),#4630);
#4626 = LINE('',#4627,#4628);
#4627 = CARTESIAN_POINT('',(0.,0.));
#4628 = VECTOR('',#4629,1.);
#4629 = DIRECTION('',(0.,-1.));
#4630 = ( GEOMETRIC_REPRESENTATION_CONTEXT(2) 
PARAMETRIC_REPRESENTATION_CONTEXT() REPRESENTATION_CONTEXT('2D SPACE',''
  ) );
#4631 = PCURVE('',#4517,#4632);
#4632 = DEFINITIONAL_REPRESENTATION('',(#4633),#4637);
#4633 = LINE('',#4634,#4635);
#4634 = CARTESIAN_POINT('',(1.6,0.));
#4635 = VECTOR('',#4636,1.);
#4636 = DIRECTION('',(0.,1.));
#4637 = ( GEOMETRIC_REPRESENTATION_CONTEXT(2) 
PARAMETRIC_REPRESENTATION_CONTEXT() REPRESENTATION_CONTEXT('2D SPACE',''
  ) );
#4638 = ORIENTED_EDGE('',*,*,#4639,.T.);
#4639 = EDGE_CURVE('',#4617,#4640,#4642,.T.);
#4640 = VERTEX_POINT('',#4641);
#4641 = CARTESIAN_POINT('',(-27.4,15.,25.));
#4642 = SURFACE_CURVE('',#4643,(#4647,#4654),.PCURVE_S1.);
#4643 = LINE('',#4644,#4645);
#4644 = CARTESIAN_POINT('',(-27.4,15.,-25.));
#4645 = VECTOR('',#4646,1.);
#4646 = DIRECTION('',(0.,0.,1.));
#4647 = PCURVE('',#4597,#4648);
#4648 = DEFINITIONAL_REPRESENTATION('',(#4649),#4653);
#4649 = LINE('',#4650,#4651);
#4650 = CARTESIAN_POINT('',(0.,-30.));
#4651 = VECTOR('',#4652,1.);
#4652 = DIRECTION('',(1.,0.));
#4653 = ( GEOMETRIC_REPRESENTATION_CONTEXT(2) 
PARAMETRIC_REPRESENTATION_CONTEXT() REPRESENTATION_CONTEXT('2D SPACE',''
  ) );
#4654 = PCURVE('',#4545,#4655);
#4655 = DEFINITIONAL_REPRESENTATION('',(#4656),#4660);
#4656 = LINE('',#4657,#4658);
#4657 = CARTESIAN_POINT('',(0.,1.6));
#4658 = VECTOR('',#4659,1.);
#4659 = DIRECTION('',(1.,0.));
#4660 = ( GEOMETRIC_REPRESENTATION_CONTEXT(2) 
PARAMETRIC_REPRESENTATION_CONTEXT() REPRESENTATION_CONTEXT('2D SPACE',''
  ) );
#4661 = ORIENTED_EDGE('',*,*,#4662,.F.);
#4662 = EDGE_CURVE('',#4589,#4640,#4663,.T.);
#4663 = SURFACE_CURVE('',#4664,(#4668,#4675),.PCURVE_S1.);
#4664 = LINE('',#4665,#4666);
#4665 = CARTESIAN_POINT('',(-27.4,-15.,25.));
#4666 = VECTOR('',#4667,1.);
#4667 = DIRECTION('',(-0.,1.,0.));
#4668 = PCURVE('',#4597,#4669);
#4669 = DEFINITIONAL_REPRESENTATION('',(#4670),#4674);
#4670 = LINE('',#4671,#4672);
#4671 = CARTESIAN_POINT('',(50.,0.));
#4672 = VECTOR('',#4673,1.);
#4673 = DIRECTION('',(0.,-1.));
#4674 = ( GEOMETRIC_REPRESENTATION_CONTEXT(2) 
PARAMETRIC_REPRESENTATION_CONTEXT() REPRESENTATION_CONTEXT('2D SPACE',''
  ) );
#4675 = PCURVE('',#4571,#4676);
#4676 = DEFINITIONAL_REPRESENTATION('',(#4677),#4681);
#4677 = LINE('',#4678,#4679);
#4678 = CARTESIAN_POINT('',(1.6,0.));
#4679 = VECTOR('',#4680,1.);
#4680 = DIRECTION('',(0.,1.));
#4681 = ( GEOMETRIC_REPRESENTATION_CONTEXT(2) 
PARAMETRIC_REPRESENTATION_CONTEXT() REPRESENTATION_CONTEXT('2D SPACE',''
  ) );
#4682 = ADVANCED_FACE('',(#4683),#4489,.F.);
#4683 = FACE_BOUND('',#4684,.F.);
#4684 = EDGE_LOOP('',(#4685,#4706,#4707,#4728));
#4685 = ORIENTED_EDGE('',*,*,#4686,.F.);
#4686 = EDGE_CURVE('',#4467,#4587,#4687,.T.);
#4687 = SURFACE_CURVE('',#4688,(#4692,#4699),.PCURVE_S1.);
#4688 = LINE('',#4689,#4690);
#4689 = CARTESIAN_POINT('',(-29.,-15.,-25.));
#4690 = VECTOR('',#4691,1.);
#4691 = DIRECTION('',(1.,0.,-0.));
#4692 = PCURVE('',#4489,#4693);
#4693 = DEFINITIONAL_REPRESENTATION('',(#4694),#4698);
#4694 = LINE('',#4695,#4696);
#4695 = CARTESIAN_POINT('',(0.,0.));
#4696 = VECTOR('',#4697,1.);
#4697 = DIRECTION('',(0.,1.));
#4698 = ( GEOMETRIC_REPRESENTATION_CONTEXT(2) 
PARAMETRIC_REPRESENTATION_CONTEXT() REPRESENTATION_CONTEXT('2D SPACE',''
  ) );
#4699 = PCURVE('',#4517,#4700);
#4700 = DEFINITIONAL_REPRESENTATION('',(#4701),#4705);
#4701 = LINE('',#4702,#4703);
#4702 = CARTESIAN_POINT('',(0.,0.));
#4703 = VECTOR('',#4704,1.);
#4704 = DIRECTION('',(1.,0.));
#4705 = ( GEOMETRIC_REPRESENTATION_CONTEXT(2) 
PARAMETRIC_REPRESENTATION_CONTEXT() REPRESENTATION_CONTEXT('2D SPACE',''
  ) );
#4706 = ORIENTED_EDGE('',*,*,#4466,.T.);
#4707 = ORIENTED_EDGE('',*,*,#4708,.T.);
#4708 = EDGE_CURVE('',#4469,#4589,#4709,.T.);
#4709 = SURFACE_CURVE('',#4710,(#4714,#4721),.PCURVE_S1.);
#4710 = LINE('',#4711,#4712);
#4711 = CARTESIAN_POINT('',(-29.,-15.,25.));
#4712 = VECTOR('',#4713,1.);
#4713 = DIRECTION('',(1.,0.,-0.));
#4714 = PCURVE('',#4489,#4715);
#4715 = DEFINITIONAL_REPRESENTATION('',(#4716),#4720);
#4716 = LINE('',#4717,#4718);
#4717 = CARTESIAN_POINT('',(50.,0.));
#4718 = VECTOR('',#4719,1.);
#4719 = DIRECTION('',(0.,1.));
#4720 = ( GEOMETRIC_REPRESENTATION_CONTEXT(2) 
PARAMETRIC_REPRESENTATION_CONTEXT() REPRESENTATION_CONTEXT('2D SPACE',''
  ) );
#4721 = PCURVE('',#4571,#4722);
#4722 = DEFINITIONAL_REPRESENTATION('',(#4723),#4727);
#4723 = LINE('',#4724,#4725);
#4724 = CARTESIAN_POINT('',(0.,0.));
#4725 = VECTOR('',#4726,1.);
#4726 = DIRECTION('',(1.,0.));
#4727 = ( GEOMETRIC_REPRESENTATION_CONTEXT(2) 
PARAMETRIC_REPRESENTATION_CONTEXT() REPRESENTATION_CONTEXT('2D SPACE',''
  ) );
#4728 = ORIENTED_EDGE('',*,*,#4586,.F.);
#4729 = ADVANCED_FACE('',(#4730),#4545,.T.);
#4730 = FACE_BOUND('',#4731,.T.);
#4731 = EDGE_LOOP('',(#4732,#4753,#4754,#4775));
#4732 = ORIENTED_EDGE('',*,*,#4733,.F.);
#4733 = EDGE_CURVE('',#4502,#4617,#4734,.T.);
#4734 = SURFACE_CURVE('',#4735,(#4739,#4746),.PCURVE_S1.);
#4735 = LINE('',#4736,#4737);
#4736 = CARTESIAN_POINT('',(-29.,15.,-25.));
#4737 = VECTOR('',#4738,1.);
#4738 = DIRECTION('',(1.,0.,-0.));
#4739 = PCURVE('',#4545,#4740);
#4740 = DEFINITIONAL_REPRESENTATION('',(#4741),#4745);
#4741 = LINE('',#4742,#4743);
#4742 = CARTESIAN_POINT('',(0.,0.));
#4743 = VECTOR('',#4744,1.);
#4744 = DIRECTION('',(0.,1.));
#4745 = ( GEOMETRIC_REPRESENTATION_CONTEXT(2) 
PARAMETRIC_REPRESENTATION_CONTEXT() REPRESENTATION_CONTEXT('2D SPACE',''
  ) );
#4746 = PCURVE('',#4517,#4747);
#4747 = DEFINITIONAL_REPRESENTATION('',(#4748),#4752);
#4748 = LINE('',#4749,#4750);
#4749 = CARTESIAN_POINT('',(0.,30.));
#4750 = VECTOR('',#4751,1.);
#4751 = DIRECTION('',(1.,0.));
#4752 = ( GEOMETRIC_REPRESENTATION_CONTEXT(2) 
PARAMETRIC_REPRESENTATION_CONTEXT() REPRESENTATION_CONTEXT('2D SPACE',''
  ) );
#4753 = ORIENTED_EDGE('',*,*,#4529,.T.);
#4754 = ORIENTED_EDGE('',*,*,#4755,.T.);
#4755 = EDGE_CURVE('',#4530,#4640,#4756,.T.);
#4756 = SURFACE_CURVE('',#4757,(#4761,#4768),.PCURVE_S1.);
#4757 = LINE('',#4758,#4759);
#4758 = CARTESIAN_POINT('',(-29.,15.,25.));
#4759 = VECTOR('',#4760,1.);
#4760 = DIRECTION('',(1.,0.,-0.));
#4761 = PCURVE('',#4545,#4762);
#4762 = DEFINITIONAL_REPRESENTATION('',(#4763),#4767);
#4763 = LINE('',#4764,#4765);
#4764 = CARTESIAN_POINT('',(50.,0.));
#4765 = VECTOR('',#4766,1.);
#4766 = DIRECTION('',(0.,1.));
#4767 = ( GEOMETRIC_REPRESENTATION_CONTEXT(2) 
PARAMETRIC_REPRESENTATION_CONTEXT() REPRESENTATION_CONTEXT('2D SPACE',''
  ) );
#4768 = PCURVE('',#4571,#4769);
#4769 = DEFINITIONAL_REPRESENTATION('',(#4770),#4774);
#4770 = LINE('',#4771,#4772);
#4771 = CARTESIAN_POINT('',(0.,30.));
#4772 = VECTOR('',#4773,1.);
#4773 = DIRECTION('',(1.,0.));
#4774 = ( GEOMETRIC_REPRESENTATION_CONTEXT(2) 
PARAMETRIC_REPRESENTATION_CONTEXT() REPRESENTATION_CONTEXT('2D SPACE',''
  ) );
#4775 = ORIENTED_EDGE('',*,*,#4639,.F.);
#4776 = ADVANCED_FACE('',(#4777),#4517,.F.);
#4777 = FACE_BOUND('',#4778,.F.);
#4778 = EDGE_LOOP('',(#4779,#4780,#4781,#4782));
#4779 = ORIENTED_EDGE('',*,*,#4501,.F.);
#4780 = ORIENTED_EDGE('',*,*,#4686,.T.);
#4781 = ORIENTED_EDGE('',*,*,#4616,.T.);
#4782 = ORIENTED_EDGE('',*,*,#4733,.F.);
#4783 = ADVANCED_FACE('',(#4784),#4571,.T.);
#4784 = FACE_BOUND('',#4785,.T.);
#4785 = EDGE_LOOP('',(#4786,#4787,#4788,#4789));
#4786 = ORIENTED_EDGE('',*,*,#4557,.F.);
#4787 = ORIENTED_EDGE('',*,*,#4708,.T.);
#4788 = ORIENTED_EDGE('',*,*,#4662,.T.);
#4789 = ORIENTED_EDGE('',*,*,#4755,.F.);
#4790 = MANIFOLD_SOLID_BREP('',#4791);
#4791 = CLOSED_SHELL('',(#4792,#4912,#5012,#5059,#5106,#5113));
#4792 = ADVANCED_FACE('',(#4793),#4807,.F.);
#4793 = FACE_BOUND('',#4794,.F.);
#4794 = EDGE_LOOP('',(#4795,#4830,#4858,#4886));
#4795 = ORIENTED_EDGE('',*,*,#4796,.F.);
#4796 = EDGE_CURVE('',#4797,#4799,#4801,.T.);
#4797 = VERTEX_POINT('',#4798);
#4798 = CARTESIAN_POINT('',(10.,-6.,35.));
#4799 = VERTEX_POINT('',#4800);
#4800 = CARTESIAN_POINT('',(10.,-6.,45.));
#4801 = SURFACE_CURVE('',#4802,(#4806,#4818),.PCURVE_S1.);
#4802 = LINE('',#4803,#4804);
#4803 = CARTESIAN_POINT('',(10.,-6.,35.));
#4804 = VECTOR('',#4805,1.);
#4805 = DIRECTION('',(0.,0.,1.));
#4806 = PCURVE('',#4807,#4812);
#4807 = PLANE('',#4808);
#4808 = AXIS2_PLACEMENT_3D('',#4809,#4810,#4811);
#4809 = CARTESIAN_POINT('',(10.,-6.,35.));
#4810 = DIRECTION('',(1.,0.,-0.));
#4811 = DIRECTION('',(0.,0.,1.));
#4812 = DEFINITIONAL_REPRESENTATION('',(#4813),#4817);
#4813 = LINE('',#4814,#4815);
#4814 = CARTESIAN_POINT('',(0.,0.));
#4815 = VECTOR('',#4816,1.);
#4816 = DIRECTION('',(1.,0.));
#4817 = ( GEOMETRIC_REPRESENTATION_CONTEXT(2) 
PARAMETRIC_REPRESENTATION_CONTEXT() REPRESENTATION_CONTEXT('2D SPACE',''
  ) );
#4818 = PCURVE('',#4819,#4824);
#4819 = PLANE('',#4820);
#4820 = AXIS2_PLACEMENT_3D('',#4821,#4822,#4823);
#4821 = CARTESIAN_POINT('',(10.,-6.,35.));
#4822 = DIRECTION('',(-0.,1.,0.));
#4823 = DIRECTION('',(0.,0.,1.));
#4824 = DEFINITIONAL_REPRESENTATION('',(#4825),#4829);
#4825 = LINE('',#4826,#4827);
#4826 = CARTESIAN_POINT('',(0.,0.));
#4827 = VECTOR('',#4828,1.);
#4828 = DIRECTION('',(1.,0.));
#4829 = ( GEOMETRIC_REPRESENTATION_CONTEXT(2) 
PARAMETRIC_REPRESENTATION_CONTEXT() REPRESENTATION_CONTEXT('2D SPACE',''
  ) );
#4830 = ORIENTED_EDGE('',*,*,#4831,.T.);
#4831 = EDGE_CURVE('',#4797,#4832,#4834,.T.);
#4832 = VERTEX_POINT('',#4833);
#4833 = CARTESIAN_POINT('',(10.,6.,35.));
#4834 = SURFACE_CURVE('',#4835,(#4839,#4846),.PCURVE_S1.);
#4835 = LINE('',#4836,#4837);
#4836 = CARTESIAN_POINT('',(10.,-6.,35.));
#4837 = VECTOR('',#4838,1.);
#4838 = DIRECTION('',(-0.,1.,0.));
#4839 = PCURVE('',#4807,#4840);
#4840 = DEFINITIONAL_REPRESENTATION('',(#4841),#4845);
#4841 = LINE('',#4842,#4843);
#4842 = CARTESIAN_POINT('',(0.,0.));
#4843 = VECTOR('',#4844,1.);
#4844 = DIRECTION('',(0.,-1.));
#4845 = ( GEOMETRIC_REPRESENTATION_CONTEXT(2) 
PARAMETRIC_REPRESENTATION_CONTEXT() REPRESENTATION_CONTEXT('2D SPACE',''
  ) );
#4846 = PCURVE('',#4847,#4852);
#4847 = PLANE('',#4848);
#4848 = AXIS2_PLACEMENT_3D('',#4849,#4850,#4851);
#4849 = CARTESIAN_POINT('',(10.,-6.,35.));
#4850 = DIRECTION('',(0.,0.,1.));
#4851 = DIRECTION('',(1.,0.,-0.));
#4852 = DEFINITIONAL_REPRESENTATION('',(#4853),#4857);
#4853 = LINE('',#4854,#4855);
#4854 = CARTESIAN_POINT('',(0.,0.));
#4855 = VECTOR('',#4856,1.);
#4856 = DIRECTION('',(0.,1.));
#4857 = ( GEOMETRIC_REPRESENTATION_CONTEXT(2) 
PARAMETRIC_REPRESENTATION_CONTEXT() REPRESENTATION_CONTEXT('2D SPACE',''
  ) );
#4858 = ORIENTED_EDGE('',*,*,#4859,.T.);
#4859 = EDGE_CURVE('',#4832,#4860,#4862,.T.);
#4860 = VERTEX_POINT('',#4861);
#4861 = CARTESIAN_POINT('',(10.,6.,45.));
#4862 = SURFACE_CURVE('',#4863,(#4867,#4874),.PCURVE_S1.);
#4863 = LINE('',#4864,#4865);
#4864 = CARTESIAN_POINT('',(10.,6.,35.));
#4865 = VECTOR('',#4866,1.);
#4866 = DIRECTION('',(0.,0.,1.));
#4867 = PCURVE('',#4807,#4868);
#4868 = DEFINITIONAL_REPRESENTATION('',(#4869),#4873);
#4869 = LINE('',#4870,#4871);
#4870 = CARTESIAN_POINT('',(0.,-12.));
#4871 = VECTOR('',#4872,1.);
#4872 = DIRECTION('',(1.,0.));
#4873 = ( GEOMETRIC_REPRESENTATION_CONTEXT(2) 
PARAMETRIC_REPRESENTATION_CONTEXT() REPRESENTATION_CONTEXT('2D SPACE',''
  ) );
#4874 = PCURVE('',#4875,#4880);
#4875 = PLANE('',#4876);
#4876 = AXIS2_PLACEMENT_3D('',#4877,#4878,#4879);
#4877 = CARTESIAN_POINT('',(10.,6.,35.));
#4878 = DIRECTION('',(-0.,1.,0.));
#4879 = DIRECTION('',(0.,0.,1.));
#4880 = DEFINITIONAL_REPRESENTATION('',(#4881),#4885);
#4881 = LINE('',#4882,#4883);
#4882 = CARTESIAN_POINT('',(0.,0.));
#4883 = VECTOR('',#4884,1.);
#4884 = DIRECTION('',(1.,0.));
#4885 = ( GEOMETRIC_REPRESENTATION_CONTEXT(2) 
PARAMETRIC_REPRESENTATION_CONTEXT() REPRESENTATION_CONTEXT('2D SPACE',''
  ) );
#4886 = ORIENTED_EDGE('',*,*,#4887,.F.);
#4887 = EDGE_CURVE('',#4799,#4860,#4888,.T.);
#4888 = SURFACE_CURVE('',#4889,(#4893,#4900),.PCURVE_S1.);
#4889 = LINE('',#4890,#4891);
#4890 = CARTESIAN_POINT('',(10.,-6.,45.));
#4891 = VECTOR('',#4892,1.);
#4892 = DIRECTION('',(-0.,1.,0.));
#4893 = PCURVE('',#4807,#4894);
#4894 = DEFINITIONAL_REPRESENTATION('',(#4895),#4899);
#4895 = LINE('',#4896,#4897);
#4896 = CARTESIAN_POINT('',(10.,0.));
#4897 = VECTOR('',#4898,1.);
#4898 = DIRECTION('',(0.,-1.));
#4899 = ( GEOMETRIC_REPRESENTATION_CONTEXT(2) 
PARAMETRIC_REPRESENTATION_CONTEXT() REPRESENTATION_CONTEXT('2D SPACE',''
  ) );
#4900 = PCURVE('',#4901,#4906);
#4901 = PLANE('',#4902);
#4902 = AXIS2_PLACEMENT_3D('',#4903,#4904,#4905);
#4903 = CARTESIAN_POINT('',(10.,-6.,45.));
#4904 = DIRECTION('',(0.,0.,1.));
#4905 = DIRECTION('',(1.,0.,-0.));
#4906 = DEFINITIONAL_REPRESENTATION('',(#4907),#4911);
#4907 = LINE('',#4908,#4909);
#4908 = CARTESIAN_POINT('',(0.,0.));
#4909 = VECTOR('',#4910,1.);
#4910 = DIRECTION('',(0.,1.));
#4911 = ( GEOMETRIC_REPRESENTATION_CONTEXT(2) 
PARAMETRIC_REPRESENTATION_CONTEXT() REPRESENTATION_CONTEXT('2D SPACE',''
  ) );
#4912 = ADVANCED_FACE('',(#4913),#4927,.T.);
#4913 = FACE_BOUND('',#4914,.T.);
#4914 = EDGE_LOOP('',(#4915,#4945,#4968,#4991));
#4915 = ORIENTED_EDGE('',*,*,#4916,.F.);
#4916 = EDGE_CURVE('',#4917,#4919,#4921,.T.);
#4917 = VERTEX_POINT('',#4918);
#4918 = CARTESIAN_POINT('',(26.,-6.,35.));
#4919 = VERTEX_POINT('',#4920);
#4920 = CARTESIAN_POINT('',(26.,-6.,45.));
#4921 = SURFACE_CURVE('',#4922,(#4926,#4938),.PCURVE_S1.);
#4922 = LINE('',#4923,#4924);
#4923 = CARTESIAN_POINT('',(26.,-6.,35.));
#4924 = VECTOR('',#4925,1.);
#4925 = DIRECTION('',(0.,0.,1.));
#4926 = PCURVE('',#4927,#4932);
#4927 = PLANE('',#4928);
#4928 = AXIS2_PLACEMENT_3D('',#4929,#4930,#4931);
#4929 = CARTESIAN_POINT('',(26.,-6.,35.));
#4930 = DIRECTION('',(1.,0.,-0.));
#4931 = DIRECTION('',(0.,0.,1.));
#4932 = DEFINITIONAL_REPRESENTATION('',(#4933),#4937);
#4933 = LINE('',#4934,#4935);
#4934 = CARTESIAN_POINT('',(0.,0.));
#4935 = VECTOR('',#4936,1.);
#4936 = DIRECTION('',(1.,0.));
#4937 = ( GEOMETRIC_REPRESENTATION_CONTEXT(2) 
PARAMETRIC_REPRESENTATION_CONTEXT() REPRESENTATION_CONTEXT('2D SPACE',''
  ) );
#4938 = PCURVE('',#4819,#4939);
#4939 = DEFINITIONAL_REPRESENTATION('',(#4940),#4944);
#4940 = LINE('',#4941,#4942);
#4941 = CARTESIAN_POINT('',(0.,16.));
#4942 = VECTOR('',#4943,1.);
#4943 = DIRECTION('',(1.,0.));
#4944 = ( GEOMETRIC_REPRESENTATION_CONTEXT(2) 
PARAMETRIC_REPRESENTATION_CONTEXT() REPRESENTATION_CONTEXT('2D SPACE',''
  ) );
#4945 = ORIENTED_EDGE('',*,*,#4946,.T.);
#4946 = EDGE_CURVE('',#4917,#4947,#4949,.T.);
#4947 = VERTEX_POINT('',#4948);
#4948 = CARTESIAN_POINT('',(26.,6.,35.));
#4949 = SURFACE_CURVE('',#4950,(#4954,#4961),.PCURVE_S1.);
#4950 = LINE('',#4951,#4952);
#4951 = CARTESIAN_POINT('',(26.,-6.,35.));
#4952 = VECTOR('',#4953,1.);
#4953 = DIRECTION('',(-0.,1.,0.));
#4954 = PCURVE('',#4927,#4955);
#4955 = DEFINITIONAL_REPRESENTATION('',(#4956),#4960);
#4956 = LINE('',#4957,#4958);
#4957 = CARTESIAN_POINT('',(0.,0.));
#4958 = VECTOR('',#4959,1.);
#4959 = DIRECTION('',(0.,-1.));
#4960 = ( GEOMETRIC_REPRESENTATION_CONTEXT(2) 
PARAMETRIC_REPRESENTATION_CONTEXT() REPRESENTATION_CONTEXT('2D SPACE',''
  ) );
#4961 = PCURVE('',#4847,#4962);
#4962 = DEFINITIONAL_REPRESENTATION('',(#4963),#4967);
#4963 = LINE('',#4964,#4965);
#4964 = CARTESIAN_POINT('',(16.,0.));
#4965 = VECTOR('',#4966,1.);
#4966 = DIRECTION('',(0.,1.));
#4967 = ( GEOMETRIC_REPRESENTATION_CONTEXT(2) 
PARAMETRIC_REPRESENTATION_CONTEXT() REPRESENTATION_CONTEXT('2D SPACE',''
  ) );
#4968 = ORIENTED_EDGE('',*,*,#4969,.T.);
#4969 = EDGE_CURVE('',#4947,#4970,#4972,.T.);
#4970 = VERTEX_POINT('',#4971);
#4971 = CARTESIAN_POINT('',(26.,6.,45.));
#4972 = SURFACE_CURVE('',#4973,(#4977,#4984),.PCURVE_S1.);
#4973 = LINE('',#4974,#4975);
#4974 = CARTESIAN_POINT('',(26.,6.,35.));
#4975 = VECTOR('',#4976,1.);
#4976 = DIRECTION('',(0.,0.,1.));
#4977 = PCURVE('',#4927,#4978);
#4978 = DEFINITIONAL_REPRESENTATION('',(#4979),#4983);
#4979 = LINE('',#4980,#4981);
#4980 = CARTESIAN_POINT('',(0.,-12.));
#4981 = VECTOR('',#4982,1.);
#4982 = DIRECTION('',(1.,0.));
#4983 = ( GEOMETRIC_REPRESENTATION_CONTEXT(2) 
PARAMETRIC_REPRESENTATION_CONTEXT() REPRESENTATION_CONTEXT('2D SPACE',''
  ) );
#4984 = PCURVE('',#4875,#4985);
#4985 = DEFINITIONAL_REPRESENTATION('',(#4986),#4990);
#4986 = LINE('',#4987,#4988);
#4987 = CARTESIAN_POINT('',(0.,16.));
#4988 = VECTOR('',#4989,1.);
#4989 = DIRECTION('',(1.,0.));
#4990 = ( GEOMETRIC_REPRESENTATION_CONTEXT(2) 
PARAMETRIC_REPRESENTATION_CONTEXT() REPRESENTATION_CONTEXT('2D SPACE',''
  ) );
#4991 = ORIENTED_EDGE('',*,*,#4992,.F.);
#4992 = EDGE_CURVE('',#4919,#4970,#4993,.T.);
#4993 = SURFACE_CURVE('',#4994,(#4998,#5005),.PCURVE_S1.);
#4994 = LINE('',#4995,#4996);
#4995 = CARTESIAN_POINT('',(26.,-6.,45.));
#4996 = VECTOR('',#4997,1.);
#4997 = DIRECTION('',(-0.,1.,0.));
#4998 = PCURVE('',#4927,#4999);
#4999 = DEFINITIONAL_REPRESENTATION('',(#5000),#5004);
#5000 = LINE('',#5001,#5002);
#5001 = CARTESIAN_POINT('',(10.,0.));
#5002 = VECTOR('',#5003,1.);
#5003 = DIRECTION('',(0.,-1.));
#5004 = ( GEOMETRIC_REPRESENTATION_CONTEXT(2) 
PARAMETRIC_REPRESENTATION_CONTEXT() REPRESENTATION_CONTEXT('2D SPACE',''
  ) );
#5005 = PCURVE('',#4901,#5006);
#5006 = DEFINITIONAL_REPRESENTATION('',(#5007),#5011);
#5007 = LINE('',#5008,#5009);
#5008 = CARTESIAN_POINT('',(16.,0.));
#5009 = VECTOR('',#5010,1.);
#5010 = DIRECTION('',(0.,1.));
#5011 = ( GEOMETRIC_REPRESENTATION_CONTEXT(2) 
PARAMETRIC_REPRESENTATION_CONTEXT() REPRESENTATION_CONTEXT('2D SPACE',''
  ) );
#5012 = ADVANCED_FACE('',(#5013),#4819,.F.);
#5013 = FACE_BOUND('',#5014,.F.);
#5014 = EDGE_LOOP('',(#5015,#5036,#5037,#5058));
#5015 = ORIENTED_EDGE('',*,*,#5016,.F.);
#5016 = EDGE_CURVE('',#4797,#4917,#5017,.T.);
#5017 = SURFACE_CURVE('',#5018,(#5022,#5029),.PCURVE_S1.);
#5018 = LINE('',#5019,#5020);
#5019 = CARTESIAN_POINT('',(10.,-6.,35.));
#5020 = VECTOR('',#5021,1.);
#5021 = DIRECTION('',(1.,0.,-0.));
#5022 = PCURVE('',#4819,#5023);
#5023 = DEFINITIONAL_REPRESENTATION('',(#5024),#5028);
#5024 = LINE('',#5025,#5026);
#5025 = CARTESIAN_POINT('',(0.,0.));
#5026 = VECTOR('',#5027,1.);
#5027 = DIRECTION('',(0.,1.));
#5028 = ( GEOMETRIC_REPRESENTATION_CONTEXT(2) 
PARAMETRIC_REPRESENTATION_CONTEXT() REPRESENTATION_CONTEXT('2D SPACE',''
  ) );
#5029 = PCURVE('',#4847,#5030);
#5030 = DEFINITIONAL_REPRESENTATION('',(#5031),#5035);
#5031 = LINE('',#5032,#5033);
#5032 = CARTESIAN_POINT('',(0.,0.));
#5033 = VECTOR('',#5034,1.);
#5034 = DIRECTION('',(1.,0.));
#5035 = ( GEOMETRIC_REPRESENTATION_CONTEXT(2) 
PARAMETRIC_REPRESENTATION_CONTEXT() REPRESENTATION_CONTEXT('2D SPACE',''
  ) );
#5036 = ORIENTED_EDGE('',*,*,#4796,.T.);
#5037 = ORIENTED_EDGE('',*,*,#5038,.T.);
#5038 = EDGE_CURVE('',#4799,#4919,#5039,.T.);
#5039 = SURFACE_CURVE('',#5040,(#5044,#5051),.PCURVE_S1.);
#5040 = LINE('',#5041,#5042);
#5041 = CARTESIAN_POINT('',(10.,-6.,45.));
#5042 = VECTOR('',#5043,1.);
#5043 = DIRECTION('',(1.,0.,-0.));
#5044 = PCURVE('',#4819,#5045);
#5045 = DEFINITIONAL_REPRESENTATION('',(#5046),#5050);
#5046 = LINE('',#5047,#5048);
#5047 = CARTESIAN_POINT('',(10.,0.));
#5048 = VECTOR('',#5049,1.);
#5049 = DIRECTION('',(0.,1.));
#5050 = ( GEOMETRIC_REPRESENTATION_CONTEXT(2) 
PARAMETRIC_REPRESENTATION_CONTEXT() REPRESENTATION_CONTEXT('2D SPACE',''
  ) );
#5051 = PCURVE('',#4901,#5052);
#5052 = DEFINITIONAL_REPRESENTATION('',(#5053),#5057);
#5053 = LINE('',#5054,#5055);
#5054 = CARTESIAN_POINT('',(0.,0.));
#5055 = VECTOR('',#5056,1.);
#5056 = DIRECTION('',(1.,0.));
#5057 = ( GEOMETRIC_REPRESENTATION_CONTEXT(2) 
PARAMETRIC_REPRESENTATION_CONTEXT() REPRESENTATION_CONTEXT('2D SPACE',''
  ) );
#5058 = ORIENTED_EDGE('',*,*,#4916,.F.);
#5059 = ADVANCED_FACE('',(#5060),#4875,.T.);
#5060 = FACE_BOUND('',#5061,.T.);
#5061 = EDGE_LOOP('',(#5062,#5083,#5084,#5105));
#5062 = ORIENTED_EDGE('',*,*,#5063,.F.);
#5063 = EDGE_CURVE('',#4832,#4947,#5064,.T.);
#5064 = SURFACE_CURVE('',#5065,(#5069,#5076),.PCURVE_S1.);
#5065 = LINE('',#5066,#5067);
#5066 = CARTESIAN_POINT('',(10.,6.,35.));
#5067 = VECTOR('',#5068,1.);
#5068 = DIRECTION('',(1.,0.,-0.));
#5069 = PCURVE('',#4875,#5070);
#5070 = DEFINITIONAL_REPRESENTATION('',(#5071),#5075);
#5071 = LINE('',#5072,#5073);
#5072 = CARTESIAN_POINT('',(0.,0.));
#5073 = VECTOR('',#5074,1.);
#5074 = DIRECTION('',(0.,1.));
#5075 = ( GEOMETRIC_REPRESENTATION_CONTEXT(2) 
PARAMETRIC_REPRESENTATION_CONTEXT() REPRESENTATION_CONTEXT('2D SPACE',''
  ) );
#5076 = PCURVE('',#4847,#5077);
#5077 = DEFINITIONAL_REPRESENTATION('',(#5078),#5082);
#5078 = LINE('',#5079,#5080);
#5079 = CARTESIAN_POINT('',(0.,12.));
#5080 = VECTOR('',#5081,1.);
#5081 = DIRECTION('',(1.,0.));
#5082 = ( GEOMETRIC_REPRESENTATION_CONTEXT(2) 
PARAMETRIC_REPRESENTATION_CONTEXT() REPRESENTATION_CONTEXT('2D SPACE',''
  ) );
#5083 = ORIENTED_EDGE('',*,*,#4859,.T.);
#5084 = ORIENTED_EDGE('',*,*,#5085,.T.);
#5085 = EDGE_CURVE('',#4860,#4970,#5086,.T.);
#5086 = SURFACE_CURVE('',#5087,(#5091,#5098),.PCURVE_S1.);
#5087 = LINE('',#5088,#5089);
#5088 = CARTESIAN_POINT('',(10.,6.,45.));
#5089 = VECTOR('',#5090,1.);
#5090 = DIRECTION('',(1.,0.,-0.));
#5091 = PCURVE('',#4875,#5092);
#5092 = DEFINITIONAL_REPRESENTATION('',(#5093),#5097);
#5093 = LINE('',#5094,#5095);
#5094 = CARTESIAN_POINT('',(10.,0.));
#5095 = VECTOR('',#5096,1.);
#5096 = DIRECTION('',(0.,1.));
#5097 = ( GEOMETRIC_REPRESENTATION_CONTEXT(2) 
PARAMETRIC_REPRESENTATION_CONTEXT() REPRESENTATION_CONTEXT('2D SPACE',''
  ) );
#5098 = PCURVE('',#4901,#5099);
#5099 = DEFINITIONAL_REPRESENTATION('',(#5100),#5104);
#5100 = LINE('',#5101,#5102);
#5101 = CARTESIAN_POINT('',(0.,12.));
#5102 = VECTOR('',#5103,1.);
#5103 = DIRECTION('',(1.,0.));
#5104 = ( GEOMETRIC_REPRESENTATION_CONTEXT(2) 
PARAMETRIC_REPRESENTATION_CONTEXT() REPRESENTATION_CONTEXT('2D SPACE',''
  ) );
#5105 = ORIENTED_EDGE('',*,*,#4969,.F.);
#5106 = ADVANCED_FACE('',(#5107),#4847,.F.);
#5107 = FACE_BOUND('',#5108,.F.);
#5108 = EDGE_LOOP('',(#5109,#5110,#5111,#5112));
#5109 = ORIENTED_EDGE('',*,*,#4831,.F.);
#5110 = ORIENTED_EDGE('',*,*,#5016,.T.);
#5111 = ORIENTED_EDGE('',*,*,#4946,.T.);
#5112 = ORIENTED_EDGE('',*,*,#5063,.F.);
#5113 = ADVANCED_FACE('',(#5114),#4901,.T.);
#5114 = FACE_BOUND('',#5115,.T.);
#5115 = EDGE_LOOP('',(#5116,#5117,#5118,#5119));
#5116 = ORIENTED_EDGE('',*,*,#4887,.F.);
#5117 = ORIENTED_EDGE('',*,*,#5038,.T.);
#5118 = ORIENTED_EDGE('',*,*,#4992,.T.);
#5119 = ORIENTED_EDGE('',*,*,#5085,.F.);
#5120 = MANIFOLD_SOLID_BREP('',#5121);
#5121 = CLOSED_SHELL('',(#5122,#5210,#5245,#5275));
#5122 = ADVANCED_FACE('',(#5123),#5136,.T.);
#5123 = FACE_BOUND('',#5124,.T.);
#5124 = EDGE_LOOP('',(#5125,#5159,#5182,#5209));
#5125 = ORIENTED_EDGE('',*,*,#5126,.F.);
#5126 = EDGE_CURVE('',#5127,#5127,#5129,.T.);
#5127 = VERTEX_POINT('',#5128);
#5128 = CARTESIAN_POINT('',(8.,-1.959434878636E-15,-100.));
#5129 = SURFACE_CURVE('',#5130,(#5135,#5147),.PCURVE_S1.);
#5130 = CIRCLE('',#5131,8.);
#5131 = AXIS2_PLACEMENT_3D('',#5132,#5133,#5134);
#5132 = CARTESIAN_POINT('',(0.,0.,-100.));
#5133 = DIRECTION('',(0.,0.,1.));
#5134 = DIRECTION('',(1.,0.,-0.));
#5135 = PCURVE('',#5136,#5141);
#5136 = CYLINDRICAL_SURFACE('',#5137,8.);
#5137 = AXIS2_PLACEMENT_3D('',#5138,#5139,#5140);
#5138 = CARTESIAN_POINT('',(0.,0.,-120.));
#5139 = DIRECTION('',(0.,0.,1.));
#5140 = DIRECTION('',(1.,0.,-0.));
#5141 = DEFINITIONAL_REPRESENTATION('',(#5142),#5146);
#5142 = LINE('',#5143,#5144);
#5143 = CARTESIAN_POINT('',(0.,20.));
#5144 = VECTOR('',#5145,1.);
#5145 = DIRECTION('',(1.,0.));
#5146 = ( GEOMETRIC_REPRESENTATION_CONTEXT(2) 
PARAMETRIC_REPRESENTATION_CONTEXT() REPRESENTATION_CONTEXT('2D SPACE',''
  ) );
#5147 = PCURVE('',#5148,#5153);
#5148 = PLANE('',#5149);
#5149 = AXIS2_PLACEMENT_3D('',#5150,#5151,#5152);
#5150 = CARTESIAN_POINT('',(0.,0.,-100.));
#5151 = DIRECTION('',(0.,0.,1.));
#5152 = DIRECTION('',(1.,0.,-0.));
#5153 = DEFINITIONAL_REPRESENTATION('',(#5154),#5158);
#5154 = CIRCLE('',#5155,8.);
#5155 = AXIS2_PLACEMENT_2D('',#5156,#5157);
#5156 = CARTESIAN_POINT('',(0.,0.));
#5157 = DIRECTION('',(1.,0.));
#5158 = ( GEOMETRIC_REPRESENTATION_CONTEXT(2) 
PARAMETRIC_REPRESENTATION_CONTEXT() REPRESENTATION_CONTEXT('2D SPACE',''
  ) );
#5159 = ORIENTED_EDGE('',*,*,#5160,.F.);
#5160 = EDGE_CURVE('',#5161,#5127,#5163,.T.);
#5161 = VERTEX_POINT('',#5162);
#5162 = CARTESIAN_POINT('',(8.,-1.959434878636E-15,-120.));
#5163 = SEAM_CURVE('',#5164,(#5168,#5175),.PCURVE_S1.);
#5164 = LINE('',#5165,#5166);
#5165 = CARTESIAN_POINT('',(8.,-1.959434878636E-15,-120.));
#5166 = VECTOR('',#5167,1.);
#5167 = DIRECTION('',(0.,0.,1.));
#5168 = PCURVE('',#5136,#5169);
#5169 = DEFINITIONAL_REPRESENTATION('',(#5170),#5174);
#5170 = LINE('',#5171,#5172);
#5171 = CARTESIAN_POINT('',(6.28318530718,-0.));
#5172 = VECTOR('',#5173,1.);
#5173 = DIRECTION('',(0.,1.));
#5174 = ( GEOMETRIC_REPRESENTATION_CONTEXT(2) 
PARAMETRIC_REPRESENTATION_CONTEXT() REPRESENTATION_CONTEXT('2D SPACE',''
  ) );
#5175 = PCURVE('',#5136,#5176);
#5176 = DEFINITIONAL_REPRESENTATION('',(#5177),#5181);
#5177 = LINE('',#5178,#5179);
#5178 = CARTESIAN_POINT('',(0.,-0.));
#5179 = VECTOR('',#5180,1.);
#5180 = DIRECTION('',(0.,1.));
#5181 = ( GEOMETRIC_REPRESENTATION_CONTEXT(2) 
PARAMETRIC_REPRESENTATION_CONTEXT() REPRESENTATION_CONTEXT('2D SPACE',''
  ) );
#5182 = ORIENTED_EDGE('',*,*,#5183,.T.);
#5183 = EDGE_CURVE('',#5161,#5161,#5184,.T.);
#5184 = SURFACE_CURVE('',#5185,(#5190,#5197),.PCURVE_S1.);
#5185 = CIRCLE('',#5186,8.);
#5186 = AXIS2_PLACEMENT_3D('',#5187,#5188,#5189);
#5187 = CARTESIAN_POINT('',(0.,0.,-120.));
#5188 = DIRECTION('',(0.,0.,1.));
#5189 = DIRECTION('',(1.,0.,-0.));
#5190 = PCURVE('',#5136,#5191);
#5191 = DEFINITIONAL_REPRESENTATION('',(#5192),#5196);
#5192 = LINE('',#5193,#5194);
#5193 = CARTESIAN_POINT('',(0.,0.));
#5194 = VECTOR('',#5195,1.);
#5195 = DIRECTION('',(1.,0.));
#5196 = ( GEOMETRIC_REPRESENTATION_CONTEXT(2) 
PARAMETRIC_REPRESENTATION_CONTEXT() REPRESENTATION_CONTEXT('2D SPACE',''
  ) );
#5197 = PCURVE('',#5198,#5203);
#5198 = PLANE('',#5199);
#5199 = AXIS2_PLACEMENT_3D('',#5200,#5201,#5202);
#5200 = CARTESIAN_POINT('',(0.,0.,-120.));
#5201 = DIRECTION('',(0.,0.,1.));
#5202 = DIRECTION('',(1.,0.,-0.));
#5203 = DEFINITIONAL_REPRESENTATION('',(#5204),#5208);
#5204 = CIRCLE('',#5205,8.);
#5205 = AXIS2_PLACEMENT_2D('',#5206,#5207);
#5206 = CARTESIAN_POINT('',(0.,0.));
#5207 = DIRECTION('',(1.,0.));
#5208 = ( GEOMETRIC_REPRESENTATION_CONTEXT(2) 
PARAMETRIC_REPRESENTATION_CONTEXT() REPRESENTATION_CONTEXT('2D SPACE',''
  ) );
#5209 = ORIENTED_EDGE('',*,*,#5160,.T.);
#5210 = ADVANCED_FACE('',(#5211,#5214),#5148,.T.);
#5211 = FACE_BOUND('',#5212,.T.);
#5212 = EDGE_LOOP('',(#5213));
#5213 = ORIENTED_EDGE('',*,*,#5126,.T.);
#5214 = FACE_BOUND('',#5215,.T.);
#5215 = EDGE_LOOP('',(#5216));
#5216 = ORIENTED_EDGE('',*,*,#5217,.F.);
#5217 = EDGE_CURVE('',#5218,#5218,#5220,.T.);
#5218 = VERTEX_POINT('',#5219);
#5219 = CARTESIAN_POINT('',(3.,-7.347880794884E-16,-100.));
#5220 = SURFACE_CURVE('',#5221,(#5226,#5233),.PCURVE_S1.);
#5221 = CIRCLE('',#5222,3.);
#5222 = AXIS2_PLACEMENT_3D('',#5223,#5224,#5225);
#5223 = CARTESIAN_POINT('',(0.,0.,-100.));
#5224 = DIRECTION('',(0.,0.,1.));
#5225 = DIRECTION('',(1.,0.,-0.));
#5226 = PCURVE('',#5148,#5227);
#5227 = DEFINITIONAL_REPRESENTATION('',(#5228),#5232);
#5228 = CIRCLE('',#5229,3.);
#5229 = AXIS2_PLACEMENT_2D('',#5230,#5231);
#5230 = CARTESIAN_POINT('',(0.,0.));
#5231 = DIRECTION('',(1.,0.));
#5232 = ( GEOMETRIC_REPRESENTATION_CONTEXT(2) 
PARAMETRIC_REPRESENTATION_CONTEXT() REPRESENTATION_CONTEXT('2D SPACE',''
  ) );
#5233 = PCURVE('',#5234,#5239);
#5234 = CYLINDRICAL_SURFACE('',#5235,3.);
#5235 = AXIS2_PLACEMENT_3D('',#5236,#5237,#5238);
#5236 = CARTESIAN_POINT('',(0.,0.,-121.));
#5237 = DIRECTION('',(0.,0.,1.));
#5238 = DIRECTION('',(1.,0.,-0.));
#5239 = DEFINITIONAL_REPRESENTATION('',(#5240),#5244);
#5240 = LINE('',#5241,#5242);
#5241 = CARTESIAN_POINT('',(0.,21.));
#5242 = VECTOR('',#5243,1.);
#5243 = DIRECTION('',(1.,0.));
#5244 = ( GEOMETRIC_REPRESENTATION_CONTEXT(2) 
PARAMETRIC_REPRESENTATION_CONTEXT() REPRESENTATION_CONTEXT('2D SPACE',''
  ) );
#5245 = ADVANCED_FACE('',(#5246,#5249),#5198,.F.);
#5246 = FACE_BOUND('',#5247,.F.);
#5247 = EDGE_LOOP('',(#5248));
#5248 = ORIENTED_EDGE('',*,*,#5183,.T.);
#5249 = FACE_BOUND('',#5250,.F.);
#5250 = EDGE_LOOP('',(#5251));
#5251 = ORIENTED_EDGE('',*,*,#5252,.F.);
#5252 = EDGE_CURVE('',#5253,#5253,#5255,.T.);
#5253 = VERTEX_POINT('',#5254);
#5254 = CARTESIAN_POINT('',(3.,-7.347880794884E-16,-120.));
#5255 = SURFACE_CURVE('',#5256,(#5261,#5268),.PCURVE_S1.);
#5256 = CIRCLE('',#5257,3.);
#5257 = AXIS2_PLACEMENT_3D('',#5258,#5259,#5260);
#5258 = CARTESIAN_POINT('',(0.,0.,-120.));
#5259 = DIRECTION('',(0.,0.,1.));
#5260 = DIRECTION('',(1.,0.,-0.));
#5261 = PCURVE('',#5198,#5262);
#5262 = DEFINITIONAL_REPRESENTATION('',(#5263),#5267);
#5263 = CIRCLE('',#5264,3.);
#5264 = AXIS2_PLACEMENT_2D('',#5265,#5266);
#5265 = CARTESIAN_POINT('',(0.,0.));
#5266 = DIRECTION('',(1.,0.));
#5267 = ( GEOMETRIC_REPRESENTATION_CONTEXT(2) 
PARAMETRIC_REPRESENTATION_CONTEXT() REPRESENTATION_CONTEXT('2D SPACE',''
  ) );
#5268 = PCURVE('',#5234,#5269);
#5269 = DEFINITIONAL_REPRESENTATION('',(#5270),#5274);
#5270 = LINE('',#5271,#5272);
#5271 = CARTESIAN_POINT('',(0.,1.));
#5272 = VECTOR('',#5273,1.);
#5273 = DIRECTION('',(1.,0.));
#5274 = ( GEOMETRIC_REPRESENTATION_CONTEXT(2) 
PARAMETRIC_REPRESENTATION_CONTEXT() REPRESENTATION_CONTEXT('2D SPACE',''
  ) );
#5275 = ADVANCED_FACE('',(#5276),#5234,.F.);
#5276 = FACE_BOUND('',#5277,.F.);
#5277 = EDGE_LOOP('',(#5278,#5279,#5300,#5301));
#5278 = ORIENTED_EDGE('',*,*,#5217,.F.);
#5279 = ORIENTED_EDGE('',*,*,#5280,.F.);
#5280 = EDGE_CURVE('',#5253,#5218,#5281,.T.);
#5281 = SEAM_CURVE('',#5282,(#5286,#5293),.PCURVE_S1.);
#5282 = LINE('',#5283,#5284);
#5283 = CARTESIAN_POINT('',(3.,-7.347880794884E-16,-121.));
#5284 = VECTOR('',#5285,1.);
#5285 = DIRECTION('',(0.,0.,1.));
#5286 = PCURVE('',#5234,#5287);
#5287 = DEFINITIONAL_REPRESENTATION('',(#5288),#5292);
#5288 = LINE('',#5289,#5290);
#5289 = CARTESIAN_POINT('',(6.28318530718,-0.));
#5290 = VECTOR('',#5291,1.);
#5291 = DIRECTION('',(0.,1.));
#5292 = ( GEOMETRIC_REPRESENTATION_CONTEXT(2) 
PARAMETRIC_REPRESENTATION_CONTEXT() REPRESENTATION_CONTEXT('2D SPACE',''
  ) );
#5293 = PCURVE('',#5234,#5294);
#5294 = DEFINITIONAL_REPRESENTATION('',(#5295),#5299);
#5295 = LINE('',#5296,#5297);
#5296 = CARTESIAN_POINT('',(0.,-0.));
#5297 = VECTOR('',#5298,1.);
#5298 = DIRECTION('',(0.,1.));
#5299 = ( GEOMETRIC_REPRESENTATION_CONTEXT(2) 
PARAMETRIC_REPRESENTATION_CONTEXT() REPRESENTATION_CONTEXT('2D SPACE',''
  ) );
#5300 = ORIENTED_EDGE('',*,*,#5252,.T.);
#5301 = ORIENTED_EDGE('',*,*,#5280,.T.);
#5302 = ( GEOMETRIC_REPRESENTATION_CONTEXT(3) 
GLOBAL_UNCERTAINTY_ASSIGNED_CONTEXT((#5306)) 
GLOBAL_UNIT_ASSIGNED_CONTEXT((#5303,#5304,#5305)) REPRESENTATION_CONTEXT
('Context #1','3D Context with UNIT and UNCERTAINTY') );
#5303 = ( LENGTH_UNIT() NAMED_UNIT(*) SI_UNIT(.MILLI.,.METRE.) );
#5304 = ( NAMED_UNIT(*) PLANE_ANGLE_UNIT() SI_UNIT($,.RADIAN.) );
#5305 = ( NAMED_UNIT(*) SI_UNIT($,.STERADIAN.) SOLID_ANGLE_UNIT() );
#5306 = UNCERTAINTY_MEASURE_WITH_UNIT(LENGTH_MEASURE(1.E-07),#5303,
  'distance_accuracy_value','confusion accuracy');
#5307 = PRODUCT_RELATED_PRODUCT_CATEGORY('part',$,(#7));
ENDSEC;
END-ISO-10303-21;
